t,ax,ay,az
0.0,0.61142,-2.38118,-9.56124
0.01004,0.67322,-2.33076,-9.38437
0.02007,0.71302,-2.34781,-9.30716
0.03011,0.61067,-2.38986,-9.32182
0.04015,0.45849,-2.44253,-9.27708
0.05018,0.36078,-2.57302,-9.16426
0.06022,0.19737,-2.73298,-9.25673
0.07026,0.03921,-2.81019,-9.59461
0.08029,-0.01811,-2.83623,-9.88686
0.09033,-0.02439,-2.79493,-10.14678
0.10037,-0.03502,-2.70051,-10.32499
0.1104,-0.05641,-2.6203,-10.40759
0.12044,-0.02843,-2.57332,-10.32754
0.13048,0.05656,-2.57137,-10.17461
0.14052,0.12989,-2.65801,-10.21875
0.15055,0.07437,-2.70021,-10.4875
0.16059,-0.0012,-2.69393,-10.71525
0.17062,0.02334,-2.73178,-10.63594
0.18066,0.05806,-2.82995,-10.31497
0.1907,0.02289,-2.94786,-10.0531
0.20074,0.06165,-3.01684,-9.91379
0.21077,0.27683,-2.96552,-9.73228
0.22081,0.50024,-2.83892,-9.44722
0.23085,0.62833,-2.72026,-9.16366
0.24088,0.70898,-2.68884,-8.91646
0.25092,0.77228,-2.69991,-8.84732
0.26096,0.73966,-2.7255,-8.89685
0.27099,0.69148,-2.70904,-9.05577
0.28103,0.6207,-2.59442,-9.13059
0.29107,0.52283,-2.47381,-9.10979
0.3011,0.49276,-2.36876,-9.00669
0.31114,0.51834,-2.2513,-9.12939
0.32118,0.54513,-2.09433,-9.26751
0.33121,0.5972,-1.98569,-9.26167
0.34125,0.71108,-1.94394,-9.20496
0.35129,0.7865,-1.90908,-9.12715
0.36132,0.81373,-1.92404,-9.10949
0.37136,0.8884,-1.96339,-9.15483
0.3814,0.91668,-1.96758,-9.18745
0.39143,0.93598,-1.89711,-9.25239
0.40147,0.97354,-1.89965,-9.29399
0.41151,1.06886,-1.92943,-9.19972
0.42154,1.13141,-1.9815,-8.98005
0.43158,1.27117,-2.12216,-8.83969
0.44162,1.42964,-2.24741,-8.68601
0.45165,1.51972,-2.37026,-8.4837
0.46169,1.57299,-2.46483,-8.39227
0.47173,1.44834,-2.57796,-8.54401
0.48177,1.24618,-2.61028,-8.82518
0.4918,1.07829,-2.57107,-8.78313
0.50184,1.00137,-2.58918,-8.62391
0.51188,0.88361,-2.76141,-8.49268
0.52191,0.78186,-3.0761,-8.54775
0.53195,0.72514,-3.49449,-8.58246
0.54199,0.7208,-3.97527,-8.57827
0.55202,0.64883,-4.24612,-8.62496
0.56206,0.42677,-4.19659,-8.87201
0.5721,0.19558,-4.11025,-9.17847
0.58213,-0.0018,-4.02884,-9.3338
0.59217,-0.15338,-3.95477,-9.49795
0.60221,-0.30182,-3.91512,-9.80411
0.61224,-0.29509,-3.95896,-9.93788
0.62228,-0.14305,-4.02465,-9.71477
0.63232,0.09756,-4.03363,-9.41669
0.64235,0.27743,-4.03273,-9.22606
0.65239,0.31229,-4.05069,-9.30477
0.66243,0.14709,-4.06984,-9.43555
0.67246,-0.05073,-4.05548,-9.48882
0.6825,-0.19363,-4.12072,-9.36312
0.69254,-0.2668,-4.21933,-9.27499
0.70257,-0.37365,-4.27844,-9.24865
0.71261,-0.33833,-4.3567,-9.11218
0.72265,-0.2062,-4.38932,-8.82832
0.73268,-0.15742,-4.34847,-8.67135
0.74272,-0.16415,-4.27964,-8.63963
0.75276,-0.11926,-4.21828,-8.52904
0.76279,-0.09741,-4.18641,-8.34679
0.77283,-0.07512,-4.22217,-8.34289
0.78287,-0.15428,-4.23235,-8.60147
0.7929,-0.23807,-4.17743,-8.97466
0.80294,-0.20979,-4.13359,-9.05547
0.81298,-0.10879,-4.09783,-8.8982
0.82301,0.03292,-4.11818,-8.76383
0.83305,0.12405,-4.14601,-8.67868
0.84309,0.09158,-4.09394,-8.65654
0.85313,0.07048,-4.05368,-8.5663
0.86316,0.07213,-4.03827,-8.50286
0.8732,0.02634,-4.03019,-8.63199
0.88324,0.03157,-4.07957,-8.90778
0.89327,0.04325,-4.05817,-9.04918
0.90331,0.08185,-3.99158,-9.03766
0.91334,0.13632,-3.95028,-9.01956
0.92338,0.15203,-3.90494,-8.96314
0.93342,0.16355,-3.89267,-8.88249
0.94346,0.20126,-3.93741,-8.71564
0.95349,0.2282,-3.98036,-8.61703
0.96353,0.23194,-3.98335,-8.59459
0.97357,0.25528,-4.00415,-8.63663
0.9836,0.26665,-3.97168,-8.76263
0.99364,0.26905,-3.87531,-8.9205
1.00368,0.26665,-3.78838,-9.01028
1.01371,0.26905,-3.74004,-9.04978
1.02375,0.32786,-3.70248,-9.1653
1.03379,0.38756,-3.68004,-9.24057
1.04382,0.4745,-3.62303,-9.21244
1.05386,0.58463,-3.57155,-9.22142
1.0639,0.64344,-3.55689,-9.43555
1.07393,0.7021,-3.55644,-9.47086
1.08397,0.69103,-3.53309,-9.33155
1.09401,0.66978,-3.54312,-9.23848
1.10404,0.63671,-3.59579,-9.16441
1.11408,0.53495,-3.68019,-9.14331
1.12412,0.47061,-3.78808,-9.16874
1.13415,0.43066,-3.85062,-9.23833
1.14419,0.43545,-3.86409,-9.28636
1.15423,0.47091,-3.80633,-9.34158
1.16426,0.51924,-3.74154,-9.22561
1.1743,0.59975,-3.71116,-9.0851
1.18434,0.67262,-3.68557,-9.06759
1.19437,0.69282,-3.70368,-9.15618
1.20441,0.65496,-3.68034,-9.22291
1.21445,0.5999,-3.65954,-9.32212
1.22448,0.59511,-3.65849,-9.32856
1.23452,0.62608,-3.68213,-9.12969
1.24456,0.66978,-3.71356,-8.84373
1.2546,0.64015,-3.76832,-8.70158
1.26463,0.5767,-3.81157,-8.69813
1.27467,0.55396,-3.88504,-8.80812
1.28471,0.52942,-3.91257,-8.89745
1.29474,0.54797,-3.94714,-8.90314
1.30478,0.57281,-3.93652,-8.84194
1.31482,0.63791,-3.93532,-8.69185
1.32485,0.68699,-3.93352,-8.51588
1.33489,0.67651,-3.89761,-8.46515
1.34493,0.62204,-3.86379,-8.66806
1.35496,0.57087,-3.86963,-9.03467
1.365,0.57102,-3.91302,-9.20256
1.37504,0.56668,-3.93248,-9.16485
1.38507,0.60903,-3.93711,-9.04514
1.39511,0.63776,-3.92888,-8.84852
1.40515,0.65751,-3.95896,-8.63843
1.41518,0.67995,-3.99577,-8.53323
1.42522,0.6816,-4.05533,-8.53054
1.43526,0.67786,-4.06535,-8.67195
1.44529,0.62429,-4.02346,-8.93561
1.45533,0.5987,-4.00655,-9.14974
1.46537,0.59167,-3.97647,-9.17982
1.4754,0.64913,-3.99951,-9.07477
1.48544,0.70584,-4.01403,-8.90763
1.49548,0.75477,-3.99577,-8.81216
1.50551,0.75597,-4.01747,-8.8379
1.51555,0.73038,-4.01687,-8.94399
1.52559,0.67636,-4.00984,-9.11577
1.53562,0.60873,-4.03932,-9.2268
1.54566,0.61591,-4.09992,-9.15812
1.5557,0.63252,-4.14691,-8.91301
1.56573,0.66559,-4.15319,-8.70307
1.57577,0.69701,-4.15304,-8.66836
1.58581,0.69836,-4.15229,-8.7743
1.59584,0.68788,-4.1095,-8.81515
1.60588,0.67621,-4.07074,-8.78463
1.61592,0.70345,-4.0691,-8.76921
1.62595,0.71347,-4.05204,-8.6902
1.63599,0.703,-4.05219,-8.67344
1.64603,0.64554,-4.06416,-8.73405
1.65607,0.58673,-4.06461,-8.85151
1.6661,0.577,-4.10995,-8.90434
1.67614,0.60962,-4.10067,-8.81605
1.68618,0.65272,-4.07762,-8.70053
1.69621,0.6825,-4.07254,-8.60745
1.70625,0.67906,-4.08286,-8.53204
1.71629,0.68085,-4.07762,-8.57034
1.72632,0.65706,-4.09813,-8.68407
1.73636,0.60484,-4.1273,-8.85136
1.7464,0.58778,-4.15499,-8.9193
1.75643,0.62713,-4.16516,-8.88069
1.76647,0.69626,-4.14466,-8.82159
1.77651,0.71946,-4.11279,-8.82024
1.78654,0.71991,-4.12865,-8.81979
1.79658,0.7027,-4.17983,-8.82548
1.80662,0.68205,-4.19763,-8.86438
1.81665,0.64673,-4.19599,-8.88937
1.82669,0.60454,-4.19763,-8.8756
1.83673,0.6198,-4.20182,-8.91137
1.84676,0.60154,-4.21798,-8.90853
1.8568,0.60169,-4.2111,-8.90269
1.86684,0.60828,-4.20377,-8.98604
1.87687,0.60124,-4.17668,-8.98125
1.88691,0.62534,-4.13464,-8.91451
1.89695,0.62758,-4.11174,-8.88204
1.90698,0.63731,-4.13314,-8.86214
1.91702,0.61531,-4.14212,-8.77131
1.92706,0.5984,-4.13598,-8.71534
1.93709,0.58808,-4.14436,-8.69993
1.94713,0.59885,-4.17399,-8.65549
1.95717,0.61232,-4.17758,-8.6314
1.9672,0.60723,-4.18955,-8.71983
1.97724,0.61426,-4.15963,-8.91346
1.98728,0.63401,-4.11369,-8.97033
1.99731,0.66454,-4.108,-8.93965
2.00735,0.70195,-4.0869,-8.87141
2.01739,0.70629,-4.10845,-8.81395
2.02742,0.68908,-4.15828,-8.84283
2.03746,0.62803,-4.20467,-8.92499
2.0475,0.58419,-4.22038,-8.94055
2.05754,0.56713,-4.22427,-8.92319
2.06757,0.5972,-4.24208,-8.88294
2.07761,0.63641,-4.22517,-8.82218
2.08765,0.6801,-4.19868,-8.774
2.09768,0.70434,-4.14466,-8.75919
2.10772,0.69537,-4.12311,-8.78073
2.11776,0.6825,-4.13778,-8.77535
2.12779,0.66274,-4.14556,-8.80632
2.13783,0.6204,-4.16247,-8.81889
2.14786,0.61726,-4.14002,-8.79914
2.1579,0.63057,-4.11608,-8.76906
2.16794,0.62893,-4.13359,-8.75335
2.17798,0.62444,-4.14676,-8.71145
2.18801,0.65526,-4.15603,-8.69544
2.19805,0.67307,-4.16741,-8.64696
2.20809,0.69192,-4.15633,-8.63978
2.21812,0.68459,-4.15229,-8.68123
2.22816,0.65541,-4.15229,-8.73465
2.2382,0.64943,-4.15125,-8.80483
2.24823,0.63581,-4.17803,-8.90284
2.25827,0.63461,-4.16471,-8.96643
2.26831,0.64374,-4.15469,-8.97077
2.27834,0.67636,-4.15633,-8.89955
2.28838,0.69372,-4.15514,-8.86079
2.29842,0.68594,-4.15184,-8.87037
2.30845,0.68878,-4.14541,-8.88084
2.31849,0.67561,-4.16875,-8.84643
2.32853,0.67487,-4.14885,-8.83655
2.33856,0.67502,-4.13404,-8.87112
2.3486,0.71557,-4.1092,-8.89266
2.35864,0.69686,-4.0887,-8.91885
2.36867,0.6831,-4.09603,-8.94578
2.37871,0.66499,-4.10606,-8.8768
2.38875,0.66454,-4.09199,-8.8141
2.39878,0.65586,-4.08975,-8.82069
2.40882,0.66858,-4.09633,-8.78462
2.41886,0.68339,-4.09169,-8.77984
2.42889,0.7021,-4.09154,-8.84433
2.43893,0.70479,-4.08062,-8.86977
2.44897,0.68429,-4.06012,-8.83835
2.459,0.66604,-4.09798,-8.78597
2.46904,0.64763,-4.11743,-8.77789
2.47908,0.63327,-4.10785,-8.82503
2.48911,0.66918,-4.1074,-8.82952
2.49915,0.69357,-4.086,-8.83011
2.50919,0.68983,-4.0673,-8.85495
2.51923,0.65018,-4.07373,-8.86304
2.52926,0.56832,-4.1092,-8.90044
2.5393,0.47989,-4.10276,-8.97466
2.54934,0.66873,-4.16995,-8.71819
2.55937,0.94706,-4.21619,-8.29726
2.56941,0.98087,-4.14676,-8.35995
2.57945,0.96816,-4.0459,-8.52351
2.58948,0.95394,-3.95253,-8.51752
2.59952,0.97085,-3.93996,-8.50405
2.60956,0.92521,-3.95193,-8.75455
2.61959,0.83004,-3.99158,-9.16276
2.62963,0.75328,-4.07134,-9.47969
2.63967,0.64763,-4.1065,-9.73138
2.6497,0.62504,-4.10785,-9.90346
2.65974,0.61681,-4.08541,-9.99534
2.66978,0.72664,-4.03543,-9.99415
2.67981,0.91743,-4.03004,-9.95135
2.68985,1.07185,-3.96585,-9.90317
2.69989,1.25022,-3.95507,-9.81668
2.70992,1.47184,-4.11698,-9.64669
2.71996,1.58107,-4.22427,-9.56035
2.73,1.58706,-4.23624,-9.6398
2.74003,1.57913,-4.17399,-9.91753
2.75007,1.55638,-3.99353,-10.23087
2.76011,1.49952,-3.84718,-10.64716
2.77014,1.3629,-3.71894,-11.19813
2.78018,1.31427,-3.77341,-11.32263
2.79022,1.11166,-4.14571,-10.82733
2.80025,0.60603,-4.24088,-10.3211
2.81029,0.03307,-3.89133,-10.58192
2.82033,0.80206,-4.43855,-10.68921
2.83036,0.95155,-4.31196,-10.55035
2.8404,0.57745,-4.19748,-10.33233
2.85044,0.11926,-3.73391,-9.47176
2.86047,0.1667,-1.39298,-8.3417
2.87051,0.28012,-2.75228,-8.72312
2.88055,0.03636,-4.04515,-9.74171
2.89058,-0.17687,-4.05623,-10.18733
2.90062,-0.12046,-4.01687,-9.91618
2.91066,0.11836,-3.92185,-9.00818
2.92069,0.17388,-3.70338,-8.12293
2.93073,-0.0226,-3.42954,-7.80061
2.94077,-0.41913,-3.38076,-7.83847
2.9508,-0.68893,-3.50466,-7.72145
2.96084,-0.74639,-3.58502,-7.41335
2.97088,-0.69327,-3.60447,-7.25413
2.98092,-0.52568,-3.64727,-8.45542
2.99095,-0.28326,-3.63919,-8.76547
3.00099,-0.0618,-3.5527,-7.38851
3.01103,0.00239,-3.68812,-8.15959
3.02106,-0.00419,-3.72822,-8.32359
3.0311,0.13318,-3.80573,-8.30803
3.04114,0.48617,-3.71894,-8.22947
3.05117,0.74505,-3.33228,-8.15405
3.06121,0.89049,-3.05276,-8.08716
3.07125,1.02188,-2.90836,-8.19206
3.08128,1.08233,-2.73523,-8.49523
3.09132,0.84605,-2.59651,-8.27137
3.10135,0.3298,-2.66714,-7.90954
3.11139,-0.13063,-3.13775,-7.89278
3.12143,-0.47196,-3.87517,-8.34888
3.13147,-0.5782,-4.45696,-9.39619
3.1415,-0.63207,-4.53118,-9.82775
3.15154,-0.83707,-4.43391,-9.3537
3.16158,-0.8465,-4.22277,-8.77535
3.17161,-0.5592,-3.95986,-7.7617
3.18165,0.13063,-3.89971,-7.10958
3.19169,0.49036,-3.70293,-7.81108
3.20172,0.75836,-3.446,-8.21256
3.21176,0.63072,-3.06937,-8.31521
3.2218,0.52643,-2.81289,-8.79181
3.23183,0.95738,-2.75483,-9.33335
3.24187,1.34135,-2.7252,-9.78211
3.25191,1.63165,-2.57496,-9.83403
3.26194,1.81929,-2.34063,-9.25598
3.27198,2.04749,-2.23229,-8.68721
3.28202,2.5208,-2.20566,-8.38824
3.29205,3.24145,-2.3969,-8.08612
3.30209,3.52277,-2.76126,-7.8259
3.31213,3.19895,-2.55985,-6.57807
3.32216,3.34455,-2.86167,-7.54772
3.3322,3.18414,-2.992,-9.32452
3.34224,2.59232,-2.55282,-9.54463
3.35227,2.38747,-2.40049,-9.9295
3.36231,2.46528,-2.4569,-9.94746
3.37235,2.48952,-2.25369,-9.6811
3.38238,2.51481,-1.91057,-9.74754
3.39242,2.63168,-1.56536,-10.04577
3.40246,2.78072,-1.00033,-10.34101
3.41249,2.99574,-0.48019,-10.19855
3.42253,3.06278,-0.56743,-9.8674
3.43257,2.79628,-1.27985,-9.57067
3.4426,2.26851,-2.13608,-9.61871
3.45264,1.97552,-2.32701,-10.16713
3.46268,1.88005,-2.73328,-11.23165
3.47271,1.41048,-3.50945,-12.48681
3.48275,1.00975,-3.56137,-12.62418
3.49279,1.44849,-4.12416,-12.37832
3.50283,2.86287,-4.94956,-13.45317
3.51286,4.33799,-4.35086,-14.38347
3.5229,4.60181,-2.28916,-13.96702
3.53294,4.48075,-1.13829,-14.07147
3.54297,4.54315,-1.86673,-15.22712
3.55301,4.045,-2.84955,-15.4019
3.56305,4.03722,-3.17426,-14.85482
3.57308,4.96528,-2.57975,-14.97738
3.58312,5.73022,-1.09834,-15.6684
3.59316,5.93373,0.22311,-16.63701
3.60319,5.38007,0.43919,-17.63539
3.61323,4.02944,-0.54303,-17.97252
3.62327,2.39615,-1.50027,-17.81675
3.6333,1.08412,-1.89755,-17.19351
3.64334,0.52014,-1.7747,-16.31903
3.65338,0.25887,-1.51284,-15.24747
3.66341,-0.14216,-1.57239,-14.44048
3.67345,-0.08814,-1.81825,-14.36177
3.68349,0.28401,-2.12096,-14.41444
3.69352,0.44173,-2.17783,-14.38855
3.70356,0.48498,-2.05467,-14.8035
3.7136,0.34072,-1.76108,-15.18732
3.72363,0.09996,-1.29945,-14.95224
3.73367,-0.34866,-1.21625,-13.86003
3.74371,-0.77782,-1.52556,-12.27118
3.75374,-1.12902,-1.98419,-10.53778
3.76378,-1.46615,-2.40692,-9.34217
3.77382,-1.60412,-2.50658,-8.53922
3.78385,-1.49802,-2.49655,-8.11679
3.79389,-1.32863,-2.45061,-8.27301
3.80393,-0.98611,-2.06156,-8.37582
3.81396,-0.52777,-1.47617,-8.65234
3.824,-0.32561,-1.14114,-8.9395
3.83404,-0.60244,-1.16029,-8.64681
3.84407,-0.92461,-1.46166,-7.45764
3.85411,-1.29392,-1.97282,-6.17076
3.86415,-1.78428,-2.61372,-5.2216
3.87418,-2.21748,-3.0131,-4.39755
3.88422,-2.41889,-3.09645,-3.64113
3.89426,-2.51421,-3.25028,-3.17426
3.90429,-2.61417,-3.34455,-3.03944
3.91433,-2.69123,-3.0966,-2.84027
3.92437,-2.55147,-2.8093,-2.61162
3.9344,-2.03417,-2.8277,-2.63527
3.94444,-1.60397,-3.18055,-2.84416
3.95448,-1.49727,-3.59953,-2.87603
3.96451,-1.77425,-3.95238,-2.37041
3.97455,-2.04719,-3.91916,-1.86119
3.98459,-2.03657,-3.68782,-1.65424
3.99462,-1.7557,-3.44181,-1.95711
4.00466,-1.11345,-3.11186,-2.72101
4.0147,-0.41899,-2.73582,-3.35832
4.02474,0.11732,-2.7053,-3.77491
4.03477,0.14216,-2.94472,-3.89911
4.04481,-0.35733,-3.05829,-4.18372
4.05485,-0.88496,-3.36131,-4.4779
4.06488,-1.18752,-3.6736,-4.74037
4.07492,-1.22239,-3.56302,-4.62545
4.08496,-1.08667,-3.09765,-4.08346
4.09499,-0.84515,-2.77383,-4.19763
4.10503,-0.7226,-2.75213,-4.80666
4.11507,-0.7443,-2.84446,-5.56068
4.1251,-0.86251,-2.67447,-5.73381
4.13514,-1.16553,-2.60474,-5.6557
4.14518,-1.45627,-3.11875,-5.68728
4.15521,-1.72083,-3.51334,-5.38246
4.16525,-1.62417,-3.42386,-5.00044
4.17529,-1.17421,-3.32884,-4.55706
4.18532,-0.89019,-3.2636,-4.33036
4.19536,-0.76121,-3.27332,-4.43661
4.2054,-0.91922,-3.219,-4.79918
4.21543,-1.26204,-3.12159,-5.40371
4.22547,-1.48231,-2.85793,-6.00675
4.23551,-1.78787,-2.23469,-6.2767
4.24554,-2.47186,-1.47528,-6.26652
4.25558,-3.2636,-0.90606,-6.52764
4.26562,-3.92335,-1.10792,-7.16674
4.27565,-4.12596,-2.26701,-7.05511
4.28569,-3.88848,-2.97824,-6.03234
4.29573,-3.3661,-2.47635,-5.23956
4.30576,-2.81408,-1.72861,-5.04294
4.3158,-2.53561,-1.37278,-4.75743
4.32584,-2.6004,-1.47288,-4.48958
4.33587,-2.84671,-1.70452,-4.78661
4.34591,-3.03959,-2.03567,-5.49454
4.35595,-2.9534,-2.63946,-5.84335
4.36598,-2.65098,-3.20195,-5.43185
4.37602,-2.47037,-3.61539,-4.59836
4.38606,-2.39974,-3.77341,-3.77177
4.39609,-2.23828,-3.57634,-3.07745
4.40613,-1.88498,-3.21736,-2.75737
4.41617,-1.46914,-3.16558,-2.88367
4.4262,-1.37352,-3.27721,-3.09121
4.43624,-1.43054,-3.45872,-3.90988
4.44628,-1.49054,-3.72268,-4.96198
4.45631,-1.5287,-4.00385,-5.54183
4.46635,-1.41213,-4.39695,-5.75581
4.47639,-1.09774,-4.46429,-5.91353
4.48642,-0.67307,-4.01777,-6.09115
4.49646,-0.19049,-3.10887,-6.40135
4.5065,0.30481,-2.3345,-7.31818
4.51653,0.61561,-1.80987,-8.48221
4.52657,0.63207,-1.31995,-9.90885
4.53661,0.54618,-0.96935,-11.7476
4.54664,0.47809,-0.59855,-13.57707
4.55668,0.7651,-0.54857,-15.2144
4.56672,1.43936,-0.7639,-16.99015
4.57675,2.47501,-0.7024,-19.16529
4.58679,3.51708,-0.30571,-20.97336
4.59683,4.08376,0.28027,-22.63403
4.60686,3.66208,0.75851,-24.29292
4.6169,2.01008,0.80116,-25.03826
4.62694,-0.11941,0.27309,-25.28606
4.63698,-1.85985,-0.72933,-25.66285
4.64701,-2.86436,-1.66696,-25.96362
4.65705,-3.12324,-1.78877,-26.34475
4.66709,-3.00487,-1.27237,-26.98505
4.67712,-2.76635,-0.72036,-27.38892
4.68716,-2.93155,-0.33848,-26.94704
4.6972,-3.45229,-0.39415,-25.79363
4.70723,-3.50092,-0.72694,-25.20137
4.71727,-3.57305,-0.96606,-23.76709
4.72731,-3.45813,-1.2794,-22.54216
4.73734,-3.84569,-1.34659,-21.70463
4.74738,-4.62186,-1.22359,-20.50768
4.75742,-5.14963,-1.29137,-19.24729
4.76745,-5.25033,-1.21027,-17.78293
4.77749,-4.74007,-0.97743,-16.65766
4.78753,-3.87217,-0.77512,-16.20291
4.79756,-3.17202,-0.70764,-15.4432
4.8076,-2.43386,-0.64643,-14.33289
4.81764,-1.81211,-0.57581,-13.34079
4.82767,-1.31906,-0.63805,-12.42246
4.83771,-0.8878,-0.88585,-11.45476
4.84775,-0.60109,-1.25007,-10.38994
4.85778,-0.60005,-1.16822,-8.57603
4.86782,-0.68893,-0.53436,-6.55592
4.87786,-0.66215,0.00344,-5.66348
4.88789,-0.37035,0.01257,-6.08771
4.89793,-0.09113,0.30825,-6.65528
4.90797,0.2698,1.1371,-6.69883
4.918,0.88975,1.82408,-6.60216
4.92804,1.38235,2.14984,-6.06885
4.93808,1.89471,1.91656,-4.91485
4.94811,2.22107,1.45762,-3.45573
4.95815,2.30891,0.82914,-1.86104
4.96819,2.49251,0.20081,-0.45505
4.97822,2.94951,-0.29598,0.8251
4.98826,3.2832,-0.79278,2.16915
4.9983,3.1183,-1.00901,2.91853
5.00833,2.51556,-1.20488,3.05006
5.01837,1.67863,-1.76393,2.89474
5.02841,0.69163,-2.51167,2.0846
5.03844,0.23104,-3.15271,0.93015
5.04848,0.54872,-3.32809,0.04235
5.05852,1.18902,-3.16558,0.02933
5.06855,1.90638,-3.16798,0.70943
5.07859,2.42308,-3.19252,1.92239
5.08863,2.57496,-3.04228,2.62509
5.09866,2.76994,-3.01595,2.64275
5.1087,2.56464,-3.03046,2.55551
5.11874,2.0849,-3.31732,2.17364
5.12877,1.67011,-3.62153,1.7117
5.13881,1.26294,-3.7794,1.38056
5.14885,0.81253,-3.78209,0.68414
5.15888,0.58628,-3.55808,-0.70584
5.16892,0.57581,-3.33527,-1.90893
5.17896,0.394,-3.23068,-2.4795
5.18899,0.11612,-3.10558,-2.81304
5.19903,0.01691,-3.02058,-2.9932
5.20907,-0.24526,-3.02492,-2.78311
5.2191,-0.62504,-2.89788,-2.80675
5.22914,-0.8664,-2.6622,-3.19641
5.23918,-1.06332,-2.72041,-3.64951
5.24921,-1.35991,-2.77353,-3.81187
5.25925,-1.5091,-2.32971,-3.93622
5.26929,-1.22224,-1.8389,-4.44409
5.27932,-0.67112,-1.48904,-5.04698
5.28936,-0.29449,-0.93194,-5.81177
5.2994,-0.17178,-0.20785,-7.21717
5.30943,-0.27414,0.11163,-8.75814
5.31947,-0.38143,-0.15218,-10.19646
5.32951,-0.41704,-0.60304,-10.97278
5.33955,-0.40163,-0.95918,-11.18257
5.34958,-0.65481,-0.93119,-10.74383
5.35962,-1.38939,-0.7422,-10.07705
5.36966,-2.37445,-1.18438,-9.60045
5.37969,-3.23531,-2.49177,-9.73842
5.38973,-3.60821,-4.09917,-10.92833
5.39976,-3.57559,-5.13826,-12.21163
5.4098,-3.31657,-4.98084,-12.7575
5.41984,-2.69063,-3.91063,-13.39152
5.42988,-2.09328,-2.67836,-14.69142
5.43991,-1.93197,-1.86493,-16.36601
5.44995,-2.01218,-1.64736,-18.21673
5.45999,-1.95681,-1.82558,-19.79286
5.47002,-1.51119,-2.13638,-20.36702
5.48006,-0.9484,-2.60265,-19.98485
5.49009,-0.54663,-2.72849,-19.25492
5.50013,-0.02409,-2.58334,-18.71697
5.51017,0.56159,-2.28033,-18.40303
5.52021,0.83902,-1.84099,-18.30906
5.53024,0.78305,-1.7135,-18.76815
5.54028,0.31005,-2.02594,-19.81007
5.55031,-0.48946,-2.3538,-20.74172
5.56035,-1.28898,-2.42338,-21.07526
5.57039,-1.81436,-2.16346,-20.97021
5.58043,-2.07428,-1.72487,-20.44095
5.59046,-2.03013,-1.39118,-19.94056
5.6005,-1.77695,-1.29616,-19.71101
5.61054,-1.62072,-1.43712,-19.50122
5.62057,-1.35661,-1.54082,-19.08298
5.63061,-0.99748,-1.76453,-18.42997
5.64065,-0.74924,-2.29574,-17.62821
5.65068,-0.57506,-3.27542,-17.04118
5.66072,-0.62698,-4.07089,-16.65526
5.67076,-1.0539,-3.98246,-16.34043
5.68079,-1.674,-3.59983,-16.1031
5.69083,-2.30547,-3.47399,-16.16879
5.70087,-2.78984,-3.36116,-16.19199
5.7109,-3.2609,-3.14643,-15.83884
5.72094,-3.57125,-2.74271,-15.34489
5.73098,-3.70533,-2.13638,-14.48462
5.74101,-3.51618,-1.64721,-13.27285
5.75105,-3.09735,-1.4844,-11.42648
5.76109,-2.62943,-1.21506,-9.66539
5.77112,-2.18486,-0.67053,-8.51468
5.78116,-1.83426,-0.30047,-8.3628
5.7912,-1.74986,-0.16849,-8.91167
5.80123,-1.6309,-0.10953,-9.29055
5.81127,-1.37352,0.063,-9.023
5.82131,-1.02472,0.41644,-8.42205
5.83134,-0.52657,1.00093,-7.85762
5.84138,0.02888,1.17271,-7.10554
5.85142,0.55875,0.92715,-6.19006
5.86145,1.02337,0.8037,-5.23642
5.87149,1.37861,0.71512,-4.46743
5.88153,1.62372,0.29389,-4.33395
5.89156,1.58107,-0.30541,-4.73229
5.9016,1.5052,-0.93733,-4.73229
5.91164,1.74792,-1.30559,-3.98769
5.92167,2.01487,-1.68956,-2.94232
5.93171,2.18037,-2.35589,-2.11932
5.94175,2.04689,-2.97569,-1.65335
5.95178,1.60397,-3.38151,-1.68971
5.96182,1.19336,-3.80139,-1.93212
5.97186,0.92042,-4.3154,-2.10256
5.98189,0.79562,-4.63936,-2.31968
5.99193,0.807,-4.62919,-2.79837
6.00197,0.9484,-4.42838,-3.49793
6.012,1.11525,-4.28891,-4.15918
6.02204,1.33432,-4.29265,-4.53013
6.03208,1.5272,-4.34428,-4.42344
6.04211,1.53408,-4.60405,-3.87068
6.05215,1.2408,-4.90377,-3.39423
6.06219,0.71183,-5.11581,-3.51214
6.07222,0.1034,-5.39548,-4.26273
6.08226,-0.2698,-5.54781,-5.0172
6.0923,-0.5143,-5.40476,-5.51938
6.10233,-0.71826,-4.96902,-6.05538
6.11237,-0.83662,-4.51531,-6.65633
6.12241,-0.85712,-4.28278,-7.20655
6.13244,-0.76689,-4.24357,-7.52183
6.14248,-0.56084,-4.37181,-7.35304
6.15252,-0.31693,-4.45157,-6.20981
6.16256,-0.19617,-4.38363,-4.86337
6.17259,-0.20306,-4.46848,-3.88639
6.18263,-0.27578,-4.66271,-3.27437
6.19267,-0.51311,-4.8508,-3.159
6.2027,-0.86655,-4.83359,-3.48611
6.21274,-1.13725,-4.60001,-4.02884
6.22278,-1.22389,-4.15618,-4.59118
6.23281,-1.10058,-3.46411,-5.25527
6.24285,-0.85219,-2.67926,-5.93163
6.25289,-0.54573,-1.92389,-6.69254
6.26292,-0.0392,-1.14428,-7.39479
6.27296,0.76929,-0.54737,-7.76185
6.283,1.98404,-0.30332,-7.24455
6.29303,2.65352,-0.06135,-5.69745
6.30307,2.27748,0.17104,-4.35296
6.31311,1.485,0.23239,-3.84554
6.32314,0.75372,0.04938,-3.84494
6.33318,0.01062,-0.13333,-4.13464
6.34322,-0.57191,-0.36706,-4.75788
6.35325,-0.67352,-0.94975,-5.37483
6.36329,-0.70479,-1.48126,-5.1592
6.37333,-0.60678,-1.39253,-4.53656
6.38336,0.05073,-0.76674,-3.94909
6.3934,1.02322,-0.08155,-3.98709
6.40344,2.23484,0.38532,-4.99191
6.41347,3.18668,0.71961,-6.60171
6.42351,3.5907,-0.04609,-7.23752
6.43355,3.54312,-1.78592,-7.36082
6.44358,3.06787,-2.89848,-6.93196
6.45362,2.79299,-3.00248,-6.53782
6.46366,3.1382,-2.79777,-6.64017
6.47369,3.26599,-2.78491,-6.81195
6.48373,2.66714,-3.31073,-6.79893
6.49377,1.88738,-4.37196,-7.02294
6.5038,1.6505,-5.38351,-7.10449
6.51384,1.61893,-5.71451,-7.19113
6.52388,1.29077,-5.42062,-7.77786
6.53391,1.05689,-4.97874,-8.63274
6.54395,0.95364,-4.55422,-8.74303
6.55399,0.82495,-4.87115,-8.47428
6.56402,0.51206,-6.08801,-8.70681
6.57406,0.04474,-7.46961,-9.39829
6.5841,-0.24541,-8.39437,-10.13166
6.59413,-0.19378,-8.08447,-10.33098
6.60417,-0.681,-6.99421,-10.50366
6.61421,-1.10852,-6.26338,-10.83316
6.62424,-0.87972,-5.55859,-10.83242
6.63428,-0.17912,-4.46997,-10.45443
6.64432,0.44323,-3.7782,-11.44234
6.65435,0.11851,-3.95941,-13.81469
6.66439,-0.77797,-4.22921,-15.53762
6.67443,-1.90354,-4.16217,-16.36841
6.68446,-2.67328,-4.12835,-16.53959
6.6945,-2.80496,-3.87157,-16.17747
6.70454,-2.55865,-3.33961,-15.56605
6.71457,-2.12725,-2.60474,-14.44078
6.72461,-2.03043,-2.41545,-13.75259
6.73465,-2.45914,-3.3025,-13.69438
6.74468,-3.3878,-4.42044,-14.25627
6.75472,-4.0477,-5.02229,-15.57727
6.76476,-3.92769,-4.75055,-16.96067
6.77479,-3.02358,-3.95926,-17.85401
6.78483,-1.85341,-2.85808,-17.83441
6.79487,-1.21865,-2.16152,-17.48216
6.8049,-1.08308,-1.99826,-16.74879
6.81494,-1.01589,-2.10405,-15.82762
6.82498,-0.86386,-2.21404,-14.55121
6.83501,-0.54019,-2.32013,-13.33855
6.84505,-0.25349,-2.32133,-12.61146
6.85509,-0.21862,-2.2516,-12.4699
6.86512,-0.47914,-2.33495,-12.83891
6.87516,-0.61082,-2.36008,-13.05558
6.8852,-0.61426,-2.10854,-12.97193
6.89523,-0.44218,-1.84174,-12.76768
6.90527,-0.1869,-1.63868,-12.32311
6.91531,0.14231,-1.50939,-11.77409
6.92534,0.42811,-1.45822,-11.16895
6.93538,0.59271,-1.488,-10.69774
6.94542,0.58613,-1.64018,-10.46371
6.95546,0.43604,-1.79969,-10.23506
6.96549,0.20022,-1.77096,-10.0347
6.97553,-0.07407,-1.76542,-9.79932
6.98556,-0.25319,-1.78338,-9.56962
6.9956,-0.18331,-1.75211,-9.38692
7.00564,0.01571,-1.64706,-9.32123
7.01567,0.29673,-1.50251,-9.40742
7.02571,0.54872,-1.37457,-9.6199
7.03575,0.57925,-1.30245,-9.66165
7.04579,0.5158,-1.36514,-9.52114
7.05582,0.46492,-1.52451,-9.22441
7.06586,0.55575,-1.70781,-8.91975
7.07589,0.69342,-1.73505,-8.57049
7.08593,0.80625,-1.54965,-8.011
7.09597,1.10762,-1.40151,-7.81931
7.106,1.27506,-1.19396,-7.84969
7.11604,1.26489,-0.95858,-7.97658
7.12608,1.12079,-0.89992,-8.19311
7.13611,1.03385,-0.97833,-8.58561
7.14615,1.06961,-1.05225,-8.93965
7.15619,1.2601,-1.12483,-9.30357
7.16622,1.31831,-1.00242,-9.72196
7.17626,1.13829,-0.62294,-9.94073
7.1863,0.94646,-0.40372,-10.40819
7.19634,0.86416,-0.40417,-10.75401
7.20637,0.72215,-0.61037,-10.68323
7.21641,0.62728,-0.89648,-10.28983
7.22645,0.66574,-1.13695,-10.00552
7.23648,0.77812,-1.21551,-9.86695
7.24652,0.92446,-1.14398,-9.86172
7.25656,1.02876,-0.9686,-9.95225
7.26659,0.97968,-0.91788,-9.8888
7.27663,0.87807,-1.08981,-9.50483
7.28667,0.81403,-1.36275,-9.16725
7.2967,0.81253,-1.49877,-9.17383
7.30674,1.07335,-1.50865,-9.6817
7.31678,1.3011,-1.40166,-9.85558
7.32681,1.30903,-1.28239,-9.81832
7.33685,1.06437,-1.24738,-9.90137
7.34689,0.3301,-1.30245,-9.72016
7.35692,-0.24556,-1.54202,-9.26182
7.36696,-0.07721,-1.99228,-9.02898
7.377,0.54333,-2.23244,-9.38632
7.38703,1.11884,-1.97462,-9.88386
7.39707,1.58152,-1.29676,-9.89239
7.40711,1.56446,-0.6418,-9.53805
7.41714,1.10014,-0.27982,-9.1261
7.42718,0.37469,-0.19827,-9.02809
7.43722,-0.00359,-0.49755,-9.21438
7.44725,0.26815,-1.12946,-9.70564
7.45729,0.75881,-1.52376,-10.14543
7.46733,1.3644,-1.49368,-10.0968
7.47736,1.35063,-0.92117,-10.08677
7.4874,1.25217,-0.45894,-10.35821
7.49744,1.36993,-0.24241,-10.89257
7.50747,1.30245,-0.09906,-11.08321
7.51751,1.22867,-0.1866,-11.09458
7.52755,0.99674,-0.2466,-10.84858
7.53758,0.77752,-0.34716,-10.31437
7.54762,0.71691,-0.51101,-9.81293
7.55766,0.74729,-0.65945,-9.72031
7.56769,0.76989,-0.72903,-9.89733
7.57773,0.83588,-0.67756,-10.16279
7.58777,0.95603,-0.55426,-10.54362
7.5978,1.08457,-0.4552,-11.03323
7.60784,1.20189,-0.29868,-11.29524
7.61788,1.26578,-0.2264,-11.31889
7.62791,1.27057,-0.23822,-11.19125
7.63795,1.18633,-0.35524,-10.96889
7.64799,1.06796,-0.48647,-10.75026
7.65802,0.97579,-0.5761,-10.6925
7.66806,0.93,-0.67591,-11.00196
7.6781,0.70165,-0.59391,-11.19484
7.68813,0.36137,-0.54214,-11.64016
7.69817,0.3292,-0.84785,-12.20205
7.70821,0.33474,-1.06751,-12.66548
7.71824,0.33923,-1.16343,-13.07743
7.72828,0.49036,-1.2161,-13.01353
7.73832,0.70614,-1.15401,-12.38371
7.74835,0.87314,-1.14772,-11.67368
7.75839,0.87074,-1.10133,-11.17419
7.76843,0.49066,-0.21862,-11.03607
7.77846,0.88855,-0.00539,-12.01485
7.7885,1.816,-0.8046,-12.99184
7.79854,2.17139,-1.07275,-12.94979
7.80857,2.26207,-1.44924,-12.93542
7.81861,2.03148,-1.95367,-13.13145
7.82865,1.71844,-2.27838,-12.73685
7.83869,1.86284,-2.41051,-12.1615
7.84872,2.20431,-2.38792,-11.7672
7.85876,2.21,-2.28272,-11.4395
7.86879,2.01741,-2.04225,-11.28761
7.87883,1.74956,-1.78802,-11.35106
7.88887,1.53408,-1.59125,-11.65976
7.8989,1.39283,-1.39806,-12.10733
7.90894,1.21895,-1.27716,-12.50536
7.91898,1.09595,-1.27372,-12.78623
7.92901,1.21072,-1.32235,-12.56043
7.93905,1.50341,-1.42365,-11.81853
7.94909,1.9408,-1.55054,-11.09174
7.95913,2.41336,-1.63389,-10.99657
7.96916,2.57227,-1.47154,-11.41735
7.9792,1.98809,-1.66666,-10.27442
7.98924,1.31292,-1.68866,-10.40879
7.99927,1.15386,-1.76782,-10.9831
8.00931,1.27102,-2.05662,-11.47286
8.01935,1.44685,-2.15358,-10.8381
8.02938,1.62192,-2.04899,-9.59761
8.03942,1.75749,-2.00365,-8.62092
8.04946,1.83994,-2.02669,-8.22917
8.05949,1.70527,-2.11228,-8.05215
8.06953,1.51598,-2.26432,-7.81273
8.07957,1.33207,-2.54324,-7.62194
8.0896,1.116,-2.78865,-7.81423
8.09964,0.93957,-2.87723,-8.12951
8.10968,0.74116,-2.85434,-8.31626
8.11971,0.58613,-3.02747,-8.47158
8.12975,0.42512,-3.39423,-8.17725
8.13979,0.6382,-2.91719,-8.2799
8.14982,0.73532,-2.84267,-7.89593
8.15986,0.69866,-2.60384,-7.47829
8.1699,0.52807,-2.43894,-7.34945
8.17993,0.39804,-2.44209,-7.42981
8.18997,0.3307,-2.50254,-7.63062
8.20001,0.18001,-2.62719,-7.92466
8.21004,0.0012,-2.62808,-8.31237
8.22008,-0.1875,-2.47575,-8.64082
8.23012,-0.32052,-2.31834,-8.67629
8.24015,-0.40492,-2.18471,-8.60027
8.25019,-0.57371,-2.11094,-8.47323
8.26023,-0.72814,-2.08056,-8.13699
8.27026,-0.75732,-2.11632,-7.70215
8.2803,-0.67546,-2.14954,-7.15477
8.29034,-0.56533,-2.20027,-6.84383
8.30037,-0.47929,-2.22526,-6.89081
8.31041,-0.42452,-2.19892,-6.84502
8.32045,-0.51565,-2.12066,-6.70825
8.33048,-0.65197,-1.9836,-6.67219
8.34052,-0.76001,-1.82019,-6.48814
8.35056,-0.76076,-1.65634,-6.71828
8.36059,-0.66933,-1.52241,-7.08235
8.37063,-0.5978,-1.45403,-6.98658
8.38067,-0.5354,-1.48695,-6.78547
8.3907,-0.38891,-1.59574,-6.9167
8.40074,-0.21997,-1.84847,-7.00124
8.41078,-0.13363,-2.10735,-6.87271
8.42081,-0.24166,-2.27,-6.70406
8.43085,-0.34192,-2.41216,-6.65648
8.44089,-0.29553,-2.50074,-6.7934
8.45092,-0.11762,-2.55611,-7.13891
8.46096,0.08844,-2.5603,-7.36726
8.471,0.17612,-2.57362,-7.53051
8.48103,0.23882,-2.66968,-7.68344
8.49107,0.3527,-2.85868,-7.91822
8.50111,0.45011,-3.03241,-8.06262
8.51114,0.44891,-3.096,-8.15824
8.52118,0.38143,-3.10064,-8.2169
8.53122,0.31319,-3.1168,-8.26508
8.54125,0.26231,-3.15197,-8.36025
8.55129,0.3087,-3.17815,-8.53653
8.56133,0.39564,-3.25462,-8.75949
8.57136,0.38547,-3.31402,-8.87291
8.5814,0.39415,-3.24953,-8.93666
8.59144,0.50847,-3.1195,-9.09273
8.60147,0.71766,-2.97884,-9.19358
8.61151,0.87224,-2.93185,-9.02794
8.62155,0.88196,-2.91075,-8.78253
8.63159,0.73622,-2.89339,-8.60237
8.64162,0.57296,-2.98138,-8.49762
8.65166,0.44188,-3.11171,-8.4457
8.6617,0.40327,-3.1807,-8.53817
8.67173,0.43185,-3.17636,-8.53428
8.68177,0.4555,-3.11007,-8.30608
8.69181,0.41509,-2.99694,-7.92286
8.70184,0.40911,-2.88097,-7.65336
8.71188,0.47315,-2.80556,-7.48487
8.72192,0.618,-2.64051,-7.21747
8.73195,0.62234,-2.47141,-7.10584
8.74199,0.3081,-2.39435,-6.90368
8.75203,-0.1652,-2.5392,-6.75479
8.76206,-0.69058,-2.76126,-6.54126
8.7721,-1.11704,-2.87813,-6.28972
8.78214,-1.35572,-2.82291,-6.05763
8.79217,-1.45538,-2.59786,-5.74249
8.80221,-1.37741,-2.28901,-5.47225
8.81225,-1.26623,-2.02101,-5.18853
8.82228,-1.11809,-1.92808,-4.8945
8.83232,-0.99718,-1.97148,-4.55602
8.84236,-0.85997,-2.05033,-4.2937
8.85239,-0.78994,-2.06096,-4.18521
8.86243,-0.90097,-1.97177,-4.38932
8.87247,-1.18139,-1.88304,-4.95345
8.8825,-1.5676,-1.80852,-5.64478
8.89254,-1.94215,-1.7123,-6.11704
8.90258,-2.21479,-1.62716,-6.36648
8.91261,-2.2911,-1.63419,-6.51762
8.92265,-2.125,-1.62058,-6.47482
8.93269,-1.85985,-1.59813,-6.34957
8.94272,-1.66427,-1.52152,-6.17225
8.95276,-1.54546,-1.41632,-6.07514
8.9628,-1.42545,-1.32773,-6.24408
8.97283,-1.16418,-1.35766,-6.38997
8.98287,-0.73816,-1.41961,-6.46674
8.99291,-0.23314,-1.41602,-6.67129
9.00294,0.05581,-1.36754,-7.05152
9.01298,-0.00733,-1.30574,-7.59964
9.02302,-0.16415,-1.40525,-8.16707
9.03305,0.06135,-1.71949,-8.89281
9.04309,0.53989,-2.01113,-9.72704
9.05313,1.20354,-2.03417,-10.76762
9.06316,1.87765,-1.82363,-12.04463
9.0732,2.09732,-1.56446,-13.06576
9.08324,1.98988,-1.52271,-13.5859
9.09327,1.97941,-1.72772,-13.93216
9.10331,2.24935,-1.87451,-14.52008
9.11335,2.88666,-1.83501,-15.11834
9.12338,3.46486,-1.76692,-15.88388
9.13342,3.56946,-1.71739,-16.96711
9.14346,3.30579,-1.63464,-18.47561
9.15349,2.99111,-1.55548,-20.27036
9.16353,2.85329,-1.39013,-22.13544
9.17357,2.85359,-1.00048,-23.57286
9.1836,2.87274,-0.59017,-24.40709
9.19364,2.78595,-0.4323,-24.88279
9.20368,2.55237,-0.53316,-24.86423
9.21371,2.13069,-0.73442,-24.43821
9.22375,1.633,-0.88062,-23.89548
9.23379,1.24932,-0.92207,-23.26386
9.24382,1.04223,-0.91264,-22.7506
9.25386,0.87718,-0.91384,-21.99254
9.2639,0.70719,-0.96097,-20.81145
9.27393,0.59541,-1.00571,-19.43762
9.28397,0.50592,-0.98072,-18.20297
9.29401,0.34447,-0.93898,-16.93553
9.30405,0.21428,-0.94361,-15.81879
9.31408,0.09682,-1.00377,-14.8668
9.32412,-0.07676,-1.21281,-13.79015
9.33416,-0.1845,-1.56895,-12.86434
9.34419,-0.2668,-1.95382,-12.09281
9.35423,-0.37185,-2.22706,-11.29165
9.36427,-0.50278,-2.24696,-10.47957
9.3743,-0.49126,-2.02639,-9.82476
9.38434,-0.3084,-1.61728,-9.27469
9.39438,0.04699,-1.18169,-8.58007
9.40441,0.35898,-0.93194,-7.51211
9.41445,0.48827,-0.90621,-6.29885
9.42449,0.54064,-0.99913,-5.25153
9.43452,0.58104,-1.04866,-4.35281
9.44456,0.63596,-1.01679,-3.7571
9.4546,0.80804,-0.94451,-3.46052
9.46463,1.10073,-0.95409,-2.97135
9.47467,1.18094,-1.1956,-2.30517
9.48471,0.95214,-1.55698,-1.74163
9.49474,0.62788,-1.86808,-1.3406
9.50478,0.39699,-2.04136,-1.21072
9.51482,0.29134,-2.13069,-1.39253
9.52485,0.26142,-2.15403,-1.77904
9.53489,0.32696,-2.20641,-2.32881
9.54493,0.39968,-2.29469,-2.81558
9.55496,0.51146,-2.33046,-3.03495
9.565,0.45565,-2.32971,-2.88561
9.57504,0.21428,-2.30262,-2.54608
9.58507,-0.14635,-2.36981,-2.20641
9.59511,-0.42288,-2.48383,-2.16705
9.60515,-0.44038,-2.57526,-2.63302
9.61518,-0.19378,-2.55312,-3.13117
9.62522,0.18091,-2.36158,-3.18758
9.63526,0.49889,-2.11288,-2.9109
9.64529,0.68833,-2.0011,-2.59457
9.65533,0.85682,-2.01457,-2.41695
9.66537,1.00601,-2.16989,-2.46917
9.6754,1.14922,-2.42877,-2.77024
9.68544,1.15894,-2.69303,-2.99919
9.69548,0.95813,-2.84237,-3.06563
9.70551,0.70629,-2.8482,-3.00712
9.71555,0.42198,-2.74974,-2.97584
9.72559,0.16191,-2.6221,-3.13895
9.73562,0.01466,-2.59531,-3.50257
9.74566,-0.04893,-2.60145,-3.84539
9.7557,0.00673,-2.55791,-4.2307
9.76573,0.17313,-2.54549,-4.58968
9.77577,0.48243,-2.44059,-4.73259
9.78581,0.74714,-2.15538,-4.75114
9.79584,1.00332,-1.85715,-4.97261
9.80588,1.15805,-1.60187,-5.18704
9.81592,1.13485,-1.35931,-5.3693
9.82595,0.9095,-1.20548,-5.75192
9.83599,0.64733,-1.1555,-6.43621
9.84603,0.34955,-1.19441,-7.22929
9.85606,-0.01242,-1.23331,-8.33885
9.8661,-0.2674,-1.34853,-9.48358
9.87614,-0.3316,-1.46869,-10.18419
9.88618,-0.2463,-1.37846,-10.32574
9.89621,-0.07841,-1.24947,-10.01988
9.90625,0.09906,-1.16149,-10.04682
9.91629,0.20291,-1.12782,-10.69161
9.92632,-0.0422,-1.1763,-11.51147
9.93636,-0.353,-1.1962,-12.37204
9.9464,-0.54154,-1.05629,-13.21854
9.95643,-0.618,-0.96621,-13.82681
9.96647,-0.63087,-0.99285,-14.14853
9.97651,-0.71347,-1.11615,-14.52921
9.98654,-0.91399,-1.26638,-15.16442
9.99658,-0.96561,-1.27611,-15.92518
10.00662,-0.83827,-1.12483,-16.6602
10.01665,-0.69971,-0.85802,-17.38101
10.02669,-0.62953,-0.53451,-18.17768
10.03673,-0.66963,-0.2071,-18.97899
10.04676,-0.94212,0.03786,-19.58861
10.0568,-1.30978,0.21727,-20.08032
10.06684,-1.52002,0.35599,-20.52803
10.07687,-1.5905,0.48887,-20.8716
10.08691,-1.57105,0.68399,-21.15187
10.09695,-1.59514,0.93494,-21.2638
10.10698,-1.62985,1.13665,-20.95854
10.11702,-1.62521,1.21356,-20.34772
10.12706,-1.48096,1.2378,-19.635
10.13709,-1.32354,1.22658,-18.86287
10.14713,-1.12138,1.14667,-17.85865
10.15717,-0.91518,0.98162,-16.7832
10.1672,-0.86984,0.78829,-15.82762
10.17724,-0.98761,0.54438,-15.0715
10.18728,-1.19156,0.24346,-14.5361
10.19731,-1.32609,-0.06539,-14.15976
10.20735,-1.3644,-0.36212,-13.75873
10.21739,-1.44116,-0.64284,-13.3574
10.22742,-1.50356,-0.87867,-13.00351
10.23746,-1.60127,-1.07604,-12.64513
10.2475,-1.68642,-1.17166,-12.30949
10.25753,-1.6927,-1.22718,-12.02084
10.26757,-1.55967,-1.36006,-11.60948
10.27761,-1.37517,-1.46555,-11.12421
10.28764,-1.3198,-1.41827,-10.7555
10.29768,-1.37143,-1.20937,-10.58581
10.30772,-1.43847,-0.98716,-10.34834
10.31775,-1.466,-0.848,-9.96362
10.32779,-1.39103,-0.78111,-9.45695
10.33783,-1.13934,-0.84036,-8.82129
10.34786,-0.90142,-0.85249,-8.04422
10.3579,-0.81403,-0.72589,-7.49744
10.36794,-0.73233,-0.54154,-7.26625
10.37798,-0.56354,-0.46223,-6.94603
10.38801,-0.23254,-0.4956,-6.29436
10.39805,0.14679,-0.62324,-5.62233
10.40809,0.44861,-0.88615,-5.13287
10.41812,0.55979,-1.21536,-4.83329
10.42816,0.50533,-1.485,-4.71523
10.4382,0.454,-1.72472,-4.68381
10.44823,0.4112,-1.87975,-4.57936
10.45827,0.30676,-1.99826,-4.40443
10.46831,0.19887,-2.11393,-4.20691
10.47834,0.14724,-2.32073,-4.12102
10.48838,0.25498,-2.53217,-4.28023
10.49842,0.51655,-2.77952,-4.48165
10.50845,0.7428,-2.98332,-4.76701
10.51849,0.74579,-3.03256,-5.09441
10.52853,0.64554,-2.9305,-5.25722
10.53856,0.55605,-2.83309,-5.33832
10.5486,0.49425,-2.84401,-5.43244
10.55864,0.45026,-2.92841,-5.78679
10.56867,0.40642,-3.03689,-6.19155
10.57871,0.37155,-3.15675,-6.5441
10.58875,0.29449,-3.23068,-6.92209
10.59878,0.14096,-3.304,-7.12889
10.60882,-0.03127,-3.41323,-7.09342
10.61886,-0.10564,-3.58023,-6.92283
10.62889,-0.04295,-3.7369,-6.75958
10.63893,0.09936,-3.79182,-6.76063
10.64897,0.1869,-3.74708,-6.79908
10.659,0.17582,-3.60731,-6.78741
10.66904,0.11971,-3.51693,-6.87315
10.67908,0.02634,-3.56601,-7.19877
10.68911,-0.10744,-3.63574,-7.67835
10.69915,-0.21398,-3.68677,-8.1331
10.70919,-0.34267,-3.68079,-8.506
10.71922,-0.41824,-3.58966,-8.67165
10.72926,-0.45834,-3.46591,-8.6076
10.7393,-0.57027,-3.38645,-8.52426
10.74933,-0.72335,-3.38405,-8.57019
10.75937,-0.87478,-3.47204,-8.66028
10.76941,-1.0316,-3.62048,-8.61778
10.77944,-1.2197,-3.83746,-8.36504
10.78948,-1.39582,-4.05623,-8.16662
10.79952,-1.59738,-4.14586,-8.19835
10.80955,-1.74133,-4.14152,-8.44974
10.81959,-1.77695,-4.12476,-8.86064
10.82963,-1.80298,-4.1092,-9.25583
10.83966,-1.77395,-4.11429,-9.48687
10.8497,-1.72607,-4.05787,-9.36477
10.85974,-1.64706,-4.00999,-9.02105
10.86977,-1.55922,-3.97063,-8.7942
10.87981,-1.42515,-3.92095,-8.80378
10.88985,-1.33177,-3.82444,-8.8994
10.89988,-1.30843,-3.70248,-9.04859
10.90992,-1.27566,-3.64083,-9.2512
10.91996,-1.24977,-3.64936,-9.38198
10.93,-1.22688,-3.61674,-9.43211
10.94003,-1.21191,-3.51843,-9.41505
10.95007,-1.13156,-3.46665,-9.50139
10.9601,-1.06617,-3.38435,-9.60494
10.97014,-1.05375,-3.25387,-9.67706
10.98018,-1.05943,-3.17845,-9.75128
10.99022,-1.01424,-3.17785,-9.69876
11.00025,-0.94361,-3.23307,-9.49735
11.01029,-0.96546,-3.26405,-9.29025
11.02032,-1.00826,-3.31028,-9.28262
11.03036,-1.03624,-3.3429,-9.42029
11.0404,-1.09011,-3.34455,-9.49077
11.05044,-1.15101,-3.36774,-9.42597
11.06047,-1.18588,-3.44331,-9.24686
11.07051,-1.20997,-3.49194,-9.10066
11.08054,-1.22164,-3.49703,-9.10036
11.09058,-1.18663,-3.4674,-9.21214
11.10062,-1.12632,-3.4475,-9.15677
11.11066,-1.21356,-3.42685,-9.05352
11.12069,-1.39372,-3.48042,-9.09078
11.13073,-1.51343,-3.55285,-9.13388
11.14077,-1.55922,-3.57664,-9.15932
11.1508,-1.57673,-3.56691,-9.1668
11.16084,-1.52107,-3.52935,-9.14929
11.17088,-1.39791,-3.45408,-9.13972
11.18091,-1.20473,-3.37717,-9.08674
11.19095,-1.09056,-3.2838,-8.88533
11.20099,-1.14802,-3.37732,-8.70861
11.21102,-1.29317,-3.52067,-8.68856
11.22106,-1.46316,-3.58996,-8.76697
11.2311,-1.56925,-3.58202,-8.91661
11.24113,-1.56925,-3.51454,-9.0839
11.25117,-1.52615,-3.44615,-9.13508
11.26121,-1.41916,-3.4062,-9.06325
11.27124,-1.27372,-3.38316,-8.91526
11.28128,-1.11525,-3.31866,-8.75111
11.29132,-1.01155,-3.23307,-8.56615
11.30135,-0.96112,-3.15361,-8.43103
11.31139,-0.94885,-3.09585,-8.27601
11.32143,-0.99793,-3.14688,-8.24473
11.33146,-0.99539,-3.21751,-8.26419
11.3415,-0.92775,-3.15331,-8.20912
11.35154,-0.81448,-3.00472,-8.17889
11.36157,-0.62504,-2.97824,-8.14507
11.37161,-0.49365,-3.00981,-8.09435
11.38165,-0.52164,-2.90641,-7.96117
11.39168,-0.60065,-2.76845,-7.86899
11.40172,-0.66499,-2.60684,-7.92391
11.41176,-0.71961,-2.37385,-8.09061
11.42179,-0.73697,-2.15628,-8.24847
11.43183,-0.64763,-1.8998,-8.42774
11.44187,-0.42482,-1.6315,-8.51588
11.4519,-0.24436,-1.41827,-8.58441
11.46194,-0.10744,-1.24528,-8.52366
11.47198,0.06614,-1.08667,-8.37761
11.48202,0.37424,-0.94107,-8.24204
11.49205,0.77093,-0.97803,-8.04901
11.50209,1.06003,-1.16179,-7.79761
11.51212,1.09235,-1.46645,-7.60099
11.52216,0.81852,-1.81301,-7.45225
11.5322,0.44951,-1.96624,-7.20116
11.54224,-0.00643,-1.8974,-6.92897
11.55227,-0.40253,-1.82573,-6.98583
11.56231,-0.39415,-1.79655,-7.26535
11.57235,0.19992,-1.81062,-7.33808
11.58238,1.02217,-1.97327,-6.88827
11.59242,1.5697,-2.2501,-6.33521
11.60246,1.8359,-2.50733,-6.18662
11.61249,1.97267,-2.59906,-6.37172
11.62253,1.85147,-2.49251,-6.31456
11.63257,1.69524,-2.32567,-6.11793
11.6426,1.57209,-2.09493,-5.9876
11.65264,1.54635,-1.82513,-6.06795
11.66268,1.59424,-1.77725,-6.29855
11.67271,1.52975,-2.07188,-6.57268
11.68275,1.16538,-2.45495,-6.85026
11.69279,0.57281,-2.84491,-7.22585
11.70282,0.1459,-3.1572,-7.50343
11.71286,0.06749,-3.3643,-7.48398
11.7229,0.17478,-3.35532,-7.53231
11.73293,0.32591,-3.31343,-7.84041
11.74297,0.61815,-3.39543,-8.19565
11.75301,0.81762,-3.46231,-8.41188
11.76304,0.78874,-3.39692,-8.35591
11.77308,0.65362,-3.22334,-8.02162
11.78312,0.5999,-3.06413,-7.72744
11.79315,0.5764,-2.98707,-7.91553
11.80319,0.52358,-3.1602,-8.66806
11.81323,0.48842,-3.44137,-9.73108
11.82326,0.43919,-3.60911,-10.66901
11.8333,0.33698,-3.57933,-11.32068
11.84334,0.09263,-3.37014,-11.46463
11.85337,-0.24526,-3.07849,-11.23195
11.86341,-0.55097,-2.85763,-10.91532
11.87345,-0.90187,-2.84356,-10.59075
11.88348,-1.22254,-3.11366,-10.24045
11.89352,-1.39298,-3.52471,-10.09201
11.90356,-1.53259,-3.93263,-10.2608
11.91359,-1.81645,-4.22262,-10.68727
11.92363,-1.9399,-4.42314,-11.07543
11.93367,-1.84324,-4.52953,-11.38039
11.9437,-1.8579,-4.34682,-11.81015
11.95374,-1.95891,-4.00535,-12.37563
11.96378,-2.26641,-3.58562,-12.73655
11.97381,-2.60519,-3.31223,-12.74748
11.98385,-2.91015,-3.14718,-12.56597
11.99389,-3.04333,-3.07969,-12.06408
12.00392,-2.9718,-3.24714,-11.42363
12.01396,-2.71622,-3.51529,-10.85142
12.024,-2.29813,-3.72942,-10.29447
12.03403,-1.89321,-3.79107,-9.90661
12.04407,-1.68013,-3.62512,-9.6223
12.05411,-1.734,-3.26494,-9.54643
12.06414,-1.90504,-3.00128,-9.88715
12.07418,-2.14161,-2.88307,-10.61005
12.08422,-2.46169,-2.83219,-11.42319
12.09425,-2.73433,-2.79897,-12.1416
12.10429,-2.89309,-2.68914,-12.64064
12.11433,-2.83713,-2.5,-12.82454
12.12437,-2.5199,-2.26237,-12.64947
12.1344,-2.13009,-2.0647,-12.48037
12.14444,-2.12096,-1.82483,-12.67625
12.15448,-1.99931,-1.7334,-11.79848
12.16451,-1.85536,-1.9007,-11.19514
12.17455,-1.81585,-2.21883,-10.85441
12.18459,-1.89905,-2.53516,-10.69011
12.19462,-1.98988,-2.89609,-10.62068
12.20466,-1.99168,-3.24788,-10.54781
12.2147,-1.98584,-3.5111,-10.45443
12.22473,-1.96414,-3.62841,-10.54751
12.23477,-1.96878,-3.61869,-10.74533
12.24481,-1.91865,-3.51768,-10.8788
12.25484,-1.74193,-3.31866,-10.8402
12.26488,-1.47902,-3.09181,-10.70073
12.27492,-1.19201,-2.89788,-10.51578
12.28495,-0.93703,-2.70201,-10.30644
12.29499,-0.72993,-2.5169,-10.08303
12.30503,-0.62908,-2.37684,-9.96512
12.31506,-0.62997,-2.27868,-9.86127
12.3251,-0.72125,-2.24486,-9.78765
12.33514,-0.82031,-2.22077,-9.7664
12.34517,-0.85144,-2.22212,-9.70684
12.35521,-0.9065,-2.3134,-9.66809
12.36525,-0.89498,-2.38343,-9.68649
12.37528,-0.88376,-2.45301,-9.67362
12.38532,-0.91249,-2.46303,-9.64414
12.39536,-0.97579,-2.48009,-9.62424
12.40539,-1.05779,-2.44553,-9.6208
12.41543,-1.14697,-2.42667,-9.60718
12.42547,-1.19949,-2.45899,-9.54568
12.4355,-1.15535,-2.54249,-9.38018
12.44554,-1.08263,-2.58798,-9.20481
12.45558,-1.06093,-2.61013,-9.11413
12.46561,-1.0925,-2.62883,-9.17712
12.47565,-1.07126,-2.63617,-9.19852
12.48569,-0.96232,-2.64993,-9.19299
12.49572,-0.85099,-2.59382,-9.22261
12.50576,-0.7835,-2.4967,-9.25
12.5158,-0.74534,-2.35739,-9.29235
12.52583,-0.72275,-2.29185,-9.332
12.53587,-0.69402,-2.28167,-9.38811
12.54591,-0.65975,-2.28497,-9.43899
12.55594,-0.65137,-2.29769,-9.43106
12.56598,-0.71512,-2.29529,-9.38512
12.57602,-0.76944,-2.23349,-9.1885
12.58605,-0.75043,-2.18665,-9.03931
12.59609,-0.67427,-2.23244,-9.04275
12.60613,-0.54827,-2.33465,-9.25464
12.61617,-0.50518,-2.40692,-9.54478
12.6262,-0.54229,-2.4174,-9.81024
12.63624,-0.61666,-2.32716,-10.0139
12.64628,-0.67322,-2.19668,-10.09979
12.65631,-0.69641,-2.10106,-10.07869
12.66635,-0.67247,-2.06665,-10.00851
12.67639,-0.57206,-2.0421,-9.87623
12.68642,-0.41554,-2.04674,-9.71926
12.69646,-0.29464,-2.07712,-9.56903
12.7065,-0.26007,-2.13802,-9.52773
12.71653,-0.27204,-2.19488,-9.55361
12.72657,-0.31663,-2.25848,-9.65641
12.73661,-0.43395,-2.25489,-9.84451
12.74664,-0.4956,-2.23484,-9.88775
12.75668,-0.45729,-2.23484,-9.81847
12.76672,-0.38786,-2.25085,-9.69592
12.77675,-0.30257,-2.28317,-9.58504
12.78679,-0.249,-2.28661,-9.5382
12.79683,-0.19423,-2.26297,-9.53132
12.80686,-0.16939,-2.19608,-9.53491
12.8169,-0.23089,-2.166,-9.63412
12.82694,-0.31244,-2.18217,-9.67482
12.83697,-0.33609,-2.21718,-9.67856
12.84701,-0.30406,-2.22182,-9.69801
12.85705,-0.18405,-2.19473,-9.71148
12.86708,-0.11657,-2.15134,-9.75742
12.87712,-0.08335,-2.08984,-9.78391
12.88716,-0.01422,-2.03986,-9.72435
12.89719,0.03756,-2.0017,-9.65477
12.90723,0.07766,-2.01592,-9.55795
12.91727,0.0618,-2.08999,-9.46742
12.9273,0.05162,-2.17768,-9.40757
12.93734,-0.03247,-2.22691,-9.42058
12.94738,-0.11732,-2.20311,-9.46967
12.95742,-0.16236,-2.15179,-9.54239
12.96745,-0.13228,-2.11647,-9.61152
12.97749,-0.1019,-2.07981,-9.6633
12.98753,-0.07916,-2.03687,-9.73123
12.99756,-0.08829,-1.95202,-9.84017
13.0076,-0.11537,-1.92898,-10.01929
13.01764,-0.15877,-1.96504,-10.23476
13.02767,-0.21024,-2.02654,-10.38365
13.03771,-0.28431,-2.07098,-10.30943
13.04775,-0.27488,-2.08071,-10.04667
13.05778,-0.23149,-2.08849,-9.77463
13.06782,-0.21443,-2.10809,-9.58983
13.07786,-0.25857,-2.14491,-9.4538
13.08789,-0.31633,-2.20925,-9.40023
13.09793,-0.38592,-2.2908,-9.3932
13.10797,-0.44338,-2.32537,-9.39649
13.118,-0.46507,-2.36308,-9.40846
13.12804,-0.4332,-2.36637,-9.44049
13.13808,-0.39055,-2.33165,-9.44438
13.14811,-0.35195,-2.27733,-9.43839
13.15815,-0.29658,-2.20551,-9.42732
13.16819,-0.28252,-2.13099,-9.39934
13.17822,-0.27803,-2.09957,-9.37719
13.18826,-0.28072,-2.09074,-9.33858
13.1983,-0.25992,-2.09553,-9.31913
13.20833,-0.19109,-2.12949,-9.27798
13.21837,-0.18196,-2.17633,-9.26317
13.22841,-0.29898,-2.20311,-9.2889
13.23844,-0.38577,-2.2519,-9.33424
13.24848,-0.38681,-2.30651,-9.2895
13.25852,-0.33683,-2.31878,-9.2298
13.26855,-0.28596,-2.30592,-9.18072
13.27859,-0.33235,-2.26297,-9.19598
13.28863,-0.43111,-2.2495,-9.20855
13.29866,-0.47809,-2.34976,-9.21588
13.3087,-0.4329,-2.37146,-9.24461
13.31874,-0.33728,-2.31968,-9.32691
13.32877,-0.22745,-2.22002,-9.42717
13.33881,-0.13273,-2.11977,-9.51306
13.34885,-0.06689,-2.02669,-9.60299
13.35888,-0.00928,-1.98943,-9.62514
13.36892,0.08395,-1.92898,-9.57172
13.37896,0.19288,-1.87556,-9.54059
13.38899,0.25094,-1.8175,-9.54808
13.39903,0.15667,-1.84368,-9.59596
13.40907,0.03846,-1.88528,-9.66075
13.41911,0.00584,-1.98075,-9.69278
13.42914,0.06464,-2.07113,-9.68903
13.43918,0.18001,-2.08011,-9.68335
13.44922,0.24795,-2.03522,-9.73572
13.45925,0.28446,-2.00155,-9.808
13.46929,0.25169,-2.02205,-9.94357
13.47933,0.23972,-1.99946,-10.07585
13.48936,0.29793,-1.98554,-10.12642
13.4994,0.33579,-1.96175,-10.21067
13.50944,0.38741,-1.99138,-10.24748
13.51947,0.46732,-2.06111,-10.28145
13.52951,0.5984,-2.15373,-10.39293
13.53955,0.73412,-2.25235,-10.51548
13.54958,0.81298,-2.34078,-10.61754
13.55962,0.81193,-2.40617,-10.64223
13.56966,0.81463,-2.45615,-10.68981
13.57969,0.88181,-2.49865,-10.79501
13.58973,1.05061,-2.53546,-10.92714
13.59977,1.26968,-2.58304,-11.17838
13.6098,1.36799,-2.62629,-11.50953
13.61984,1.43218,-2.67911,-11.85654
13.62988,1.51747,-2.63736,-12.02503
13.63991,1.5275,-2.61073,-12.15581
13.64995,1.47558,-2.59172,-12.30171
13.65999,1.47513,-2.55117,-12.48471
13.67002,1.46615,-2.50583,-12.71381
13.68006,1.45478,-2.52035,-12.90998
13.6901,1.30394,-2.67717,-13.14058
13.70013,1.03774,-2.93484,-13.51078
13.71017,0.72589,-3.19596,-13.90343
13.72021,0.37993,-3.41473,-14.29398
13.73024,-0.02334,-3.47473,-14.57665
13.74028,-0.40357,-3.26599,-14.80694
13.75032,-0.81089,-2.86107,-14.98232
13.76035,-1.27252,-2.41844,-14.92889
13.77039,-1.61414,-2.12051,-14.55719
13.78043,-1.82318,-2.03372,-13.9166
13.79046,-1.76932,-2.24397,-13.23335
13.8005,-1.49787,-2.52109,-12.64064
13.81054,-1.12333,-2.63796,-11.87793
13.82057,-0.5779,-2.67402,-11.0859
13.83061,0.02768,-2.68794,-10.30943
13.84065,0.49665,-2.69886,-9.49047
13.85068,0.79951,-2.83668,-8.73046
13.86072,0.99958,-3.10513,-8.12727
13.87076,1.08143,-3.45962,-7.83966
13.8808,1.05839,-3.71146,-7.66848
13.89083,1.06018,-3.85422,-7.63526
13.90087,1.12438,-3.81965,-7.62284
13.91091,1.24439,-3.83147,-7.75901
13.92094,1.25307,-3.95597,-8.07878
13.93098,1.13455,-4.14137,-8.45243
13.94102,0.9493,-4.27395,-8.62047
13.95105,0.73307,-4.28547,-8.71819
13.96109,0.58194,-4.12117,-8.74572
13.97113,0.57491,-3.80154,-8.71983
13.98116,0.72006,-3.36311,-8.59459
13.9912,0.92865,-2.88905,-8.29232
14.00124,1.18752,-2.52858,-8.01384
14.01127,1.33357,-2.31175,-7.68778
14.02131,1.30559,-2.17917,-7.55101
14.03135,1.15939,-2.08685,-7.73746
14.04138,1.04133,-1.99646,-7.9893
14.05142,0.91339,-1.91057,-8.16557
14.06146,0.65571,-1.83291,-8.26613
14.07149,0.34267,-1.8579,-8.22917
14.08153,0.01422,-2.08011,-8.08297
14.09157,-0.26291,-2.36427,-7.92181
14.1016,-0.48782,-2.50568,-7.74913
14.11164,-0.68519,-2.54429,-7.81288
14.12168,-0.79772,-2.49192,-8.00008
14.13171,-0.97309,-2.43131,-8.0517
14.14175,-1.18019,-2.46289,-8.18787
14.15179,-1.20608,-2.43864,-8.26149
14.16182,-0.90306,-2.42727,-8.31491
14.17186,-0.44831,-2.58708,-8.14657
14.1819,-0.15009,-2.79523,-7.89219
14.19193,-0.17717,-3.01325,-7.89099
14.20197,-0.51206,-3.30101,-7.89997
14.21201,-0.97324,-3.18459,-7.94411
14.22204,-1.14892,-2.81408,-8.08522
14.23208,-1.27611,-2.49341,-8.071
14.24212,-1.26863,-2.34512,-8.0734
14.25215,-1.41363,-2.4572,-8.27661
14.26219,-1.58825,-2.67447,-8.24937
14.27223,-1.61833,-2.73523,-7.92481
14.28226,-1.5091,-2.56658,-7.49011
14.2923,-1.39687,-2.2691,-7.13367
14.30234,-1.34345,-1.98809,-6.94513
14.31237,-1.25456,-1.81885,-6.78307
14.32241,-1.08427,-1.66771,-6.55712
14.33245,-0.83842,-1.64048,-6.25126
14.34249,-0.6816,-1.77186,-5.89856
14.35252,-0.72051,-1.94155,-5.65196
14.36256,-0.7654,-2.08191,-5.50487
14.3726,-0.73113,-2.23828,-5.74279
14.38263,-0.66634,-2.34318,-6.44459
14.39267,-0.56668,-2.36188,-6.99601
14.40271,-0.59346,-2.39779,-7.23722
14.41274,-0.73158,-2.43401,-7.42083
14.42278,-0.8058,-2.52678,-7.83233
14.43282,-0.83438,-2.59127,-8.48266
14.44285,-0.96501,-2.65472,-9.02779
14.45289,-1.14637,-2.75139,-9.50393
14.46293,-1.32295,-2.77398,-9.77448
14.47296,-1.40914,-2.79927,-9.75817
14.483,-1.38639,-2.82516,-9.44109
14.49304,-1.23047,-2.86376,-9.19328
14.50307,-0.97818,-2.92527,-9.21244
14.51311,-0.60169,-2.90312,-9.14495
14.52315,-0.32726,-2.79508,-9.13807
14.53318,-0.22206,-2.70485,-9.15707
14.54322,-0.21323,-2.60384,-9.17802
14.55326,-0.21458,-2.5597,-9.03796
14.56329,-0.18121,-2.59935,-8.77834
14.57333,-0.12869,-2.67402,-8.66357
14.58337,-0.05581,-2.78431,-8.69529
14.5934,-0.00135,-2.87199,-8.80109
14.60344,-0.04519,-2.95789,-8.8762
14.61348,-0.10609,-3.02223,-8.84238
14.62351,-0.1444,-3.10782,-8.61524
14.63355,-0.26561,-3.19656,-8.32
14.64359,-0.4148,-3.27946,-8.25281
14.65362,-0.52283,-3.32255,-8.43253
14.66366,-0.49695,-3.26958,-8.76876
14.6737,-0.39594,-3.14299,-9.07627
14.68373,-0.27982,-3.07715,-9.22845
14.69377,-0.22984,-3.10603,-9.07612
14.70381,-0.29823,-3.16229,-8.62751
14.71384,-0.50473,-3.18623,-8.30174
14.72388,-0.66888,-3.11231,-8.25191
14.73392,-0.70554,-2.95684,-8.44704
14.74395,-0.69776,-2.82725,-8.7966
14.75399,-0.70674,-2.76889,-8.96643
14.76403,-0.73607,-2.6821,-8.66686
14.77407,-0.77707,-2.53127,-8.08642
14.7841,-0.83857,-2.36831,-7.49026
14.79414,-0.89783,-2.17259,-7.05347
14.80418,-0.87807,-1.9396,-6.84203
14.81421,-0.79906,-1.68432,-6.73594
14.82425,-0.61426,-1.60681,-6.52869
14.83429,-0.5146,-1.80643,-6.14636
14.84432,-0.61157,-2.07981,-5.37513
14.85436,-0.86476,-2.273,-4.55123
14.8644,-1.15475,-2.33494,-3.93023
14.87443,-1.37203,-2.24501,-3.68722
14.88447,-1.54635,-2.04674,-3.86963
14.89451,-1.62701,-1.87256,-4.40009
14.90454,-1.57434,-1.78548,-4.97351
14.91458,-1.47124,-1.73714,-5.24001
14.92462,-1.43787,-1.55653,-5.12045
14.93465,-1.4449,-1.32085,-4.97081
14.94469,-1.44101,-1.07919,-4.98323
14.95473,-1.40989,-0.79892,-5.11117
14.96476,-1.37906,-0.52613,-5.3262
14.9748,-1.35452,-0.36497,-5.48571
14.98484,-1.35961,-0.38083,-5.5134
14.99487,-1.47423,-0.43769,-5.49544
15.00491,-1.56656,-0.45654,-5.50098
15.01495,-1.58092,-0.48617,-5.69835
15.02498,-1.38684,-0.53885,-6.10402
15.03502,-1.1341,-0.59062,-6.75524
15.04506,-0.75043,-0.64943,-7.6613
15.05509,-0.34177,-0.61456,-8.40245
15.06513,-0.22326,-0.44188,-8.69574
15.07517,-0.44113,-0.24002,-8.91511
15.0852,-0.99823,-0.04729,-9.21004
15.09524,-1.53064,-0.019,-9.74081
15.10528,-1.82513,-0.1022,-10.34924
15.11531,-1.82663,-0.25094,-11.24167
15.12535,-1.41871,-0.31933,-12.44027
15.13539,-0.6593,-0.11178,-13.54744
15.14542,-0.05761,0.34761,-14.40082
15.15546,0.04773,0.79143,-14.79153
15.1655,0.06913,0.73397,-14.84255
15.17553,0.24361,0.12644,-14.82774
15.18557,0.35359,-0.6204,-15.05429
15.19561,0.37409,-1.14533,-15.78587
15.20565,0.26725,-1.35826,-16.79009
15.21568,0.36317,-1.3228,-17.82004
15.22572,0.5767,-1.13485,-18.62435
15.23576,0.82196,-0.97728,-19.34665
15.24579,1.12617,-0.75133,-20.37944
15.25583,1.20922,-0.25319,-21.87178
15.26587,0.96561,0.42632,-23.472
15.2759,0.60394,1.05854,-24.61718
15.28594,0.25453,1.53438,-25.1674
15.29598,-0.0018,1.79161,-25.34038
15.30601,-0.13737,1.88349,-25.14241
15.31605,-0.19647,1.91102,-24.38464
15.32609,-0.208,1.85506,-22.9182
15.33612,-0.21772,1.6933,-21.01406
15.34616,-0.20036,1.48949,-19.16903
15.3562,-0.24152,1.23436,-17.58885
15.36623,-0.40851,0.9297,-16.1046
15.37627,-0.62339,0.55291,-14.86036
15.38631,-0.82824,0.19199,-13.99501
15.39634,-0.91249,-0.02155,-13.39526
15.40638,-0.97489,-0.07452,-12.78968
15.41642,-1.14652,-0.1857,-12.33972
15.42645,-1.25232,-0.37559,-12.16195
15.43649,-1.30125,-0.56608,-12.08174
15.44653,-1.51179,-0.62698,-11.80985
15.45656,-1.76722,-0.5767,-11.24078
15.4666,-1.80583,-0.57012,-10.5695
15.47664,-1.74807,-0.56174,-9.69337
15.48667,-1.86089,-0.62938,-8.74033
15.49671,-2.0017,-0.82016,-8.19879
15.50675,-1.92374,-1.0735,-7.97299
15.51678,-1.55144,-1.24379,-7.54084
15.52682,-1.04043,-1.23825,-6.84218
15.53686,-0.50428,-1.0304,-5.89408
15.54689,-0.09053,-0.8661,-4.88836
15.55693,0.23613,-0.78964,-4.02525
15.56697,0.62698,-0.79921,-3.41683
15.577,1.06362,-0.83962,-2.99769
15.58704,1.29616,-0.87433,-2.72909
15.59708,1.41093,-0.88122,-2.48802
15.60711,1.44834,-0.85787,-1.90399
15.61715,1.46346,-0.95903,-1.26608
15.62719,1.62342,-1.30843,-1.1989
15.63723,2.01128,-1.76797,-1.59484
15.64726,2.57796,-2.08729,-2.00006
15.6573,2.96791,-1.96848,-2.06305
15.66734,3.08987,-1.58481,-2.02968
15.67737,2.97913,-1.1142,-1.86897
15.68741,2.78042,-0.763,-1.82333
15.69745,2.54354,-0.71332,-1.99991
15.70748,2.32672,-0.98462,-2.40108
15.71752,2.07143,-1.35542,-3.01101
15.72756,1.90144,-1.65843,-3.673
15.73759,1.87122,-1.76333,-3.91452
15.74763,1.75884,-1.88828,-3.55763
15.75767,1.5881,-2.15299,-2.69093
15.7677,1.30753,-2.56838,-1.75271
15.77774,0.75941,-2.87618,-1.11405
15.78778,0.03307,-2.96028,-1.11076
15.79781,-0.71183,-2.84252,-1.66442
15.80785,-1.30918,-2.70679,-2.54339
15.81789,-1.79296,-2.61866,-3.60806
15.82792,-2.15194,-2.5603,-4.66376
15.83796,-2.27135,-2.50867,-5.62398
15.848,-2.23095,-2.32327,-6.22792
15.85803,-1.95187,-2.17588,-6.49442
15.86807,-1.60322,-2.08221,-6.19141
15.87811,-1.34644,-1.88992,-5.33024
15.88814,-1.24977,-1.74118,-4.6672
15.89818,-1.31382,-1.7123,-4.53791
15.90822,-1.45074,-1.80448,-4.8725
15.91825,-1.52765,-1.91491,-5.5517
15.92829,-1.54172,-2.00484,-6.41571
15.93833,-1.47947,-1.89381,-7.10868
15.94836,-1.31606,-1.65694,-7.62688
15.9584,-0.98297,-1.34479,-7.8253
15.96844,-0.67322,-1.06332,-7.87902
15.97847,-0.40746,-0.93823,-8.12398
15.98851,-0.13946,-0.88241,-8.55852
15.99855,0.07377,-0.7636,-9.20511
16.00858,0.47181,-0.55097,-10.29148
16.01862,0.73008,-0.39579,-11.67921
16.02866,0.74759,-0.58942,-12.66817
16.03869,0.7642,-1.03834,-13.27585
16.04873,0.66274,-1.39492,-13.83849
16.05877,0.46807,-1.3831,-14.40621
16.0688,0.37694,-0.95903,-14.97453
16.07884,0.5363,-0.27099,-15.53582
16.08888,0.87942,0.41465,-15.92114
16.09891,1.24977,0.9095,-16.08365
16.10895,1.43742,1.09295,-16.29509
16.11899,1.26504,1.04387,-16.70195
16.12902,0.92386,0.88541,-17.13246
16.13906,0.75657,0.85862,-17.58107
16.1491,0.68923,1.01574,-17.92584
16.15914,0.64928,1.19186,-17.98285
16.16917,0.66589,1.30738,-17.82274
16.17921,0.63342,1.3424,-17.4874
16.18925,0.58867,1.33971,-17.217
16.19928,0.57805,1.38086,-17.12572
16.20932,0.56189,1.52795,-17.06557
16.21936,0.51715,1.72801,-16.99719
16.22939,0.50218,1.90339,-17.19291
16.23943,0.56174,1.98719,-17.44236
16.24947,0.66514,2.10555,-17.55174
16.2595,0.64434,2.2317,-17.36649
16.26954,0.53825,2.25863,-17.06512
16.27958,0.36901,2.13802,-16.53466
16.28961,0.2074,1.82872,-15.70521
16.29965,-0.02873,1.43293,-14.88475
16.30969,-0.23478,1.04851,-14.41519
16.31972,-0.37634,0.73711,-14.38287
16.32976,-0.56309,0.61172,-14.57156
16.3398,-0.82301,0.58134,-14.82086
16.34983,-1.07036,0.41001,-15.03454
16.35987,-1.24124,0.10939,-15.20094
16.36991,-1.36529,-0.2478,-15.33576
16.37994,-1.48216,-0.52283,-15.42943
16.38998,-1.63943,-0.64419,-15.17355
16.40002,-1.75794,-0.68384,-14.48297
16.41005,-1.79251,-0.65601,-13.49402
16.42009,-1.74283,-0.63042,-12.52048
16.43013,-1.57778,-0.60947,-11.68894
16.44016,-1.22808,-0.58254,-11.01213
16.4502,-0.93673,-0.43245,-10.55199
16.46024,-0.70599,-0.15383,-10.31048
16.47027,-0.56608,0.21204,-9.86755
16.48031,-0.51954,0.5574,-8.84358
16.49035,-0.40417,0.52343,-7.516
16.50038,-0.16385,-0.06225,-6.48754
16.51042,-0.00958,-0.85249,-5.77062
16.52046,-0.01466,-1.47049,-5.03276
16.53049,-0.16011,-1.72861,-4.42119
16.54053,-0.27937,-1.47288,-4.2539
16.55057,-0.38232,-0.91279,-4.77853
16.56061,-0.33653,-0.52807,-5.33144
16.57064,-0.29673,-0.54782,-5.5125
16.58068,-0.4133,-0.85593,-5.48138
16.59072,-0.70659,-1.2164,-5.63101
16.60075,-1.10358,-1.43667,-5.89497
16.61079,-1.32803,-1.52181,-5.7826
16.62083,-1.41901,-1.47632,-5.29074
16.63086,-1.51239,-1.42889,-5.05386
16.6409,-1.46974,-1.40734,-5.17656
16.65094,-1.37233,-1.46525,-5.7588
16.66097,-1.20773,-1.51658,-6.64615
16.67101,-1.10687,-1.49578,-7.33613
16.68105,-1.08802,-1.41722,-7.54922
16.69108,-0.96636,-1.30095,-7.24022
16.70112,-0.79906,-1.19964,-6.78801
16.71116,-0.62728,-1.18558,-6.62984
16.72119,-0.48602,-1.25127,-6.7515
16.73123,-0.3702,-1.41812,-6.8956
16.74127,-0.23957,-1.63285,-6.96593
16.7513,0.00464,-1.79371,-7.06469
16.76134,0.29523,-1.88035,-7.05107
16.77138,0.41839,-1.78144,-6.91206
16.78141,0.42138,-1.64586,-6.87824
16.79145,0.37784,-1.73235,-6.94588
16.80149,0.36901,-1.9833,-7.04284
16.81152,0.24391,-2.11632,-7.15971
16.82156,0.06045,-2.11139,-7.44701
16.8316,-0.07018,-2.12096,-7.77906
16.84163,-0.11238,-2.27928,-8.00801
16.85167,-0.20216,-2.57496,-8.03823
16.86171,-0.32307,-2.82321,-7.87603
16.87175,-0.3105,-2.92751,-7.88994
16.88178,-0.31469,-2.93379,-7.9908
16.89182,-0.38023,-2.84581,-8.07579
16.90185,-0.55171,-2.77997,-8.24144
16.91189,-0.73667,-2.74989,-8.43881
16.92193,-0.85189,-2.84222,-8.71415
16.93196,-0.89004,-2.99589,-8.90823
16.942,-0.85608,-3.14074,-8.88653
16.95204,-0.86984,-3.19431,-8.65279
16.96208,-0.99015,-3.20748,-8.53428
16.97211,-1.10657,-3.27437,-8.59518
16.98215,-1.16628,-3.37388,-8.69918
16.99219,-1.23511,-3.40889,-8.76068
17.00222,-1.33118,-3.26898,-8.89446
17.01226,-1.39223,-3.06039,-9.14974
17.0223,-1.43473,-2.85883,-9.52892
17.03233,-1.39298,-2.78565,-9.86037
17.04237,-1.36155,-2.79957,-9.96242
17.05241,-1.41033,-2.76381,-9.94761
17.06244,-1.48007,-2.70186,-9.97365
17.07248,-1.48485,-2.62405,-10.02527
17.08252,-1.4452,-2.57855,-9.97664
17.09255,-1.39896,-2.53426,-9.75413
17.10259,-1.529,-2.49521,-9.54
17.11263,-1.84234,-2.55327,-9.61272
17.12266,-2.1476,-2.71113,-9.78061
17.1327,-2.32567,-2.90896,-9.85738
17.14274,-2.44388,-3.00353,-9.86815
17.15277,-2.52094,-2.94996,-9.87174
17.16281,-2.50389,-2.83488,-9.91319
17.17285,-2.415,-2.72984,-10.02542
17.18288,-2.31594,-2.57975,-10.14528
17.19292,-2.26237,-2.46333,-10.14917
17.20296,-2.26043,-2.37984,-10.00357
17.21299,-2.29873,-2.30681,-9.86052
17.22303,-2.32088,-2.15254,-9.91155
17.23307,-2.28137,-2.06156,-10.02886
17.2431,-2.1693,-2.07832,-10.01749
17.25314,-2.01218,-2.18695,-9.79573
17.26318,-1.9004,-2.24756,-9.29983
17.27322,-1.87481,-2.28826,-8.84777
17.28325,-1.86209,-2.28616,-8.55673
17.29329,-1.82004,-2.23035,-8.39243
17.30332,-1.71604,-2.13638,-8.39213
17.31336,-1.57718,-2.04884,-8.40155
17.3234,-1.45268,-1.96384,-8.34708
17.33344,-1.35856,-1.84443,-8.26104
17.34347,-1.29601,-1.76976,-8.26703
17.35351,-1.26414,-1.67534,-8.3815
17.36355,-1.18169,-1.5275,-8.62631
17.37358,-0.98671,-1.31232,-8.837
17.38362,-0.71632,-1.03609,-8.89132
17.39366,-0.40432,-0.72918,-8.85346
17.40369,0.11672,-0.54274,-8.7725
17.41373,0.70045,-0.63416,-8.30309
17.42377,1.07889,-0.97444,-7.37938
17.4338,1.33776,-1.23975,-6.47646
17.44384,1.55728,-1.20383,-5.95438
17.45388,1.60696,-0.95244,-5.65062
17.46391,1.35991,-0.51415,-5.52701
17.47395,0.93748,-0.15069,-5.83632
17.48399,0.64748,-0.19228,-6.49442
17.49402,0.36137,-0.60469,-7.25368
17.50406,-0.05552,-1.09789,-7.72444
17.5141,-0.61082,-1.37233,-7.89249
17.52413,-1.11734,-1.54127,-8.01384
17.53417,-1.07604,-1.86508,-8.071
17.54421,-0.7621,-2.29365,-7.92511
17.55424,-0.66409,-2.49371,-7.53949
17.56428,-0.85578,-2.35949,-7.09372
17.57432,-1.09699,-1.96085,-6.90263
17.58435,-1.22927,-1.58616,-7.14056
17.59439,-0.90591,-1.47752,-7.71576
17.60443,-0.4754,-1.67025,-8.29561
17.61447,-0.48857,-1.84039,-8.62496
17.6245,-0.89813,-1.84518,-8.94145
17.63454,-1.38998,-1.75106,-9.26631
17.64457,-1.47588,-1.84339,-9.35744
17.65461,-1.15939,-2.13862,-9.07058
17.66465,-1.00272,-2.23873,-8.75649
17.67469,-0.99808,-2.16705,-8.62631
17.68472,-1.08068,-1.89456,-8.57917
17.69476,-1.08891,-1.57314,-8.78014
17.70479,-1.04552,-1.43458,-9.23653
17.71483,-0.99524,-1.47588,-9.81443
17.72487,-0.84889,-1.63689,-10.24883
17.73491,-0.64778,-1.78622,-10.39488
17.74494,-0.43215,-1.82588,-10.28205
17.75498,-0.44098,-1.72891,-9.89389
17.76502,-0.51251,-1.65065,-9.34367
17.77505,-0.47405,-1.67564,-8.84239
17.78509,-0.33444,-1.7141,-8.66836
17.79513,-0.26127,-1.84129,-8.83311
17.80516,-0.36975,-2.00933,-9.20241
17.8152,-0.65122,-2.12695,-9.66809
17.82524,-1.10492,-2.15822,-10.25092
17.83527,-1.33881,-2.1072,-10.80548
17.84531,-1.15386,-2.15762,-10.97532
17.85535,-0.93254,-2.18231,-10.84349
17.86538,-0.71317,-2.13847,-10.47388
17.87542,-0.58598,-1.99497,-10.05714
17.88546,-0.59586,-1.8799,-9.93728
17.89549,-0.69133,-1.81301,-10.23581
17.90553,-1.02083,-1.68208,-10.76298
17.91557,-1.46989,-1.54112,-11.22357
17.9256,-1.97507,-1.62058,-11.6237
17.93564,-2.49431,-1.99497,-11.86881
17.94568,-2.77293,-2.59232,-11.7069
17.95571,-2.73867,-3.20958,-11.1278
17.96575,-2.28227,-3.70787,-10.28295
17.97579,-1.6529,-4.01553,-9.50064
17.98582,-1.20518,-3.97198,-9.22426
17.99586,-1.10522,-3.57619,-9.61496
18.0059,-1.23975,-2.99215,-10.58072
18.01594,-1.44325,-2.35036,-11.61951
18.02597,-1.50356,-1.75645,-12.04328
18.03601,-1.23735,-1.3213,-11.73323
18.04605,-0.85413,-1.22478,-11.07094
18.05608,-0.43305,-1.53184,-10.48885
18.06612,-0.12031,-1.91521,-10.10024
18.07616,-0.04145,-2.07233,-9.8906
18.08619,-0.33205,-2.13817,-9.93788
18.09623,-0.84366,-2.24786,-10.07465
18.10627,-1.38116,-2.48668,-10.30853
18.1163,-1.80837,-2.67851,-10.6117
18.12634,-2.04016,-2.7659,-10.84543
18.13638,-2.01143,-2.76725,-11.05553
18.14641,-1.79026,-2.6438,-11.31455
18.15645,-1.47558,-2.44493,-11.55262
18.16649,-1.24274,-2.27644,-11.5604
18.17652,-1.04821,-2.10959,-11.15967
18.18656,-0.82136,-1.91895,-10.48885
18.1966,-0.63237,-1.65574,-9.99744
18.20663,-0.49066,-1.36844,-9.88102
18.21667,-0.41524,-1.13665,-10.11356
18.22671,-0.45385,-0.96681,-10.70732
18.23674,-0.40806,-0.87284,-11.39595
18.24678,-0.28895,-0.77063,-11.74087
18.25682,-0.1667,-0.64329,-11.72291
18.26685,-0.06375,-0.58179,-11.36198
18.27689,-0.07347,-0.61262,-10.9219
18.28693,-0.0808,-0.81971,-10.55903
18.29696,-0.10699,-1.06901,-10.31302
18.307,-0.26965,-1.32474,-10.18927
18.31704,-0.4139,-1.54411,-10.10218
18.32707,-0.49261,-1.67265,-10.13914
18.33711,-0.51984,-1.72607,-10.22519
18.34715,-0.53316,-1.71634,-10.344
18.35718,-0.60543,-1.66666,-10.4444
18.36722,-0.65257,-1.58795,-10.56591
18.37726,-0.63506,-1.49054,-10.62891
18.38729,-0.52822,-1.39552,-10.60018
18.39733,-0.43589,-1.28269,-10.50531
18.40737,-0.44667,-1.17944,-10.48137
18.41741,-0.5369,-1.16433,-10.45338
18.42744,-0.64314,-1.23466,-10.31706
18.43748,-0.71482,-1.39522,-10.08572
18.44752,-0.73801,-1.52316,-10.117
18.45755,-0.74056,-1.4678,-10.24778
18.46759,-0.70599,-1.35572,-10.3018
18.47762,-0.64539,-1.28688,-10.38021
18.48766,-0.49231,-1.2372,-10.31661
18.4977,-0.33504,-1.16583,-10.12418
18.50774,-0.21204,-1.12976,-9.87997
18.51777,-0.18001,-1.03011,-9.70325
18.52781,-0.27683,-0.95125,-9.60913
18.53785,-0.36661,-1.0135,-9.67856
18.54788,-0.36123,-1.06183,-9.81204
18.55792,-0.30721,-1.113,-10.08812
18.56796,-0.21383,-1.03295,-10.32185
18.57799,-0.16685,-0.826,-10.25556
18.58803,-0.13886,-0.7639,-10.02153
18.59807,-0.08275,-0.81927,-9.78361
18.6081,-0.07437,-0.89618,-9.58863
18.61814,-0.12225,-0.98312,-9.52354
18.62818,-0.19617,-1.04223,-9.5792
18.63821,-0.2894,-1.05046,-9.63127
18.64825,-0.34611,-1.08113,-9.59581
18.65829,-0.37409,-1.14518,-9.72824
18.66832,-0.33249,-1.1546,-9.7456
18.67836,-0.3084,-1.10881,-9.6627
18.6884,-0.28446,-1.04642,-9.57351
18.69843,-0.27174,-0.98417,-9.43615
18.70847,-0.25408,-0.96172,-9.4146
18.71851,-0.21174,-0.95828,-9.51695
18.72854,-0.1658,-0.94317,-9.56154
18.73858,-0.10594,-0.88436,-9.56843
18.74862,-0.01302,-0.82136,-9.60015
18.75865,0.05357,-0.78889,-9.67617
18.76869,0.06689,-0.73307,-9.66704
18.77873,0.05581,-0.73278,-9.55825
18.78876,0.01556,-0.76181,-9.5171
18.7988,-0.09412,-0.81029,-9.6015
18.80884,-0.31813,-0.82286,-9.79662
18.81888,-0.4757,-0.84081,-9.90466
18.82891,-0.44906,-0.95603,-9.9922
18.83895,-0.30421,-0.98028,-10.10458
18.84899,-0.14934,-0.90845,-10.08857
18.85902,-0.06105,-0.75911,-10.02138
18.86906,-0.05088,-0.58987,-9.97649
18.8791,-0.06749,-0.53555,-9.85034
18.88913,-0.09532,-0.64045,-9.81428
18.89917,-0.10295,-0.79742,-9.80485
18.90921,-0.07108,-0.90217,-9.87354
18.91924,-0.08619,-0.95334,-9.94611
18.92928,-0.20545,-0.95379,-9.95045
18.93932,-0.27488,-0.91339,-9.78555
18.94935,-0.20889,-0.97414,-9.71806
18.95939,-0.07482,-1.05405,-9.75787
18.96943,0.06419,-1.04178,-9.78959
18.97946,0.15787,-0.94975,-9.84331
18.9895,0.13572,-0.81882,-9.81398
18.99954,0.10639,-0.70749,-9.73557
19.00957,0.18854,-0.69791,-9.72465
19.01961,0.30017,-0.77288,-9.85872
19.02965,0.42437,-0.81208,-9.97035
19.03968,0.50009,-0.77886,-10.06627
19.04972,0.51535,-0.67427,-10.16638
19.05976,0.55097,-0.5782,-10.20184
19.06979,0.66828,-0.60753,-10.23551
19.07983,0.77228,-0.69192,-10.26873
19.08987,0.87388,-0.7413,-10.21037
19.0999,0.9303,-0.74325,-10.16009
19.10994,0.86505,-0.7428,-10.09365
19.11998,0.79607,-0.72574,-10.09515
19.13001,0.73218,-0.73188,-10.20289
19.14005,0.71916,-0.78021,-10.32933
19.15009,0.75612,-0.88256,-10.3847
19.16012,0.8275,-0.98596,-10.41687
19.17016,0.93134,-1.02412,-10.52267
19.1802,1.06168,-1.02861,-10.66871
19.19023,1.18543,-1.06467,-10.89332
19.20027,1.25621,-1.05031,-11.09518
19.21031,1.39178,-1.04282,-11.22551
19.22034,1.6089,-0.98087,-11.40672
19.23038,1.80882,-0.81493,-11.75598
19.24042,1.99108,-0.66155,-12.29752
19.25046,2.17379,-0.52463,-12.95772
19.26049,2.2917,-0.42078,-13.6052
19.27053,2.28796,-0.40776,-14.2229
19.28057,2.13997,-0.38592,-14.69905
19.2906,1.87047,-0.38053,-14.83702
19.30064,1.60082,-0.50877,-14.59849
19.31068,1.39298,-0.77093,-14.03855
19.32071,1.26025,-1.07305,-13.25071
19.33075,1.17825,-1.42799,-12.47559
19.34079,1.03893,-1.66427,-11.8296
19.35082,0.95678,-1.73385,-11.3147
19.36086,0.91937,-1.68761,-10.82658
19.3709,0.84276,-1.71724,-10.43498
19.38093,0.85009,-1.9001,-10.17236
19.39097,0.95274,-2.11064,-10.03126
19.40101,1.10462,-2.28347,-9.8894
19.41104,1.23556,-2.42907,-9.67542
19.42108,1.32055,-2.6025,-9.56035
19.43112,1.37622,-2.74316,-9.42433
19.44115,1.38804,-2.9127,-9.15438
19.45119,1.23975,-3.10019,-9.12116
19.46123,1.08547,-3.29397,-9.15812
19.47126,0.90082,-3.50571,-9.02644
19.4813,0.67935,-3.66792,-8.88069
19.49134,0.47046,-3.66867,-8.88309
19.50137,0.44098,-3.46591,-8.96389
19.51141,0.66275,-3.17396,-9.23578
19.52145,0.93987,-2.92063,-9.48358
19.53148,1.07619,-2.73493,-9.57935
19.54152,1.08008,-2.60758,-9.67437
19.55156,1.12363,-2.541,-9.81593
19.56159,1.21281,-2.44972,-9.96362
19.57163,1.24528,-2.28796,-9.97559
19.58167,1.21027,-2.13249,-9.96033
19.5917,1.16987,-2.03402,-9.94896
19.60174,1.04028,-2.03851,-9.79079
19.61178,0.82989,-2.09837,-9.42896
19.62181,0.65616,-2.16316,-8.91092
19.63185,0.56623,-2.26372,-8.50959
19.64189,0.49695,-2.3131,-8.51902
19.65192,0.42093,-2.27225,-8.86348
19.66196,0.32007,-2.12545,-9.13313
19.672,0.17074,-2.04181,-9.17907
19.68203,-0.02978,-2.03343,-8.98484
19.69207,-0.32726,-2.10256,-8.66701
19.70211,-0.6626,-2.20835,-8.39796
19.71215,-0.95424,-2.26058,-8.4243
19.72218,-1.14787,-2.29394,-8.59324
19.73222,-1.23421,-2.25908,-8.71175
19.74226,-1.32564,-2.26327,-8.63843
19.75229,-1.39896,-2.32657,-8.42265
19.76233,-1.46346,-2.44538,-8.15211
19.77237,-1.3828,-2.66819,-8.01489
19.7824,-1.18498,-2.93484,-7.81512
19.79244,-0.99629,-3.10842,-7.4741
19.80248,-0.88556,-3.09929,-7.23453
19.81251,-0.83064,-3.00577,-7.26281
19.82255,-0.75941,-2.92347,-7.48547
19.83259,-0.65721,-2.89893,-7.72205
19.84262,-0.5351,-2.91958,-7.88919
19.85266,-0.42108,-2.91853,-7.93977
19.8627,-0.38577,-2.9929,-7.88785
19.87273,-0.41105,-3.08448,-7.91987
19.88277,-0.44472,-3.2012,-7.98691
19.89281,-0.42467,-3.3465,-8.06442
19.90284,-0.37409,-3.45483,-8.29067
19.91288,-0.29763,-3.54327,-8.62302
19.92292,-0.23703,-3.64861,-8.72701
19.93295,-0.24975,-3.75231,-8.48774
19.94299,-0.2683,-3.78838,-8.06622
19.95303,-0.227,-3.68857,-7.80899
19.96306,-0.16819,-3.53339,-7.84475
19.9731,-0.19812,-3.43299,-7.93259
19.98314,-0.25154,-3.26464,-7.86301
19.99317,-0.27743,-3.00802,-7.89847
20.00321,-0.29868,-2.69557,-8.06921
20.01325,-0.22969,-2.38133,-8.28454
20.02328,-0.04878,-2.03073,-8.50091
20.03332,0.19049,-1.75076,-8.40799
20.04336,0.30751,-1.65215,-8.12742
20.05339,0.27069,-1.66696,-7.92765
20.06343,0.22072,-1.67235,-7.95668
20.07347,0.17119,-1.61878,-8.20209
20.0835,0.15547,-1.65574,-8.40066
20.09354,0.11058,-1.69255,-8.36788
20.10358,0.05462,-1.74747,-8.20313
20.11361,-0.0606,-1.84204,-8.18428
20.12365,-0.21249,-1.93212,-8.42729
20.13369,-0.35419,-2.07996,-8.73105
20.14372,-0.48617,-2.25818,-8.8982
20.15376,-0.52867,-2.38073,-8.90882
20.1638,-0.48019,-2.31489,-8.86274
20.17383,-0.29404,-2.17543,-8.80587
20.18387,-0.08814,-2.106,-8.82952
20.19391,-0.01751,-2.07877,-8.74392
20.20394,-0.09801,-2.08475,-8.55628
20.21398,-0.27129,-2.18351,-8.41412
20.22402,-0.40357,-2.25115,-8.41532
20.23405,-0.44173,-2.24681,-8.50899
20.24409,-0.3919,-2.17917,-8.50226
20.25413,-0.34013,-2.17004,-8.40694
20.26416,-0.29957,-2.15074,-8.23052
20.2742,-0.22146,-2.16795,-8.10377
20.28424,-0.1441,-2.25728,-7.95174
20.29427,-0.13318,-2.31385,-7.80076
20.30431,-0.12869,-2.36038,-7.64753
20.31435,-0.12959,-2.51646,-7.48173
20.32439,-0.21518,-2.71158,-7.2655
20.33442,-0.30586,-2.8271,-7.05377
20.34446,-0.38547,-2.90147,-6.77933
20.3545,-0.56668,-2.93409,-6.4624
20.36453,-0.77931,-2.89025,-6.25665
20.37457,-0.98806,-2.74765,-6.23839
20.38461,-1.14398,-2.51825,-6.28732
20.39464,-1.24633,-2.2492,-6.32354
20.40468,-1.29676,-1.9833,-6.27386
20.41472,-1.3023,-1.72802,-6.03084
20.42475,-1.31831,-1.44894,-5.68219
20.43479,-1.3834,-1.25591,-5.39069
20.44483,-1.46001,-1.12692,-5.13107
20.45486,-1.41393,-1.12842,-4.78571
20.4649,-1.29706,-1.24633,-4.45277
20.47494,-1.12288,-1.44445,-4.24507
20.48497,-0.886,-1.71036,-4.38363
20.49501,-0.76779,-1.93736,-4.47357
20.50505,-0.80505,-2.08281,-4.38348
20.51508,-0.99479,-2.08535,-4.16561
20.52512,-1.17121,-1.96624,-4.10621
20.53516,-1.26848,-1.8597,-4.3546
20.54519,-1.14084,-1.88035,-4.78646
20.55523,-0.7413,-2.07248,-5.14125
20.56527,-0.21278,-2.32806,-5.32231
20.5753,0.38008,-2.3523,-5.59839
20.58534,0.85593,-1.97058,-5.84769
20.59538,1.22987,-1.43966,-6.05269
20.60541,1.61803,-1.00093,-6.59288
20.61545,1.80987,-0.58014,-7.40063
20.62549,1.56282,-0.24122,-8.56675
20.63552,1.01574,-0.2665,-9.65507
20.64556,0.43589,-0.75073,-10.62203
20.6556,0.00509,-1.36859,-11.79982
20.66563,-0.21338,-1.9625,-13.0279
20.67567,-0.08754,-2.37131,-13.91405
20.68571,0.14096,-2.31744,-14.60987
20.69574,0.2481,-1.90025,-15.39053
20.70578,0.37828,-1.41467,-16.13348
20.71582,0.58463,-0.96711,-17.15445
20.72585,0.81732,-0.78216,-18.37714
20.73589,1.09116,-0.73457,-19.63365
20.74593,1.46046,-0.64509,-20.6862
20.75596,1.86448,-0.42751,-21.41913
20.766,1.91372,-0.20216,-21.87702
20.77604,1.5082,-0.05342,-21.90201
20.78607,0.90202,-0.05118,-21.60348
20.79611,0.29658,-0.22984,-21.24614
20.80615,-0.23239,-0.53705,-20.86083
20.81619,-0.52657,-0.94601,-20.46953
20.82622,-0.63491,-1.37622,-19.9422
20.83626,-0.70479,-1.71919,-19.2226
20.8463,-0.73607,-1.88977,-18.53022
20.85633,-0.69926,-1.80598,-18.15852
20.86637,-0.57581,-1.53618,-17.97671
20.87641,-0.38592,-1.20488,-17.7138
20.88644,-0.23284,-0.93209,-17.49638
20.89648,-0.11956,-0.78889,-17.09939
20.90652,0.019,-0.84231,-16.33698
20.91655,0.145,-0.9505,-15.40714
20.92659,0.20336,-0.99494,-14.40875
20.93663,0.21054,-1.034,-13.61777
20.94666,0.11806,-1.12363,-13.12337
20.9567,-0.00584,-1.21042,-12.56402
20.96674,-0.01302,-1.36664,-11.95619
20.97677,0.07377,-1.45702,-11.44683
20.98681,0.15443,-1.49907,-10.93282
20.99685,0.25723,-1.66262,-10.35687
21.00688,0.49635,-1.89696,-9.82326
21.01692,0.67247,-2.11243,-9.53296
21.02696,0.66693,-2.16137,-9.26182
21.03699,0.577,-2.0445,-8.86304
21.04703,0.45894,-2.02909,-8.25551
21.05707,0.3527,-2.37909,-7.25249
21.0671,0.27129,-2.81827,-6.15145
21.07714,0.09547,-3.01056,-5.48227
21.08718,-0.16475,-2.97435,-5.47449
21.09721,-0.3696,-2.70141,-5.89497
21.10725,-0.51386,-2.39525,-6.37741
21.11729,-0.56084,-2.15134,-6.48245
21.12732,-0.43515,-1.88768,-6.21101
21.13736,-0.28147,-1.66442,-5.86744
21.1474,-0.17283,-1.46361,-5.36241
21.15743,-0.07018,-1.26713,-4.63757
21.16747,0.09053,-1.14413,-3.9645
21.17751,0.39085,-1.17226,-3.52187
21.18755,0.69432,-1.18333,-3.28095
21.19758,0.77452,-1.18289,-3.23292
21.20762,0.77063,-1.17091,-3.41129
21.21766,0.79323,-1.17136,-3.59385
21.22769,0.84934,-1.17929,-3.6353
21.23773,0.77348,-1.20832,-3.64338
21.24777,0.60304,-1.27357,-3.64308
21.2578,0.44697,-1.4847,-3.66448
21.26784,0.3307,-1.72517,-3.72014
21.27788,0.20979,-1.88469,-3.74498
21.28791,0.08784,-1.89232,-3.66762
21.29795,0.01033,-1.88798,-3.79421
21.30799,0.08918,-1.95531,-4.08062
21.31802,0.26097,-2.0629,-4.28727
21.32806,0.48453,-2.15987,-4.13748
21.3381,0.68055,-2.37325,-3.67046
21.34813,0.74235,-2.58978,-3.06114
21.35817,0.6403,-2.7237,-2.44179
21.36821,0.35539,-2.77907,-2.2507
21.37824,0.00524,-2.65053,-2.74061
21.38828,-0.34551,-2.43715,-3.5708
21.39832,-0.66155,-2.24621,-4.39785
21.40835,-0.91144,-2.13817,-5.22744
21.41839,-1.07964,-2.0638,-6.18497
21.42843,-1.14428,-1.98225,-6.72412
21.43846,-1.12662,-1.93018,-6.92313
21.4485,-1.15266,-1.87182,-6.8751
21.45854,-1.1151,-1.77141,-6.59243
21.46857,-1.02128,-1.55803,-6.27041
21.47861,-0.81927,-1.24917,-6.10387
21.48865,-0.69641,-0.91309,-6.22522
21.49868,-0.57865,-0.76001,-6.4814
21.50872,-0.42781,-0.81971,-6.85819
21.51876,-0.36152,-0.90231,-7.38192
21.52879,-0.39011,-0.97474,-7.87154
21.53883,-0.49425,-0.99898,-8.34948
21.54887,-0.51849,-1.04612,-8.92259
21.5589,-0.43889,-1.198,-9.25269
21.56894,-0.39385,-1.36634,-9.26317
21.57898,-0.2671,-1.47677,-9.13792
21.58901,-0.16116,-1.5293,-9.30282
21.59905,-0.41779,-1.76004,-10.03455
21.60909,-0.87583,-2.13174,-11.20576
21.61912,-1.16209,-2.55701,-12.74344
21.62916,-1.13306,-2.80286,-13.90717
21.6392,-0.9101,-2.72954,-14.44796
21.64923,-0.52478,-2.65337,-14.85093
21.65927,-0.02559,-2.61163,-14.95987
21.66931,0.51625,-2.46438,-14.62004
21.67934,0.95349,-2.14251,-14.13582
21.68938,1.25516,-1.65993,-14.02478
21.69942,1.46959,-1.27132,-14.24161
21.70945,1.73146,-0.95753,-14.58937
21.71949,2.06874,-0.69477,-14.98725
21.72953,2.47456,-0.42527,-15.10996
21.73956,2.88995,-0.04923,-15.02152
21.7496,3.10124,0.33324,-14.88311
21.75964,3.15421,0.67995,-14.69262
21.76968,3.11411,0.90172,-14.43898
21.77971,2.98347,1.01305,-14.18041
21.78975,2.90596,0.8881,-14.02359
21.79979,2.87394,0.56069,-13.98049
21.80982,2.84192,0.26217,-13.96882
21.81986,2.8286,0.14305,-13.9157
21.8299,2.77518,0.15727,-13.78656
21.83993,2.67283,0.24331,-13.7104
21.84997,2.54638,0.33773,-13.85914
21.86001,2.4156,0.32711,-14.01012
21.87004,2.26237,0.21278,-14.02897
21.88008,2.13593,0.08215,-14.00862
21.89011,2.01966,0.06404,-13.94832
21.90015,1.8799,0.04729,-13.99052
21.91019,1.77186,0.01227,-14.11127
21.92023,1.64796,-0.06494,-14.19911
21.93026,1.42365,-0.11432,-14.25134
21.9403,1.20892,-0.17822,-14.16395
21.95034,1.12931,-0.29494,-13.92318
21.96037,1.116,-0.37469,-13.6257
21.97041,1.19037,-0.3937,-13.44314
21.98045,1.28554,-0.35958,-13.24248
21.99048,1.41063,-0.28132,-13.008
22.00052,1.38549,-0.2484,-12.8835
22.01056,1.27835,-0.27982,-12.66173
22.02059,1.19815,-0.35015,-12.43369
22.03063,1.11211,-0.36467,-12.27971
22.04067,0.99105,-0.38053,-12.2031
22.0507,0.84111,-0.46971,-12.39119
22.06074,0.78919,-0.55171,-12.83816
22.07078,0.74924,-0.57117,-13.027
22.08081,0.63282,-0.51909,-12.70842
22.09085,0.3524,-0.69417,-12.05346
22.10089,0.07916,-1.05943,-11.21115
22.11092,-0.14171,-1.46286,-10.43722
22.12096,-0.3726,-1.66307,-10.04981
22.131,-0.55201,-1.67534,-9.97634
22.14103,-0.52268,-1.5703,-10.01599
22.15107,-0.30002,-1.37263,-10.11161
22.16111,-0.19019,-1.13994,-10.13944
22.17114,-0.09936,-0.99255,-10.12717
22.18118,-0.04145,-1.03175,-9.95314
22.19122,0.01287,-1.15101,-9.56513
22.20125,-0.00224,-1.24932,-9.22336
22.21129,-0.05088,-1.29975,-8.94399
22.22133,-0.14036,-1.30843,-8.54969
22.23136,-0.27728,-1.33402,-8.2787
22.2414,-0.43949,-1.44969,-8.41921
22.25144,-0.5975,-1.61983,-8.4837
22.26147,-0.74983,-1.78622,-8.27676
22.27151,-0.80026,-1.89785,-8.08477
22.28155,-0.51655,-1.88109,-8.05514
22.29158,-0.09173,-1.72427,-7.98017
22.30162,0.29703,-1.49653,-7.77203
22.31166,0.67831,-1.20024,-7.55894
22.32169,1.08188,-0.91593,-7.32671
22.33173,1.37726,-0.8459,-7.04434
22.34177,1.45104,-0.90217,-6.69
22.3518,1.39492,-1.0717,-6.48889
22.36184,1.37038,-1.37517,-6.27864
22.37188,1.31741,-1.70033,-5.7591
22.38191,1.12273,-1.98988,-5.29867
22.39195,0.93883,-2.27973,-5.11132
22.40199,0.85099,-2.49147,-5.04159
22.41203,0.88466,-2.52528,-5.08109
22.42206,0.99599,-2.48847,-5.24031
22.4321,1.08457,-2.49551,-5.65555
22.44213,0.97624,-2.56015,-5.76943
22.45217,0.63297,-2.81364,-5.44412
22.46221,0.42362,-3.14463,-5.32785
22.47225,0.31559,-3.39842,-5.59959
22.48228,0.17014,-3.55045,-5.83228
22.49232,0.05581,-3.56796,-5.97293
22.50235,-0.00284,-3.54342,-5.9864
22.51239,0.05372,-3.44451,-6.05194
22.52243,0.15667,-3.28784,-6.30782
22.53246,0.20096,-3.13805,-6.53991
22.5425,0.09726,-3.05799,-6.87929
22.55254,-0.03995,-3.11022,-7.36965
22.56257,-0.17074,-3.14823,-7.71187
22.57261,-0.17328,-3.12174,-7.86001
22.58328,-0.17328,-3.12174,-7.86001
22.59331,0.03412,-2.9932,-7.94396
22.60335,0.34985,-2.82426,-7.8672
22.61339,0.50099,-2.68016,-7.8256
22.62342,0.5179,-2.55267,-7.83473
22.63346,0.50473,-2.49925,-7.81677
22.6435,0.40208,-2.51271,-7.78983
22.65353,0.33459,-2.66415,-7.83113
22.66357,0.29838,-2.85748,-7.85702
22.67361,0.11881,-2.96013,-7.94995
22.68364,-0.18555,-3.0535,-8.12038
22.69368,-0.50847,-3.16513,-8.26793
22.70372,-0.74549,-3.36056,-8.39168
22.71375,-0.97923,-3.56586,-8.43911
22.72379,-1.18872,-3.67256,-8.56092
22.73383,-1.40016,-3.6353,-8.92783
22.74386,-1.51628,-3.58981,-9.2708
22.7539,-1.60546,-3.58427,-9.50289
22.76394,-1.78473,-3.58756,-9.68051
22.77397,-1.93841,-3.62422,-9.82281
22.78401,-1.94798,-3.64936,-9.8692
22.79405,-1.80268,-3.58068,-9.89793
22.80408,-1.71769,-3.40111,-10.04577
22.81412,-1.64527,-3.12713,-10.27232
22.82416,-1.55698,-2.87334,-10.41014
22.83419,-1.529,-2.79523,-10.41568
22.84423,-1.53154,-2.78625,-10.28938
22.85427,-1.54471,-2.76949,-10.20783
22.8643,-1.47767,-2.68839,-10.21591
22.87434,-1.42171,-2.59995,-10.18359
22.88438,-1.48007,-2.5823,-10.16294
22.89441,-1.50835,-2.61282,-10.1149
22.90445,-1.46959,-2.62674,-9.96557
22.91449,-1.40255,-2.55611,-9.74246
22.92452,-1.26997,-2.45585,-9.59416
22.93456,-1.07455,-2.38388,-9.4538
22.9446,-0.83378,-2.27359,-9.30237
22.95463,-0.62938,-2.17768,-9.19523
22.96467,-0.48228,-2.06036,-9.12101
22.97471,-0.37724,-1.90444,-8.92154
22.98474,-0.24196,-1.79101,-8.72028
22.99478,-0.05058,-1.70722,-8.52605
23.00482,0.21189,-1.61504,-8.37013
23.01486,0.55935,-1.611,-8.31716
23.02489,0.93748,-1.69076,-8.16737
23.03493,1.09295,-1.67714,-7.8464
23.04497,0.9514,-1.59753,-7.59905
23.055,0.65062,-1.57898,-7.50373
23.06504,0.38846,-1.64123,-7.63077
23.07508,0.11387,-1.76318,-7.93977
23.08511,-0.1634,-1.90788,-8.38315
23.09515,-0.4549,-1.91761,-8.86992
23.10519,-0.68579,-1.88558,-9.17249
23.11522,-0.74325,-1.88888,-9.22665
23.12526,-0.5984,-2.09642,-8.90044
23.1353,-0.49276,-2.4783,-8.14642
23.14533,-0.61441,-2.98901,-7.27553
23.15537,-0.97504,-3.49688,-6.69673
23.16541,-1.33806,-3.79915,-6.58196
23.17544,-1.47288,-3.65849,-6.75629
23.18548,-1.40435,-3.22379,-7.11242
23.19552,-0.92311,-2.78535,-7.68988
23.20555,-0.24945,-2.54563,-8.37267
23.21559,0.27863,-2.3321,-8.86049
23.22563,0.62549,-2.05692,-8.9169
23.23566,0.77767,-1.77201,-8.55718
23.2457,0.61681,-1.47004,-8.03973
23.25636,0.08395,-0.93494,-8.04482
23.2664,-0.07826,-0.84066,-8.40709
23.27644,-0.34387,-0.867,-8.90434
23.28647,-0.60917,-1.09879,-9.47775
23.29651,-0.65721,-1.5275,-9.74141
23.30655,-0.52224,-1.93751,-9.53551
23.31658,-0.23942,-2.06874,-9.18101
23.32662,0.09427,-1.87421,-8.84298
23.33666,0.18151,-1.61579,-8.56286
23.34669,-0.06225,-1.50476,-8.36594
23.35673,-0.50892,-1.49997,-8.32434
23.36677,-0.78694,-1.48156,-8.65369
23.3768,-0.81762,-1.49264,-9.07672
23.38684,-0.66918,-1.58975,-9.52174
23.39688,-0.45116,-1.73759,-9.67602
23.40691,-0.28401,-1.92,-9.33843
23.41695,-0.2264,-2.0834,-8.76667
23.42699,-0.32486,-2.22047,-8.38898
23.43702,-0.57521,-2.23783,-8.42115
23.44706,-0.70524,-2.18606,-8.86917
23.4571,-0.79398,-2.16152,-9.48373
23.46713,-0.81358,-2.15703,-9.94102
23.47717,-0.69806,-2.17109,-10.04098
23.48721,-0.56683,-2.21194,-9.75009
23.49724,-0.55261,-2.25414,-9.24177
23.50728,-0.71706,-2.19159,-8.81395
23.51732,-0.8462,-2.11273,-8.60207
23.52735,-0.95574,-2.10944,-8.89685
23.53739,-1.07515,-2.21045,-9.663
23.54743,-1.05794,-2.28182,-10.49693
23.55746,-1.03819,-2.20252,-10.90933
23.5675,-1.02502,-2.0041,-10.94075
23.57754,-0.97249,-1.72203,-10.76852
23.58757,-0.92715,-1.58302,-10.50276
23.59761,-1.14353,-1.58062,-10.22564
23.60765,-1.46824,-1.86463,-10.10114
23.61768,-1.92284,-2.38552,-10.27546
23.62772,-2.26686,-2.83698,-10.57938
23.63776,-2.30936,-3.20494,-10.84513
23.64779,-2.13278,-3.40515,-10.97158
23.65783,-1.84997,-3.37074,-10.89706
23.66787,-1.59199,-3.15975,-10.72602
23.6779,-1.50206,-2.89264,-10.6343
23.68794,-1.73879,-2.77204,-10.53972
23.69798,-2.04899,-2.81962,-10.55469
23.70802,-2.16526,-2.82381,-10.55574
23.71805,-2.05437,-2.79643,-10.53449
23.72809,-1.81645,-2.7249,-10.44545
23.73812,-1.39672,-2.63961,-10.3835
23.74816,-0.97489,-2.5603,-10.39278
23.7582,-0.70779,-2.46378,-10.43842
23.76824,-0.65781,-2.29679,-10.19286
23.77827,-0.7633,-2.29514,-10.10742
23.78831,-0.81747,-2.44657,-10.09844
23.79835,-0.84575,-2.46767,-9.60404
23.80838,-0.84815,-2.55386,-9.21483
23.81842,-0.81298,-2.65652,-8.90553
23.82845,-0.7006,-2.77398,-8.74003
23.83849,-0.69297,-2.85703,-8.81066
23.84853,-0.70973,-2.85793,-9.10006
23.85857,-0.61366,-2.77952,-9.4131
23.8686,-0.39415,-2.60579,-9.69607
23.87864,-0.15966,-2.34288,-10.08243
23.88868,0.0223,-1.95771,-10.51773
23.89871,0.09472,-1.60501,-10.94045
23.90875,0.0012,-1.41617,-11.22716
23.91879,-0.19453,-1.37083,-11.17045
23.92882,-0.32157,-1.45957,-11.03802
23.93886,-0.44412,-1.58915,-11.00779
23.9489,-0.64389,-1.71305,-10.8794
23.95893,-0.82555,-1.95307,-10.8194
23.96897,-0.91429,-2.21823,-10.84484
23.97901,-0.91204,-2.42877,-10.90634
23.98904,-0.85727,-2.59921,-10.93851
23.99908,-0.78425,-2.74001,-10.85681
24.00912,-0.60768,-2.74555,-10.66647
24.01915,-0.37769,-2.53262,-10.52356
24.02919,-0.18046,-2.2498,-10.61589
24.03923,-0.11283,-2.0038,-10.82658
24.04926,-0.17089,-1.81989,-11.07647
24.0593,-0.27369,-1.71904,-11.28776
24.06934,-0.34043,-1.73819,-11.4175
24.07937,-0.32157,-1.82064,-11.38757
24.08941,-0.27399,-1.87286,-11.25619
24.09945,-0.25214,-1.93047,-11.15818
24.10948,-0.25049,-1.94708,-11.02186
24.11952,-0.16131,-1.94155,-10.82269
24.12956,-0.08021,-1.94454,-10.52476
24.13959,0.0012,-1.95322,-10.2614
24.14963,0.02753,-2.00589,-10.06163
24.15967,0.00284,-2.08325,-9.95913
24.1697,-0.07991,-2.09328,-9.9307
24.17974,-0.17268,-2.07996,-9.9913
24.18978,-0.25902,-2.07158,-10.12104
24.19981,-0.23538,-2.07727,-10.19092
24.20985,-0.13931,-2.04749,-10.20469
24.21989,-0.05596,-2.0026,-10.1592
24.22992,-0.00015,-1.94783,-10.02617
24.23996,0.08155,-1.89531,-9.81129
24.25,0.1426,-1.80238,-9.66719
24.26003,0.16984,-1.72338,-9.67198
24.27007,0.13916,-1.67385,-9.68425
24.28011,0.13273,-1.68282,-9.71537
24.29014,0.13048,-1.69869,-9.71791
24.30018,0.14575,-1.69509,-9.69203
24.31022,0.19109,-1.65604,-9.70265
24.32025,0.23074,-1.59618,-9.73168
24.33029,0.2469,-1.4883,-9.74545
24.34033,0.20785,-1.45912,-9.76475
24.35036,0.17942,-1.47677,-9.70415
24.3604,0.20575,-1.51134,-9.5379
24.37044,0.18869,-1.58242,-9.38841
24.38047,0.17104,-1.61998,-9.351
24.39051,0.17403,-1.67489,-9.373
24.40055,0.15398,-1.69315,-9.4351
24.41058,0.11028,-1.71634,-9.51441
24.42062,0.0639,-1.70692,-9.61227
24.43066,0.04175,-1.68028,-9.69382
24.4407,0.05596,-1.69495,-9.73662
24.45073,0.11073,-1.71006,-9.72196
24.46077,0.16984,-1.68432,-9.70879
24.4708,0.21772,-1.62566,-9.77193
24.48084,0.24765,-1.54875,-9.78675
24.49088,0.26052,-1.51463,-9.79842
24.50092,0.25857,-1.50281,-9.79049
24.51095,0.24092,-1.5266,-9.78121
24.52099,0.20785,-1.53962,-9.79947
24.53102,0.16101,-1.56955,-9.81997
24.54106,0.07347,-1.62207,-9.78705
24.5511,0.02274,-1.68103,-9.69128
24.56114,0.00838,-1.76183,-9.64295
24.57117,-0.01526,-1.84084,-9.64714
24.58121,-0.05207,-1.8362,-9.70265
24.59125,-0.07961,-1.78578,-9.67063
24.60128,-0.12136,-1.76153,-9.5581
24.61132,-0.1655,-1.76647,-9.50064
24.62136,-0.16415,-1.80807,-9.51097
24.63139,-0.13467,-1.81466,-9.50169
24.64143,-0.12061,-1.81032,-9.51037
24.65147,-0.12644,-1.81091,-9.53236
24.6615,-0.13901,-1.78862,-9.4978
24.67154,-0.12839,-1.75256,-9.51142
24.68158,-0.05596,-1.6939,-9.49885
24.69161,0.02963,-1.66232,-9.48613
24.70165,0.04265,-1.6535,-9.58264
24.71169,-0.0214,-1.65559,-9.6431
24.72172,-0.03906,-1.66292,-9.61332
24.73176,-0.0,-1.70961,-9.52758
24.7418,0.07153,-1.71096,-9.47984
24.75183,0.12974,-1.67594,-9.5192
24.76187,0.11881,-1.60232,-9.6003
24.77191,0.06404,-1.54381,-9.61332
24.78194,0.06913,-1.53618,-9.58983
24.79198,0.15727,-1.56686,-9.54568
24.80202,0.23912,-1.61279,-9.50633
24.81205,0.25184,-1.62058,-9.51306
24.82209,0.21219,-1.62028,-9.53266
24.83213,0.14021,-1.60217,-9.58878
24.84216,0.12944,-1.57359,-9.64983
24.8522,0.19468,-1.58751,-9.68739
24.86224,0.22251,-1.55758,-9.75173
24.87227,0.23807,-1.5688,-9.63337
24.88231,0.18645,-1.53199,-9.59431
24.89235,0.14171,-1.49772,-9.65776
24.90238,0.12465,-1.50251,-9.72046
24.91242,0.1652,-1.54366,-9.77657
24.92246,0.2053,-1.58242,-9.7661
24.93249,0.22805,-1.56371,-9.73213
24.94253,0.24376,-1.50042,-9.71896
24.95257,0.26576,-1.46316,-9.71762
24.9626,0.31469,-1.45418,-9.70445
24.97264,0.30376,-1.46405,-9.65656
24.98268,0.3114,-1.51987,-9.61242
24.99272,0.26486,-1.52331,-9.61541
25.00275,0.25019,-1.55848,-9.61107
25.01279,0.2457,-1.61264,-9.52997
25.02283,0.18914,-1.64586,-9.53566
25.03286,0.17163,-1.62327,-9.59416
25.0429,0.1432,-1.60082,-9.69457
25.05294,0.12659,-1.59529,-9.75413
25.06297,0.1245,-1.57673,-9.79169
25.07301,0.11298,-1.54276,-9.79378
25.08305,0.16595,-1.52107,-9.79124
25.09308,0.19139,-1.50969,-9.76236
25.10312,0.16909,-1.51538,-9.8276
25.11316,0.15517,-1.52975,-9.85214
25.12319,0.08006,-1.51792,-9.8077
25.13323,0.06045,-1.51388,-9.75293
25.14327,0.09292,-1.5272,-9.71223
25.1533,0.1649,-1.53438,-9.70116
25.16334,0.19647,-1.5076,-9.7034
25.17338,0.12749,-1.50506,-9.70879
25.18341,0.05911,-1.5281,-9.72315
25.19345,0.04953,-1.53438,-9.74575
25.20349,0.10071,-1.54351,-9.80411
25.21352,0.18331,-1.50939,-9.85708
25.22356,0.18061,-1.41976,-9.82625
25.2336,0.19049,-1.41916,-9.71791
25.24363,0.25902,-1.44206,-9.64669
25.25367,0.30361,-1.49952,-9.57396
25.26371,0.33848,-1.54815,-9.49989
25.27374,0.3114,-1.57793,-9.49436
25.28378,0.24511,-1.59334,-9.51979
25.29382,0.14335,-1.61803,-9.56439
25.30385,0.04878,-1.6095,-9.60299
25.31389,0.07108,-1.63973,-9.57202
25.32393,0.17552,-1.6716,-9.51276
25.33396,0.21802,-1.68417,-9.49017
25.344,0.19692,-1.65589,-9.52099
25.35404,0.15757,-1.6122,-9.59012
25.36407,0.09532,-1.59783,-9.68784
25.37411,0.05731,-1.61339,-9.72809
25.38415,0.08484,-1.67504,-9.65686
25.39418,0.11178,-1.73026,-9.60778
25.40422,0.15024,-1.70692,-9.66
25.41426,0.22865,-1.60606,-9.69412
25.42429,0.28132,-1.51957,-9.76625
25.43433,0.34342,-1.51837,-9.83074
25.44437,0.29359,-1.54127,-9.82371
25.4544,0.25154,-1.56132,-9.77493
25.46444,0.23164,-1.60307,-9.75817
25.47448,0.25394,-1.64467,-9.66659
25.48451,0.25528,-1.65978,-9.57815
25.49455,0.25408,-1.65215,-9.5397
25.50459,0.27743,-1.59873,-9.50109
25.51462,0.23792,-1.56177,-9.42103
25.52466,0.24166,-1.61175,-9.3926
25.5347,0.28162,-1.64063,-9.42029
25.54474,0.27728,-1.64152,-9.48283
25.55477,0.26082,-1.55773,-9.56065
25.56481,0.28012,-1.51059,-9.62275
25.57485,0.31648,-1.48216,-9.66165
25.58488,0.36317,-1.47393,-9.6419
25.59492,0.38487,-1.46495,-9.58384
25.60496,0.36108,-1.47722,-9.5777
25.61499,0.33968,-1.51523,-9.60254
25.62503,0.26142,-1.54321,-9.65596
25.63507,0.22715,-1.57494,-9.61661
25.6451,0.31274,-1.58152,-9.55361
25.65514,0.37709,-1.58032,-9.50723
25.66518,0.39789,-1.53932,-9.47371
25.67521,0.40013,-1.44101,-9.50977
25.68525,0.37155,-1.33941,-9.70564
25.69529,0.34701,-1.31142,-9.84047
25.70532,0.3913,-1.38325,-9.92561
25.71536,0.41046,-1.46001,-9.92651
25.7254,0.38322,-1.47767,-9.87608
25.73543,0.34132,-1.50326,-9.83314
25.74547,0.31499,-1.51059,-9.79169
25.75551,0.36317,-1.45702,-9.74096
25.76554,0.42318,-1.48979,-9.8044
25.77558,0.46268,-1.48171,-9.84167
25.78562,0.46133,-1.47094,-9.83358
25.79565,0.4344,-1.45463,-9.86935
25.80569,0.36108,-1.45119,-9.91544
25.81573,0.30421,-1.46809,-9.86606
25.82576,0.32187,-1.55668,-9.82042
25.8358,0.34566,-1.64497,-9.80934
25.84584,0.3702,-1.68761,-9.74201
25.85587,0.38068,-1.66367,-9.68425
25.86591,0.41285,-1.64931,-9.80351
25.87595,0.4353,-1.60292,-9.97499
25.88598,0.52837,-1.55743,-10.06178
25.89602,0.67561,-1.61908,-10.14977
25.90606,0.76031,-1.72906,-10.22204
25.91609,0.90621,-1.93556,-10.34939
25.92613,1.23975,-2.13428,-10.60317
25.93617,1.61459,-2.28272,-10.89107
25.9462,1.90234,-2.46528,-11.19559
25.95624,2.15822,-2.56898,-11.50474
25.96628,2.36547,-2.50463,-11.90352
25.97631,2.3315,-2.39899,-12.35019
25.98635,2.25294,-2.34662,-12.64917
25.99639,2.17513,-2.04106,-13.13564
26.00642,2.00365,-1.8588,-13.73209
26.01646,1.76408,-1.65469,-14.24774
26.0265,1.52017,-1.61743,-14.54777
26.03653,1.32325,-1.66801,-14.69127
26.04657,1.15849,-1.81106,-14.58667
26.05661,1.00781,-1.92778,-14.29907
26.06665,0.98521,-1.97956,-13.93904
26.07668,1.01993,-2.02968,-13.59832
26.08672,1.0726,-2.05467,-13.32732
26.09676,1.03863,-2.15104,-13.15554
26.10679,0.92222,-2.2109,-12.80629
26.11683,0.83483,-2.21105,-12.34016
26.12687,0.81163,-2.16226,-11.98477
26.1369,0.94017,-2.13009,-11.71019
26.14694,1.13545,-2.20267,-11.58375
26.15698,1.30933,-2.27958,-11.48708
26.16701,1.43024,-2.31849,-11.16895
26.17705,1.47109,-2.37969,-10.58746
26.18709,1.50311,-2.43849,-9.82131
26.19712,1.52122,-2.54489,-9.09004
26.20716,1.43487,-2.70874,-8.67255
26.2172,1.29796,-2.89923,-8.66641
26.22723,1.13455,-3.18279,-9.04859
26.23727,1.04342,-3.40874,-9.26017
26.24731,0.95214,-3.4478,-9.13448
26.25734,0.85653,-3.30983,-8.8382
26.26738,1.03893,-3.04094,-8.64516
26.27742,1.43128,-2.74615,-8.99771
26.28745,1.78428,-2.37415,-9.65746
26.29749,1.97926,-1.9592,-10.05624
26.30753,2.0457,-1.58137,-9.9732
26.31756,2.0653,-1.35437,-9.74395
26.3276,2.04046,-1.30858,-9.52054
26.33764,2.04674,-1.41303,-9.30162
26.34767,1.94708,-1.57015,-9.0013
26.35771,1.72936,-1.70677,-8.26823
26.36775,1.47213,-1.83336,-7.34721
26.37778,1.16418,-2.00993,-6.82722
26.38782,0.9276,-2.28616,-6.99316
26.39786,0.79487,-2.60923,-7.53126
26.40789,0.82151,-2.78116,-7.95863
26.41793,0.93179,-2.7864,-8.033
26.42797,1.13126,-2.70694,-7.77517
26.438,1.28314,-2.54997,-7.39285
26.44804,1.36694,-2.36906,-6.81764
26.45808,1.22867,-2.4373,-6.10402
26.46811,0.79517,-2.86601,-5.68787
26.47815,0.26501,-3.51708,-6.05045
26.48819,-0.21084,-4.09558,-6.80716
26.49822,-0.50129,-4.3971,-7.68419
26.50826,-0.54737,-3.98021,-8.58112
26.5183,-0.44023,-3.08388,-9.38048
26.52833,-0.29374,-2.15792,-9.79034
26.53837,-0.2909,-1.22867,-9.73827
26.54841,-0.353,-0.48722,-9.66644
26.55844,-0.38696,-0.09846,-9.72659
26.56848,-0.46657,-0.14425,-9.59297
26.57915,-0.78485,-0.59705,-9.36148
26.58918,-1.14757,-1.34539,-9.23264
26.59922,-1.41063,-1.93586,-9.10994
26.60926,-1.60426,-2.09672,-8.64965
26.61929,-1.79775,-2.19324,-8.06831
26.62933,-2.07862,-2.30292,-7.54578
26.63937,-2.30831,-2.48668,-7.06589
26.6494,-2.37116,-2.79014,-6.63074
26.65944,-2.24651,-3.07326,-6.31291
26.66948,-1.99242,-3.24444,-6.22732
26.67951,-1.78443,-3.23127,-6.68147
26.68955,-1.59828,-3.02896,-7.26266
26.69959,-1.44355,-2.73508,-7.56687
26.70962,-1.42994,-2.39136,-7.52827
26.71966,-1.51164,-2.1271,-7.31414
26.7297,-1.61833,-2.05437,-7.17542
26.73973,-1.80029,-2.10226,-7.12649
26.74977,-1.94364,-2.34916,-7.03237
26.75981,-1.88648,-2.56733,-6.94348
26.76984,-1.77171,-2.6414,-6.84502
26.77988,-1.64407,-2.57511,-6.79654
26.78992,-1.51104,-2.45151,-6.80417
26.79995,-1.39896,-2.30831,-6.75614
26.80999,-1.27297,-2.15822,-6.56819
26.82003,-1.14877,-1.99572,-6.33311
26.83006,-1.00676,-1.75719,-6.22418
26.8401,-0.82495,-1.466,-6.36633
26.85014,-0.58808,-1.14159,-6.5845
26.86017,-0.37275,-0.89169,-6.7491
26.87021,-0.28027,-0.73337,-6.68162
26.88025,-0.28536,-0.67561,-6.43442
26.89028,-0.35539,-0.83363,-6.13005
26.90032,-0.40312,-1.08382,-5.70778
26.91036,-0.45535,-1.29751,-5.29313
26.92039,-0.44712,-1.50251,-5.02977
26.93043,-0.42228,-1.62686,-5.15651
26.94047,-0.41719,-1.60935,-5.44067
26.9505,-0.46627,-1.53304,-5.79726
26.96054,-0.74325,-1.51643,-5.98281
26.97058,-1.17002,-1.60202,-6.13589
26.98061,-1.52002,-1.74029,-6.34284
26.99065,-1.69824,-1.82872,-6.48484
27.00069,-1.80388,-1.91566,-6.45237
27.01072,-1.85685,-2.02834,-6.33266
27.02076,-2.08954,-2.20147,-6.28403
27.0308,-2.37669,-2.44792,-6.41526
27.04083,-2.47785,-2.69482,-6.79205
27.05087,-2.45166,-2.84865,-7.16899
27.06091,-2.3532,-2.83429,-7.21238
27.07094,-2.11647,-2.64649,-6.89261
27.08098,-1.76602,-2.39166,-6.3979
27.09102,-1.30275,-2.26776,-5.87462
27.10105,-0.84351,-2.24322,-5.42137
27.11109,-0.57132,-1.93721,-5.40491
27.12113,-0.35314,-1.53857,-5.9053
27.13117,-0.11028,-1.07889,-6.61742
27.1412,0.0621,-0.75013,-7.50627
27.15124,0.37484,-0.73382,-8.45378
27.16127,0.70823,-0.73487,-9.11488
27.17131,1.01679,-0.69297,-9.57935
27.18135,1.24723,-0.53929,-9.76236
27.19138,1.49832,-0.24645,-9.86082
27.20142,1.66562,0.08514,-9.96123
27.21146,1.64227,0.45894,-10.10682
27.2215,1.5085,0.78979,-10.29686
27.23153,1.29556,1.01409,-10.53583
27.24157,1.05988,1.05495,-10.91232
27.25161,0.81298,0.80475,-12.15835
27.26227,0.81298,0.80475,-12.15835
27.27231,0.78515,0.77452,-12.95727
27.28234,0.77228,0.79547,-13.6673
27.29238,0.82705,0.80011,-14.07865
27.30242,0.88346,0.82959,-14.33618
27.31245,0.94511,0.85114,-14.58637
27.32249,0.89962,0.89962,-14.84615
27.33253,0.69312,0.87074,-15.29341
27.34256,0.52029,0.78036,-15.90558
27.3526,0.34058,0.64643,-16.64823
27.36264,-0.12001,0.47166,-17.42246
27.37267,-0.87358,0.35763,-17.97597
27.38271,-1.56491,0.33444,-18.37355
27.39275,-1.95816,0.29883,-18.87873
27.40278,-2.14805,0.30317,-19.40007
27.41282,-2.25429,0.38951,-19.68273
27.42286,-2.48383,0.41554,-19.78838
27.43289,-2.84117,0.35359,-19.74543
27.44293,-3.077,0.27129,-19.41698
27.45297,-3.12593,0.23673,-18.8708
27.463,-2.9733,0.28147,-18.13787
27.47304,-2.68106,0.34491,-17.34001
27.48308,-2.38986,0.39205,-16.56473
27.49311,-2.25549,0.34955,-15.90857
27.50315,-2.32447,0.24122,-15.38753
27.51319,-2.39944,0.09936,-14.85363
27.52322,-2.31923,0.01437,-14.28949
27.53326,-2.09193,0.00673,-13.96972
27.5433,-1.74567,0.07557,-14.11651
27.55333,-1.54291,0.26112,-14.62124
27.56337,-1.65784,0.33639,-15.17101
27.57341,-1.95217,-0.0015,-14.93533
27.58344,-2.09582,-0.79278,-13.4195
27.59348,-1.97596,-1.95666,-11.05897
27.60352,-1.61205,-3.27213,-8.8358
27.61355,-1.17181,-4.20781,-7.66219
27.62359,-0.97414,-4.24567,-7.68329
27.63363,-1.07111,-3.41578,-8.45273
27.64366,-1.16388,-2.27105,-10.03185
27.6537,-1.12363,-1.26489,-11.82825
27.66374,-0.94032,-0.62863,-12.94994
27.67377,-0.79143,-0.24735,-13.12367
27.68381,-0.7624,-0.07198,-12.36845
27.69385,-0.78994,-0.1646,-10.98145
27.70388,-0.84351,-0.48902,-9.19179
27.71392,-0.91803,-0.95948,-7.56463
27.72396,-0.96382,-1.37053,-6.63269
27.73399,-0.89289,-1.47423,-6.3379
27.74403,-0.64943,-1.29182,-6.58001
27.75407,-0.33624,-0.90935,-7.00319
27.7641,-0.13557,-0.53451,-7.23632
27.77414,-0.13078,-0.18256,-7.34137
27.78418,-0.17104,0.03681,-7.61162
27.79421,-0.16894,0.1465,-7.82231
27.80425,-0.11552,0.22101,-7.83054
27.81429,-0.12839,0.23014,-7.6821
27.82433,-0.15473,0.17044,-7.50807
27.83436,-0.21653,0.05686,-7.32805
27.8444,-0.23463,-0.19647,-7.08399
27.85444,-0.28237,-0.51834,-6.90428
27.86447,-0.30421,-0.83034,-6.57687
27.87451,-0.31768,-1.06662,-5.96411
27.88455,-0.36003,-1.39118,-5.2047
27.89458,-0.38607,-1.77859,-4.51591
27.90462,-0.2695,-2.18217,-4.09154
27.91466,-0.03112,-2.53561,-3.75994
27.92469,0.19782,-2.73523,-3.5509
27.93473,0.40208,-2.7065,-3.54581
27.94477,0.56309,-2.5208,-3.64053
27.9548,0.59885,-2.29724,-3.69006
27.96484,0.6002,-2.17812,-3.59849
27.97488,0.54812,-2.21329,-3.43119
27.98491,0.31903,-2.39106,-3.37762
27.99495,0.05417,-2.66669,-3.40949
28.00499,-0.10774,-2.94547,-3.54925
28.01502,-0.13707,-3.09466,-3.74648
28.02506,-0.05926,-3.10842,-3.9624
28.0351,0.10505,-2.95325,-4.06939
28.04513,0.2291,-2.77249,-4.05697
28.05517,0.0431,-2.76321,-3.78389
28.06521,-0.36706,-2.79224,-3.40231
28.07524,-0.89334,-2.80346,-3.20928
28.08528,-1.44101,-2.87978,-3.3034
28.09532,-1.92045,-3.04782,-3.72583
28.10535,-2.26671,-3.12967,-4.55317
28.11539,-2.4135,-3.12937,-5.53914
28.12543,-2.38418,-3.03076,-6.4012
28.13546,-2.22391,-2.84311,-7.04254
28.1455,-1.8995,-2.60654,-7.34032
28.15554,-1.55773,-2.3544,-7.17273
28.16557,-1.33806,-2.13757,-6.70601
28.17561,-1.14173,-1.83321,-6.36573
28.18565,-1.11345,-1.47677,-6.03444
28.19568,-1.02681,-1.13545,-5.78364
28.20572,-0.87583,-0.94077,-5.79561
28.21576,-0.7241,-1.05016,-6.00855
28.2258,-0.68085,-1.5079,-6.21535
28.23583,-0.79892,-2.12844,-6.22313
28.24587,-1.01499,-2.61552,-6.34673
28.25591,-1.36245,-2.87559,-6.75374
28.26594,-1.80059,-2.79897,-7.07786
28.27598,-2.15074,-2.57856,-7.5136
28.28602,-2.11992,-2.42084,-7.97075
28.29605,-1.79625,-2.34647,-8.18368
28.30609,-1.4675,-2.4135,-8.35337
28.31613,-1.40435,-2.46962,-8.62272
28.32616,-1.48231,-2.37625,-8.94204
28.3362,-1.40151,-2.12066,-9.32901
28.34624,-1.08577,-1.60726,-9.8276
28.35627,-0.72694,-0.99614,-10.49109
28.36631,-0.43649,-0.48079,-11.12466
28.37635,-0.43081,-0.01556,-11.61996
28.38638,-0.53929,0.22251,-12.43159
28.39642,-0.6382,0.36093,-13.377
28.40646,-0.61292,0.41405,-13.96224
28.41649,-0.43679,0.32262,-14.1626
28.42653,-0.20036,0.21069,-14.17038
28.43657,0.03561,0.1242,-13.79748
28.4466,0.14934,0.04878,-13.17335
28.45664,0.07721,-0.02708,-12.69166
28.46668,-0.15278,-0.21937,-12.45404
28.47671,-0.38292,-0.56324,-12.34929
28.48675,-0.47525,-1.03774,-12.35588
28.49679,-0.37918,-1.66083,-12.44551
28.50682,-0.1441,-2.23708,-12.54053
28.51686,0.12151,-2.37086,-12.48591
28.5269,0.38741,-2.04914,-12.54367
28.53693,0.64434,-1.49443,-12.80928
28.54697,0.87209,-0.89842,-12.88948
28.55701,0.97743,-0.43365,-12.79895
28.56704,1.04627,-0.2276,-12.74628
28.57708,1.04971,-0.22984,-12.87078
28.58712,1.00242,-0.36137,-13.14327
28.59715,0.89034,-0.62668,-13.58455
28.60719,0.7437,-0.8673,-13.8512
28.61723,0.65646,-0.97668,-13.85734
28.62726,0.62953,-0.92012,-13.77414
28.6373,0.67516,-0.73726,-13.75589
28.64734,0.68115,-0.49336,-13.91959
28.65737,0.66304,-0.2698,-14.33543
28.66741,0.62414,-0.15532,-14.98665
28.67745,0.54902,-0.11926,-15.56934
28.68748,0.45071,-0.08814,-15.97501
28.69752,0.40073,0.01736,-16.14874
28.70756,0.47884,0.13841,-16.06794
28.71759,0.71033,0.21922,-15.81236
28.72763,0.90426,0.29658,-15.47612
28.73767,1.06048,0.44772,-15.0703
28.74771,1.23436,0.57042,-14.61705
28.75774,1.42545,0.52478,-14.36416
28.76778,1.60786,0.33953,-14.17981
28.77781,1.59095,0.12495,-13.82831
28.78785,1.47767,-0.11747,-13.49402
28.79789,1.21251,-0.38547,-13.24143
28.80793,0.62279,-0.80475,-13.1322
28.81796,0.03127,-1.29092,-13.18352
28.828,-0.31603,-1.65409,-13.08162
28.83804,-0.33249,-1.83531,-12.8214
28.84807,-0.17433,-1.82289,-12.59604
28.85811,-0.13168,-1.74941,-12.61475
28.86815,-0.28686,-1.62701,-12.84983
28.87818,-0.58478,-1.34105,-13.27106
28.88822,-0.83273,-0.99599,-13.71264
28.89826,-0.96621,-0.67546,-13.87664
28.90829,-1.14518,-0.36377,-13.7077
28.91833,-1.3415,-0.14201,-13.26163
28.92837,-1.36095,-0.05297,-12.96041
28.9384,-1.41422,-0.00479,-12.81422
28.94844,-1.42904,0.0012,-12.4693
28.95848,-1.3008,-0.14859,-11.80102
28.96851,-1.17226,-0.23299,-10.87431
28.97855,-1.09565,-0.29449,-10.15186
28.98859,-0.95858,-0.32516,-9.63666
28.99862,-0.83947,-0.37873,-9.13508
29.00866,-0.9511,-0.47061,-8.47383
29.0187,-1.30753,-0.59182,-7.92391
29.02873,-1.67145,-0.73547,-7.49146
29.03877,-1.94858,-0.98551,-7.03791
29.04881,-2.12201,-1.35467,-6.85669
29.05884,-2.23888,-1.70497,-6.97341
29.06888,-2.33285,-1.8995,-7.23528
29.07892,-2.27569,-1.90115,-7.60488
29.08895,-2.07158,-1.68881,-7.83682
29.09899,-1.77051,-1.35721,-7.8042
29.10903,-1.44595,-1.0536,-7.46961
29.11906,-1.26803,-0.87478,-7.15073
29.1291,-1.15116,-0.88226,-7.00603
29.13914,-0.91473,-0.99718,-6.88423
29.14917,-0.70749,-1.11749,-6.70376
29.15921,-0.63431,-1.23062,-6.5429
29.16925,-0.61142,-1.30409,-6.49457
29.17928,-0.54318,-1.4229,-6.46719
29.18932,-0.41105,-1.55803,-6.54635
29.19936,-0.21069,-1.72293,-6.5869
29.20939,0.15757,-1.89277,-6.43606
29.21943,0.55725,-1.99452,-6.1323
29.22947,0.84306,-2.05737,-5.80684
29.23951,1.03834,-2.07413,-5.54003
29.24954,1.15655,-2.07248,-5.28655
29.25958,1.18917,-2.12396,-5.10593
29.26961,1.13216,-2.30621,-5.01346
29.27965,1.02068,-2.55446,-5.20335
29.28969,0.98058,-2.81364,-5.69162
29.29973,0.91144,-2.99485,-6.09683
29.30976,0.70764,-3.11231,-6.34239
29.3198,0.48064,-3.23232,-6.53168
29.32983,0.3078,-3.35996,-6.64675
29.33987,0.24137,-3.50227,-6.7708
29.34991,0.2463,-3.6133,-6.94408
29.35995,0.21144,-3.68632,-7.13801
29.36998,0.09756,-3.67854,-7.23378
29.38002,-0.05148,-3.64188,-7.22899
29.39006,-0.17852,-3.70353,-7.36022
29.40009,-0.30182,-3.83506,-7.58857
29.41013,-0.45146,-3.95672,-7.76724
29.42017,-0.56922,-3.98904,-7.85029
29.4302,-0.62279,-4.0055,-7.85134
29.44024,-0.70584,-4.03258,-7.73118
29.45028,-0.86266,-4.0055,-7.71247
29.46031,-0.99629,-3.97991,-7.86031
29.47035,-1.10298,-3.94744,-7.95189
29.48039,-1.28509,-3.97797,-7.96371
29.49042,-1.44565,-4.1068,-8.10736
29.50046,-1.60636,-4.2518,-8.29711
29.5105,-1.71141,-4.37735,-8.37956
29.52053,-1.80418,-4.42209,-8.38494
29.53057,-1.93107,-4.37286,-8.41113
29.54061,-2.04629,-4.30492,-8.4448
29.55064,-2.12291,-4.25031,-8.41981
29.56068,-2.18336,-4.22936,-8.48595
29.57072,-2.26477,-4.22158,-8.60745
29.58075,-2.31938,-4.26692,-8.78148
29.59079,-2.30681,-4.24462,-9.01477
29.60083,-2.30651,-4.15544,-9.21992
29.61086,-2.28931,-4.01897,-9.24446
29.6209,-2.24651,-3.89432,-9.15498
29.63094,-2.09957,-3.83162,-9.07597
29.64097,-1.90249,-3.72553,-8.93995
29.65101,-1.65798,-3.55599,-8.73255
29.66105,-1.41856,-3.42296,-8.51513
29.67108,-1.217,-3.38585,-8.29097
29.68112,-1.11016,-3.41039,-8.12308
29.69116,-1.12183,-3.42221,-8.03674
29.7012,-1.10507,-3.41593,-8.07026
29.71123,-1.06961,-3.39169,-8.26074
29.72127,-1.01065,-3.30759,-8.45138
29.73131,-0.8866,-3.19835,-8.39407
29.74134,-0.89663,-3.07206,-8.20283
29.75138,-0.96412,-2.9745,-8.10737
29.76142,-1.00332,-2.86332,-8.10527
29.77145,-0.97339,-2.76874,-8.24802
29.78149,-0.89753,-2.70455,-8.48191
29.79153,-0.72604,-2.68749,-8.63933
29.80156,-0.4353,-2.65741,-8.61434
29.8116,-0.12181,-2.67597,-8.39183
29.82164,0.06973,-2.6851,-7.98631
29.83167,0.11956,-2.60729,-7.49699
29.84171,0.05956,-2.40273,-7.15941
29.85175,-0.00793,-2.09942,-7.13038
29.86178,0.03816,-1.82872,-7.42337
29.87182,0.31229,-1.71769,-7.87782
29.88186,0.65422,-1.8166,-8.28783
29.89189,0.84545,-2.08131,-8.34589
29.90193,0.7238,-2.37475,-8.11156
29.91197,0.38741,-2.51421,-8.0529
29.922,0.0193,-2.49266,-8.14702
29.93204,-0.35404,-2.3936,-8.12338
29.94208,-0.56189,-2.31893,-7.98975
29.95211,-0.51685,-2.27659,-7.89638
29.96215,-0.23014,-2.21868,-7.86001
29.97219,-0.02349,-2.36397,-7.81602
29.98222,-0.1239,-2.37191,-7.52243
29.99226,-0.07467,-2.47261,-8.04676
30.0023,0.50922,-3.06967,-7.88455
30.01233,0.50877,-2.8684,-6.68222
30.02237,0.58209,-2.65891,-6.29376
30.03241,0.703,-2.5817,-6.51941
30.04244,0.7627,-2.46303,-6.91236
30.05248,0.92117,-2.38911,-7.30486
30.06252,1.1148,-2.39974,-7.6182
30.07255,1.1968,-2.48309,-7.87243
30.08259,1.11779,-2.60354,-7.93648
30.09263,1.00108,-2.71667,-7.80914
30.10266,0.86206,-2.81468,-7.51256
30.1127,0.84785,-2.81663,-7.21717
30.12274,0.86072,-2.7059,-7.10824
30.13277,0.83857,-2.68525,-7.25353
30.14281,0.67921,-2.67313,-7.77023
30.15285,0.38113,-2.74974,-8.63065
30.16288,-0.07646,-2.95908,-9.56843
30.17292,-0.53286,-3.27781,-10.10323
30.18296,-0.79323,-3.60043,-10.13406
30.193,-1.05076,-3.84673,-9.85094
30.20303,-1.25067,-4.01014,-9.46563
30.21307,-1.39253,-4.05458,-9.11667
30.2231,-1.54142,-4.07388,-9.00055
30.23314,-1.64123,-4.22173,-9.12056
30.24318,-1.75061,-4.40563,-9.31419
30.25322,-1.82244,-4.56619,-9.61451
30.26325,-1.82303,-4.63473,-9.81518
30.27329,-1.7753,-4.63248,-9.94761
30.28332,-1.78054,-4.52714,-10.06792
30.29336,-1.97731,-4.36807,-10.30015
30.3034,-2.27479,-4.26781,-10.59943
30.31344,-2.36068,-4.19763,-10.97023
30.32347,-2.23454,-4.06595,-11.48424
30.33351,-2.00065,-3.90764,-11.89903
30.34355,-1.66202,-3.78493,-11.93914
30.35358,-1.34689,-3.68213,-11.66305
30.36362,-1.18274,-3.58547,-11.15309
30.37366,-1.16313,-3.5907,-10.69235
30.38369,-1.22,-3.62946,-10.19481
30.39373,-1.26593,-3.6953,-9.79618
30.40377,-1.17899,-3.7764,-9.64773
30.4138,-0.97863,-3.80484,-9.75188
30.42384,-0.76225,-3.74693,-10.0338
30.43388,-0.599,-3.6534,-10.27038
30.44391,-0.52478,-3.47144,-10.31168
30.45395,-0.46747,-3.27676,-10.15486
30.46399,-0.39744,-3.03001,-9.92142
30.47402,-0.26501,-2.76426,-9.68814
30.48406,-0.1019,-2.52663,-9.77927
30.4941,0.32052,-2.36472,-9.6814
30.50413,0.70539,-2.28033,-9.52009
30.51417,0.81852,-2.14386,-9.55107
30.52421,0.65137,-2.01412,-9.69442
30.53424,0.39714,-1.86553,-9.89673
30.54428,0.22565,-1.71679,-10.04831
30.55432,0.11687,-1.57688,-10.14708
30.56435,0.07362,-1.46316,-10.12029
30.57502,0.14575,-1.362,-10.05624
30.58505,0.14575,-1.362,-10.05625
30.59509,0.33713,-1.34539,-9.99848
30.60513,0.47555,-1.38894,-9.96571
30.61517,0.41061,-1.59678,-9.91948
30.6252,0.27219,-1.84877,-9.87429
30.63524,0.24496,-1.99407,-9.7872
30.64528,0.20889,-2.07772,-9.73108
30.65531,0.09637,-2.03447,-9.67781
30.66535,-0.1251,-1.98404,-9.58549
30.67539,-0.33639,-2.12111,-9.57322
30.68542,-0.52852,-2.44598,-9.57262
30.69546,-0.60858,-2.62434,-9.61601
30.7055,-0.63087,-2.60609,-9.73378
30.71553,-0.58404,-2.51631,-9.8698
30.72557,-0.54887,-2.32926,-10.02422
30.73561,-0.55545,-2.15284,-10.17221
30.74564,-0.6391,-2.03358,-10.34699
30.75568,-0.81268,-2.01427,-10.44785
30.76572,-1.06916,-1.95157,-10.28235
30.77575,-1.16044,-2.0035,-10.45144
30.78579,-1.22254,-2.12904,-10.68817
30.79583,-1.27611,-2.26656,-10.84229
30.80586,-1.35228,-2.35051,-10.88883
30.8159,-1.43473,-2.43475,-10.91651
30.82594,-1.46959,-2.5202,-10.91741
30.83597,-1.47109,-2.52858,-10.79501
30.84601,-1.43532,-2.43415,-10.62053
30.85605,-1.32788,-2.30517,-10.48346
30.86608,-1.2164,-2.13293,-10.36779
30.87612,-1.11959,-2.05303,-10.32036
30.88616,-1.03504,-1.99706,-10.37572
30.89619,-0.99,-1.99826,-10.4667
30.90623,-1.02936,-2.0454,-10.63878
30.91627,-1.1157,-2.11303,-10.87072
30.9263,-1.25336,-2.16301,-11.07453
30.93634,-1.43158,-2.20596,-11.19274
30.94638,-1.52256,-2.29454,-11.09727
30.95641,-1.53932,-2.37535,-10.85845
30.96645,-1.4853,-2.37954,-10.70328
30.97649,-1.3228,-2.23903,-10.55843
30.98652,-1.08607,-1.84084,-10.36959
30.99656,-0.72649,-1.35512,-10.17925
31.0066,-0.44712,-1.07694,-10.00986
31.01663,-0.39744,-1.20892,-9.8665
31.02667,-0.38831,-1.48845,-9.70684
31.03671,-0.38397,-1.83964,-9.58399
31.04674,-0.4347,-2.43984,-9.7459
31.05678,-0.64539,-3.19551,-9.92142
31.06682,-0.87972,-3.5702,-9.47879
31.07685,-1.02876,-3.63634,-8.73076
31.08689,-0.8251,-3.53429,-8.27855
31.09693,-0.36901,-3.01056,-7.70304
31.10696,-0.34102,-2.38657,-6.73594
31.117,-0.32052,-2.16436,-6.24767
31.12704,-0.52149,-2.50793,-6.64615
31.13708,-1.01948,-2.9534,-7.60623
31.14711,-1.41632,-3.33303,-8.47667
31.15715,-1.11974,-3.88265,-9.34801
31.16719,-0.55321,-4.37196,-10.00971
31.17722,0.10011,-4.54644,-9.91678
31.18726,0.62833,-4.38064,-9.28456
31.1973,0.83662,-3.93532,-8.42938
31.20733,0.7449,-3.49374,-7.5558
31.21737,0.5978,-3.15032,-7.07651
31.22741,0.4543,-2.88142,-6.9984
31.23744,0.2674,-2.74465,-7.28541
31.24748,0.07108,-2.76426,-7.93334
31.25814,-0.11432,-3.02462,-10.02512
31.26818,-0.11432,-3.02462,-10.02512
31.27822,-0.21338,-3.13431,-11.69867
31.28825,-0.03651,-3.18878,-12.5329
31.29829,0.07452,-2.98901,-12.35782
31.30833,0.10609,-2.65801,-11.89574
31.31836,0.19483,-2.30562,-11.03338
31.3284,0.2288,-2.15164,-10.55918
31.33844,0.29942,-2.23394,-10.50471
31.34847,0.25678,-2.47201,-10.43887
31.35851,0.04295,-2.77518,-10.24045
31.36855,-0.227,-2.94906,-10.01854
31.37858,-0.43245,-3.06952,-9.89703
31.38862,-0.53106,-3.10842,-9.89344
31.39866,-0.52224,-3.08897,-9.91933
31.40869,-0.43335,-2.95714,-10.01674
31.41873,-0.35075,-2.80122,-10.22833
31.42877,-0.26965,-2.59247,-10.40325
31.4388,-0.16251,-2.40632,-10.52371
31.44884,-0.05926,-2.3143,-10.57279
31.45888,0.01841,-2.27943,-10.52581
31.46891,0.03965,-2.22721,-10.42555
31.47895,-0.00434,-2.14745,-10.30913
31.48899,-0.05252,-2.07832,-10.17371
31.49902,-0.06404,-2.00215,-9.98128
31.50906,-0.02065,-1.99048,-9.86336
31.5191,0.04504,-2.00215,-9.82251
31.52913,0.16086,-1.97836,-9.86246
31.53917,0.18675,-1.93092,-9.85573
31.54921,0.11747,-1.95322,-9.8665
31.55924,0.05177,-1.95337,-9.92277
31.56928,0.02035,-1.89396,-9.97993
31.57932,0.06599,-1.84368,-9.98592
31.58936,0.12555,-1.77096,-9.91559
31.59939,0.12465,-1.74672,-9.79692
31.60943,0.14664,-1.74477,-9.7019
31.61947,0.19468,-1.70677,-9.61452
31.6295,0.26965,-1.65828,-9.54209
31.63954,0.33639,-1.66487,-9.48089
31.64958,0.35509,-1.70991,-9.62185
31.65961,0.38232,-1.71215,-9.89778
31.66965,0.39863,-1.70722,-9.98188
31.67969,0.36003,-1.60307,-9.93818
31.68972,0.26097,-1.54366,-9.89075
31.69976,0.18181,-1.5266,-9.82984
31.7098,0.14799,-1.53319,-9.79588
31.71983,0.20889,-1.548,-9.74934
31.72987,0.29658,-1.53139,-9.68484
31.73991,0.34013,-1.55638,-9.5403
31.74994,0.37365,-1.61279,-9.38946
31.75998,0.37918,-1.67504,-9.24715
31.77002,0.36661,-1.72966,-9.12804
31.78005,0.3904,-1.80044,-9.10036
31.79009,0.4546,-1.86628,-9.1038
31.80013,0.4525,-1.89711,-9.10036
31.81016,0.42303,-1.91716,-9.14974
31.8202,0.3723,-1.89112,-9.20391
31.83024,0.33803,-1.85581,-9.26795
31.84027,0.2888,-1.81062,-9.26287
31.85031,0.28491,-1.78952,-9.30237
31.86035,0.30496,-1.74567,-9.36896
31.87038,0.33279,-1.73969,-9.4574
31.88042,0.32456,-1.71545,-9.59372
31.89046,0.29524,-1.69764,-9.69966
31.90049,0.32232,-1.67489,-9.75278
31.91053,0.37903,-1.64317,-9.7851
31.92057,0.38517,-1.59858,-9.66434
31.9306,0.38547,-1.58062,-9.49391
31.94064,0.37275,-1.62192,-9.38333
31.95068,0.36362,-1.65155,-9.24865
31.96071,0.39774,-1.68342,-9.16426
31.97075,0.39325,-1.75166,-9.19553
31.98079,0.33399,-1.8392,-9.26751
31.99082,0.26621,-1.90638,-9.39754
32.00086,0.23179,-1.89696,-9.49047
32.0109,0.22042,-1.86344,-9.51815
32.02093,0.19917,-1.77605,-9.54838
32.03097,0.21413,-1.72293,-9.59641
32.04101,0.25992,-1.70512,-9.67931
32.05104,0.31349,-1.73101,-9.79647
32.06108,0.31454,-1.76378,-9.89239
32.07112,0.27937,-1.7557,-9.94566
32.08115,0.23777,-1.7346,-9.97813
32.09119,0.2279,-1.72981,-10.00088
32.10123,0.23852,-1.77799,-10.0537
32.11127,0.28955,-1.79685,-10.06687
32.1213,0.32531,-1.74253,-9.98232
32.13134,0.33489,-1.68612,-9.82146
32.14138,0.33249,-1.67714,-9.69996
32.15141,0.34417,-1.72323,-9.6823
32.16145,0.33833,-1.79565,-9.71732
32.17149,0.34551,-1.86837,-9.74021
32.18152,0.33953,-1.90893,-9.80725
32.19156,0.28446,-1.91686,-9.96212
32.2016,0.25947,-1.86104,-10.01629
32.21163,0.23343,-1.82588,-10.00537
32.22167,0.2463,-1.78892,-9.94806
32.23171,0.23059,-1.7982,-9.88671
32.24174,0.26665,-1.88753,-9.85214
32.25178,0.26321,-1.96684,-9.82939
32.26182,0.23852,-2.0246,-9.72585
32.27185,0.19992,-2.03163,-9.57516
32.28189,0.15682,-1.98659,-9.52309
32.29193,0.13647,-1.85236,-9.71956
32.30196,0.17268,-1.74492,-9.97769
32.312,0.227,-1.77156,-10.03799
32.32204,0.30122,-1.85012,-9.93833
32.33207,0.39534,-1.93541,-9.74126
32.34211,0.48602,-2.10346,-9.42193
32.35215,0.53525,-2.24037,-9.09393
32.36218,0.58718,-2.352,-8.82563
32.37222,0.63132,-2.4346,-8.6314
32.38226,0.66798,-2.49506,-8.54461
32.39229,0.67502,-2.54444,-8.4861
32.40233,0.68669,-2.5793,-8.45243
32.41237,0.65481,-2.52858,-8.59459
32.4224,0.63925,-2.42697,-8.78822
32.43244,0.61022,-2.35919,-8.90838
32.44248,0.64823,-2.30876,-9.02928
32.45251,0.6828,-2.24636,-9.0848
32.46255,0.70644,-2.20626,-9.19658
32.47259,0.6804,-2.1889,-9.31763
32.48262,0.63147,-2.20237,-9.43181
32.49266,0.61681,-2.21868,-9.50558
32.5027,0.57835,-2.23394,-9.50004
32.51273,0.53899,-2.23559,-9.37255
32.52277,0.54947,-2.21898,-9.30432
32.53281,0.51206,-2.1874,-9.4369
32.54284,0.48931,-2.22317,-9.6642
32.55288,0.5152,-2.22571,-9.76131
32.56292,0.5375,-2.19294,-9.76535
32.57296,0.54603,-2.1277,-9.66449
32.58299,0.56189,-2.05123,-9.57651
32.59303,0.57925,-1.98644,-9.56513
32.60307,0.5571,-1.99527,-9.57142
32.6131,0.55067,-2.0249,-9.64968
32.62314,0.54663,-2.08146,-9.70475
32.63318,0.55994,-2.09897,-9.70998
32.64321,0.55246,-2.09029,-9.70909
32.65325,0.55845,-2.05078,-9.69397
32.66329,0.57895,-1.98614,-9.65417
32.67332,0.55815,-1.93706,-9.62185
32.68336,0.53899,-1.92643,-9.59297
32.6934,0.54513,-1.92165,-9.60434
32.70343,0.49949,-1.95831,-9.64684
32.71347,0.52628,-2.04016,-9.6817
32.72351,0.54977,-2.07233,-9.61601
32.73354,0.55246,-2.06859,-9.52548
32.74358,0.53421,-2.04465,-9.44004
32.75362,0.53406,-2.0418,-9.4152
32.76365,0.50742,-1.99976,-9.51381
32.77369,0.45954,-1.96325,-9.71358
32.78373,0.50039,-1.97911,-9.85872
32.79376,0.5571,-2.00814,-9.87713
32.8038,0.59062,-2.01771,-9.81293
32.81384,0.62623,-1.98569,-9.71777
32.82387,0.6617,-1.95516,-9.67661
32.83391,0.65541,-1.91192,-9.73333
32.84395,0.62115,-1.90638,-9.8463
32.85398,0.62055,-1.93811,-9.93983
32.86402,0.60648,-1.96639,-9.92247
32.87406,0.61277,-2.00021,-9.81697
32.88409,0.66289,-1.99841,-9.71687
32.89413,0.71362,-1.9803,-9.63098
32.90417,0.77033,-1.95382,-9.64534
32.91421,0.80131,-1.9613,-9.75143
32.92424,0.80116,-1.97088,-9.81234
32.93428,0.83333,-1.95576,-9.77642
32.94432,0.81552,-1.90982,-9.70295
32.95435,0.80011,-1.85536,-9.7664
32.96439,0.79413,-1.82318,-9.86561
32.97443,0.75028,-1.7946,-9.92292
32.98446,0.68818,-1.81495,-9.96557
32.9945,0.65541,-1.85386,-9.97005
33.00454,0.64344,-1.9209,-9.87339
33.01457,0.69327,-1.96175,-9.78854
33.02461,0.68803,-1.98075,-9.77418
33.03465,0.64973,-1.96474,-9.78765
33.04468,0.65107,-1.91087,-9.8252
33.05472,0.68564,-1.86269,-9.90721
33.06476,0.75836,-1.83665,-9.9931
33.07479,0.86431,-1.80628,-10.09126
33.08483,0.95903,-1.84832,-10.10458
33.09487,1.09625,-1.92658,-10.04412
33.1049,1.34404,-2.00933,-10.00297
33.11494,1.5498,-2.00993,-10.04218
33.12498,1.73056,-1.85311,-10.11071
33.13501,1.80268,-1.68701,-10.34744
33.14505,1.77964,-1.64616,-10.77091
33.15509,1.58631,-1.79011,-11.22701
33.16512,1.39881,-2.09463,-11.71288
33.17516,1.31831,-2.33884,-12.07725
33.1852,1.27791,-2.51271,-12.2622
33.19523,1.29631,-2.53426,-12.31009
33.20527,1.2592,-2.51167,-12.30754
33.21531,1.0337,-2.49745,-12.41319
33.22534,0.76121,-2.51481,-12.73925
33.23538,0.4947,-2.396,-13.10137
33.24542,0.35449,-2.22002,-13.38748
33.25545,0.37095,-1.97776,-13.53068
33.26549,0.50563,-1.6909,-13.42968
33.27553,0.62968,-1.41333,-13.1295
33.28557,0.81193,-1.13455,-12.87108
33.2956,0.97698,-0.98297,-12.73491
33.30564,1.07066,-0.91967,-12.72054
33.31568,1.16463,-0.92626,-12.61834
33.32571,1.2788,-1.01619,-12.41394
33.33575,1.22748,-1.13919,-12.12364
33.34579,1.03714,-1.40091,-11.9966
33.35582,0.86341,-1.6731,-12.02428
33.36586,0.78994,-1.73909,-11.8932
33.3759,0.7856,-1.67893,-11.46448
33.38593,0.87837,-1.63718,-10.74114
33.39597,1.03474,-1.65903,-9.87593
33.40601,1.10926,-1.83396,-9.16919
33.41604,1.01798,-2.17319,-8.92932
33.42608,0.66274,-2.70275,-9.02449
33.43612,0.67457,-2.83488,-9.32841
33.44615,0.58598,-2.71473,-9.38168
33.45619,0.65511,-2.61806,-9.47281
33.46623,0.75313,-2.57751,-9.40278
33.47626,0.81912,-2.56105,-9.20256
33.4863,0.80011,-2.50209,-8.78687
33.49634,0.71437,-2.37744,-8.25521
33.50637,0.54752,-2.22945,-7.77382
33.51641,0.20426,-2.0035,-7.45255
33.52645,-0.36332,-1.61444,-7.90805
33.53648,0.14934,-1.983,-8.67569
33.54652,0.7425,-2.15688,-8.62915
33.55656,1.15131,-2.21359,-8.6082
33.56659,1.67504,-2.32552,-8.99891
33.57663,1.9625,-2.34766,-9.34577
33.58667,2.02699,-2.27898,-9.455
33.5967,1.97656,-2.16047,-9.46682
33.60674,1.92778,-1.97073,-9.38527
33.61678,1.92075,-1.74328,-9.21678
33.62681,1.7539,-1.64347,-9.05293
33.63685,1.53079,-1.66562,-8.88817
33.64689,1.34599,-1.78922,-8.81425
33.65692,1.30679,-2.07203,-8.96329
33.66696,1.27671,-2.36891,-9.2714
33.677,1.25007,-2.4985,-9.39021
33.68704,1.31442,-2.55985,-9.35325
33.69707,1.33462,-2.54159,-9.15453
33.70711,1.38415,-2.48503,-8.76412
33.71715,1.51987,-2.47785,-8.383
33.72718,1.7144,-2.54683,-8.02686
33.73722,1.86329,-2.67911,-7.91314
33.74726,1.79026,-2.86721,-8.20343
33.75729,1.57718,-2.99874,-8.57708
33.76733,1.32968,-3.03226,-8.91601
33.77737,1.00078,-2.92691,-8.97437
33.7874,0.65631,-2.7234,-8.82652
33.79744,0.4974,-2.54908,-8.63035
33.80748,0.54678,-2.45062,-8.42011
33.81751,0.60229,-2.46693,-8.18757
33.82755,0.6186,-2.58783,-7.96775
33.83759,0.63551,-2.76141,-7.94516
33.84762,0.56249,-2.83114,-7.89892
33.85766,0.45804,-2.88247,-7.89982
33.8677,0.36048,-2.85314,-8.07504
33.87773,0.23119,-2.7059,-8.13939
33.88777,0.1631,-2.41934,-8.10587
33.89781,0.17777,-2.20521,-8.2567
33.90784,0.22954,-2.09627,-8.42699
33.91788,0.2665,-2.01786,-8.49328
33.92792,0.30257,-1.93691,-8.46979
33.93795,0.3723,-1.84503,-8.23351
33.94799,0.45654,-1.83531,-7.90146
33.95803,0.60214,-1.9405,-7.55071
33.96806,0.72095,-2.22272,-7.33209
33.9781,0.61681,-2.54698,-7.35633
33.98814,0.40402,-2.7864,-7.59501
33.99817,0.1875,-2.89624,-7.73447
34.00821,0.04085,-2.87903,-7.71187
34.01825,-0.07751,-2.77114,-7.66339
34.02828,-0.2071,-2.63512,-7.59321
34.03832,-0.24181,-2.54189,-7.5374
34.04836,-0.13662,-2.52738,-7.52019
34.05839,0.00778,-2.59786,-7.50941
34.06843,0.1851,-2.7674,-7.44612
34.07847,0.33639,-3.00622,-7.23333
34.0885,0.3928,-3.27602,-6.89306
34.09854,0.29134,-3.43254,-6.56415
34.10858,0.12166,-3.3875,-6.33356
34.11862,0.05192,-3.26195,-6.32084
34.12865,0.07272,-3.13775,-6.42693
34.13869,0.13138,-3.0758,-6.63643
34.14873,0.12719,-3.07251,-6.98299
34.15876,-0.00464,-3.07849,-7.35199
34.1688,-0.18645,-3.03495,-7.69407
34.17884,-0.34043,-2.94786,-7.90116
34.18887,-0.37933,-2.79448,-8.00307
34.19891,-0.27593,-2.63931,-8.07026
34.20895,-0.10475,-2.50044,-8.12712
34.21898,0.03846,-2.35799,-8.04197
34.22902,0.19363,-2.24022,-7.8871
34.23906,0.37215,-2.12515,-7.68479
34.24909,0.50892,-1.97447,-7.56029
34.25913,0.58763,-1.92569,-7.53261
34.26917,0.62399,-1.98509,-7.46377
34.2792,0.6388,-2.10121,-7.49909
34.28924,0.60932,-2.19144,-7.65172
34.29928,0.54199,-2.22765,-7.80151
34.30931,0.49695,-2.20835,-7.86031
34.31935,0.3503,-2.12904,-7.82545
34.32939,0.11732,-2.0237,-7.85493
34.33942,-0.03726,-1.95726,-7.96222
34.34946,-0.03337,-1.87526,-8.07011
34.3595,0.00344,-1.816,-8.10482
34.36953,0.07691,-1.775,-8.03659
34.37957,0.18645,-1.68941,-7.80869
34.38961,0.23777,-1.55249,-7.52079
34.39964,0.25798,-1.36978,-7.267
34.40968,0.26785,-1.1959,-6.97835
34.41972,0.24541,-1.06766,-6.62969
34.42975,0.23029,-1.00302,-6.22687
34.43979,0.24466,-1.01963,-5.90275
34.44983,0.30571,-1.17451,-5.66648
34.45986,0.22745,-1.42949,-5.81776
34.4699,-0.01571,-1.63599,-6.33506
34.47994,-0.22371,-1.78772,-6.60605
34.48997,-0.38262,-1.96444,-6.47542
34.50001,-0.57206,-2.13488,-5.96156
34.51005,-0.80744,-2.31594,-5.36092
34.52009,-0.94137,-2.42353,-5.02348
34.53012,-0.98866,-2.44538,-4.95824
34.54016,-1.01484,-2.48009,-5.20679
34.5502,-1.10088,-2.55431,-5.64927
34.56023,-1.24648,-2.62509,-6.19036
34.57027,-1.444,-2.65846,-6.81943
34.58093,-1.60771,-2.61447,-7.40003
34.59097,-1.52585,-2.43386,-7.77861
34.60101,-1.16328,-2.15927,-7.97239
34.61104,-0.64763,-1.87152,-8.04781
34.62108,-0.13303,-1.65335,-8.09749
34.63112,0.11657,-1.50984,-8.20388
34.64115,0.09547,-1.42709,-8.44989
34.65119,-0.09068,-1.34883,-8.74422
34.66123,-0.25588,-1.25336,-9.05936
34.67126,-0.33324,-1.07694,-9.38003
34.6813,-0.16834,-0.81627,-9.93429
34.69134,0.27414,-0.70599,-10.61903
34.70137,0.71527,-0.84156,-11.23539
34.71141,0.88466,-1.06901,-11.66425
34.72145,0.65437,-1.28643,-11.98866
34.73148,0.11612,-1.33237,-12.4482
34.74152,-0.52478,-1.17406,-12.99962
34.75156,-1.06228,-0.92955,-13.82457
34.76159,-1.33492,-0.71676,-14.82056
34.77163,-1.28718,-0.68235,-15.732
34.78167,-1.00901,-0.91533,-16.29883
34.7917,-0.67232,-1.28703,-16.38053
34.80174,-0.47645,-1.50042,-16.18166
34.81178,-0.473,-1.47632,-16.11926
34.82181,-0.52119,-1.21191,-16.42018
34.83185,-0.4742,-0.87478,-17.05315
34.84189,-0.31828,-0.64838,-17.72592
34.85192,-0.35629,-0.54274,-18.15897
34.86196,-0.62519,-0.49665,-18.46229
34.872,-0.94751,-0.38277,-18.6429
34.88204,-1.22748,-0.2261,-18.8497
34.89207,-1.35123,-0.05013,-18.99141
34.90211,-1.29646,0.09711,-18.84701
34.91215,-1.14727,0.15383,-18.32716
34.92218,-1.02352,0.13991,-17.53842
34.93222,-1.0117,0.11328,-16.61815
34.94226,-1.05046,0.01766,-15.84438
34.95229,-1.13934,-0.05028,-15.33052
34.96233,-1.24618,0.00778,-14.89298
34.97236,-1.37472,0.082,-14.44946
34.9824,-1.48007,0.04339,-14.07521
34.99244,-1.48381,-0.15398,-13.70247
35.00248,-1.4244,-0.47824,-13.4397
35.01251,-1.42395,-0.77737,-13.48669
35.02255,-1.53738,-0.81837,-13.53322
35.03259,-1.79535,-0.70165,-13.45721
35.04262,-2.0023,-0.63656,-13.29171
35.05266,-2.06709,-0.74295,-13.07623
35.0627,-2.0234,-0.98626,-12.83606
35.07273,-1.82902,-1.26758,-12.74553
35.08277,-1.71979,-1.362,-12.85462
35.09281,-1.6514,-1.30723,-12.79267
35.10284,-1.55084,-1.08308,-12.68852
35.11288,-1.40929,-0.8887,-12.59604
35.12292,-1.17795,-0.79413,-12.33642
35.13295,-0.87269,-0.79562,-12.10209
35.14299,-0.51535,-0.84874,-12.02308
35.15303,-0.18091,-0.82705,-11.92417
35.16306,0.03831,-0.72619,-11.75134
35.1731,0.12809,-0.57446,-11.50354
35.18314,0.12255,-0.50847,-11.1712
35.19317,0.06913,-0.63087,-10.93118
35.20321,-0.03786,-0.89513,-10.80847
35.21325,-0.16086,-1.22658,-10.54616
35.22328,-0.33534,-1.57449,-10.22983
35.23332,-0.57206,-1.81735,-9.99684
35.24336,-0.79742,-1.97133,-9.94551
35.25339,-0.85982,-2.03717,-9.91918
35.26406,-0.73547,-2.19429,-8.95327
35.27409,-0.59212,-2.17932,-7.23318
35.28413,-0.43335,-2.13204,-5.27203
35.29417,-0.26217,-2.15149,-3.97348
35.30421,-0.09652,-2.22586,-3.66777
35.31424,0.03142,-2.26117,-4.32123
35.32428,0.13063,-2.17394,-5.48392
35.33431,0.22431,-1.9628,-6.49846
35.34435,0.42856,-1.68417,-6.94304
35.35439,0.70255,-1.41183,-6.70182
35.36443,0.91264,-1.23122,-5.8447
35.37446,0.9288,-1.261,-4.69578
35.3845,0.85129,-1.50805,-3.72538
35.39454,0.71168,-1.80657,-3.25986
35.40457,0.58344,-2.04629,-3.40785
35.41461,0.50982,-2.20566,-3.79047
35.42464,0.49844,-2.26312,-4.03737
35.43468,0.35584,-2.31669,-4.06431
35.44472,0.07976,-2.42607,-4.00176
35.45476,-0.16266,-2.61237,-4.12476
35.46479,-0.36123,-2.80301,-4.2732
35.47483,-0.47884,-2.9733,-4.22472
35.48487,-0.50952,-3.11501,-4.04036
35.4949,-0.5155,-3.19776,-3.91856
35.50494,-0.40627,-3.29577,-3.93053
35.51498,-0.28147,-3.40396,-4.01777
35.52501,-0.10175,-3.43703,-4.16681
35.53505,0.10864,-3.30729,-4.25554
35.54509,0.2903,-3.00831,-4.33725
35.55512,0.40342,-2.65233,-4.41147
35.56516,0.4317,-2.40572,-4.4592
35.5752,0.37858,-2.32088,-4.51576
35.58523,0.2704,-2.42443,-4.73468
35.59527,0.06375,-2.66714,-4.96468
35.60531,-0.19169,-2.96043,-5.13047
35.61534,-0.46073,-3.1792,-5.19018
35.62538,-0.70195,-3.32285,-5.15187
35.63542,-0.97324,-3.41907,-5.11312
35.64545,-1.27925,-3.40889,-5.09965
35.65549,-1.53798,-3.22095,-5.13407
35.66553,-1.64691,-2.84162,-5.37738
35.67556,-1.64975,-2.35964,-5.88689
35.6856,-1.46091,-1.87092,-6.58271
35.69564,-1.00975,-1.42201,-7.20116
35.70567,-0.36691,-1.04297,-7.5157
35.71571,0.24152,-0.73726,-7.50073
35.72575,0.72903,-0.55905,-7.30261
35.73578,0.9701,-0.44637,-7.03446
35.74582,0.84859,-0.3518,-6.7111
35.75586,0.44517,-0.38262,-6.55787
35.7659,-0.11956,-0.64135,-6.71484
35.77593,-0.70749,-1.15879,-7.11647
35.78597,-1.1142,-1.87795,-7.57585
35.79601,-1.36455,-2.72281,-7.93079
35.80604,-1.58975,-3.67121,-7.96162
35.81608,-1.80822,-4.55018,-7.67746
35.82611,-2.0451,-5.19916,-7.42846
35.83615,-2.36323,-5.50367,-7.74599
35.84619,-2.59472,-5.43529,-8.48849
35.85623,-2.6432,-5.1402,-9.21154
35.86626,-2.56569,-4.75084,-9.62035
35.8763,-2.2896,-4.35834,-9.76311
35.88634,-1.83875,-4.1517,-9.58085
35.89637,-1.30873,-4.04231,-9.2895
35.90641,-0.84725,-3.88235,-9.00399
35.91645,-0.60199,-3.654,-8.77161
35.92648,-0.46672,-3.29263,-8.7529
35.93652,-0.45415,-2.9112,-8.8997
35.94656,-0.33429,-2.72864,-9.20825
35.95659,-0.06794,-2.81169,-9.60135
35.96663,0.25603,-2.98931,-10.10533
35.97667,0.50248,-3.06817,-10.68248
35.9867,0.63416,-2.95774,-11.20097
35.99674,0.70464,-2.56584,-11.5812
36.00678,0.63252,-1.98794,-11.77229
36.01681,0.56877,-1.3849,-11.79818
36.02685,0.56099,-1.03205,-11.68984
36.03689,0.70704,-1.00108,-11.52225
36.04692,0.99928,-1.11181,-11.44608
36.05696,1.31202,-1.20967,-11.42618
36.067,1.45478,-1.21685,-11.419
36.07703,1.46405,-1.09625,-11.51027
36.08707,1.35048,-0.93763,-11.65138
36.09711,1.16762,-0.87792,-11.71573
36.10714,1.0726,-0.86191,-11.79354
36.11718,0.99748,-0.89364,-12.00183
36.12722,0.90351,-0.95304,-12.47663
36.13725,0.80894,-0.98491,-13.24861
36.14729,0.71841,-0.93105,-13.99546
36.15733,0.6816,-0.77048,-14.54986
36.16736,0.71078,-0.52104,-14.79886
36.1774,0.75178,-0.25992,-14.86934
36.18744,0.70105,-0.06809,-14.8846
36.19748,0.55665,-0.0003,-14.9675
36.20751,0.34536,-0.0009,-15.24209
36.21755,0.13497,-0.0416,-15.63099
36.22758,-0.00614,-0.0226,-15.88418
36.23762,-0.03816,0.05073,-15.97995
36.24766,-0.01781,0.14635,-15.84198
36.2577,0.06524,0.19962,-15.5255
36.26773,0.13916,0.2671,-15.16338
36.27777,0.1857,0.31095,-14.86754
36.28781,0.14216,0.35374,-14.65266
36.29784,0.03262,0.33564,-14.48791
36.30788,-0.09786,0.31678,-14.30685
36.31792,-0.22371,0.23613,-14.06354
36.32795,-0.34072,0.09786,-13.84312
36.33799,-0.42467,-0.02664,-13.77265
36.34803,-0.50069,-0.09098,-13.78566
36.35806,-0.59556,-0.09427,-13.71608
36.3681,-0.71961,-0.15981,-13.44928
36.37814,-0.88316,-0.28296,-13.04137
36.38817,-1.12587,-0.3699,-12.7605
36.39821,-1.33926,-0.4341,-12.74613
36.40825,-1.49982,-0.47315,-12.98854
36.41828,-1.68357,-0.5387,-13.17858
36.42832,-1.91476,-0.62234,-13.20716
36.43836,-2.07083,-0.72484,-12.94485
36.44839,-2.10794,-0.81089,-12.46406
36.45843,-2.1669,-0.83303,-12.07276
36.46847,-2.26312,-0.83408,-11.93928
36.4785,-2.34542,-0.90576,-11.97236
36.48854,-2.4756,-1.00871,-11.97909
36.49858,-2.65218,-1.10896,-11.92312
36.50861,-2.7659,-1.25815,-11.68595
36.51865,-2.73134,-1.43712,-11.30243
36.52869,-2.65038,-1.57718,-10.88389
36.53872,-2.51765,-1.68657,-10.33412
36.54876,-2.32402,-1.76273,-9.84316
36.5588,-2.18561,-1.82109,-9.7453
36.56883,-2.1072,-1.81032,-9.9699
36.57887,-2.04989,-1.64706,-10.26843
36.58891,-1.97686,-1.27342,-10.44066
36.59895,-1.80014,-0.89034,-10.46999
36.60898,-1.62297,-0.68564,-10.45114
36.61902,-1.47947,-0.66993,-10.26319
36.62906,-1.25157,-0.71751,-10.09934
36.63909,-0.98656,-0.6403,-9.9708
36.64913,-0.70509,-0.38891,-9.92711
36.65917,-0.52762,-0.04983,-9.98906
36.6692,-0.44457,0.19603,-9.95793
36.67924,-0.44128,0.21114,-9.58773
36.68928,-0.38397,-0.06225,-8.7948
36.69931,-0.26725,-0.47929,-7.77487
36.70935,-0.19558,-0.81807,-6.95351
36.71939,-0.1459,-1.02951,-6.43517
36.72942,-0.17523,-1.08233,-6.16642
36.73946,-0.19558,-1.11375,-6.09145
36.7495,-0.17463,-1.24588,-6.06406
36.75953,-0.11387,-1.45627,-5.99388
36.76957,-0.00389,-1.75151,-5.73456
36.77961,0.1646,-1.99976,-5.28849
36.78964,0.32845,-2.16301,-4.7703
36.79968,0.44233,-2.26162,-4.36598
36.80972,0.52897,-2.30756,-4.2334
36.81975,0.61366,-2.31998,-4.3983
36.82979,0.71183,-2.31729,-4.75444
36.83983,0.80655,-2.37026,-5.13407
36.84986,0.88421,-2.52124,-5.43514
36.8599,0.89244,-2.69572,-5.57684
36.86994,0.83857,-2.82007,-5.74698
36.87997,0.73248,-2.81453,-5.98999
36.89001,0.69177,-2.74884,-6.29196
36.90005,0.65167,-2.7463,-6.47706
36.91008,0.60289,-2.83503,-6.7102
36.92012,0.55575,-3.00338,-6.85639
36.93016,0.52687,-3.15646,-6.83993
36.94019,0.41435,-3.25342,-6.84816
36.95023,0.28072,-3.28859,-6.84143
36.96027,0.13527,-3.323,-6.8766
36.9703,-0.03352,-3.39348,-6.91191
36.98034,-0.04654,-3.60043,-6.88528
36.99038,0.04624,-3.84045,-6.78891
37.00042,0.17253,-4.00086,-6.7319
37.01045,0.32307,-3.98006,-6.90054
37.02049,0.36033,-3.71715,-7.18051
37.03052,0.30885,-3.39992,-7.50672
37.04056,0.29105,-3.2193,-7.74255
37.0506,0.35479,-3.28574,-7.72818
37.06064,0.36317,-3.49987,-7.494
37.07067,0.1872,-3.72044,-7.27658
37.08071,-0.14605,-3.94116,-7.37339
37.09075,-0.58748,-4.09618,-7.70574
37.10078,-0.93389,-4.26811,-8.11545
37.11082,-1.17076,-4.40802,-8.43986
37.12086,-1.33192,-4.50469,-8.59114
37.13089,-1.41004,-4.62275,-8.61793
37.14093,-1.485,-4.69817,-8.62526
37.15097,-1.53962,-4.70266,-8.73255
37.161,-1.60426,-4.61408,-8.92439
37.17104,-1.67639,-4.42852,-9.15528
37.18108,-1.65634,-4.19479,-9.44034
37.19111,-1.59484,-3.95821,-9.67647
37.20115,-1.52166,-3.80454,-9.83792
37.21119,-1.52346,-3.71685,-9.82206
37.22122,-1.6083,-3.66642,-9.72794
37.23126,-1.73714,-3.65146,-9.73827
37.2413,-1.82588,-3.66941,-9.85349
37.25133,-1.91252,-3.66732,-9.85708
37.26137,-1.98285,-3.60507,-9.73153
37.27141,-2.00365,-3.52352,-9.58159
37.28144,-1.86209,-3.44286,-9.47715
37.29148,-1.66651,-3.4267,-9.39485
37.30152,-1.48515,-3.35682,-9.32616
37.31155,-1.27327,-3.1575,-9.3127
37.32159,-1.13171,-2.84626,-9.25539
37.33163,-1.02651,-2.56643,-9.23114
37.34167,-0.92042,-2.37804,-9.22112
37.3517,-0.73786,-2.273,-9.15453
37.36174,-0.45849,-2.16286,-9.05293
37.37177,-0.14979,-2.14311,-8.88638
37.38181,0.11492,-2.14131,-8.61763
37.39185,0.34851,-2.18157,-8.28962
37.40189,0.53047,-2.25848,-7.92002
37.41192,0.58194,-2.22556,-7.56897
37.42196,0.52433,-2.05752,-7.2884
37.43199,0.52613,-1.85102,-7.11557
37.44203,0.62474,-1.80702,-7.08983
37.45207,0.79517,-2.03522,-7.10045
37.46211,0.7841,-2.30397,-7.05287
37.47214,0.53151,-2.49895,-7.05122
37.48218,0.14739,-2.54863,-7.14475
37.49222,-0.063,-2.43565,-7.32461
37.50225,-0.09203,-2.22631,-7.63406
37.51229,-0.07392,-2.00095,-7.94905
37.52233,0.10011,-1.84174,-8.27032
37.53236,0.27129,-1.93856,-8.50181
37.5424,0.34477,-2.22945,-8.33452
37.55244,0.38262,-2.56614,-7.86016
37.56247,0.33758,-2.78446,-7.32267
37.57251,0.15413,-2.85793,-7.00499
37.58255,-0.05821,-2.76022,-6.95351
37.59258,0.04519,-2.55147,-7.00873
37.60262,0.31978,-2.51915,-7.0822
37.61266,0.57177,-2.62449,-7.14325
37.62269,0.52852,-2.73313,-7.14609
37.63273,-0.03262,-2.7671,-7.36486
37.64277,-0.05387,-3.06563,-7.78265
37.6528,0.24989,-3.24803,-8.08941
37.66284,0.07018,-3.14179,-8.44764
37.67288,-0.66319,-3.1391,-8.53398
37.68291,-1.34015,-3.28948,-9.47161
37.69295,-2.07113,-3.37163,-10.18059
37.70299,-2.35081,-3.47234,-10.39667
37.71302,-1.87256,-2.92661,-10.05325
37.72306,-0.9496,-2.0436,-9.48029
37.7331,-0.21069,-2.04929,-8.80707
37.74314,0.45595,-1.96369,-7.64918
37.75317,0.59735,-2.51571,-7.28256
37.76321,0.49814,-2.88905,-7.33509
37.77324,0.20994,-3.04019,-7.67536
37.78328,0.03546,-3.15092,-8.26673
37.79332,-0.12614,-3.21796,-8.67195
37.80336,-0.32875,-3.31417,-8.90374
37.81339,-0.43589,-3.33378,-9.05801
37.82343,-0.31424,-3.24205,-8.82548
37.83347,-0.16161,-3.22963,-8.5491
37.8435,-0.07168,-3.24729,-8.50061
37.85354,-0.00688,-3.33692,-8.71699
37.86358,-0.01466,-3.45408,-9.15109
37.87361,-0.22461,-3.52307,-9.64998
37.88365,-0.59915,-3.5524,-10.11146
37.89369,-0.95529,-3.47578,-10.33472
37.90372,-1.19471,-3.2814,-10.38395
37.91376,-1.24035,-3.07939,-10.12283
37.9238,-1.0343,-3.09017,-9.71851
37.93383,-0.804,-3.23651,-9.2479
37.94387,-0.67546,-3.43598,-9.02045
37.95391,-0.83094,-3.65011,-9.11712
37.96394,-1.17017,-3.79182,-9.34277
37.97398,-1.53738,-3.82788,-9.51635
37.98402,-1.86359,-3.8608,-9.6811
37.99405,-2.05587,-3.92335,-9.7655
38.00409,-2.13503,-3.99592,-9.89314
38.01413,-2.23574,-4.05024,-10.28205
38.02416,-2.50448,-4.08316,-10.81895
38.0342,-2.92332,-4.14182,-11.37874
38.04424,-3.20988,-4.17354,-11.55756
38.05427,-3.15346,-4.12925,-11.27893
38.06431,-2.72685,-4.06131,-10.5282
38.07435,-2.05587,-3.91557,-9.54224
38.08439,-1.507,-3.61465,-8.76113
38.09442,-1.19067,-3.31881,-8.55149
38.10446,-1.29302,-3.22963,-8.98574
38.1145,-1.61818,-3.21451,-9.66075
38.12453,-1.66771,-3.12309,-10.20005
38.13457,-1.4663,-2.89429,-10.35747
38.14461,-1.17211,-2.66564,-10.3003
38.15464,-0.70674,-2.49581,-10.21247
38.16468,-0.47914,-2.2311,-9.98487
38.17472,-0.7422,-1.95322,-9.71597
38.18475,-0.8664,-1.79131,-9.93279
38.19479,-0.97968,-1.67534,-10.36255
38.20483,-1.06662,-1.62043,-10.84499
38.21486,-0.93344,-1.66442,-11.41974
38.2249,-0.76495,-1.52256,-11.72306
38.23494,-0.63147,-1.25007,-11.75059
38.24497,-0.42303,-0.91249,-11.55352
38.25501,-0.25543,-0.56309,-11.22866
38.26505,-0.25289,-0.32786,-10.79845
38.27508,-0.33923,-0.17957,-10.42106
38.28512,-0.47989,-0.11612,-10.4046
38.29516,-0.5568,-0.24526,-10.90664
38.30519,-0.66245,-0.59152,-11.43845
38.31523,-0.82929,-0.82495,-11.61697
38.32527,-0.83408,-1.07784,-11.35719
38.3353,-0.82525,-1.39687,-11.04595
38.34534,-0.9487,-1.67863,-10.9825
38.35538,-1.01649,-1.93556,-10.88284
38.36541,-1.04537,-2.24352,-10.75386
38.37545,-1.1169,-2.69991,-10.63041
38.38549,-1.12064,-3.07625,-10.35088
38.39552,-0.95394,-3.19102,-10.20513
38.40556,-0.72933,-2.97659,-10.0763
38.4156,-0.46792,-2.65143,-9.96317
38.42563,-0.08365,-2.33719,-9.868
38.43567,0.34162,-2.09433,-9.68619
38.44571,0.57536,-2.08969,-9.4978
38.45575,0.42377,-2.34228,-9.4354
38.46578,-0.17508,-2.79463,-9.71043
38.47582,-0.80924,-3.56227,-10.25062
38.48586,-1.32055,-4.17369,-10.60826
38.49589,-1.53678,-4.17145,-10.61724
38.50593,-1.32998,-3.77012,-10.34295
38.51597,-1.00137,-3.26524,-10.00537
38.526,-0.72544,-2.79388,-9.76535
38.53604,-0.4947,-2.32657,-9.46577
38.54608,-0.33938,-1.89471,-9.26466
38.55611,-0.06734,-1.4054,-9.48104
38.56615,0.37888,-0.70135,-10.11655
38.57681,0.37888,-0.70135,-10.11655
38.58685,0.6183,-0.21862,-10.9005
38.59689,0.33324,-0.42692,-11.37126
38.60692,-0.18899,-0.81208,-11.47286
38.61696,-0.56279,-1.06901,-11.12675
38.627,-0.7214,-1.14308,-10.69086
38.63703,-0.6816,-1.01514,-10.41912
38.64707,-0.45759,-0.69462,-10.24958
38.65711,-0.23882,-0.31888,-10.0736
38.66714,-0.39115,-0.23837,-9.75981
38.67718,-0.76435,-0.57401,-9.81204
38.68722,-1.113,-0.76031,-10.13466
38.69726,-1.1368,-0.49934,-10.78723
38.70729,-0.81029,-0.0621,-11.51327
38.71733,-0.64284,0.13602,-12.04268
38.72737,-0.5583,0.24855,-12.15865
38.7374,-0.37843,0.53855,-11.58255
38.74744,-0.60633,-0.19124,-10.14064
38.75748,-1.42006,-1.69569,-9.6612
38.76751,-2.27808,-2.25414,-10.32664
38.77755,-2.86406,-2.84745,-10.78259
38.78759,-3.24758,-3.10663,-10.65973
38.79762,-3.06907,-2.73148,-10.01689
38.80766,-2.26342,-1.92973,-9.55631
38.8177,-1.2577,-1.21745,-9.19433
38.82773,-0.40881,-0.81403,-9.13897
38.83777,0.09233,-0.66933,-9.44797
38.84781,0.3702,-0.82181,-9.86486
38.85784,0.46448,-0.83752,-10.04053
38.86788,0.4751,-0.70195,-9.85887
38.87792,0.52972,-0.37484,-9.76984
38.88795,0.58089,0.15802,-9.78016
38.89799,0.77901,0.38621,-9.81114
38.90803,0.9493,0.31454,-9.622
38.91806,1.02502,0.15338,-9.28157
38.9281,0.95199,-0.22072,-8.70292
38.93814,0.61726,-0.99928,-7.85208
38.94817,0.01317,-2.1871,-7.12859
38.95821,-0.48572,-3.11336,-7.59486
38.96825,-0.89723,-3.21781,-8.50585
38.97828,-1.04956,-2.47396,-9.1665
38.98832,-0.77033,-1.53199,-9.34352
38.99836,-0.37424,-0.96007,-9.24895
39.00839,-0.03921,-0.57476,-9.51246
39.01843,0.33145,0.20231,-10.20379
39.02847,0.75432,0.90097,-10.72632
39.0385,0.66873,0.89498,-10.86893
39.04854,0.32426,0.30736,-11.20456
39.05858,-0.01107,-0.54633,-11.3741
39.06861,-0.50712,-1.32579,-10.9843
39.07865,-0.80101,-1.68133,-10.35836
39.08869,-0.83722,-1.7762,-9.64474
39.09872,-0.76046,-1.70452,-9.38737
39.10876,-0.50129,-1.59633,-9.68844
39.1188,0.01945,-1.41048,-9.94806
39.12883,0.46133,-1.07185,-9.8906
39.13887,0.83677,-0.38547,-10.04233
39.14891,1.00601,0.23837,-10.06133
39.15894,1.03385,0.55351,-10.02048
39.16898,0.97908,0.44577,-10.31617
39.17902,0.80026,0.25408,-10.05295
39.18905,0.74744,0.04729,-9.51695
39.19909,0.63596,-0.05776,-9.09004
39.20913,0.2891,-0.15039,-8.99651
39.21917,-0.34536,-0.42796,-9.20391
39.2292,-0.90665,-0.86191,-9.82326
39.23924,-1.15505,-1.13111,-10.62651
39.24928,-0.87703,-0.82136,-10.97367
39.25931,0.05297,-0.31603,-10.01943
39.26998,0.05297,-0.31603,-10.01943
39.28001,0.02604,-0.55516,-9.66464
39.29005,-0.10579,-0.62414,-9.37195
39.30009,-0.11088,-0.46866,-9.11727
39.31012,-0.23538,-0.46777,-9.47984
39.32016,-0.5586,-0.50533,-10.12747
39.3302,-0.67591,-0.13767,-10.63834
39.34023,-0.49336,0.25812,-10.95527
39.35027,-0.52493,0.09577,-10.82748
39.36031,-0.73292,-0.24526,-10.46027
39.37034,-0.703,-0.63401,-10.39113
39.38038,-0.52224,-0.68489,-9.93983
39.39042,-0.5978,-0.54977,-9.67781
39.40045,-0.77587,-0.79727,-9.67931
39.41049,-0.85293,-0.9484,-9.73946
39.42053,-0.83109,-1.08038,-10.03305
39.43056,-0.60768,-1.23316,-10.09336
39.4406,-0.80355,-1.6101,-10.11999
39.45064,-0.94975,-1.72128,-10.23506
39.46068,-0.77168,-1.62162,-10.07884
39.47071,-0.29838,-1.47827,-9.34412
39.48075,0.24945,-1.31502,-8.69784
39.49079,0.87912,-1.23032,-8.58172
39.50082,1.23915,-1.37846,-8.67135
39.51086,1.17436,-1.8359,-8.70113
39.5209,0.99509,-2.28482,-8.78702
39.53093,0.89259,-2.43176,-8.51483
39.54097,1.10986,-2.36921,-8.12682
39.55101,1.37457,-2.34482,-7.99618
39.56104,1.47333,-2.46348,-8.3194
39.57108,1.37906,-2.5196,-8.86423
39.58112,1.17032,-2.52573,-8.96494
39.59115,1.17331,-2.52334,-8.6721
39.60119,1.26743,-2.30427,-8.25206
39.61123,1.37098,-2.437,-7.07771
39.62126,1.1989,-2.31175,-7.7626
39.6313,0.76495,-2.22586,-8.72956
39.64134,0.98851,-2.26237,-9.39335
39.65137,1.10702,-2.29559,-10.24688
39.66141,1.21416,-2.14416,-10.84259
39.67145,1.32654,-1.99661,-10.95332
39.68148,1.59693,-1.82378,-9.87219
39.69152,1.41333,-1.7548,-8.52411
39.70156,0.67726,-1.82393,-8.15779
39.71159,0.20934,-1.90234,-8.78657
39.72163,0.12031,-1.9812,-9.97574
39.73167,0.46268,-2.07323,-11.11164
39.7417,0.99988,-2.01801,-11.48558
39.75174,1.08577,-1.92075,-11.23838
39.76178,0.84231,-1.95487,-10.86504
39.77181,0.71377,-1.99242,-10.56217
39.78185,0.57236,-2.10361,-10.30255
39.79189,0.65885,-2.08086,-9.96242
39.80192,0.59451,-2.26581,-9.38916
39.81196,0.45654,-2.46693,-9.2922
39.822,0.06015,-2.66086,-8.92319
39.83203,-0.10864,-2.78116,-9.13971
39.84207,-0.15847,-2.95624,-9.4779
39.85211,-0.08888,-2.98901,-10.00312
39.86215,0.30736,-2.76889,-10.64687
39.87218,0.48752,-2.41291,-9.93339
39.88222,-0.01317,-2.62928,-8.75141
39.89226,-0.52029,-2.90237,-8.6085
39.90229,-1.31127,-3.31956,-8.59099
39.91233,-2.09552,-4.26587,-8.13625
39.92237,-1.6725,-3.67824,-8.11934
39.9324,-1.16762,-3.24384,-7.41095
39.94244,-1.0319,-3.18399,-7.22286
39.95248,-0.53914,-3.25163,-8.60341
39.96251,0.86954,-2.65008,-8.65324
39.97255,1.44176,-2.03343,-8.7318
39.98259,0.84964,-2.26058,-9.51321
39.99262,0.53555,-2.39944,-10.12732
40.00266,0.04729,-2.76351,-10.23252
40.0127,0.42991,-2.60295,-9.99834
40.02273,-0.02798,-2.92108,-9.46323
40.03277,-1.76453,-4.16756,-9.57426
40.04281,-0.64314,-3.35787,-9.82072
40.05284,-0.23807,-3.39498,-9.42492
40.06288,-0.52822,-3.79406,-8.94698
40.07292,-0.26815,-3.46321,-8.90463
40.08295,-0.30227,-3.31522,-9.09931
40.09299,-0.16445,-2.86302,-10.08333
40.10303,0.70285,-2.42233,-11.70121
40.11306,0.0199,-2.54953,-11.46583
40.1231,-2.30188,-3.39543,-11.57761
40.13314,-3.13431,-4.24552,-9.46174
40.14317,-2.89399,-3.51439,-8.20239
40.15321,-2.42114,-3.24968,-7.63511
40.16325,-1.78997,-3.07909,-6.70496
40.17328,-1.56027,-2.74376,-7.17213
40.18332,-1.27776,-2.64888,-8.17156
40.19336,-1.02128,-2.41306,-9.07552
40.2034,-1.05943,-2.36397,-9.86366
40.21343,-1.11495,-2.28467,-10.39203
40.22347,-1.15505,-2.47201,-10.77406
40.23351,-1.0729,-2.68704,-11.06286
40.24354,-0.75552,-2.46049,-10.34564
40.25358,-0.66903,-2.17902,-9.79348
40.26362,-0.82286,-2.10181,-10.41837
40.27365,-0.66304,-2.16541,-10.39398
40.28369,-0.52224,-2.07308,-10.40774
40.29373,-0.69297,-2.09373,-10.33966
40.30376,-0.82809,-2.12306,-10.07435
40.3138,-0.94496,-2.19788,-9.84496
40.32384,-1.02128,-2.30846,-9.60524
40.33387,-0.95229,-2.3529,-9.30881
40.34391,-0.73637,-2.37565,-9.10156
40.35395,-0.4121,-2.26701,-9.1873
40.36398,-0.09278,-2.25773,-9.66824
40.37402,0.1028,-2.30906,-10.28744
40.38406,0.11088,-2.32567,-10.51982
40.39409,-0.03442,-2.36517,-10.52356
40.40413,-0.3295,-2.42847,-10.48017
40.41417,-0.66828,-2.49012,-10.49558
40.4242,-0.9508,-2.51421,-10.44261
40.43424,-1.09759,-2.49206,-10.23835
40.44428,-0.92521,-2.46543,-10.0531
40.45431,-0.69552,-2.42982,-9.86501
40.46435,-0.65107,-2.53441,-9.66629
40.47439,-0.70734,-2.58289,-9.73348
40.48442,-0.7826,-2.73089,-9.82925
40.49446,-0.78036,-2.82097,-9.95973
40.5045,-0.621,-2.83219,-9.94716
40.51453,-0.42153,-2.87514,-9.80246
40.52457,-0.33923,-2.90087,-9.62664
40.53461,-0.42527,-3.00846,-9.72839
40.54464,-0.61127,-3.1786,-9.99744
40.55468,-0.7419,-3.26973,-10.29417
40.56472,-0.71033,-3.33722,-10.38919
40.57476,-0.47016,-3.32061,-10.44111
40.58479,-0.12944,-3.33497,-10.60272
40.59483,0.14186,-3.40874,-10.66916
40.60487,0.32561,-3.56631,-10.69939
40.6149,0.41599,-3.6953,-10.76268
40.62494,0.47136,-3.83536,-10.60856
40.63498,0.48123,-3.89896,-10.35298
40.64501,0.43664,-3.9621,-10.1776
40.65505,0.44772,-3.99697,-10.33248
40.66509,0.4136,-4.03782,-10.30045
40.67512,0.24271,-4.04066,-9.87907
40.68516,0.08455,-4.01089,-9.59207
40.6952,0.01167,-3.92215,-9.59401
40.70523,0.00614,-3.78179,-9.71642
40.71527,0.08305,-3.64831,-9.72854
40.72531,-0.02499,-3.51514,-9.99639
40.73534,-0.21907,-3.31298,-10.17251
40.74538,-0.454,-3.22439,-10.05206
40.75542,-0.86416,-3.25567,-9.85364
40.76545,-1.30379,-3.31402,-9.6012
40.77549,-1.59035,-3.38076,-9.21723
40.78553,-1.57883,-3.37208,-8.78852
40.79556,-1.19785,-3.28903,-8.37851
40.8056,-0.85398,-3.33752,-8.45108
40.81564,-0.50877,-3.26943,-8.57423
40.82567,-0.33474,-3.24729,-8.82832
40.83571,-0.44831,-3.30145,-9.38033
40.84575,-0.44397,-3.24953,-9.83598
40.85578,-0.53885,-3.28484,-10.16249
40.86582,-0.70943,-3.35517,-10.23237
40.87586,-0.7223,-3.48252,-10.04263
40.88589,-0.79353,-3.71819,-10.02213
40.89593,-0.9707,-3.98156,-9.994
40.90597,-1.00078,-4.19584,-9.76774
40.91601,-0.85802,-4.30193,-9.45964
40.92604,-0.65526,-4.2946,-9.58519
40.93608,-0.45445,-4.08331,-10.46655
40.94612,-0.59227,-4.01657,-11.6454
40.95615,-0.74924,-3.91886,-12.11017
40.96619,-0.85772,-3.74588,-11.85369
40.97623,-1.02547,-3.6537,-11.56339
40.98626,-1.0337,-3.48805,-11.20591
40.9963,-0.81957,-3.54058,-10.74637
41.00634,-0.47256,-3.56646,-10.46296
41.01637,-0.34566,-3.60731,-10.2189
41.02641,-0.40672,-3.58173,-9.991
41.03645,-0.4142,-3.60791,-9.92397
41.04648,-0.44293,-3.73106,-10.17177
41.05652,-0.70434,-3.8828,-10.13495
41.06656,-1.16957,-4.09857,-10.00866
41.07659,-1.42305,-4.12446,-10.07675
41.08663,-1.22194,-4.07748,-10.1384
41.09667,-0.63925,-4.00221,-10.11296
41.1067,-0.0832,-3.92544,-10.02632
41.11674,0.26112,-3.86409,-9.82371
41.12678,0.38247,-3.85242,-9.6193
41.13681,0.35838,-3.83506,-9.58578
41.14685,0.23927,-3.84958,-9.53236
41.15689,0.10714,-3.84479,-9.32392
41.16692,0.03127,-3.80693,-9.21962
41.17696,0.01451,-3.73795,-9.20181
41.187,0.05626,-3.66717,-9.06011
41.19703,0.14784,-3.4469,-8.80243
41.20707,0.17104,-3.31747,-8.66896
41.21711,0.03741,-3.21451,-8.80453
41.22714,-0.11328,-3.06727,-8.9407
41.23718,-0.14994,-2.86586,-8.87979
41.24722,-0.15712,-2.73597,-8.93381
41.25726,-0.2258,-2.52169,-8.81994
41.26729,-0.39968,-2.36861,-8.54356
41.27733,-0.64853,-2.1886,-8.43881
41.28737,-0.80685,-1.97133,-8.31387
41.2974,-0.81014,-1.77036,-7.98032
41.30744,-1.05569,-1.64751,-7.77322
41.31748,-1.47588,-1.55997,-7.69766
41.32751,-1.77111,-1.42186,-7.51196
41.33755,-1.84608,-1.29781,-7.26266
41.34759,-1.73924,-1.13156,-7.17138
41.35762,-1.64377,-0.99718,-7.37414
41.36766,-1.62327,-0.96591,-7.54712
41.3777,-1.73774,-1.03415,-7.74689
41.38773,-1.82408,-0.98686,-8.07325
41.39777,-1.64571,-0.95828,-8.01055
41.40781,-1.47992,-1.00691,-7.9498
41.41784,-1.56222,-1.07934,-8.13056
41.42788,-1.6511,-1.1956,-8.0523
41.43792,-1.75016,-1.38909,-7.97583
41.44795,-1.91147,-1.59618,-7.87827
41.45799,-1.9417,-1.72996,-7.5992
41.46803,-1.84114,-1.74672,-7.32252
41.47806,-1.73026,-1.8181,-7.33134
41.4881,-1.71081,-1.89815,-7.47515
41.49814,-1.73625,-1.96235,-7.45734
41.50817,-1.72143,-2.05078,-7.31399
41.51821,-1.71814,-2.08759,-7.27807
41.52825,-1.76198,-2.13159,-7.27777
41.53828,-1.78862,-2.17049,-7.34511
41.54832,-1.74298,-2.16885,-7.453
41.55836,-1.67759,-2.20326,-7.58663
41.56839,-1.60441,-2.2935,-7.72429
41.57843,-1.68896,-2.40976,-7.75272
41.58847,-1.78652,-2.44238,-7.6396
41.59851,-1.63973,-2.41141,-7.56643
41.60854,-1.33716,-2.4358,-7.72444
41.61858,-1.1353,-2.48009,-7.95249
41.62862,-1.0536,-2.51705,-8.112
41.63865,-1.05569,-2.54997,-8.14418
41.64869,-1.04821,-2.57556,-8.02626
41.65873,-1.03834,-2.56943,-7.97045
41.66876,-1.00227,-2.56733,-7.98466
41.6788,-1.031,-2.6001,-8.11904
41.68884,-1.0325,-2.62659,-8.26089
41.69887,-1.08008,-2.66804,-8.32808
41.70891,-1.14922,-2.63557,-8.2772
41.71895,-1.17196,-2.63916,-8.02372
41.72898,-1.18109,-2.62584,-7.85208
41.73902,-1.19501,-2.59472,-7.73267
41.74906,-1.20653,-2.61282,-7.58588
41.75909,-1.22823,-2.63078,-7.43923
41.76913,-1.2577,-2.61432,-7.28152
41.77917,-1.29631,-2.68181,-7.17243
41.7892,-1.41871,-2.74286,-7.02085
41.79924,-1.49847,-2.73493,-6.91655
41.80928,-1.49278,-2.7258,-6.83155
41.81931,-1.35961,-2.7647,-6.7913
41.82935,-1.19126,-2.79089,-6.80627
41.83939,-1.08397,-2.8684,-6.88198
41.84942,-0.9897,-2.9106,-6.93151
41.85946,-0.94825,-2.89668,-6.99511
41.8695,-0.89723,-2.90626,-7.11063
41.87953,-0.83707,-2.89055,-7.25458
41.88957,-0.78709,-2.85224,-7.22091
41.89961,-0.68085,-2.79568,-7.17602
41.90964,-0.54827,-2.71428,-7.14684
41.91968,-0.50533,-2.67522,-7.23632
41.92972,-0.61336,-2.59666,-7.36696
41.93976,-0.74759,-2.46393,-7.39344
41.94979,-0.7835,-2.31025,-7.25249
41.95983,-0.71482,-2.12485,-7.28331
41.96987,-0.6412,-1.95995,-7.32012
41.9799,-0.57566,-1.81091,-7.38821
41.98994,-0.54917,-1.77964,-7.61072
41.99998,-0.67247,-1.72472,-7.80076
42.01001,-0.81837,-1.64182,-7.77532
42.02005,-0.92341,-1.49623,-7.77906
42.03009,-0.85847,-1.25396,-7.71038
42.04012,-0.5975,-1.01888,-7.57346
42.05016,-0.33998,-0.84874,-7.6405
42.0602,-0.24107,-0.83617,-7.77831
42.07023,-0.25723,-0.85398,-7.82485
42.08027,-0.41614,-0.87254,-7.90356
42.09031,-0.63431,-0.79263,-8.13774
42.10034,-0.79562,-0.72455,-8.2597
42.11038,-0.82001,-0.67636,-8.25715
42.12042,-0.80296,-0.63626,-8.38434
42.13045,-0.59376,-0.6412,-8.37537
42.14049,-0.2068,-0.68549,-8.39287
42.15053,0.02798,-0.63072,-8.55493
42.16056,-0.16475,-0.65781,-8.83715
42.1706,-0.48273,-0.61681,-9.09258
42.18064,-0.84889,-0.60498,-9.04739
42.19067,-1.18139,-0.5761,-8.96778
42.20071,-1.36619,-0.61292,-8.69664
42.21075,-1.22703,-0.52747,-8.54984
42.22078,-1.01888,-0.39011,-8.87007
42.23082,-0.95319,-0.32426,-9.38512
42.24086,-1.02532,-0.3527,-9.67841
42.25089,-1.30499,-0.33235,-9.7052
42.26093,-1.45433,-0.27488,-9.56573
42.27097,-1.31651,-0.2888,-9.49899
42.28101,-1.20458,-0.38023,-9.82012
42.29104,-1.28913,-0.48946,-10.31243
42.30108,-1.61609,-0.52089,-10.59599
42.31112,-2.0249,-0.56054,-10.6726
42.32115,-2.22526,-0.54977,-10.94569
42.33119,-2.25369,-0.47585,-11.36827
42.34123,-2.02415,-0.19258,-11.69014
42.35126,-1.78832,-0.00045,-12.06019
42.3613,-1.64048,-0.01691,-12.57629
42.37134,-1.60441,-0.10071,-13.131
42.38137,-1.62866,-0.16056,-13.43192
42.39141,-1.57105,-0.05956,-13.55612
42.40145,-1.55967,0.07018,-13.64126
42.41148,-1.48455,0.17792,-13.79644
42.42152,-1.41108,0.22491,-13.87006
42.43156,-1.41617,0.23164,-13.89639
42.44159,-1.43473,0.20979,-13.8726
42.45163,-1.53693,0.13033,-14.03032
42.46167,-1.74373,0.06315,-14.09586
42.4717,-1.91641,-0.02245,-14.06399
42.48174,-1.77306,-0.04205,-14.01117
42.49178,-1.46226,-0.15892,-14.27947
42.50181,-1.25142,-0.29838,-14.63067
42.51185,-1.06677,-0.39938,-14.83268
42.52189,-0.84411,-0.51131,-15.03394
42.53192,-0.59092,-0.63611,-15.26483
42.54196,-0.34851,-0.67756,-15.25451
42.552,-0.17044,-0.71422,-15.3383
42.56203,-0.17493,-0.76555,-15.44933
42.57207,-0.36646,-0.85069,-15.39756
42.58211,-0.59182,-0.91369,-15.24493
42.59214,-0.74235,-0.91444,-15.18133
42.60218,-0.6412,-0.79293,-14.98561
42.61222,-0.40686,-0.69746,-14.61331
42.62226,-0.52224,-0.7012,-14.42895
42.63229,-0.88406,-0.73876,-14.18924
42.64233,-1.22987,-0.75507,-13.85195
42.65237,-1.4434,-0.69552,-13.72476
42.6624,-1.7144,-0.75253,-13.71997
42.67244,-1.9212,-0.78799,-13.79524
42.68248,-1.94544,-0.81971,-13.84612
42.69251,-1.8356,-0.79667,-13.71892
42.70255,-1.77261,-0.78859,-13.7921
42.71259,-1.73684,-0.82615,-13.76576
42.72262,-1.84518,-0.82376,-13.57303
42.73266,-1.93796,-0.75447,-13.27166
42.7427,-1.96818,-0.73248,-12.80165
42.75273,-2.00455,-0.74385,-12.38356
42.76277,-2.00455,-0.79024,-12.05885
42.77281,-1.92988,-0.82076,-11.72336
42.78284,-1.83441,-0.87837,-11.79773
42.79288,-1.68761,-0.91369,-11.99959
42.80292,-1.42231,-0.79727,-11.79084
42.81295,-1.24932,-0.64254,-11.71109
42.82299,-1.34883,-0.57296,-11.86147
42.83303,-1.56371,-0.558,-11.8302
42.84306,-1.70377,-0.55007,-11.51402
42.8531,-1.70108,-0.55441,-11.11164
42.86314,-1.76542,-0.64464,-10.6313
42.87317,-1.71799,-0.71706,-9.98996
42.88321,-1.39477,-0.74684,-9.41849
42.89325,-1.10852,-0.83767,-8.96614
42.90328,-0.99195,-1.05315,-8.54595
42.91332,-0.8462,-1.18767,-7.97793
42.92336,-0.65691,-1.25097,-7.52318
42.93339,-0.48827,-1.32878,-7.27329
42.94343,-0.2481,-1.4449,-6.9577
42.95347,-0.19692,-1.66696,-6.80253
42.96351,-0.1854,-1.80418,-6.63912
42.97354,-0.10534,-1.92658,-6.419
42.98358,0.01676,-1.92299,-6.17854
42.99362,0.03292,-1.8395,-5.97638
43.00365,-0.05462,-1.82333,-5.88644
43.01369,-0.22356,-1.91401,-5.85652
43.02373,-0.29374,-1.94529,-5.64747
43.03376,-0.32172,-1.96579,-5.24644
43.0438,-0.35943,-2.065,-4.79948
43.05384,-0.25678,-2.1274,-4.32946
43.06387,-0.05686,-2.15493,-3.97737
43.07391,0.07452,-2.16526,-3.85781
43.08395,0.10385,-2.34632,-3.94864
43.09398,0.00584,-2.4991,-3.96345
43.10402,-0.11612,-2.65532,-3.6974
43.11406,-0.20051,-2.79897,-3.42685
43.12409,-0.27354,-3.00293,-3.41039
43.13413,-0.32905,-3.09735,-3.27542
43.14417,-0.37843,-3.15212,-3.06772
43.1542,-0.43859,-3.18893,-2.98138
43.16424,-0.40073,-3.16768,-3.01116
43.17428,-0.38966,-3.21317,-2.98557
43.18431,-0.40761,-3.16917,-3.03914
43.19435,-0.46507,-3.22275,-3.12773
43.20439,-0.45774,-3.24938,-3.18249
43.21442,-0.40941,-3.26195,-3.27617
43.22446,-0.38442,-3.29038,-3.44032
43.2345,-0.36422,-3.21212,-3.62332
43.24453,-0.38023,-3.21571,-3.79316
43.25457,-0.50742,-3.19117,-4.12132
43.26461,-0.61531,-3.01116,-4.36478
43.27464,-0.71871,-2.86945,-4.46384
43.28468,-0.92281,-2.74929,-4.29714
43.29472,-1.1335,-2.56479,-3.94909
43.30475,-1.30499,-2.36637,-3.63964
43.31479,-1.45538,-2.22616,-3.61076
43.32483,-1.55399,-2.15553,-3.95417
43.33487,-1.64631,-2.09927,-4.40578
43.3449,-1.77575,-2.00694,-4.73094
43.35494,-1.78982,-1.74702,-4.78466
43.36498,-1.77844,-1.44729,-5.04638
43.37501,-1.78997,-1.1959,-5.7787
43.38505,-1.78563,-1.13665,-6.49801
43.39509,-1.94694,-1.13545,-7.32626
43.40512,-2.10166,-0.97624,-8.07504
43.41516,-1.98898,-0.68594,-8.45033
43.4252,-1.68178,-0.50667,-8.61703
43.43523,-1.42081,-0.36541,-8.56211
43.44527,-1.29422,-0.13572,-8.47667
43.45531,-1.39402,-0.09173,-8.45617
43.46534,-1.76393,-0.34671,-8.50016
43.47538,-2.35185,-0.65362,-8.76278
43.48542,-2.91853,-0.84231,-9.26586
43.49545,-3.16962,-0.77677,-9.61975
43.50549,-3.05725,-0.58134,-9.83299
43.51553,-2.68315,-0.37993,-10.08333
43.52556,-2.19728,-0.17134,-10.38889
43.5356,-1.76378,-0.07796,-10.82209
43.54564,-1.60471,-0.13333,-11.48843
43.55567,-1.71649,-0.04474,-12.01201
43.56571,-1.74747,0.01945,-12.05989
43.57575,-1.91342,-0.09667,-12.29153
43.58578,-2.38881,-0.36227,-12.47574
43.59582,-2.85808,-0.57835,-12.59215
43.60586,-2.99874,-0.64165,-12.89951
43.61589,-2.67193,-0.56892,-13.45467
43.62593,-1.99183,-0.33818,-13.80048
43.63597,-1.2586,-0.21997,-13.9965
43.646,-1.03908,-0.35165,-14.12923
43.65604,-1.40106,-0.57147,-14.16829
43.66608,-2.05348,-0.91593,-14.08628
43.67611,-2.58873,-1.09819,-13.85914
43.68615,-2.81349,-1.13934,-13.70636
43.69619,-2.68929,-1.18034,-13.73314
43.70623,-2.30457,-1.17002,-13.95924
43.71626,-1.74477,-1.02771,-14.38092
43.7263,-1.24888,-0.96367,-14.87323
43.73634,-0.97504,-0.97594,-15.19345
43.74637,-0.98701,-0.95693,-15.22159
43.75641,-1.10687,-1.07006,-15.10397
43.76645,-1.27372,-1.21162,-14.96122
43.77648,-1.57628,-1.36395,-14.78554
43.78652,-1.91656,-1.51164,-14.51799
43.79656,-2.09687,-1.55548,-14.43255
43.80659,-1.96399,-1.44864,-14.54178
43.81663,-1.69584,-1.41333,-14.80455
43.82667,-1.54246,-1.3843,-14.86904
43.8367,-1.57673,-1.31995,-14.57006
43.84674,-1.70123,-1.24977,-14.29368
43.85678,-1.86089,-1.15311,-14.22335
43.86681,-1.88124,-1.04552,-14.29832
43.87685,-1.75061,-1.01215,-14.43614
43.88689,-1.63374,-0.89379,-14.45888
43.89692,-1.55922,-0.75791,-14.21452
43.90696,-1.68297,-0.72125,-13.91271
43.917,-1.99377,-0.76001,-13.5425
43.92703,-2.49057,-0.84261,-13.07833
43.93707,-2.95011,-0.93314,-12.78923
43.94711,-3.19701,-1.02053,-12.61939
43.95714,-3.345,-1.08308,-12.47843
43.96718,-3.34425,-1.13036,-12.41259
43.97722,-3.23247,-1.18004,-12.39718
43.98725,-3.10977,-1.24798,-12.45419
43.99729,-2.91644,-1.20518,-12.50432
44.00733,-2.81334,-1.25815,-12.48067
44.01736,-2.87873,-1.34868,-12.49175
44.0274,-2.96238,-1.41602,-12.4476
44.03744,-3.01071,-1.52989,-12.27028
44.04747,-3.01056,-1.58032,-12.27013
44.05751,-2.79897,-1.67759,-12.37278
44.06755,-2.40632,-1.69465,-12.58093
44.07758,-1.97177,-1.5495,-12.76588
44.08762,-1.61938,-1.46241,-12.83322
44.09766,-1.55264,-1.45148,-12.80688
44.10769,-1.75181,-1.4666,-12.50252
44.11773,-1.95487,-1.52376,-12.01021
44.12777,-1.92823,-1.60352,-11.5411
44.13781,-1.76348,-1.75719,-11.1495
44.14784,-1.80134,-1.9221,-10.61634
44.15788,-2.05243,-2.07039,-9.85004
44.16792,-2.14999,-2.09852,-8.94444
44.17795,-1.92464,-2.01846,-8.17979
44.18799,-1.25726,-1.7946,-7.67207
44.19802,-0.28282,-1.64003,-7.42666
44.20806,0.66798,-1.66337,-7.27718
44.2181,1.14757,-1.69584,-7.19069
44.22814,1.33163,-1.65544,-6.61817
44.23817,1.37741,-1.87346,-5.6551
44.24821,1.19875,-2.00036,-5.01256
44.25825,0.80744,-2.13682,-4.51277
44.26828,0.34237,-2.30113,-4.54105
44.27832,0.18166,-2.09089,-4.8086
44.28836,0.35255,-2.03776,-5.18494
44.29839,0.5351,-2.0662,-5.7184
44.30843,0.41465,-2.13234,-6.07753
44.31847,0.09846,-2.22541,-6.15744
44.3285,-0.10998,-2.12306,-6.39671
44.33854,0.00494,-1.96609,-6.92179
44.34858,0.25857,-1.95337,-7.39524
44.35861,0.28431,-2.05782,-7.75452
44.36865,0.2083,-1.97103,-7.81587
44.37869,0.21338,-1.90953,-7.7222
44.38872,0.04384,-2.04166,-7.52123
44.39876,-0.32471,-2.2498,-7.19218
44.4088,-0.88541,-2.40034,-6.75704
44.41883,-1.25292,-2.26851,-6.69913
44.42887,-0.95229,-1.95277,-6.93675
44.43891,-0.4745,-1.91596,-7.5751
44.44894,-0.53376,-1.85012,-8.03404
44.45898,-0.9095,-1.84383,-7.72534
44.46902,-1.31561,-1.92778,-7.31339
44.47905,-1.75256,-2.05363,-7.34646
44.48909,-1.98988,-2.19578,-7.35708
44.49913,-1.98823,-2.31908,-7.34855
44.50917,-1.84877,-2.34572,-7.30411
44.5192,-1.66621,-2.37699,-7.37324
44.52924,-1.53708,-2.32716,-7.33972
44.53927,-1.53468,-2.4554,-7.51929
44.54931,-1.66681,-2.50538,-7.82889
44.55935,-1.69076,-2.47126,-7.92316
44.56939,-1.64392,-2.48997,-7.8232
44.57942,-1.64272,-2.54264,-7.90281
44.58946,-1.76153,-2.61956,-8.05873
44.5995,-1.91506,-2.71293,-8.15645
44.60953,-2.08266,-2.89938,-8.19251
44.61957,-2.07054,-2.97315,-8.10153
44.62961,-1.82318,-2.96612,-8.19595
44.63964,-1.47618,-2.85613,-8.44929
44.64968,-1.10971,-2.76141,-8.59563
44.65972,-0.91952,-2.78625,-8.79914
44.66975,-0.93972,-2.82037,-8.96748
44.67979,-1.04357,-2.82097,-8.98619
44.68983,-1.14847,-2.8693,-9.03916
44.69986,-1.21566,-2.91838,-9.19688
44.7099,-1.12348,-2.88052,-9.25149
44.71994,-0.97698,-2.82636,-9.23294
44.72997,-0.91803,-2.7656,-9.14929
44.74001,-0.99808,-2.77997,-8.96928
44.75005,-1.17391,-2.74899,-8.87935
44.76008,-1.31906,-2.71024,-8.88054
44.77012,-1.45388,-2.72909,-8.9826
44.78016,-1.51329,-2.75797,-9.08749
44.79019,-1.53977,-2.78176,-9.22217
44.80023,-1.56641,-2.77877,-9.28277
44.81027,-1.61818,-2.7264,-9.10709
44.8203,-1.70886,-2.66924,-8.9793
44.83034,-1.78129,-2.64335,-9.0224
44.84038,-1.80523,-2.65487,-9.1442
44.85041,-1.72293,-2.61163,-9.1671
44.86045,-1.59349,-2.49461,-9.22217
44.87049,-1.43936,-2.43041,-9.27648
44.88052,-1.39043,-2.40662,-9.30791
44.89056,-1.49189,-2.43401,-9.41774
44.9006,-1.58421,-2.48443,-9.41879
44.91064,-1.59005,-2.49865,-9.33843
44.92067,-1.55174,-2.44897,-9.2473
44.93071,-1.49323,-2.46109,-9.11443
44.94075,-1.46061,-2.56748,-8.98873
44.95078,-1.3644,-2.55401,-8.97975
44.96082,-1.22538,-2.42832,-8.92843
44.97085,-0.99704,-2.30412,-8.94788
44.98089,-0.76914,-2.19174,-9.08555
44.99093,-0.62803,-2.13084,-9.23683
45.00097,-0.68684,-2.09897,-9.42418
45.011,-0.95155,-2.1262,-9.49391
45.02104,-1.32654,-2.24935,-9.4351
45.03108,-1.55324,-2.32612,-9.39515
45.04111,-1.67355,-2.36802,-9.41445
45.05115,-1.76004,-2.45181,-9.23099
45.06119,-1.85341,-2.5603,-8.98978
45.07122,-1.88977,-2.51391,-8.74542
45.08126,-1.88558,-2.46902,-8.45602
45.0913,-1.8172,-2.47426,-8.22438
45.10133,-1.62237,-2.38058,-8.02417
45.11137,-1.41033,-2.30951,-7.96476
45.12141,-1.37307,-2.37415,-7.99828
45.13144,-1.62387,-2.47231,-8.03704
45.14148,-2.1063,-2.41231,-7.91897
45.15152,-2.41336,-2.14431,-7.75407
45.16155,-2.3963,-1.93047,-7.86884
45.17159,-2.37176,-1.92374,-8.25491
45.18163,-2.39525,-1.86299,-8.5265
45.19166,-2.31669,-1.95023,-8.72058
45.2017,-2.19369,-1.96235,-9.10261
45.21174,-2.17154,-1.89411,-9.30955
45.22177,-2.30891,-1.93781,-9.32931
45.23181,-2.48324,-1.96354,-9.35325
45.24185,-2.54893,-2.01188,-9.23833
45.25188,-2.69692,-2.05841,-9.18595
45.26192,-2.91464,-2.10465,-9.21438
45.27196,-2.79568,-2.06141,-9.08719
45.28199,-2.28048,-1.88289,-8.89775
45.29203,-1.73086,-1.76363,-8.99307
45.30207,-0.9894,-1.56132,-8.90478
45.3121,-0.10819,-1.45074,-8.61434
45.32214,0.26935,-1.58017,-8.60521
45.33218,0.0428,-1.69719,-8.77595
45.34222,-0.42153,-1.58945,-8.64905
45.35225,-0.84426,-1.51224,-8.59593
45.36229,-1.09565,-1.64661,-8.94519
45.37232,-1.31397,-1.82797,-9.40981
45.38236,-1.64916,-1.86823,-9.373
45.3924,-1.69001,-1.58317,-8.78148
45.40244,-1.38983,-1.30469,-8.45512
45.41247,-1.0717,-1.25202,-8.50346
45.42251,-0.75298,-1.27102,-8.47353
45.43254,-0.50667,-1.35033,-8.3423
45.44258,-0.55949,-1.37711,-8.39093
45.45262,-0.7639,-1.45178,-8.52485
45.46266,-0.95603,-1.46809,-8.83445
45.47269,-1.15475,-1.40315,-9.31315
45.48273,-1.31053,-1.37218,-9.74096
45.49277,-1.38744,-1.41886,-9.84017
45.5028,-1.32205,-1.43413,-9.58683
45.51284,-1.11809,-1.5281,-9.41849
45.52288,-0.99793,-1.68043,-9.24027
45.53291,-0.94586,-2.0228,-8.81036
45.54295,-1.00916,-2.28661,-8.45318
45.55299,-1.1145,-2.36996,-8.3393
45.56302,-1.16837,-2.40064,-8.34963
45.57306,-1.08457,-2.4135,-8.39452
45.5831,-0.85997,-2.43445,-8.46141
45.59313,-0.56743,-2.71443,-8.63379
45.60317,-0.26217,-2.79598,-8.97811
45.61321,-0.08574,-2.75782,-9.17683
45.62324,-0.08514,-2.67372,-9.34188
45.63328,-0.41854,-2.59457,-9.67482
45.64332,-0.75387,-2.56314,-9.56424
45.65335,-0.75732,-2.54549,-8.96449
45.66339,-0.432,-2.56434,-8.71055
45.67343,-0.07976,-2.538,-9.09288
45.68346,-0.13692,-2.63093,-9.85768
45.6935,-0.3916,-2.64709,-9.96571
45.70354,-0.68459,-2.56389,-9.69726
45.71357,-1.12498,-2.52573,-9.67796
45.72361,-1.31247,-2.53815,-9.91813
45.73365,-1.32758,-2.52244,-10.02273
45.74369,-1.24409,-2.40572,-9.89374
45.75372,-1.02966,-2.25624,-9.77568
45.76376,-0.85578,-2.22765,-10.11535
45.7738,-0.92147,-2.2106,-10.68906
45.78383,-1.10208,-2.19369,-10.97741
45.79387,-1.29631,-2.27255,-10.84184
45.80391,-1.37981,-2.32462,-10.6319
45.81394,-1.35213,-2.39914,-10.35103
45.82398,-1.26339,-2.50329,-9.81697
45.83402,-1.07455,-2.65906,-9.19972
45.84405,-0.90127,-2.81064,-8.55837
45.85409,-0.79832,-2.94502,-8.04512
45.86412,-0.77916,-3.10393,-7.98556
45.87416,-0.87553,-3.16319,-8.44944
45.8842,-1.02726,-3.28185,-8.88743
45.89424,-1.16403,-3.25372,-9.05996
45.90427,-1.27282,-3.1988,-9.18356
45.91431,-1.35287,-3.38495,-9.19179
45.92435,-1.28913,-3.43433,-9.1038
45.93438,-1.10358,-3.30115,-9.28202
45.94442,-0.89453,-3.19566,-9.74201
45.95446,-0.76749,-3.07969,-10.03006
45.96449,-0.85398,-3.03016,-9.98936
45.97453,-1.15041,-3.10992,-9.96616
45.98457,-1.53139,-3.36819,-9.94357
45.9946,-1.70946,-3.53983,-9.62649
46.00464,-1.61923,-3.5295,-9.27753
46.01468,-1.46226,-3.52516,-9.31045
46.02471,-1.20907,-3.47309,-9.49271
46.03475,-1.0114,-3.39199,-9.54493
46.04479,-0.9083,-3.29996,-9.44617
46.05482,-0.92072,-3.31821,-9.45769
46.06486,-1.00018,-3.36011,-9.40173
46.0749,-0.98895,-3.33004,-9.23803
46.08493,-0.98641,-3.24594,-8.97197
46.09497,-1.05315,-3.07879,-8.70891
46.10501,-1.23316,-2.93439,-8.49852
46.11504,-1.59753,-3.05545,-8.56077
46.12508,-1.71515,-3.20823,-8.90867
46.13512,-1.47258,-3.2603,-9.4577
46.14515,-0.97833,-3.37388,-9.90586
46.15519,-0.28641,-3.38869,-10.21007
46.16523,0.35719,-3.3224,-10.46491
46.17526,0.69028,-3.3426,-10.72872
46.1853,0.67487,-3.3842,-10.66362
46.19534,0.50757,-3.21407,-10.5722
46.20538,-0.15113,-3.45304,-10.18838
46.21541,-0.79353,-3.52831,-9.36657
46.22545,-1.21147,-3.52965,-8.56915
46.23549,-1.47767,-3.52561,-8.20074
46.24552,-1.59723,-3.46755,-8.1952
46.25556,-1.54965,-3.35832,-8.22528
46.2656,-1.4045,-3.21107,-8.38105
46.27563,-1.20398,-3.01265,-8.71265
46.28567,-0.89977,-2.84536,-9.07537
46.29571,-0.46986,-2.69198,-9.40547
46.30574,-0.09741,-2.48279,-9.43899
46.31578,0.09652,-2.34497,-9.23952
46.32582,0.1218,-2.32672,-8.90658
46.33585,0.00464,-2.32941,-8.55972
46.34589,-0.03621,-2.2926,-8.53653
46.35593,-0.00449,-2.34662,-8.96
46.36596,0.13886,-2.37445,-9.39769
46.376,0.45011,-2.32447,-9.65776
46.38604,0.84306,-2.16002,-9.80545
46.39607,1.20593,-2.04121,-9.77448
46.40611,1.76752,-1.90578,-9.57875
46.41615,2.24217,-1.84608,-9.18431
46.42618,2.13129,-2.12171,-9.00444
46.43622,1.57913,-2.4147,-9.30058
46.44626,0.95529,-2.7252,-9.4764
46.45629,0.59346,-2.8066,-9.33933
46.46633,0.51266,-2.8488,-9.00938
46.47637,0.45265,-2.85224,-9.05846
46.4864,0.45744,-2.74525,-9.34442
46.49644,0.51236,-2.61312,-9.70639
46.50648,0.46373,-2.46663,-10.14124
46.51651,0.1046,-2.48907,-10.53479
46.52655,-0.46522,-2.51571,-10.81236
46.53659,-1.20234,-2.54593,-10.7561
46.54662,-1.90339,-2.57586,-10.70552
46.55666,-2.4994,-2.59606,-10.91576
46.5667,-2.90402,-2.56853,-11.05298
46.57673,-3.11845,-2.47291,-10.98894
46.58677,-3.12354,-2.22062,-11.02605
46.59681,-2.84461,-1.97163,-11.25424
46.60684,-2.40722,-1.78578,-11.51461
46.61688,-1.92688,-1.65634,-11.68715
46.62692,-1.58347,-1.59499,-11.74805
46.63695,-1.33447,-1.61968,-11.69538
46.64699,-1.20518,-1.75809,-11.51731
46.65703,-1.21581,-1.90623,-11.29345
46.66707,-1.13171,-1.94589,-11.03428
46.6771,-0.8857,-1.91147,-10.79456
46.68714,-0.62698,-1.91102,-10.63759
46.69718,-0.45654,-1.92224,-10.56097
46.70721,-0.39983,-1.91491,-10.43363
46.71725,-0.45819,-1.88858,-10.29761
46.72729,-0.50114,-1.74133,-10.28669
46.73732,-0.59975,-1.73191,-10.42031
46.74736,-0.70779,-1.70078,-10.4875
46.7574,-0.81493,-1.60621,-10.41732
46.76743,-0.89513,-1.47423,-10.32948
46.77747,-0.89379,-1.36305,-10.34819
46.78751,-0.87448,-1.31876,-10.31841
46.79754,-0.84815,-1.29601,-10.32978
46.80758,-0.86625,-1.23376,-10.24269
46.81762,-0.86969,-1.12333,-10.16578
46.82765,-0.72993,-1.02412,-10.22863
46.83769,-0.47675,-0.95603,-10.39832
46.84773,-0.28925,-1.00706,-10.45398
46.85776,-0.2677,-1.03025,-10.41582
46.8678,-0.28566,-1.06048,-10.34534
46.87784,-0.24466,-1.16149,-10.24614
46.88787,-0.11387,-1.20773,-10.08617
46.89791,0.01736,-1.19964,-9.7016
46.90795,0.04893,-1.20982,-9.30626
46.91798,-0.00195,-1.26698,-9.21364
46.92802,-0.05402,-1.33417,-9.4134
46.93806,-0.0829,-1.37367,-9.50797
46.94809,-0.12719,-1.40854,-9.33709
46.95813,-0.20051,-1.41916,-9.08884
46.96817,-0.23119,-1.41138,-8.88862
46.9782,-0.20291,-1.40136,-8.82353
46.98824,-0.16251,-1.38774,-8.92738
46.99828,-0.13767,-1.33103,-9.13403
47.00831,-0.13048,-1.3198,-9.21483
47.01835,-0.13153,-1.25696,-9.32452
47.02839,-0.15353,-1.1983,-9.53955
47.03842,-0.23209,-1.15176,-9.85663
47.04846,-0.2668,-1.16179,-10.06433
47.0585,-0.28805,-1.16224,-10.01869
47.06853,-0.31888,-1.20982,-9.91544
47.07857,-0.40223,-1.24888,-9.77044
47.08861,-0.44532,-1.25082,-9.69218
47.09864,-0.45206,-1.33641,-9.66883
47.10868,-0.49934,-1.40659,-9.55705
47.11872,-0.49949,-1.46794,-9.41191
47.12875,-0.42617,-1.59963,-9.41789
47.13879,-0.309,-1.72203,-9.56379
47.14883,-0.041,-1.7967,-9.6624
47.15886,0.24975,-1.81645,-9.7432
47.1689,0.47555,-1.7949,-9.90362
47.17894,0.62773,-1.78847,-10.23716
47.18897,0.75357,-1.76513,-10.66407
47.19901,0.82061,-1.70961,-10.97083
47.20905,0.74894,-1.64616,-11.01452
47.21908,0.51101,-1.56865,-10.96066
47.22912,0.30721,-1.5477,-10.98759
47.23916,0.27084,-1.51388,-11.09802
47.2492,0.29987,-1.46091,-11.0871
47.25923,0.31005,-1.38924,-10.95392
47.26927,0.19139,-1.41976,-10.92654
47.27931,0.06868,-1.41168,-10.90304
47.28934,-0.01302,-1.36559,-11.01019
47.29938,-0.12136,-1.41856,-11.0434
47.30942,-0.21069,-1.4446,-11.02111
47.31945,-0.08544,-1.39387,-11.11688
47.32949,0.19258,-1.41812,-11.34837
47.33953,0.45505,-1.48979,-11.51207
47.34956,0.59661,-1.589,-11.55442
47.3596,0.59661,-1.72607,-11.48274
47.36964,0.60558,-1.85266,-11.26173
47.37967,0.76285,-1.83441,-11.25634
47.38971,1.1573,-1.67699,-11.49935
47.39975,1.57568,-1.61654,-11.86417
47.40978,1.69704,-1.69465,-12.33089
47.41982,1.65679,-1.80373,-12.65545
47.42986,1.64227,-1.8374,-12.65246
47.43989,1.63629,-1.82318,-12.73356
47.44993,1.53049,-1.93691,-12.98136
47.45997,1.18618,-2.17289,-12.9634
47.47,0.72859,-2.16346,-12.66458
47.48004,0.49066,-2.06036,-12.13561
47.49008,0.54453,-2.03178,-11.86925
47.50011,0.76869,-1.85356,-11.90367
47.51015,1.1546,-1.76064,-11.88317
47.52019,1.37966,-1.85236,-12.09311
47.53022,1.42934,-1.9001,-12.07067
47.54026,1.37622,-2.04794,-11.66395
47.5503,1.02427,-2.23828,-11.30587
47.56033,0.48168,-2.40453,-10.92474
47.57037,-0.08335,-2.50209,-10.80997
47.58041,-0.7208,-2.65741,-11.04445
47.59044,-1.14024,-2.67028,-10.85396
47.60048,-1.12722,-2.43041,-10.73844
47.61052,-0.6813,-2.20147,-10.97906
47.62055,0.01212,-2.29619,-11.15324
47.63059,0.18226,-2.69542,-11.69029
47.64063,-0.31963,-3.15436,-11.73383
47.65067,-0.98297,-3.49613,-11.15982
47.6607,-1.4452,-3.81127,-10.1981
47.67074,-1.86344,-4.09364,-10.08827
47.68077,-1.95187,-3.99188,-9.75458
47.69081,-1.53334,-3.90165,-9.02883
47.70085,-1.02217,-3.65146,-8.79929
47.71088,-0.53151,-3.18878,-8.61943
47.72092,0.11073,-2.59861,-8.50615
47.73096,0.52403,-2.21194,-9.269
47.741,0.19064,-2.23454,-10.52566
47.75103,-0.2065,-2.0017,-11.02335
47.76107,-0.57012,-1.71096,-10.98804
47.77111,-1.03265,-1.60471,-11.29539
47.78114,-1.1995,-1.38953,-11.58674
47.79118,-1.03519,-1.29018,-11.43052
47.80122,-0.82839,-1.25277,-11.08201
47.81125,-0.63072,-1.02996,-10.76837
47.82129,-0.37065,-0.8667,-9.98053
47.83133,-0.16774,-0.7241,-9.20481
47.84136,-0.30661,-0.59167,-8.87665
47.8514,-0.69896,-0.48872,-8.43522
47.86144,-1.24424,-0.4736,-7.93064
47.87147,-1.78308,-0.50563,-7.49789
47.88151,-2.13084,-0.52568,-7.18979
47.89155,-2.27195,-0.64299,-6.90099
47.90158,-2.07308,-0.71377,-6.72651
47.91162,-1.47632,-0.78186,-6.43172
47.92166,-0.88645,-0.75941,-5.89213
47.93169,-0.67457,-0.76704,-5.31079
47.94173,-0.85623,-0.86251,-5.19078
47.95177,-1.07111,-0.87733,-5.42317
47.9618,-1.25381,-0.98536,-5.58537
47.97184,-1.45403,-1.10418,-5.8233
47.98188,-1.50057,-1.15505,-6.06332
47.99191,-1.18004,-1.14428,-5.92026
48.00195,-0.88735,-1.10537,-5.86804
48.01199,-0.96426,-0.98641,-5.76554
48.02202,-1.35946,-0.96262,-5.58283
48.03206,-1.79191,-0.99748,-5.8028
48.0421,-2.01711,-1.08891,-6.17554
48.05213,-2.17543,-1.05105,-6.28463
48.06217,-2.24367,-1.01469,-6.21325
48.07221,-2.05363,-1.03669,-6.15819
48.08224,-1.74058,-1.02666,-6.18632
48.09228,-1.44056,-0.9897,-6.29585
48.10232,-1.1986,-0.91653,-6.32024
48.11235,-1.2595,-0.87673,-6.29795
48.12239,-1.50565,-0.81223,-6.26084
48.13243,-1.76064,-0.81971,-6.09803
48.14247,-2.00335,-0.92207,-6.0485
48.1525,-2.24412,-0.99299,-5.99583
48.16254,-2.28317,-1.10178,-5.76838
48.17257,-2.1048,-1.22,-5.53375
48.18261,-1.80014,-1.35796,-5.26739
48.19265,-1.49907,-1.42769,-5.2632
48.20269,-1.24259,-1.49323,-5.40596
48.21272,-1.09191,-1.64901,-5.48212
48.22276,-1.10852,-1.86329,-5.62518
48.2328,-1.17181,-2.00469,-5.88824
48.24283,-1.22508,-2.2281,-6.14861
48.25287,-1.30589,-2.57092,-6.30468
48.26291,-1.25576,-2.79613,-6.28059
48.27294,-1.03923,-2.98751,-6.19874
48.28298,-0.70195,-3.16603,-6.14247
48.29302,-0.35689,-3.18638,-6.19126
48.30305,-0.02065,-3.15182,-6.24213
48.31309,0.30122,-3.05784,-6.34419
48.32313,0.48483,-2.94217,-6.58376
48.33316,0.52134,-2.8265,-6.55428
48.3432,0.54378,-2.57676,-6.16327
48.35324,0.51475,-2.34707,-6.05284
48.36327,0.40836,-2.1479,-6.37232
48.37331,0.22356,-1.92404,-6.67399
48.38335,0.02813,-1.60172,-6.89261
48.39338,-0.17762,-1.25411,-7.13293
48.40342,-0.29075,-0.84575,-7.43684
48.41346,-0.34536,-0.57251,-7.92825
48.42349,-0.40103,-0.28551,-8.51812
48.43353,-0.5797,0.09667,-8.95087
48.44357,-1.00527,0.36152,-9.21543
48.4536,-1.45014,0.58448,-9.31344
48.46364,-1.77605,0.7443,-9.23937
48.47368,-2.06186,0.74594,-9.1469
48.48371,-2.34707,0.63521,-9.15573
48.49375,-2.51825,0.5357,-9.2301
48.50379,-2.44822,0.58074,-9.25853
48.51382,-2.37654,0.72335,-9.10769
48.52386,-2.2703,0.8661,-8.97691
48.5339,-2.18546,0.85099,-8.8765
48.54393,-2.13204,0.85234,-8.96284
48.55397,-2.08894,0.80999,-9.34651
48.56401,-2.17139,0.71661,-9.62035
48.57404,-2.27,0.73263,-9.65357
48.58408,-2.31355,0.7422,-9.71941
48.59412,-2.32312,0.71003,-9.91918
48.60415,-2.29484,0.77078,-9.9509
48.61419,-2.2519,0.9478,-9.94881
48.62423,-2.14236,1.12064,-10.06867
48.63427,-1.94948,1.26174,-10.19212
48.6443,-1.71978,1.37921,-10.33188
48.65434,-1.54172,1.44146,-10.65988
48.66437,-1.49054,1.43353,-10.99911
48.67441,-1.45762,1.35123,-11.29674
48.68445,-1.403,1.24214,-11.4588
48.69449,-1.38834,1.20817,-11.50923
48.70452,-1.41587,1.27491,-11.56355
48.71456,-1.37921,1.36036,-11.79788
48.72459,-1.18378,1.38654,-12.31158
48.73463,-0.72469,1.47528,-12.89786
48.74467,-0.24735,1.6924,-13.57004
48.7547,0.19273,1.7964,-14.27333
48.76474,0.71826,1.72577,-14.63665
48.77478,0.9514,1.44475,-14.66374
48.78482,0.88047,1.22344,-14.11831
48.79485,0.73053,0.94616,-13.55268
48.80489,0.40926,0.64135,-13.24368
48.81493,0.09442,0.41105,-12.82349
48.82496,-0.0826,0.16505,-12.27627
48.835,-0.20201,0.0205,-11.92013
48.84504,-0.17358,0.02409,-11.82586
48.85507,-0.07676,0.07976,-11.93031
48.86511,0.05237,0.16505,-12.48576
48.87515,0.21249,0.10385,-13.26223
48.88518,0.23733,-0.03217,-13.96373
48.89522,0.05701,-0.12719,-14.244
48.90526,-0.17253,-0.19872,-14.31703
48.91529,-0.44308,-0.29598,-14.21303
48.92533,-0.6394,-0.42692,-14.21602
48.93537,-0.66185,-0.43904,-14.39888
48.9454,-0.50039,-0.44801,-14.77447
48.95544,-0.21653,-0.44293,-15.09125
48.96548,-0.05851,-0.37918,-15.16323
48.97551,0.03412,-0.19977,-14.93802
48.98555,0.25229,-0.09397,-14.6772
48.99559,0.28715,-0.05911,-14.59236
49.00562,0.10116,-0.08619,-14.55061
49.01566,0.02948,-0.11986,-14.2256
49.0257,-0.09203,-0.23314,-13.89505
49.03573,-0.42527,-0.35823,-13.70501
49.04577,-0.68175,-0.3509,-13.52485
49.05581,-0.87942,-0.31319,-13.50614
49.06584,-1.12363,-0.27593,-13.51033
49.07588,-1.41527,-0.17612,-13.41351
49.08592,-1.7328,-0.07841,-13.22108
49.09595,-2.00694,-0.02753,-12.94455
49.10599,-2.11064,0.07362,-12.58318
49.11603,-2.09538,0.13856,-12.36216
49.12606,-1.96818,0.22476,-12.33208
49.1361,-1.68267,0.36332,-12.33163
49.14614,-1.71784,0.14126,-12.49384
49.15618,-2.11468,-0.07452,-12.64123
49.16621,-2.4135,-0.20485,-12.47723
49.17625,-2.31744,-0.30691,-12.29378
49.18629,-1.96923,-0.40806,-12.27806
49.19632,-1.5908,-0.52059,-12.37473
49.20636,-1.21805,-0.58972,-12.4268
49.2164,-0.83049,-0.3497,-12.37144
49.22643,-0.55306,-0.12585,-12.6761
49.23647,-0.43874,0.01751,-12.93363
49.2465,-0.55171,0.07213,-13.0882
49.25654,-0.87314,-0.00449,-13.06426
49.26658,-1.19456,-0.11776,-12.78878
49.27662,-1.37861,-0.04055,-12.25472
49.28665,-1.39357,0.13303,-11.61951
49.29669,-1.17151,0.3096,-11.29255
49.30673,-1.01469,0.2885,-11.20711
49.31676,-0.92252,0.30137,-10.83406
49.3268,-0.7847,0.25753,-10.15156
49.33684,-0.68504,0.11687,-9.38153
49.34687,-0.86116,-0.1245,-8.86663
49.35691,-1.24199,-0.32681,-8.38075
49.36695,-1.56656,-0.45445,-7.86196
49.37698,-1.65185,-0.45146,-7.33613
49.38702,-1.51463,-0.47809,-6.82961
49.39706,-1.13949,-0.44517,-6.4612
49.40709,-0.69971,-0.38128,-6.17315
49.41713,-0.32142,-0.32382,-6.08905
49.42717,-0.07587,-0.54019,-6.06451
49.4372,0.10684,-0.90456,-6.1106
49.44724,0.06345,-1.16957,-6.1917
49.45728,-0.07557,-1.23705,-6.12422
49.46731,-0.09457,-1.38834,-5.96949
49.47735,0.08709,-1.47977,-5.84619
49.48739,0.34192,-1.72368,-5.68563
49.49742,0.46418,-1.93915,-5.58702
49.50746,0.54034,-2.16346,-5.52971
49.5175,0.66693,-2.19264,-5.39563
49.52753,0.74205,-2.17902,-5.19617
49.53757,0.72649,-2.25339,-4.78586
49.54761,0.67008,-2.44134,-4.44319
49.55764,0.58374,-2.6833,-4.27754
49.56768,0.41061,-2.93784,-4.20751
49.57772,0.20066,-3.10438,-4.1912
49.58775,0.03531,-3.0749,-4.10725
49.59779,-0.03516,-3.06174,-3.75201
49.60783,-0.01481,-3.02178,-3.40156
49.61786,0.03098,-2.95385,-3.48686
49.6279,0.05746,-2.94232,-3.71326
49.63794,0.08784,-2.91419,-3.9039
49.64797,0.04654,-2.88397,-4.20691
49.65801,-0.08859,-2.80975,-4.43376
49.66805,-0.32606,-2.68585,-4.59343
49.67808,-0.45056,-2.47575,-4.66585
49.68812,-0.43619,-2.29589,-4.67887
49.69816,-0.31828,-2.15358,-4.78272
49.7082,-0.2481,-2.1461,-5.098
49.71823,-0.30062,-2.08685,-5.35822
49.72827,-0.37379,-2.08086,-5.53704
49.7383,-0.41854,-2.03372,-5.63056
49.74834,-0.45804,-1.99108,-5.7618
49.75838,-0.56997,-1.99078,-5.96725
49.76842,-0.65751,-2.08101,-6.21011
49.77845,-0.65272,-2.07891,-6.32084
49.78849,-0.55381,-2.03791,-6.15474
49.79853,-0.41524,-2.01801,-5.95393
49.80856,-0.30466,-1.95681,-5.8435
49.8186,-0.25603,-2.03343,-5.90036
49.82864,-0.24376,-2.05423,-6.06002
49.83867,-0.21323,-2.09927,-6.41332
49.84871,-0.24511,-2.05033,-7.16629
49.85875,-0.47285,-2.01098,-8.10722
49.86878,-0.72469,-1.9215,-8.67704
49.87882,-0.86101,-1.72472,-8.74078
49.88886,-0.76585,-1.6496,-8.5485
49.89889,-0.54438,-1.74896,-8.26389
49.90893,-0.49695,-1.816,-8.23845
49.91897,-0.6198,-1.86433,-8.03329
49.929,-0.83947,-1.97028,-7.9501
49.93904,-1.11061,-1.92479,-7.93827
49.94908,-1.39911,-1.90593,-7.7614
49.95911,-1.57329,-1.84354,-7.825
49.96915,-1.82588,-1.93003,-8.29067
49.97919,-1.85895,-1.92045,-8.5473
49.98922,-1.72906,-1.9203,-8.61239
49.99926,-1.72323,-1.80044,-8.86558
50.0093,-1.89905,-1.72218,-9.22411
50.01933,-2.0451,-1.61773,-9.62035
50.02937,-2.07338,-1.42141,-10.08632
50.03941,-1.92943,-1.42799,-10.37437
50.04944,-1.68507,-1.55578,-10.52431
50.05948,-1.57553,-1.67444,-10.76777
50.06952,-1.75525,-1.81675,-10.85696
50.07955,-2.02579,-1.86359,-10.97218
50.08959,-2.34063,-1.72517,-11.2294
50.09963,-2.39166,-1.48755,-11.33939
50.10966,-2.21015,-1.35766,-11.43156
50.1197,-1.87481,-1.2167,-11.48947
50.12974,-1.29885,-1.00197,-11.47242
50.13977,-0.61426,-0.87927,-11.60903
50.14981,-0.12525,-0.80969,-11.77917
50.15985,-0.03202,-0.69567,-11.82436
50.16988,-0.33055,-0.64284,-11.7467
50.17992,-0.8034,-0.7853,-11.624
50.18996,-1.41497,-1.03549,-11.71857
50.19999,-1.83396,-1.13006,-11.7868
50.21003,-1.76213,-1.06692,-11.82406
50.22007,-1.56506,-0.88271,-11.93899
50.2301,-1.36874,-0.63716,-12.21626
50.24014,-1.22733,-0.54423,-12.61415
50.25018,-1.15161,-0.56518,-13.0484
50.26021,-1.21985,-0.58778,-13.38628
50.27025,-1.29062,-0.58763,-13.563
50.28029,-1.36095,-0.57715,-13.60475
50.29033,-1.43248,-0.47061,-13.60296
50.30036,-1.47184,-0.40761,-13.54609
50.3104,-1.64646,-0.38741,-13.42983
50.32044,-1.89815,-0.34462,-13.08551
50.33047,-2.09523,-0.33534,-12.83995
50.34051,-2.03358,-0.28012,-12.66757
50.35055,-1.82423,-0.16311,-12.54232
50.36058,-1.73475,0.04744,-12.56537
50.37062,-1.80448,0.1221,-12.49908
50.38066,-2.10331,0.16056,-12.38101
50.39069,-2.47516,0.1245,-12.26265
50.40073,-2.68809,0.15443,-12.52631
50.41077,-2.67088,0.23493,-12.89816
50.4208,-2.53711,0.29538,-13.10481
50.43084,-2.41889,0.37993,-13.10032
50.44088,-2.42398,0.38397,-12.83113
50.45091,-2.66864,0.31244,-12.53634
50.46095,-2.97869,0.26366,-12.32415
50.47099,-3.19656,0.15188,-12.29662
50.48102,-3.29442,0.03008,-12.4057
50.49106,-3.29936,-0.02574,-12.46302
50.5011,-3.29711,-0.08874,-12.48816
50.51113,-3.35278,-0.17942,-12.48726
50.52117,-3.46606,-0.26172,-12.44341
50.53121,-3.60881,-0.28087,-12.38969
50.54124,-3.63949,-0.29374,-12.31951
50.55128,-3.59325,-0.2882,-12.35258
50.56132,-3.5723,-0.34716,-12.50147
50.57135,-3.58412,-0.35644,-12.42725
50.58139,-3.6736,-0.37589,-12.20414
50.59143,-3.75755,-0.3702,-12.06244
50.60146,-3.9009,-0.42841,-11.89918
50.6115,-4.12925,-0.5384,-11.64196
50.62154,-4.33365,-0.53271,-11.38982
50.63157,-4.30477,-0.46866,-11.36572
50.64161,-4.0881,-0.48827,-11.64899
50.65165,-3.80124,-0.58613,-12.08039
50.66168,-3.53414,-0.64,-12.35184
50.67172,-3.21975,-0.70883,-12.52467
50.68176,-2.91928,-0.93209,-12.53454
50.69179,-2.5811,-1.04178,-12.41932
50.70183,-2.0834,-1.07051,-12.30934
50.71187,-1.57509,-1.00527,-12.48037
50.7219,-1.3629,-0.96277,-12.75092
50.73194,-1.39402,-0.91249,-12.69496
50.74198,-1.62836,-0.92132,-12.31697
50.75201,-1.89351,-0.88152,-11.95185
50.76205,-1.94215,-0.79772,-11.59901
50.77209,-1.80328,-0.84575,-11.22626
50.78212,-1.83575,-0.96456,-11.13079
50.79216,-1.90444,-0.97549,-10.81416
50.8022,-1.78503,-0.97818,-10.37303
50.81223,-1.66771,-1.03055,-10.10622
50.82227,-1.66786,-1.02217,-9.81293
50.83231,-1.4871,-1.01918,-9.31195
50.84234,-1.08861,-0.96337,-9.07866
50.85238,-0.57221,-0.86954,-8.89356
50.86242,-0.12704,-0.85757,-8.82069
50.87246,0.00015,-0.87852,-8.78597
50.88249,-0.1878,-0.95454,-8.6908
50.89253,-0.44068,-0.95753,-8.38405
50.90256,-0.57581,-0.95828,-7.8054
50.9126,-0.55141,-1.01694,-7.19353
50.92264,-0.57625,-1.05869,-6.59692
50.93267,-0.54064,-0.94466,-5.91128
50.94271,-0.26351,-0.81582,-5.36496
50.95275,0.18286,-0.87538,-5.17626
50.96278,0.46672,-1.05869,-5.30031
50.97282,0.35898,-1.27282,-5.60198
50.98286,0.19468,-1.43293,-5.46881
50.99289,0.19528,-1.6104,-5.29253
51.00293,0.20455,-1.91776,-5.27054
51.01297,0.11881,-2.19518,-5.24839
51.02301,-0.05956,-2.33435,-5.18883
51.03304,-0.13602,-2.32986,-5.18434
51.04308,0.04459,-2.31459,-5.19512
51.05312,0.1667,-2.50972,-5.69132
51.06315,0.12405,-2.60354,-6.24976
51.07319,-0.01018,-2.69153,-6.38534
51.08323,-0.15592,-2.67477,-6.25141
51.09326,-0.31708,-2.67776,-6.28074
51.1033,-0.48707,-2.72535,-6.46988
51.11334,-0.79218,-2.73912,-6.73504
51.12337,-1.1769,-2.7656,-6.9372
51.13341,-1.3644,-2.80092,-6.94872
51.14345,-1.26085,-2.69512,-6.87944
51.15348,-1.05016,-2.55955,-6.8338
51.16352,-0.91922,-2.46737,-6.82303
51.17356,-0.94032,-2.48054,-6.89919
51.18359,-1.18318,-2.52244,-7.12425
51.19363,-1.47887,-2.47156,-7.14968
51.20367,-1.59514,-2.34542,-7.14909
51.2137,-1.53992,-2.3743,-7.36816
51.22374,-1.53708,-2.44523,-7.77667
51.23378,-1.60816,-2.42024,-8.01803
51.24381,-1.48321,-2.29873,-8.03704
51.25385,-1.07335,-2.20491,-8.28184
51.26389,-0.71302,-2.12126,-8.55014
51.27392,-0.59242,-2.08849,-8.77176
51.28396,-0.67217,-2.04704,-8.95342
51.294,-0.90187,-2.07383,-9.09752
51.30403,-1.03953,-2.10899,-9.24237
51.31407,-1.05839,-2.18875,-9.31105
51.32411,-1.00437,-2.1491,-9.2482
51.33414,-0.93643,-2.11303,-9.25269
51.34418,-0.79263,-1.99437,-9.34622
51.35422,-0.59885,-1.74328,-9.50857
51.36425,-0.32217,-1.45448,-9.54718
51.37429,-0.01437,-1.36874,-9.24207
51.38433,0.12614,-1.46854,-9.01192
51.39436,-0.11193,-1.50131,-9.15677
51.4044,-0.577,-1.45373,-9.28247
51.41444,-0.87269,-1.35183,-9.14121
51.42447,-1.05495,-1.14697,-9.13912
51.43451,-1.2161,-1.02801,-9.29683
51.44455,-1.23376,-0.81178,-9.20975
51.45458,-1.22987,-0.67546,-9.27888
51.46462,-1.28748,-0.55486,-9.5798
51.47466,-1.22673,-0.37649,-9.84181
51.48469,-0.75402,-0.03906,-10.0326
51.49473,-0.09846,0.08963,-10.14289
51.50477,0.50548,0.00449,-10.38141
51.5148,0.69522,-0.08529,-10.50037
51.52484,0.56069,-0.18031,-10.3223
51.53488,0.23822,-0.46343,-9.93324
51.54491,-0.06195,-0.67083,-9.73348
51.55495,-0.29479,-0.89468,-9.53296
51.56499,-0.37155,-1.09999,-9.31748
51.57502,-0.44233,-1.19381,-8.78971
51.58506,-0.48318,-1.24199,-8.12727
51.5951,-0.29793,-1.09939,-7.69631
51.60513,-0.0205,-1.24319,-7.66354
51.61517,0.20007,-1.53768,-7.90595
51.62521,0.26635,-1.66232,-8.16483
51.63525,0.21323,-1.80912,-8.37387
51.64528,0.19139,-1.99003,-8.71445
51.65532,0.0805,-1.87152,-9.04933
51.66536,-0.08993,-1.6743,-9.28756
51.67539,-0.32232,-1.46181,-9.43166
51.68543,-0.54408,-1.3195,-9.57875
51.69547,-0.60738,-1.30783,-9.69682
51.7055,-0.56713,-1.35512,-9.76296
51.71554,-0.69671,-1.56296,-9.83463
51.72558,-1.21087,-1.74283,-9.59342
51.73561,-1.97881,-1.8781,-9.35355
51.74565,-1.99227,-1.70153,-8.91945
51.75569,-0.44906,-1.15071,-8.40544
51.76572,1.36784,-1.0129,-8.40365
51.77576,2.31265,-1.18244,-8.47098
51.7858,2.41874,-1.55189,-8.56107
51.79583,1.96953,-2.00619,-8.41981
51.80587,1.4648,-2.2085,-8.47084
51.81591,0.55261,-2.49925,-8.95761
51.82594,-0.38352,-2.67028,-9.49765
51.83598,-0.96037,-2.57122,-9.7245
51.84602,-1.24858,-2.55701,-9.75458
51.85605,-1.1748,-2.33779,-9.78854
51.86609,-0.78874,-2.12904,-9.76655
51.87613,-0.27922,-2.35604,-9.78555
51.88616,0.26022,-2.69378,-10.04682
51.8962,0.46597,-2.98841,-10.12343
51.90624,0.27563,-3.09121,-9.98696
51.91627,0.00464,-3.21556,-9.88416
51.92631,-0.30227,-3.34964,-9.87219
51.93635,-0.73801,-3.34829,-9.51905
51.94638,-1.04582,-3.1388,-8.9407
51.95642,-1.12393,-3.33437,-8.70666
51.96646,-1.04043,-3.75366,-8.76772
51.97649,-0.92641,-3.66822,-8.79719
51.98653,-0.91339,-3.57215,-8.73584
51.99657,-0.65377,-3.3447,-8.86947
52.0066,-0.42078,-3.20284,-9.26945
52.01664,-0.27623,-3.09855,-9.65417
52.02668,-0.13303,-2.90566,-9.44153
52.03671,-0.02993,-2.7873,-9.3926
52.04675,-0.00404,-2.76081,-9.52039
52.05679,-0.02783,-2.81872,-9.44872
52.06682,-0.23792,-2.87783,-9.1267
52.07686,-0.67516,-2.84925,-8.72178
52.0869,-1.02098,-2.85733,-8.36205
52.09693,-1.12094,-2.8693,-8.12921
52.10697,-1.07934,-2.81094,-7.9477
52.11701,-1.13949,-2.77458,-7.80899
52.12704,-1.18244,-2.7255,-7.70289
52.13708,-1.0741,-2.61327,-7.78939
52.14712,-0.88316,-2.42802,-8.13116
52.15715,-0.74998,-2.4144,-8.74318
52.16719,-0.71018,-2.32821,-9.13657
52.17723,-0.82181,-2.17408,-9.25344
52.18726,-1.03744,-2.07772,-9.29025
52.1973,-1.24588,-1.97791,-9.40053
52.20734,-1.47737,-1.95367,-9.4357
52.21737,-1.60456,-1.92269,-9.40757
52.22741,-1.67175,-1.87586,-9.45231
52.23745,-1.56895,-1.82453,-9.68036
52.24749,-1.35198,-1.77605,-10.04547
52.25752,-1.05779,-1.67684,-10.21007
52.26756,-0.84261,-1.61534,-10.18867
52.2776,-0.85877,-1.72846,-10.14333
52.28763,-0.8664,-1.79655,-10.16024
52.29767,-0.80879,-1.79206,-10.18389
52.30771,-0.85204,-1.83725,-10.11969
52.31774,-1.03594,-1.80224,-9.83972
52.32778,-1.26189,-1.65574,-9.36268
52.33782,-1.53887,-1.59214,-8.90508
52.34785,-1.83126,-1.59753,-8.74303
52.35789,-2.07473,-1.6101,-8.98783
52.36793,-2.21942,-1.68282,-9.43555
52.37796,-2.20715,-1.73086,-9.67108
52.388,-2.11004,-1.69779,-9.63935
52.39804,-1.9426,-1.69195,-9.50139
52.40807,-1.71275,-1.74627,-9.23653
52.41811,-1.42724,-1.72547,-8.78597
52.42815,-1.28643,-1.81855,-8.78986
52.43818,-1.31876,-2.11079,-9.19089
52.44822,-1.22852,-2.2501,-9.48134
52.45826,-1.05809,-2.27539,-9.64055
52.46829,-0.97654,-2.35036,-9.55301
52.47833,-0.89663,-2.4144,-9.54299
52.48837,-0.59765,-2.32178,-9.59925
52.4984,-0.28282,-2.25339,-9.89389
52.50844,-0.16041,-2.17902,-10.1369
52.51848,-0.15712,-2.14565,-10.38425
52.52851,-0.18375,-2.09208,-10.76493
52.53855,-0.24451,-2.0228,-11.06166
52.54859,-0.35105,-1.99901,-11.10266
52.55862,-0.3512,-1.84653,-10.91831
52.56866,-0.40627,-1.60292,-10.90469
52.5787,-0.66379,-1.55234,-11.1284
52.58873,-0.90755,-1.6291,-11.36991
52.59877,-0.9894,-1.63314,-11.41735
52.60881,-0.92192,-1.64482,-11.35794
52.61884,-0.77752,-1.63674,-11.39535
52.62888,-0.67711,-1.54441,-11.54813
52.63892,-0.64539,-1.53094,-11.5827
52.64895,-0.67561,-1.55698,-11.53586
52.65899,-0.78814,-1.64811,-11.43695
52.66903,-0.84007,-1.74612,-11.28731
52.67906,-0.85892,-1.85341,-11.17389
52.6891,-0.80236,-1.87631,-10.95257
52.69914,-0.703,-1.86538,-10.76508
52.70917,-0.65062,-1.90519,-10.74458
52.71921,-0.69896,-1.99347,-10.65854
52.72925,-0.71213,-2.02041,-10.40999
52.73928,-0.60454,-1.97177,-10.24868
52.74932,-0.34866,-1.86987,-10.13705
52.75936,-0.11717,-1.80643,-10.17715
52.76939,-0.07527,-1.72981,-10.19735
52.77943,-0.21727,-1.70796,-10.11251
52.78947,-0.46986,-1.75166,-10.08917
52.7995,-0.74594,-1.81899,-10.0965
52.80954,-0.91907,-1.86643,-10.12253
52.81958,-0.92087,-1.8365,-10.14588
52.82961,-0.78739,-1.7756,-10.17102
52.83965,-0.61022,-1.72801,-10.1975
52.84969,-0.36272,-1.63778,-10.19765
52.85972,-0.14739,-1.55324,-10.14453
52.86976,-0.03068,-1.59663,-10.12253
52.8798,-0.10819,-1.7355,-10.10877
52.88983,-0.27698,-1.82842,-10.01629
52.89987,-0.38277,-1.88618,-9.92112
52.90991,-0.36766,-1.8799,-9.89
52.91995,-0.27294,-1.8594,-9.92561
52.92998,-0.16685,-1.80523,-9.93893
52.94002,-0.12644,-1.75405,-9.9699
52.95006,-0.10325,-1.71574,-9.89793
52.96009,-0.11537,-1.68297,-9.78076
52.97013,-0.15188,-1.6722,-9.77313
52.98017,-0.19707,-1.65963,-9.75413
52.9902,-0.27788,-1.66382,-9.73827
53.00024,-0.34611,-1.65619,-9.71762
53.01028,-0.39115,-1.64631,-9.73153
53.02031,-0.38322,-1.59529,-9.73617
53.03035,-0.29374,-1.5492,-9.83344
53.04039,-0.1878,-1.48141,-9.9527
53.05042,-0.10011,-1.4458,-9.93235
53.06046,-0.09771,-1.44864,-9.79288
53.0705,-0.24241,-1.48201,-9.69861
53.08053,-0.2885,-1.46959,-9.65237
53.09057,-0.26501,-1.51807,-9.68978
53.10061,-0.2258,-1.55054,-9.7444
53.11064,-0.13797,-1.56117,-9.77433
53.12068,-0.07646,-1.58317,-9.81383
53.13072,-0.03965,-1.55788,-9.8255
53.14075,-0.02619,-1.57509,-9.77822
53.15079,-0.05821,-1.60546,-9.68245
53.16083,-0.10056,-1.62566,-9.58399
53.17086,-0.09128,-1.66607,-9.45874
53.1809,-0.0838,-1.69016,-9.49765
53.19094,-0.08694,-1.68238,-9.57262
53.20097,-0.03816,-1.69659,-9.59192
53.21101,-0.03068,-1.72727,-9.59925
53.22105,-0.00763,-1.715,-9.5988
53.23108,0.1034,-1.68986,-9.61107
53.24112,0.16026,-1.69644,-9.67018
53.25116,0.15173,-1.6523,-9.74665
53.26119,0.12315,-1.6303,-9.86665
53.27123,0.07302,-1.6523,-9.93145
53.28127,-0.01841,-1.65469,-9.83852
53.2913,-0.06958,-1.62043,-9.68051
53.30134,-0.05148,-1.59319,-9.58549
53.31138,-0.02664,-1.63689,-9.59626
53.32141,-0.08844,-1.6517,-9.65477
53.33145,-0.12136,-1.62028,-9.61077
53.34149,-0.11387,-1.62297,-9.46248
53.35152,-0.08784,-1.60202,-9.3715
53.36156,-0.0817,-1.56252,-9.29878
53.3716,-0.08455,-1.56671,-9.23698
53.38163,-0.11178,-1.56431,-9.29968
53.39167,-0.11492,-1.53349,-9.27708
53.40171,-0.05896,-1.50027,-9.19284
53.41174,-0.03591,-1.47872,-9.10305
53.42178,-0.03008,-1.4027,-9.11069
53.43182,-0.05896,-1.36978,-9.30058
53.44185,-0.20545,-1.39477,-9.49301
53.45189,-0.39295,-1.39477,-9.48717
53.46193,-0.47704,-1.43487,-9.4155
53.47196,-0.45639,-1.57179,-9.41999
53.482,-0.31065,-1.74268,-9.59431
53.49204,0.03606,-1.87646,-9.97724
53.50207,0.59152,-2.03163,-10.45488
53.51211,1.06527,-2.27404,-10.87701
53.52215,1.40151,-2.4358,-11.09997
53.53218,1.59409,-2.59112,-11.17583
53.54222,1.68657,-2.7448,-11.19095
53.55226,1.82019,-2.81917,-11.32338
53.56229,2.03971,-2.85553,-11.53407
53.57233,2.15224,-2.87364,-11.85639
53.58237,2.10585,-2.91285,-12.01934
53.59241,1.94858,-2.97016,-12.12394
53.60244,1.70213,-2.9733,-12.34795
53.61248,1.62551,-2.98931,-12.45194
53.62252,1.55937,-2.93365,-12.532
53.63255,1.42994,-2.83234,-12.61415
53.64259,1.27536,-2.78595,-12.5537
53.65263,1.10373,-2.82291,-12.42995
53.66266,0.94077,-2.84311,-12.37742
53.6727,0.82166,-2.9525,-12.56133
53.68274,0.62399,-3.26764,-12.90849
53.69277,0.40253,-3.51559,-13.20791
53.70281,0.34372,-3.6335,-13.37296
53.71285,0.36093,-3.59714,-13.4599
53.72288,0.25319,-3.49957,-13.32104
53.73292,0.01242,-3.29607,-13.22707
53.74296,-0.06943,-2.96761,-13.04705
53.75299,-0.03995,-2.86227,-13.14327
53.76303,-0.36601,-2.79179,-13.40528
53.77307,-0.95663,-2.8081,-13.32224
53.7831,-1.43892,-2.72535,-13.02565
53.79314,-1.71754,-2.60848,-12.83053
53.80318,-1.70737,-2.31983,-12.72324
53.81321,-1.47019,-1.99961,-12.819
53.82325,-1.25247,-1.90608,-12.83068
53.83329,-1.26997,-1.96699,-12.7174
53.84332,-1.40031,-2.15239,-12.41887
53.85336,-1.42979,-2.50658,-12.05765
53.8634,-1.46016,-2.86002,-11.66904
53.87343,-1.3222,-3.14119,-11.12361
53.88347,-0.77288,-3.24744,-10.4465
53.89351,-0.25049,-3.42535,-10.06477
53.90354,0.05791,-3.58158,-9.83987
53.91358,0.21039,-3.62003,-9.35938
53.92362,0.32247,-3.30011,-9.67796
53.93365,0.08784,-3.12249,-10.97128
53.94369,-0.27114,-2.84476,-11.7458
53.95373,-0.58658,-2.74675,-11.73518
53.96376,-1.08263,-2.86227,-11.75553
53.9738,-1.59005,-2.95863,-11.24571
53.98384,-1.9001,-3.16304,-10.20992
53.99387,-2.17543,-3.44391,-9.37599
54.00391,-2.30861,-3.58801,-8.75455
54.01395,-2.41874,-3.83267,-8.093
54.02398,-2.59935,-3.97213,-7.27164
54.03402,-2.5377,-3.80947,-6.29391
54.04406,-1.93541,-3.49643,-5.39039
54.05409,-0.89872,-3.22394,-4.97036
54.06413,-0.08335,-3.19446,-5.59914
54.07417,0.22895,-3.00158,-6.55577
54.08421,0.22116,-2.93858,-7.3722
54.09424,0.06719,-2.86736,-8.7351
54.10428,-0.58284,-2.83623,-9.88686
54.11431,-0.89663,-2.45002,-9.65776
54.12435,-0.30571,-1.72472,-7.65591
54.13439,0.68399,-1.4859,-6.23869
54.14443,1.05135,-1.33252,-5.98461
54.15446,0.74295,-1.27686,-6.18811
54.1645,0.48273,-1.24888,-5.90305
54.17453,0.24286,-1.08308,-5.57969
54.18457,-0.164,-1.12991,-5.74249
54.19461,-0.56997,-1.12064,-5.91757
54.20464,-0.91818,-1.13425,-5.64987
54.21468,-1.24888,-1.18109,-5.35942
54.22472,-1.69465,-1.37981,-5.66603
54.23475,-1.8992,-1.3608,-5.44621
54.24479,-1.58915,-1.26025,-4.70491
54.25483,-0.92162,-1.15924,-4.18491
54.26486,-0.51266,-1.19126,-4.03273
54.2749,-0.58194,-1.35811,-4.34563
54.28494,-0.92551,-1.60801,-4.60555
54.29498,-1.43562,-1.74163,-4.80905
54.30501,-1.82528,-1.78548,-4.64909
54.31505,-1.9598,-1.84249,-4.4996
54.32509,-2.00484,-1.68776,-4.46279
54.33512,-2.15927,-1.6924,-4.69683
54.34516,-2.35275,-1.76902,-4.98039
54.3552,-2.39615,-1.73954,-5.12988
54.36523,-2.30756,-1.75091,-5.08648
54.37527,-2.28437,-1.70707,-4.79454
54.38531,-2.26357,-1.76153,-4.5201
54.39534,-2.11902,-1.76273,-4.2741
54.40538,-1.92539,-1.66711,-4.19808
54.41542,-1.89965,-1.72846,-4.26482
54.42545,-1.93526,-1.93511,-4.51546
54.43549,-1.91401,-2.13982,-4.69578
54.44553,-1.8567,-2.31011,-4.86412
54.45556,-1.69884,-2.39495,-4.96123
54.4656,-1.52211,-2.38672,-5.03815
54.47564,-1.3406,-2.30143,-5.13691
54.48567,-1.12243,-2.23349,-5.26769
54.49571,-0.89124,-2.1256,-5.5116
54.50575,-0.78305,-2.07817,-5.64298
54.51578,-0.81538,-2.05812,-5.79816
54.52582,-1.00287,-2.00021,-5.96321
54.53586,-1.21072,-1.84084,-5.99224
54.54589,-1.32923,-1.61788,-6.09414
54.55593,-1.25486,-1.4027,-6.00945
54.56597,-1.05165,-1.22628,-5.86564
54.576,-0.88166,-0.8866,-5.7401
54.58604,-0.68444,-0.77677,-5.81896
54.59608,-0.48423,-0.76869,-6.28433
54.60611,-0.43814,-0.79847,-6.90159
54.61615,-0.58059,-0.71542,-7.30606
54.62619,-0.85428,-0.70464,-7.50178
54.63622,-1.21775,-0.70464,-7.79791
54.64626,-1.60397,-0.5776,-7.83308
54.6563,-1.63584,-0.36018,-7.62374
54.66633,-1.22808,-0.0401,-7.31354
54.67637,-0.56428,0.14201,-7.21089
54.68641,0.08021,0.33085,-7.55206
54.69644,0.21877,0.39295,-8.00636
54.70648,-0.18405,0.4332,-8.49149
54.71652,-1.19156,0.31918,-9.22142
54.72655,-2.57751,0.16445,-10.0344
54.73659,-3.51648,0.02334,-10.34175
54.74663,-3.54806,0.13901,-10.44485
54.75666,-2.78775,0.54169,-10.12867
54.7667,-1.78114,0.74355,-9.83867
54.77674,-0.94466,0.93,-10.11805
54.78677,-0.73367,0.84575,-10.55648
54.79681,-1.15445,0.53466,-11.00989
54.80685,-1.95337,0.47749,-11.00794
54.81688,-2.83339,0.35883,-11.00435
54.82692,-3.55988,0.19363,-11.22776
54.83696,-3.94998,0.14081,-11.51372
54.84699,-3.48012,0.36856,-11.61771
54.85703,-2.51945,0.71557,-11.96667
54.86707,-1.80074,1.01514,-12.68433
54.8771,-1.40061,1.0723,-13.38284
54.88714,-1.42694,1.09684,-13.81484
54.89718,-1.77021,1.04372,-14.01626
54.90721,-2.30083,0.89857,-14.03092
54.91725,-2.83309,0.77827,-13.99216
54.92729,-3.282,0.81253,-14.10499
54.93732,-3.44481,0.94242,-14.44527
54.94736,-3.1789,1.18872,-14.78898
54.9574,-2.55027,1.4446,-15.10247
54.96744,-1.8181,1.69061,-15.62471
54.97747,-1.3617,1.66008,-15.9385
54.98751,-1.46854,1.45134,-16.09756
54.99754,-1.96534,1.33701,-16.19199
55.00758,-2.49431,1.18872,-16.22865
55.01762,-2.85359,1.05719,-16.41375
55.02766,-2.91419,1.06153,-16.58613
55.03769,-2.69018,1.10343,-16.7645
55.04773,-2.32657,1.22059,-17.12991
55.05777,-2.02669,1.32519,-17.39253
55.0678,-1.90863,1.38699,-17.54695
55.07784,-1.83156,1.45957,-17.57778
55.08788,-1.84832,1.42515,-17.47288
55.09791,-2.01203,1.34629,-17.15505
55.10795,-2.0442,1.29975,-16.75627
55.11799,-1.86104,1.25696,-16.51026
55.12802,-1.67953,1.19545,-16.26007
55.13806,-1.56715,1.13979,-15.95257
55.1481,-1.53408,1.10043,-15.52176
55.15813,-1.63105,1.02906,-14.87996
55.16817,-1.83905,0.93464,-14.2241
55.17821,-2.34976,0.81657,-13.60745
55.18824,-2.93724,0.70764,-13.26537
55.19828,-3.34305,0.62728,-13.28483
55.20832,-3.44092,0.61381,-13.38314
55.21835,-3.36026,0.61636,-13.6884
55.22839,-3.24444,0.75432,-13.85988
55.23843,-3.35637,0.90381,-13.80033
55.24846,-3.51439,0.9698,-13.76441
55.2585,-3.50182,1.12498,-13.95161
55.26854,-3.30235,1.30185,-13.98992
55.27857,-2.96911,1.35976,-13.94308
55.28861,-2.78491,1.18049,-13.8934
55.29865,-3.00278,0.88975,-13.63633
55.30868,-3.33527,0.69252,-12.8639
55.31872,-3.53249,0.5782,-12.20968
55.32876,-3.56257,0.6186,-11.84995
55.33879,-3.38405,0.69941,-11.57791
55.34883,-2.99679,0.75567,-11.19753
55.35887,-2.45495,0.76151,-10.93148
55.3689,-1.96295,0.6189,-10.60167
55.37894,-1.50565,0.4549,-10.08243
55.38898,-1.19231,0.28835,-9.28307
55.39901,-1.08592,-0.0208,-8.64666
55.40905,-1.07844,-0.35988,-8.08238
55.41909,-1.19635,-0.68833,-7.27523
55.42912,-1.32384,-0.93299,-6.62131
55.43916,-1.26863,-1.02891,-6.28164
55.4492,-0.91833,-1.11884,-5.89078
55.45923,-0.57446,-1.09535,-5.13646
55.46927,-0.41973,-1.15505,-4.2958
55.47931,-0.29479,-1.25965,-3.38151
55.48934,-0.12061,-1.33596,-2.57033
55.49938,-0.24975,-1.41827,-1.99527
55.50942,-0.58419,-1.55354,-1.78548
55.51945,-0.86146,-1.63733,-1.816
55.52949,-1.16613,-1.7958,-2.0632
55.53953,-1.29781,-1.7548,-2.37729
55.54956,-1.18693,-1.77171,-3.08134
55.5596,-0.97758,-1.96399,-3.83237
55.56964,-0.80221,-2.14101,-4.37002
55.57967,-0.71317,-2.16615,-4.61318
55.58971,-0.54019,-2.08415,-4.45636
55.59975,-0.22491,-2.01278,-4.30358
55.60978,0.09936,-1.94664,-4.28308
55.61982,0.31993,-1.94813,-4.24656
55.62986,0.2888,-2.02864,-4.14885
55.63989,0.02783,-1.99512,-4.05802
55.64993,-0.43574,-2.14191,-3.9431
55.65997,-0.89229,-2.22406,-3.76787
55.67,-1.13874,-2.23214,-3.51873
55.68004,-1.27641,-2.28527,-3.29218
55.69008,-1.31112,-2.24292,-2.95849
55.70011,-1.26204,-2.21269,-2.57481
55.71015,-1.19396,-2.13323,-2.39585
55.72019,-1.17555,-2.02968,-2.3517
55.73022,-1.12842,-1.95801,-2.43161
55.74026,-1.16807,-1.97686,-2.57451
55.7503,-1.19141,-1.87571,-2.6845
55.76033,-1.15146,-1.77365,-2.90387
55.77037,-0.97399,-1.57987,-3.29427
55.78041,-0.79293,-1.37816,-3.72523
55.79045,-0.77946,-1.1763,-4.18671
55.80048,-0.88331,-0.97324,-4.6241
55.81052,-1.11884,-0.86012,-5.02154
55.82056,-1.22763,-0.807,-5.47509
55.83059,-1.14398,-0.76121,-6.15923
55.84063,-1.13485,-0.78246,-6.95007
55.85067,-1.18408,-0.75313,-7.41619
55.8607,-1.22015,-0.58703,-7.89219
55.87074,-1.37771,-0.37125,-8.28035
55.88078,-1.63913,-0.25034,-8.65249
55.89081,-1.92,-0.28356,-9.01267
55.90085,-2.22391,-0.36257,-9.33364
55.91089,-2.57257,-0.48527,-9.55436
55.92092,-3.05859,-0.62474,-9.44363
55.93096,-3.44421,-0.68729,-9.56124
55.941,-3.58681,-0.6608,-10.01614
55.95103,-3.14748,-0.46896,-10.14408
55.96107,-2.37101,-0.2463,-10.02707
55.97111,-1.54351,-0.11732,-9.9503
55.98114,-1.04582,-0.10594,-10.01629
55.99118,-0.90067,-0.10744,-10.35896
56.00122,-0.88945,0.02933,-10.7148
56.01125,-0.92671,0.13063,-11.2291
56.02129,-0.94122,0.20081,-11.86297
56.03133,-0.77901,0.31244,-12.12723
56.04136,-0.5782,0.36347,-12.33553
56.0514,-0.5586,0.28416,-12.63196
56.06144,-0.86326,-0.04339,-13.01862
56.07147,-1.2782,-0.15502,-13.49462
56.08151,-1.55473,-0.07976,-13.84253
56.09155,-1.51792,0.00628,-13.99201
56.10158,-1.29541,0.07946,-13.99546
56.11162,-0.93793,0.24152,-13.79539
56.12166,-0.58553,0.43993,-13.65503
56.13169,-0.47809,0.44517,-13.74167
56.14173,-0.74475,0.35015,-13.59547
56.15177,-1.17436,0.34192,-13.34737
56.1618,-1.43697,0.36377,-13.21195
56.17184,-1.5887,0.38681,-13.20118
56.18188,-1.6909,0.45834,-13.1518
56.19191,-1.66636,0.5592,-13.17574
56.20195,-1.52855,0.56413,-13.57168
56.21199,-1.42335,0.47884,-14.26884
56.22202,-1.34105,0.34357,-14.82355
56.23206,-1.28329,0.29449,-15.0097
56.2421,-1.31068,0.20949,-15.14228
56.25213,-1.31546,0.06345,-15.20528
56.26217,-1.2803,-0.02679,-15.17789
56.27221,-1.37098,-0.13467,-15.13285
56.28224,-1.60786,-0.27294,-15.11235
56.29228,-1.84309,-0.34791,-15.10277
56.30232,-1.96025,-0.37529,-15.16846
56.31235,-2.00754,-0.3708,-15.18492
56.32239,-1.94035,-0.35599,-15.03065
56.33243,-1.94544,-0.37484,-14.87832
56.34247,-2.06814,-0.44023,-14.95134
56.3525,-2.05108,-0.42123,-15.24298
56.36254,-1.90608,-0.28042,-15.74053
56.37258,-1.775,-0.12495,-16.07093
56.38261,-1.70183,0.0639,-15.96199
56.39265,-1.72757,0.26246,-15.65179
56.40269,-1.96235,0.27758,-15.42225
56.41272,-2.25639,0.27159,-15.1113
56.42276,-2.50882,0.31379,-14.81667
56.4328,-2.80975,0.32816,-14.59281
56.44283,-3.08687,0.37694,-14.00668
56.45287,-3.20314,0.48408,-13.17514
56.46291,-3.13491,0.50922,-12.62313
56.47294,-2.91614,0.49949,-12.56836
56.48298,-2.54504,0.69671,-12.49639
56.49302,-2.19982,0.74609,-12.34151
56.50305,-2.26611,0.52732,-12.25786
56.51309,-2.47845,0.42303,-11.96113
56.52313,-2.52319,0.51041,-11.25155
56.53316,-2.49401,0.47076,-10.62921
56.5432,-2.64589,0.36167,-10.2403
56.55324,-2.47486,0.58463,-9.92277
56.56327,-1.92658,0.56937,-9.82461
56.57331,-1.68522,0.48183,-9.90332
56.58335,-1.58556,0.48243,-9.75652
56.59338,-1.36814,0.60319,-9.31479
56.60342,-1.1763,0.45879,-9.00699
56.61346,-1.1763,0.1649,-8.90748
56.62349,-1.35796,-0.11926,-8.67584
56.63353,-1.67968,-0.4947,-7.95982
56.64357,-2.07113,-0.84261,-6.77514
56.6536,-2.4789,-1.21551,-5.44621
56.66364,-2.69273,-1.58272,-4.1915
56.67368,-2.44358,-1.50685,-3.10259
56.68371,-1.51718,-1.02532,-2.35036
56.69375,-0.29673,-0.85997,-2.81094
56.70379,0.62833,-0.86745,-4.35101
56.71382,1.32744,-0.7657,-5.66513
56.72386,1.53139,-0.8453,-6.52884
56.7339,1.01125,-1.15296,-7.45554
56.74393,0.24077,-1.41363,-7.84789
56.75397,-0.34402,-1.47333,-7.75781
56.76401,-0.07781,-1.14458,-8.01668
56.77404,0.77692,-1.1989,-8.78178
56.78408,1.16927,-1.37532,-9.61691
56.79412,1.06003,-1.52077,-9.59177
56.80415,0.67367,-1.71919,-9.01133
56.81419,0.07422,-1.9607,-8.45527
56.82423,-0.37769,-2.20506,-7.77981
56.83426,-0.63372,-2.34362,-6.95201
56.8443,-0.79787,-2.48892,-6.19904
56.85434,-0.69821,-2.47456,-5.48362
56.86437,-0.21398,-2.36158,-5.12045
56.87441,0.21952,-2.41949,-5.06119
56.88445,0.29808,-2.44463,-5.36346
56.89448,-0.02888,-2.57107,-5.58777
56.90452,-0.56339,-2.64769,-5.56831
56.91456,-0.98177,-2.69797,-5.67351
56.92459,-1.26294,-2.71966,-5.89093
56.93463,-1.36529,-2.67821,-6.33955
56.94467,-1.08023,-2.47815,-6.74252
56.9547,-0.79487,-2.35021,-7.2272
56.96474,-0.75971,-2.32612,-7.67641
56.97478,-0.73203,-2.17109,-7.93603
56.98481,-0.67816,-1.95142,-8.03689
56.99485,-0.68639,-1.86194,-8.06681
57.00489,-0.82316,-1.86643,-8.15974
57.01492,-1.03295,-1.92314,-8.32359
57.02496,-1.18154,-1.95442,-8.42056
57.035,-1.38699,-2.04495,-8.45692
57.04503,-1.5486,-2.07263,-8.33257
57.05507,-1.62581,-2.04405,-8.0704
57.06511,-1.73146,-1.97237,-7.94157
57.07514,-1.8597,-1.78592,-7.8654
57.08518,-1.74702,-1.60456,-8.02207
57.09522,-1.44819,-1.57449,-8.3601
57.10525,-1.32699,-1.66412,-8.88009
57.11529,-1.35347,-1.66352,-9.26002
57.12533,-1.49787,-1.69195,-9.57202
57.13536,-1.66577,-1.60426,-9.78705
57.1454,-1.71051,-1.59379,-9.73707
57.15544,-1.62731,-1.70677,-9.77029
57.16548,-1.32085,-1.89037,-10.05834
57.17551,-0.7856,-2.03582,-10.36974
57.18555,-0.34372,-2.13488,-10.65884
57.19558,-0.104,-2.17109,-10.66153
57.20562,0.02469,-2.17588,-10.3627
57.21566,0.0211,-2.18007,-10.05385
57.2257,-0.13961,-2.12381,-9.88341
57.23573,-0.3708,-2.00185,-9.87922
57.24577,-0.56219,-1.83501,-9.85274
57.2558,-0.74804,-1.75884,-10.02347
57.26584,-0.81642,-1.70407,-10.39637
57.27588,-0.87897,-1.60935,-10.76164
57.28592,-1.031,-1.34045,-10.93552
57.29595,-1.19037,-0.87942,-10.92295
57.30599,-1.28299,-0.47196,-10.83571
57.31603,-1.41812,-0.17672,-10.72632
57.32606,-1.48141,0.06,-10.52671
57.3361,-1.39806,0.21144,-10.32963
57.34614,-1.44131,0.09128,-10.0118
57.35617,-1.70362,-0.06464,-9.56229
57.36621,-2.06365,-0.09637,-9.0218
57.37625,-2.13712,-0.02933,-8.45557
57.38628,-1.98898,0.06809,-8.05574
57.39632,-1.88439,0.20036,-7.69511
57.40636,-1.73969,0.32756,-7.24381
57.41639,-1.30289,0.22924,-6.86852
57.42643,-0.63461,0.07841,-6.57089
57.43647,-0.11881,-0.1043,-6.52704
57.4465,0.04624,-0.27863,-6.50235
57.45654,0.07272,-0.3108,-6.43517
57.46658,0.01377,-0.23867,-6.36573
57.47661,-0.24047,-0.18196,-6.48544
57.48665,-0.68684,-0.01272,-6.5863
57.49669,-0.87852,0.20859,-6.65947
57.50672,-0.66589,-0.11387,-6.8971
57.51676,-0.22715,-0.49351,-7.33164
57.5268,-0.03112,-0.66394,-7.91643
57.53683,-0.05626,-0.78201,-8.23516
57.54687,-0.25364,-0.74086,-8.26613
57.55691,-0.58179,-0.63925,-8.33885
57.56694,-0.73667,-0.46852,-8.31357
57.57698,-0.50652,-0.51924,-8.3604
57.58702,0.02289,-0.71482,-8.65474
57.59705,0.56383,-0.94885,-8.98544
57.60709,0.99614,-1.35796,-9.30566
57.61713,1.24903,-1.6294,-9.7221
57.62716,1.29885,-1.66741,-10.0537
57.6372,1.32414,-1.56147,-10.2409
57.64724,1.39582,-1.35033,-10.68727
57.65727,1.28045,-1.38939,-10.97771
57.66731,0.87762,-1.65484,-11.15982
57.67735,0.38023,-2.22212,-10.99417
57.68738,0.13991,-2.96372,-10.97457
57.69742,0.22356,-3.29861,-10.92699
57.70746,0.22087,-3.49015,-10.55065
57.71749,-0.01616,-3.64757,-10.013
57.72753,-0.47151,-3.64008,-9.37225
57.73757,-0.81373,-3.59819,-8.85406
57.7476,-0.84426,-3.77072,-8.40859
57.75764,-0.77916,-4.27844,-8.18413
57.76768,-0.5164,-4.56245,-7.8657
57.77771,-0.15502,-4.61213,-7.27179
57.78775,0.10849,-4.68441,-6.79714
57.79779,-0.0835,-5.00298,-6.75584
57.80782,-0.74639,-5.34401,-6.7108
57.81786,-1.41991,-5.36376,-6.40853
57.8279,-1.76946,-5.28849,-5.98506
57.83793,-1.88065,-5.17956,-5.89423
57.84797,-1.74462,-4.96617,-6.08097
57.85801,-1.59544,-5.11087,-6.92643
57.86804,-1.46361,-5.1007,-7.90865
57.87808,-1.39896,-4.94073,-8.59713
57.88812,-1.53109,-4.86457,-8.94519
57.89815,-1.88094,-4.87055,-9.07791
57.90819,-2.33495,-4.7878,-9.13912
57.91823,-2.81723,-4.90617,-9.13178
57.92826,-3.19581,-5.07227,-9.30686
57.9383,-3.22634,-5.07286,-9.34921
57.94834,-2.90297,-5.04892,-9.4339
57.95837,-2.48039,-4.95809,-9.70086
57.96841,-2.10884,-4.79289,-10.03934
57.97845,-1.92494,-4.60644,-10.34131
57.98848,-2.04599,-4.47207,-10.41792
57.99852,-2.16855,-4.33216,-10.1155
58.00856,-2.07263,-4.20317,-9.80126
58.01859,-1.70871,-4.04919,-9.66494
58.02863,-1.09819,-3.85077,-9.7453
58.03867,-0.42781,-3.63964,-9.93668
58.0487,0.11283,-3.34141,-10.11655
58.05874,0.59197,-3.08882,-10.41388
58.06878,0.87912,-2.86885,-10.6955
58.07881,0.5571,-2.69004,-11.22761
58.08885,-0.23104,-2.86766,-11.65602
58.09889,-0.87149,-3.14867,-11.95679
58.10893,-1.12453,-3.34246,-12.23557
58.11896,-1.00048,-3.40051,-12.30829
58.129,-0.67756,-3.35697,-12.14444
58.13903,-0.45759,-3.25073,-11.65557
58.14907,-0.49904,-3.2015,-10.8369
58.15911,-0.78455,-3.26105,-10.10458
58.16914,-1.37248,-3.42625,-9.46503
58.17918,-1.88214,-3.64203,-9.09093
58.18922,-2.19099,-3.75531,-8.93606
58.19925,-2.13234,-3.69111,-8.79121
58.20929,-1.88229,-3.62766,-8.72941
58.21933,-1.69016,-3.55539,-8.80288
58.22936,-1.47408,-3.38914,-8.96853
58.2394,-1.33791,-3.36744,-9.25778
58.24944,-1.39762,-3.43777,-9.56199
58.25947,-1.41168,-3.41234,-9.74709
58.26951,-1.34659,-3.31821,-9.71208
58.27955,-1.10717,-3.159,-9.60658
58.28959,-0.9514,-3.02088,-9.62738
58.29962,-1.06108,-2.87633,-9.6823
58.30966,-1.20024,-2.79463,-9.85588
58.3197,-1.31382,-2.80346,-9.94132
58.32973,-1.22673,-2.75618,-10.09171
58.33977,-0.93239,-2.64903,-10.33337
58.34981,-0.76345,-2.61118,-10.68023
58.35984,-0.83273,-2.64499,-10.74578
58.36988,-1.04701,-2.64484,-10.55618
58.37992,-1.24304,-2.62315,-10.34445
58.38995,-1.32295,-2.62928,-10.33547
58.39999,-1.24065,-2.61522,-10.33113
58.41003,-1.053,-2.56494,-10.31751
58.42006,-0.92341,-2.52618,-10.25586
58.4301,-0.85323,-2.52184,-10.22055
58.44014,-0.87343,-2.55012,-10.17745
58.45017,-0.89902,-2.53486,-10.20918
58.46021,-0.87284,-2.5199,-10.24614
58.47025,-0.88226,-2.51915,-10.14693
58.48028,-0.98372,-2.57092,-10.03051
58.49032,-1.03729,-2.60399,-9.92397
58.50036,-0.93509,-2.57885,-9.86097
58.51039,-0.73502,-2.54055,-9.70729
58.52043,-0.61336,-2.59861,-9.53775
58.53047,-0.53974,-2.62734,-9.38662
58.5405,-0.38681,-2.6649,-9.32212
58.55054,-0.24256,-2.67866,-9.38497
58.56058,-0.22954,-2.66953,-9.29235
58.57061,-0.27967,-2.64948,-9.12176
58.58065,-0.41599,-2.68764,-9.0616
58.59069,-0.47495,-2.71996,-9.08914
58.60072,-0.42737,-2.71024,-9.08555
58.61076,-0.32681,-2.63931,-9.15109
58.6208,-0.24137,-2.60175,-9.16934
58.63083,-0.17238,-2.59891,-9.13163
58.64087,-0.1251,-2.56105,-9.27095
58.65091,-0.09382,-2.52334,-9.32886
58.66094,-0.09053,-2.4584,-9.25539
58.67098,-0.1435,-2.4144,-9.1448
58.68102,-0.30466,-2.40782,-9.09797
58.69105,-0.62878,-2.34841,-8.92379
58.70109,-1.10373,-2.4382,-8.65983
58.71113,-1.43218,-2.36532,-8.39063
58.72116,-1.62207,-2.34961,-8.46949
58.7312,-1.39657,-2.16556,-9.04814
58.74124,-0.78679,-1.99497,-9.75218
58.75127,-0.08529,-1.87795,-10.20394
58.76131,0.35479,-1.87406,-10.69116
58.77135,0.56174,-1.84713,-10.86833
58.78138,0.35374,-1.84473,-10.64716
58.79142,-0.01676,-1.86957,-10.28474
58.80146,-0.2876,-1.89441,-9.85004
58.81149,-0.64793,-2.0644,-9.74545
58.82153,-0.75432,-2.05512,-9.70894
58.83157,-0.76001,-2.11662,-9.60239
58.8416,-0.73607,-2.14685,-9.65013
58.85164,-0.57266,-2.05063,-9.69786
58.86168,-0.37484,-2.05273,-9.68574
58.87171,-0.43604,-2.08056,-9.75712
58.88175,-0.65766,-2.17558,-9.73782
58.89179,-0.87059,-2.25309,-9.6211
58.90182,-1.00422,-2.25833,-9.50693
58.91186,-0.89349,-2.22915,-9.6003
58.9219,-0.73487,-2.16211,-9.69891
58.93194,-0.63267,-2.10256,-9.88072
58.94197,-0.59661,-2.01667,-9.97754
58.95201,-0.62474,-1.97372,-9.98053
58.96205,-0.64359,-1.95127,-10.0317
58.97208,-0.65377,-1.94035,-10.01405
58.98212,-0.66783,-1.95098,-10.0118
58.99216,-0.71198,-1.93706,-9.94237
59.00219,-0.70255,-1.87361,-9.8083
59.01223,-0.65975,-1.8591,-9.73557
59.02227,-0.57266,-1.83994,-9.82206
59.0323,-0.52134,-1.78443,-9.74485
59.04234,-0.58957,-1.79715,-9.59192
59.05238,-0.76495,-1.87047,-9.46278
59.06241,-0.89364,-1.93586,-9.41789
59.07245,-0.95768,-1.98255,-9.45545
59.08249,-0.89902,-2.01008,-9.47341
59.09252,-0.66469,-1.96474,-9.63427
59.10256,-0.47196,-1.91431,-9.73408
59.1126,-0.43141,-1.86837,-9.58174
59.12263,-0.52912,-1.92344,-9.39694
59.13267,-0.71063,-1.99407,-9.38572
59.14271,-0.79143,-2.06066,-9.46682
59.15274,-0.73337,-2.02415,-9.62215
59.16278,-0.58972,-1.99482,-9.65596
59.17282,-0.3937,-2.0035,-9.68185
59.18285,-0.23792,-1.9625,-9.60868
59.19289,-0.20635,-1.93721,-9.40727
59.20293,-0.28311,-2.00095,-9.39545
59.21296,-0.34641,-2.10555,-9.51471
59.223,-0.23882,-2.10495,-9.63232
59.23304,-0.1242,-2.1048,-9.7019
59.24307,-0.13078,-2.19114,-9.79243
59.25311,-0.29314,-2.2712,-9.723
59.26315,-0.56294,-2.39824,-9.57561
59.27318,-0.94451,-2.5995,-9.27798
59.28322,-1.36799,-2.74794,-8.82922
59.29326,-1.78622,-2.8916,-8.23231
59.30329,-1.66277,-2.95804,-7.94471
59.31333,-1.03923,-2.76306,-8.49433
59.32337,-0.1049,-2.68435,-9.17039
59.3334,0.80834,-2.58679,-10.16653
59.34344,1.31531,-2.3957,-11.69283
59.35348,1.50206,-2.27733,-12.9046
59.36351,1.39747,-2.14491,-13.78836
59.37355,1.03863,-1.96504,-14.42985
59.38359,0.54752,-1.88319,-14.55091
59.39362,0.2077,-1.83381,-14.29099
59.40366,0.09936,-1.8582,-13.75708
59.4137,0.13632,-1.88648,-13.28617
59.42373,0.37335,-1.62432,-12.81048
59.43377,0.67711,-1.55249,-12.45718
59.44381,0.72859,-1.67804,-12.49429
59.45384,0.49979,-1.85027,-12.45898
59.46388,0.39519,-1.91476,-12.22524
59.47392,0.35494,-1.99572,-11.96053
59.48395,0.33025,-2.12725,-11.75074
59.49399,0.33968,-2.22062,-11.44159
59.50403,0.33399,-2.24816,-11.09518
59.51406,0.18121,-2.34736,-10.80638
59.5241,0.1872,-2.36846,-10.56681
59.53414,0.44412,-2.36353,-10.63654
59.54417,0.73397,-2.40468,-10.75371
59.55421,0.67038,-2.39166,-10.82329
59.56425,0.1459,-2.47456,-10.70148
59.57428,-0.65242,-2.62689,-10.3021
59.58432,-1.56835,-2.88651,-9.90302
59.59436,-2.43655,-3.12144,-9.6835
59.60439,-2.74869,-3.0972,-10.10129
59.61443,-2.39854,-2.90701,-10.39218
59.62447,-1.84982,-2.81334,-10.72722
59.6345,-1.73161,-2.75064,-11.60963
59.64454,-2.05677,-2.64305,-12.44835
59.65458,-2.55626,-2.61163,-13.00605
59.66461,-2.83159,-2.40932,-13.34827
59.67465,-2.59053,-2.09672,-13.22003
59.68469,-0.17538,-1.55623,-11.29031
59.69535,-0.17538,-1.55623,-11.29031
59.70539,-0.13512,-1.60756,-10.4658
59.71543,-0.4938,-1.89561,-9.39305
59.72546,-1.20383,-2.44882,-8.66566
59.7355,-1.70781,-2.94053,-8.24443
59.74554,-1.6309,-3.46665,-7.75497
59.75557,-1.08098,-3.87651,-7.64214
59.76561,-0.41674,-3.98216,-7.76709
59.77565,0.29239,-3.77416,-8.34649
59.78568,0.73891,-3.68542,-9.32856
59.79572,0.62848,-3.75007,-9.71328
59.80576,0.2882,-3.76174,-9.75383
59.81579,0.1462,-3.5732,-10.09141
59.82583,0.08455,-3.52935,-10.52491
59.83587,-0.07078,-3.673,-10.83676
59.8459,-0.27414,-3.68049,-10.99013
59.85594,-0.353,-3.63515,-10.75625
59.86598,-0.54992,-3.6947,-10.13136
59.87601,-0.71721,-3.68303,-9.40472
59.88605,-0.86416,-3.65984,-8.60177
59.89609,-1.0943,-3.54087,-7.96072
59.90612,-1.17555,-3.16274,-7.57017
59.91616,-1.12138,-2.84222,-7.14759
59.9262,-1.20009,-2.72729,-7.46991
59.93623,-1.53827,-2.67687,-8.05439
59.94627,-2.00784,-2.64769,-8.18518
59.95631,-2.42054,-2.65023,-8.0321
59.96634,-2.53995,-2.60669,-7.69856
59.97638,-2.38642,-2.50703,-7.45809
59.98642,-2.08056,-2.40647,-6.98628
59.99645,-1.71215,-2.20611,-6.61413
60.00649,-1.43981,-1.96339,-6.33506
60.01653,-1.35332,-1.84054,-6.31426
60.02656,-1.55937,-1.8365,-6.49592
60.0366,-1.939,-1.81241,-6.23615
60.04664,-2.314,-1.76797,-5.46477
60.05667,-2.65068,-1.76707,-4.73109
60.06671,-2.90132,-1.91102,-4.38289
60.07675,-2.88187,-1.98749,-4.1517
60.08678,-2.51017,-1.94634,-3.82938
60.09682,-2.15254,-1.86209,-3.86245
60.10686,-2.18246,-1.92419,-4.6259
60.11689,-2.2498,-1.9185,-5.22086
60.12693,-2.20416,-1.78203,-5.37334
60.13697,-2.0656,-1.66412,-5.80729
60.147,-1.88319,-1.58317,-5.95004
60.15704,-1.72667,-1.53184,-5.77885
60.16708,-1.57673,-1.42081,-5.50187
60.17711,-1.48396,-1.40629,-5.35538
60.18715,-1.52885,-1.39776,-5.37214
60.19719,-1.56686,-1.37637,-5.27832
60.20722,-1.47303,-1.40929,-5.10309
60.21726,-1.24678,-1.43054,-5.01151
60.2273,-1.11181,-1.53693,-4.94702
60.23733,-1.13365,-1.79056,-4.93146
60.24737,-1.16553,-2.02445,-5.00927
60.25741,-1.25336,-2.22855,-5.07301
60.26744,-1.4449,-2.39989,-5.09142
60.27748,-1.60531,-2.46947,-4.83075
60.28752,-1.69031,-2.50463,-4.45711
60.29755,-1.69465,-2.51735,-4.32138
60.30759,-1.53289,-2.55431,-4.69024
60.31763,-1.15939,-2.61447,-5.30016
60.32766,-0.74879,-2.67253,-5.86729
60.3377,-0.36646,-2.62958,-6.28298
60.34774,-0.24122,-2.63242,-6.61653
60.35777,-0.34192,-2.50374,-6.79534
60.36844,-0.7232,-2.34886,-7.01037
60.37847,-1.16343,-2.17259,-7.11781
60.38851,-1.44041,-1.9827,-7.0412
60.39855,-1.62013,-1.89546,-7.10015
60.40859,-1.6092,-1.75929,-7.27807
60.41862,-1.53857,-1.80987,-7.3092
60.42866,-1.33896,-1.89307,-7.207
60.4387,-1.27087,-1.89785,-7.05975
60.44873,-1.43981,-1.90683,-6.82946
60.45877,-1.66981,-1.79236,-6.55832
60.46881,-1.88244,-1.59229,-6.45671
60.47884,-2.12859,-1.58317,-6.85909
60.48888,-2.25309,-1.4467,-7.19158
60.49892,-2.28616,-1.30843,-7.24695
60.50895,-2.26222,-1.18767,-7.41185
60.51899,-2.23993,-1.10088,-7.67536
60.52903,-2.25758,-1.02502,-8.0725
60.53906,-2.30906,-0.91638,-8.59503
60.5491,-2.24097,-0.73023,-9.06789
60.55914,-2.00215,-0.4751,-9.46622
60.56917,-1.80568,-0.20246,-9.75981
60.57921,-1.76991,0.02649,-9.953
60.58925,-1.73295,0.13991,-10.22145
60.59928,-1.78907,0.23044,-10.49423
60.60932,-1.99991,0.30332,-10.57279
60.61936,-2.2911,0.53061,-10.6952
60.62939,-2.72984,0.80026,-10.85067
60.63943,-3.08882,1.02951,-10.9641
60.64947,-3.21721,1.11914,-11.20651
60.6595,-3.11396,1.29317,-11.38622
60.66954,-2.71667,1.37592,-11.42468
60.67958,-2.33405,1.46585,-11.8287
60.68961,-2.0641,1.80298,-12.59649
60.69965,-1.75001,2.35769,-12.87243
60.70969,-1.77365,2.72296,-13.005
60.71972,-2.40797,2.60414,-13.22347
60.72976,-3.47503,2.11408,-13.30787
60.7398,-4.06236,1.73654,-13.16691
60.74983,-4.10905,1.36021,-13.45347
60.75987,-4.03603,0.98866,-14.05711
60.76991,-3.78448,0.79009,-14.09811
60.77994,-3.64487,0.60917,-14.04229
60.78998,-3.50227,0.25364,-14.29279
60.80002,-3.52397,-0.5565,-14.78509
60.81005,-3.24758,-0.91638,-15.11205
60.82009,-2.67283,-1.14428,-15.44574
60.83013,-1.95232,-1.52301,-15.87386
60.84016,-1.1787,-1.67011,-15.84767
60.8502,-0.60065,-1.78697,-15.33292
60.86024,-0.38008,-2.17214,-14.84375
60.87027,-0.47196,-2.72834,-14.68543
60.88031,-0.58553,-3.10483,-14.62708
60.89035,-0.64284,-3.32166,-14.7414
60.90038,-0.72933,-3.51469,-15.14093
60.91042,-0.76674,-3.64562,-15.28758
60.92046,-0.8664,-3.63604,-15.22189
60.93049,-0.84306,-3.53758,-15.12148
60.94053,-0.44368,-3.25237,-14.90106
60.95057,-0.0624,-3.00098,-14.73601
60.9606,-0.1851,-2.94771,-14.63381
60.97064,-0.65631,-2.88816,-14.37284
60.98068,-1.11495,-2.82306,-14.0809
60.99071,-1.41213,-2.68166,-13.77564
61.00075,-1.63584,-2.42129,-13.67284
61.01079,-1.89621,-2.14311,-13.36024
61.02082,-2.273,-1.87047,-13.18188
61.03086,-2.72999,-1.74822,-13.1506
61.0409,-3.04527,-1.61205,-12.80075
61.05093,-3.37927,-1.50161,-12.2209
61.06097,-3.78852,-1.47932,-11.46269
61.07101,-4.16591,-1.44206,-10.80773
61.08104,-4.55422,-1.34779,-10.70073
61.09108,-4.76491,-1.26549,-11.0045
61.10112,-4.66166,-0.97758,-11.51895
61.11115,-4.33261,-0.56937,-11.933
61.12119,-3.96944,-0.31903,-12.4482
61.13123,-3.87861,-0.21593,-12.87078
61.14126,-4.04845,-0.26067,-13.00515
61.1513,-4.1719,-0.38951,-12.89727
61.16134,-4.06969,-0.53944,-12.6544
61.17137,-3.85347,-0.77752,-12.12394
61.18141,-3.5087,-0.94616,-11.16925
61.19145,-3.14284,-1.08921,-10.00297
61.20148,-2.72086,-1.04986,-8.81036
61.21152,-2.36053,-1.05704,-7.87468
61.22156,-2.08759,-1.41198,-7.38791
61.23159,-1.96788,-1.78787,-7.23797
61.24163,-2.00814,-2.05602,-6.75689
61.25167,-2.14954,-2.10151,-6.16208
61.26171,-2.3336,-2.0662,-6.54814
61.27174,-2.58768,-2.20506,-7.34466
61.28178,-2.67313,-2.38941,-7.75377
61.29182,-2.69692,-2.66729,-7.99783
61.30185,-2.66744,-2.73672,-7.8883
61.31189,-2.48518,-2.59711,-7.37998
61.32193,-2.17169,-2.49311,-6.87435
61.33196,-1.76138,-2.44912,-6.55906
61.342,-1.13755,-2.36966,-6.55532
61.35204,-0.54633,-2.20461,-6.74043
61.36207,-0.40552,-2.11767,-7.18545
61.37211,-0.75462,-2.18231,-7.38701
61.38215,-1.20578,-2.17738,-6.98134
61.39218,-1.59244,-2.12126,-6.77903
61.40222,-1.84294,-2.30187,-6.7286
61.41226,-1.73206,-2.36891,-6.77694
61.42229,-1.33567,-2.40393,-6.96937
61.43233,-1.00332,-2.5817,-7.30426
61.44237,-0.73382,-2.66235,-7.30875
61.4524,-0.40193,-2.64948,-6.8326
61.46244,-0.23987,-2.664,-6.6264
61.47248,-0.145,-2.7463,-6.56685
61.48251,-0.03502,-2.85568,-6.27715
61.49255,0.19752,-2.91329,-6.0069
61.50259,0.33474,-3.0351,-5.95812
61.51262,0.29658,-3.16828,-5.8019
61.52266,0.22191,-3.20973,-5.50651
61.5327,0.05701,-3.25177,-5.4073
61.54273,-0.14635,-3.31118,-5.34042
61.55277,-0.25513,-3.3845,-5.13392
61.56281,-0.30347,-3.31941,-4.87489
61.57284,-0.1025,-3.19476,-4.68246
61.58288,0.31618,-3.09361,-4.45875
61.59292,0.61995,-3.02388,-4.51427
61.60295,0.57266,-3.15391,-5.00747
61.61299,0.21234,-3.31806,-5.29208
61.62303,-0.07736,-3.2844,-5.21861
61.63306,-0.28252,-3.34949,-5.0395
61.6431,-0.17163,-3.30684,-5.01361
61.65314,0.13198,-3.19117,-5.12449
61.66317,0.26441,-3.16454,-5.23462
61.67321,0.22236,-3.16588,-5.39294
61.68325,0.09592,-3.1982,-5.42182
61.69328,-0.1438,-3.24729,-5.37259
61.70332,-0.32786,-3.32884,-5.26515
61.71336,-0.44143,-3.3257,-5.39518
61.72339,-0.45699,-3.30116,-5.62952
61.73343,-0.31364,-3.29846,-5.67186
61.74347,-0.14245,-3.14463,-5.55619
61.7535,-0.12121,-2.94038,-5.27562
61.76354,-0.2279,-2.75767,-5.13766
61.77358,-0.50473,-2.52229,-5.26605
61.78361,-1.00661,-2.39884,-5.53824
61.79365,-1.47528,-2.2284,-5.81806
61.80369,-1.6119,-2.04959,-5.98371
61.81372,-1.39851,-1.71111,-6.43053
61.82376,-1.25321,-1.60935,-6.76676
61.8338,-1.53214,-1.71245,-6.49771
61.84383,-2.02819,-1.81855,-6.10566
61.85387,-2.42159,-1.95068,-6.04057
61.86391,-2.65771,-2.04555,-6.15235
61.87395,-2.66759,-1.96459,-6.13185
61.88398,-2.77308,-1.88379,-6.12826
61.89402,-2.91733,-1.79894,-6.22717
61.90406,-2.89519,-1.75959,-6.4214
61.91409,-2.65442,-1.67504,-6.73339
61.92413,-2.5591,-1.62372,-7.32057
61.93417,-2.81543,-1.65948,-7.88874
61.9442,-3.08089,-1.75555,-8.07564
61.95424,-3.06892,-1.81106,-8.05858
61.96428,-2.85942,-1.81959,-8.11859
61.97431,-2.49147,-1.83351,-8.37701
61.98435,-1.9601,-1.76617,-8.59234
61.99439,-1.45687,-1.65709,-9.18251
62.00442,-1.31142,-1.59798,-10.3627
62.01446,-1.59648,-1.53663,-11.04774
62.0245,-1.93018,-1.35961,-11.16551
62.03453,-2.2516,-1.32729,-11.26173
62.04457,-2.44283,-1.35991,-11.63687
62.05461,-2.44253,-1.24903,-12.13815
62.06464,-2.22257,-1.10073,-12.74688
62.07468,-1.91716,-0.92087,-13.60759
62.08472,-1.58272,-0.73846,-14.3091
62.09475,-1.41737,-0.61815,-14.54882
62.10479,-1.60546,-0.50054,-14.34037
62.11483,-2.09119,-0.51191,-13.8753
62.12486,-2.46079,-0.67187,-13.5018
62.1349,-2.42652,-0.6397,-13.66401
62.14494,-2.18785,-0.53974,-13.99471
62.15497,-1.81136,-0.37888,-14.05905
62.16501,-1.50386,-0.29928,-14.03257
62.17505,-1.53408,-0.29449,-13.97286
62.18508,-1.8178,-0.29913,-13.73898
62.19512,-2.28512,-0.50667,-13.48863
62.20516,-2.57781,-0.76614,-13.21285
62.21519,-2.38747,-0.90665,-13.1735
62.22523,-1.83755,-0.84022,-13.39676
62.23527,-0.94571,-0.60214,-13.72282
62.2453,-0.21608,-0.44787,-14.29937
62.25534,-0.07422,-0.47495,-14.87338
62.26538,-0.36646,-0.54393,-15.02062
62.27541,-0.78664,-0.6174,-14.98396
62.28545,-0.95544,-0.78051,-14.94745
62.29549,-0.85428,-0.84066,-15.00701
62.30552,-0.73502,-0.79188,-14.98217
62.31556,-0.63686,-0.79218,-14.60298
62.3256,-0.73218,-0.79338,-14.10275
62.33563,-0.97773,-0.86954,-13.67957
62.34567,-1.31561,-0.98836,-13.40693
62.35571,-1.60052,-1.04477,-13.23006
62.36574,-1.68178,-1.06647,-12.93842
62.37578,-1.54441,-0.98761,-12.70543
62.38582,-1.22344,-0.89184,-12.68164
62.39585,-0.96875,-0.86221,-12.68852
62.40589,-0.91234,-0.89947,-12.57929
62.41593,-1.02068,-1.08412,-12.48905
62.42597,-1.36694,-1.45942,-12.41453
62.436,-1.80209,-1.80762,-12.40211
62.44604,-2.08924,-2.03522,-12.52377
62.45608,-1.96579,-1.94948,-12.77232
62.46611,-1.72278,-1.70901,-12.93827
62.47615,-1.56207,-1.529,-13.0463
62.48619,-1.50715,-1.32549,-13.10571
62.49622,-1.62132,-1.15041,-13.17843
62.50626,-2.02669,-1.07724,-13.23634
62.5163,-2.72311,-1.1552,-13.15943
62.52633,-3.44945,-1.20952,-13.00366
62.53637,-3.99906,-1.1968,-12.66652
62.54641,-4.07762,-0.91054,-12.35857
62.55644,-3.58068,-0.6397,-12.10119
62.56648,-2.89489,-0.60723,-12.37443
62.57652,-2.1901,-0.50862,-12.43863
62.58655,-1.59244,-0.52268,-11.86342
62.59659,-1.25681,-0.60124,-11.2499
62.60663,-1.29003,-0.79906,-10.57624
62.61666,-1.49368,-0.87074,-10.06208
62.6267,-1.7129,-1.02173,-9.83553
62.63674,-2.10361,-1.30394,-9.58369
62.64677,-2.5377,-1.49682,-9.20181
62.65681,-2.57407,-1.44685,-8.97751
62.66685,-2.02983,-1.32295,-8.94444
62.67688,-1.09206,-1.29975,-8.98678
62.68692,-0.2258,-1.27416,-8.93516
62.69696,0.20036,-1.40031,-8.65788
62.70699,0.29928,-1.51209,-8.29396
62.71703,0.17687,-1.61953,-7.70888
62.72707,0.05911,-1.64287,-6.88288
62.7371,0.18001,-1.51059,-6.41526
62.74714,0.28252,-1.49159,-6.37366
62.75718,0.20216,-1.64586,-6.71858
62.76721,0.03516,-1.62462,-6.73818
62.77725,-0.11148,-1.61654,-6.41646
62.78729,-0.46238,-1.84922,-6.24692
62.79732,-0.99748,-1.98419,-6.16956
62.80736,-1.50895,-2.00529,-5.92041
62.8174,-1.80807,-2.02953,-5.42391
62.82743,-1.83441,-1.8974,-4.82192
62.83747,-1.44191,-1.68342,-4.51517
62.84751,-0.68145,-1.61683,-4.80202
62.85754,-0.09816,-1.70153,-5.48108
62.86758,-0.01362,-1.76872,-6.028
62.87762,-0.06823,-1.84728,-6.14816
62.88765,-0.23433,-1.95921,-5.96096
62.89769,-0.55949,-2.13757,-5.69236
62.90773,-0.69626,-2.17214,-5.70344
62.91776,-0.73098,-2.30502,-6.13424
62.9278,-0.79637,-2.46752,-6.7114
62.93784,-0.94107,-2.54893,-6.80971
62.94788,-1.05016,-2.50748,-6.59124
62.95791,-1.16463,-2.41231,-6.4823
62.96795,-1.24903,-2.34258,-6.33027
62.97799,-1.22433,-2.35515,-6.17076
62.98802,-1.00108,-2.36966,-6.24647
62.99806,-0.8667,-2.49491,-6.50639
63.00809,-0.94376,-2.53815,-6.69434
63.01813,-1.2393,-2.57392,-6.78083
63.02817,-1.58736,-2.65622,-6.87256
63.0382,-1.74433,-2.54908,-6.83949
63.04824,-1.71574,-2.53965,-6.86358
63.05828,-1.49832,-2.55102,-6.96369
63.06832,-1.23855,-2.54743,-7.08923
63.07835,-1.11734,-2.44238,-7.25264
63.08839,-1.09654,-2.31968,-7.18395
63.09843,-1.10627,-2.17004,-6.96443
63.10846,-1.19201,-2.05991,-6.96743
63.1185,-1.2803,-1.9393,-7.13532
63.12854,-1.2375,-1.83471,-7.42352
63.13857,-1.07799,-1.65679,-7.67387
63.14861,-0.98072,-1.45687,-8.01339
63.15865,-0.87119,-1.21206,-8.27451
63.16868,-0.75836,-0.93134,-8.44659
63.17872,-0.75911,-0.85278,-8.60177
63.18876,-0.81328,-0.71646,-8.65264
63.19879,-1.02412,-0.71991,-8.83356
63.20883,-1.32699,-0.7003,-8.89805
63.21887,-1.60786,-0.47884,-8.69724
63.2289,-1.71694,-0.35135,-8.50016
63.23894,-1.55758,-0.17612,-8.49642
63.24898,-1.01394,-0.01736,-8.57154
63.25901,-0.24975,0.04594,-8.93741
63.26905,0.44757,0.21099,-9.35295
63.27909,0.80909,0.1643,-9.48164
63.28912,0.93224,0.09053,-9.2271
63.29916,0.42123,0.01092,-8.96
63.3092,-0.53196,-0.17867,-8.93262
63.31923,-1.20174,-0.38906,-8.95102
63.32927,-1.72996,-0.62608,-8.6694
63.33931,-1.98315,-0.79562,-8.06202
63.34934,-1.64467,-0.85892,-7.49355
63.35938,-0.70375,-1.04791,-7.58049
63.36942,0.43934,-1.26115,-8.44016
63.37945,1.29796,-1.3632,-9.40158
63.38949,1.69614,-1.48785,-9.9102
63.39953,1.63913,-1.87032,-10.16458
63.40956,1.35826,-2.31265,-10.50665
63.4196,0.89259,-2.77114,-10.64447
63.42964,0.50847,-3.05231,-10.56052
63.43967,0.40297,-3.3046,-10.74563
63.44971,0.62504,-3.27826,-10.85262
63.45975,0.93613,-3.09166,-10.33816
63.46979,0.97743,-3.07849,-9.57815
63.47982,0.75866,-3.08553,-8.98708
63.48986,0.65571,-3.03285,-8.69724
63.49989,0.13812,-3.47863,-8.95731
63.50993,-0.85099,-4.10007,-9.47251
63.51997,-1.67654,-4.49407,-9.46982
63.53,-2.00469,-5.06344,-9.17069
63.54004,-1.84892,-5.17297,-8.67599
63.55008,-1.4645,-5.09561,-8.09719
63.56012,-0.97773,-4.97231,-7.6598
63.57015,-0.681,-5.14723,-7.89249
63.58019,-0.45146,-5.44845,-8.42834
63.59023,0.00853,-5.54482,-8.73809
63.60026,0.56952,-5.63535,-9.17114
63.6103,1.10567,-5.76763,-9.6404
63.62034,1.36514,-5.66872,-9.91424
63.63037,1.28718,-5.37199,-10.04053
63.64041,0.7832,-5.41898,-10.013
63.65045,0.1221,-5.57714,-9.94746
63.66048,-0.48019,-5.78275,-9.65282
63.67052,-0.8664,-6.00391,-9.22875
63.68056,-0.43904,-5.80235,-9.12176
63.69122,-0.43904,-5.80235,-9.12176
63.70126,-0.21907,-5.57565,-9.47909
63.71129,-0.10205,-5.33563,-9.55855
63.72133,-0.23149,-5.24091,-9.59791
63.73137,-0.40282,-5.10743,-9.63397
63.7414,-0.52687,-5.12434,-9.47939
63.75144,-0.45505,-5.23672,-9.31719
63.76148,-0.21099,-5.2213,-9.17593
63.77151,-0.21099,-5.2213,-9.17593
63.78155,0.67472,-5.24824,-8.80677
63.79159,0.83438,-5.08977,-8.59758
63.80162,0.6587,-5.01885,-8.69574
63.81166,0.49321,-4.81489,-8.81096
63.8217,0.2873,-4.66331,-8.9184
63.83174,-0.04025,-4.5204,-8.92903
63.84177,-0.41405,-4.29924,-8.79884
63.85181,-0.7651,-4.26198,-8.94743
63.86184,-1.00796,-4.32602,-9.29564
63.87188,-0.91743,-4.24282,-9.41849
63.88192,-0.75791,-4.12117,-9.06654
63.89195,-0.61321,-3.97512,-8.59997
63.90199,-0.52672,-3.80139,-8.41801
63.91203,-0.5984,-3.80858,-8.56406
63.92206,-0.73293,-3.82324,-8.78867
63.9321,-0.92237,-3.90973,-9.01971
63.94214,-1.04537,-3.94145,-9.34651
63.95218,-1.01155,-3.90599,-9.49136
63.96221,-0.7865,-3.72702,-11.08545
63.97225,0.39804,-3.90135,-14.58428
63.98229,1.64661,-4.18985,-12.48875
63.99232,0.95873,-4.36912,-10.61454
64.00236,0.9074,-4.01747,-11.10266
64.0124,1.03744,-4.0468,-11.57656
64.02243,0.98402,-4.07358,-11.34088
64.03247,0.84036,-3.99622,-10.98894
64.04251,1.01589,-3.94564,-9.85259
64.05254,1.00063,-3.85347,-8.77984
64.06258,0.46118,-3.89522,-9.80545
64.07262,0.27818,-3.94041,-10.17865
64.08265,0.02394,-3.88055,-9.97918
64.09269,-0.27444,-3.93517,-10.12149
64.10273,-0.02604,-3.95313,-9.89703
64.11276,0.41539,-4.03124,-9.61736
64.1228,0.67097,-3.93846,-9.41759
64.13284,0.85697,-3.89342,-9.59267
64.14287,0.91129,-3.98156,-9.54808
64.15291,0.97728,-3.99877,-9.25583
64.16295,1.08876,-4.00879,-8.92139
64.17298,1.30888,-4.02405,-8.63918
64.18302,1.39507,-4.12147,-8.42864
64.19306,1.44311,-4.19629,-8.39557
64.20309,1.43413,-4.25614,-8.68826
64.21313,1.38385,-4.30178,-9.07537
64.22317,1.3611,-4.34787,-9.33724
64.2332,1.37382,-4.34832,-9.40577
64.24324,1.40046,-4.30073,-9.45425
64.25328,1.36859,-4.26527,-9.40398
64.26331,1.26429,-4.26811,-9.21528
64.27398,1.1154,-4.27724,-9.05562
64.28401,0.94032,-4.18896,-9.04095
64.29405,0.74998,-4.13583,-9.15992
64.30409,0.65422,-4.08361,-9.3953
64.31412,0.6834,-3.99263,-9.53985
64.32416,0.78141,-4.01792,-9.8701
64.3342,1.06692,-3.98305,-8.59264
64.34423,1.16508,-4.03932,-7.96745
64.35427,1.16179,-4.06745,-8.35741
64.36431,1.10642,-4.14825,-8.1979
64.37435,0.97818,-4.20392,-8.41786
64.38438,0.94092,-4.21754,-8.78283
64.39442,0.9517,-4.24582,-9.45934
64.40446,0.88092,-4.27425,-10.1764
64.41449,0.78021,-4.13314,-10.06522
64.42453,0.67861,-4.07373,-8.74527
64.43457,0.48153,-4.02854,-7.48727
64.4446,0.39998,-3.89836,-7.22839
