t,ax,ay,az
0.0,-0.11507,-3.88175,-9.76954
0.01004,0.09622,-3.87651,-10.02347
0.02007,0.0416,-3.77326,-10.30524
0.03011,-0.24765,-3.58113,-10.59599
0.04015,-0.64165,-3.32016,-10.58282
0.05019,-0.89798,-2.95938,-10.53075
0.06023,-1.14787,-2.75528,-10.51264
0.07026,-1.3644,-2.81708,-10.39981
0.0803,-1.38265,-3.03465,-10.34011
0.09034,-1.41737,-3.21107,-10.24973
0.10038,-1.43487,-3.31283,-10.25721
0.11041,-1.28449,-3.23681,-10.09754
0.12045,-1.08053,-3.16708,-9.90257
0.13049,-0.79592,-3.19746,-9.91229
0.14053,-0.64988,-3.37283,-10.08288
0.15057,-0.57401,-3.58906,-10.12403
0.1606,-0.60274,-3.69755,-10.0124
0.17064,-0.67457,-3.74109,-9.94327
0.18068,-0.82899,-3.77835,-9.45006
0.19072,-1.44834,-4.1499,-7.6586
0.20075,-1.94319,-4.17594,-6.82976
0.21079,-1.82498,-3.67555,-7.29004
0.22083,-1.60307,-4.02989,-7.44686
0.23087,-1.01948,-5.36361,-6.76601
0.2409,-0.12839,-5.54736,-7.07936
0.25094,0.41839,-4.71568,-8.15869
0.26098,0.8055,-4.67977,-8.74213
0.27102,0.98237,-5.33548,-9.21992
0.28106,1.6089,-5.81881,-9.69562
0.29109,1.70617,-5.23777,-9.81398
0.30113,-0.04684,-3.92784,-9.1656
0.31117,-1.12991,-3.20958,-8.90703
0.32121,-0.95095,-2.90058,-9.06819
0.33124,-0.41943,-3.18504,-9.22052
0.34128,-0.16071,-3.74259,-9.00085
0.35132,-0.05237,-3.7776,-8.56825
0.36136,0.17687,-3.90614,-7.82141
0.3714,-0.32352,-4.92981,-7.24426
0.38143,-0.99718,-3.89163,-6.59543
0.39147,-1.45508,-2.77099,-5.73726
0.40151,-0.87613,-3.34949,-5.80325
0.41155,-0.29209,-3.71999,-7.82934
0.42158,-0.67412,-3.98919,-10.25721
0.43162,-1.30649,-4.18716,-11.52643
0.44166,-1.92524,-3.91512,-12.14968
0.4517,-2.24127,-3.56706,-12.31637
0.46173,-2.21269,-3.07146,-12.2619
0.47177,-2.01263,-2.61118,-11.89514
0.48181,-2.03058,-2.70036,-11.20875
0.49185,-1.92778,-3.3242,-10.33038
0.50189,-1.29107,-3.87666,-9.47386
0.51192,-0.52478,-4.17863,-8.90583
0.52196,0.1046,-4.50245,-8.67928
0.532,0.49425,-4.13494,-8.22109
0.54204,0.71632,-3.34934,-7.97539
0.55207,0.73996,-2.73553,-9.09108
0.56211,0.37828,-2.51197,-10.67604
0.57215,-0.0615,-2.68166,-10.95572
0.58219,-0.25124,-3.00008,-10.37871
0.59223,-0.11043,-3.53564,-9.81563
0.60226,0.21697,-3.9419,-9.32063
0.6123,0.60094,-4.04575,-8.69589
0.62234,0.92087,-3.92544,-7.97673
0.63238,0.95499,-4.01762,-7.8057
0.64241,0.95888,-4.0456,-7.94321
0.65245,0.64464,-4.39126,-7.76978
0.66249,0.0838,-4.58041,-8.00232
0.67253,-0.3518,-4.41266,-8.23052
0.68256,-0.52134,-4.33395,-8.08043
0.6926,-0.49126,-4.31166,-7.78415
0.70264,-0.35344,-4.57562,-7.56822
0.71268,-0.23762,-4.70954,-7.59156
0.72272,-0.38143,-4.52235,-8.06232
0.73275,-0.59301,-4.74082,-8.54221
0.74279,-0.89708,-4.38453,-9.23339
0.75283,-1.14039,-4.17564,-9.81159
0.76287,-1.26249,-3.65595,-9.70295
0.7729,-1.28599,-3.19057,-9.56633
0.78294,-1.02592,-2.9956,-9.62275
0.79298,-0.86131,-2.92811,-9.57576
0.80302,-0.92476,-3.02522,-9.55062
0.81306,-1.08203,-3.31926,-9.63008
0.82309,-1.09654,-3.63066,-9.53491
0.83313,-0.88301,-3.64921,-9.23099
0.84317,-0.67606,-3.51484,-8.88952
0.85321,-0.56039,-3.45169,-8.63918
0.86324,-0.35135,-3.29233,-8.61748
0.87328,-0.27563,-2.95908,-8.66327
0.88332,-0.23867,-2.97105,-8.60416
0.89336,-0.16819,-3.06682,-8.46829
0.90339,-0.17822,-3.13745,-8.58471
0.91343,-0.29359,-3.21062,-9.07717
0.92347,-0.38517,-3.01729,-9.45725
0.93351,-0.44622,-2.58664,-9.5795
0.94355,-0.42288,-2.40498,-9.47745
0.95358,-0.41644,-2.59906,-9.27364
0.96362,-0.40806,-2.77817,-8.93411
0.97366,-0.33564,-3.00008,-8.651
0.9837,-0.2484,-3.31522,-8.52845
0.99373,-0.2674,-3.45932,-8.42684
1.00377,-0.37664,-3.39558,-8.20568
1.01381,-0.46118,-2.95789,-8.16902
1.02385,-0.33594,-2.63153,-8.05813
1.03389,-0.12091,-2.70485,-7.86735
1.04392,-0.07646,-2.90581,-7.85523
1.05396,-0.19139,-3.0155,-7.89159
1.064,-0.33504,-3.11396,-8.03778
1.07404,-0.45505,-3.17785,-8.30743
1.08407,-0.55231,-3.23681,-8.53727
1.09411,-0.61366,-3.30879,-8.67135
1.10415,-0.62294,-3.33153,-8.53802
1.11419,-0.63147,-3.38121,-8.25177
1.12422,-0.72365,-3.46112,-8.22707
1.13426,-0.79069,-3.43104,-8.525
1.1443,-0.77422,-3.32121,-9.00534
1.15434,-0.63731,-3.22439,-9.39949
1.16438,-0.4733,-3.10199,-9.57785
1.17441,-0.27683,-2.98512,-9.57247
1.18445,-0.12704,-2.9721,-9.47775
1.19449,-0.08305,-3.06308,-9.31719
1.20453,-0.07916,-3.14089,-9.25568
1.21456,-0.20276,-3.06383,-9.54733
1.2246,-0.48887,-2.80391,-10.17865
1.23464,-0.46208,-2.85718,-10.68308
1.24468,-0.42751,-3.00023,-10.9225
1.25472,-0.44742,-3.0975,-10.79336
1.26475,-0.41225,-3.13266,-10.35372
1.27479,-0.33698,-3.15361,-9.94791
1.28483,-0.26635,-3.10214,-9.72629
1.29487,-0.15607,-2.77727,-9.54434
1.30491,0.4733,-1.6291,-9.33469
1.31494,0.94795,-1.29077,-9.13986
1.32498,0.8658,-2.15703,-9.07103
1.33502,0.63611,-2.85748,-8.95431
1.34505,0.47929,-3.33108,-8.98155
1.35509,0.09786,-3.55614,-9.22995
1.36513,-0.48258,-3.5093,-9.44004
1.37517,-0.9511,-3.42685,-9.50498
1.38521,-1.22404,-3.56736,-9.63502
1.39524,-1.25785,-3.78733,-9.66255
1.40528,-1.20922,-3.94909,-9.40532
1.41532,-1.2577,-4.13105,-9.11772
1.42536,-1.19186,-4.18731,-8.84433
1.43539,-0.74968,-3.82578,-8.56181
1.44543,-0.29389,-3.26689,-8.35741
1.45547,0.02379,-2.74765,-8.53353
1.46551,0.21503,-2.51645,-8.82578
1.47555,0.24271,-2.66355,-8.89221
1.48558,-0.01167,-3.20494,-8.88937
1.49562,-0.40866,-3.70787,-8.91002
1.50566,-0.63072,-3.78,-8.96404
1.5157,-0.65826,-3.58457,-8.8358
1.52573,-0.46223,-3.20299,-8.5283
1.53577,-0.08125,-2.73089,-8.31027
1.54581,0.23224,-2.60115,-8.28918
1.55585,0.3934,-2.72355,-8.19386
1.56589,0.3711,-2.77862,-8.22842
1.57592,0.09921,-2.73119,-8.92065
1.58596,-0.18465,-2.67821,-9.9099
1.596,-0.36527,-2.51571,-10.54676
1.60604,-0.41719,-2.48758,-10.75251
1.61607,-0.3708,-2.59292,-10.64043
1.62611,-0.34013,-2.61522,-10.35777
1.63615,-0.36527,-2.41964,-10.20454
1.64619,-0.2665,-2.22346,-9.89718
1.65622,-0.05013,-2.19758,-9.62813
1.66626,0.1854,-2.05318,-9.6841
1.6763,0.36272,-2.1865,-9.46218
1.68634,0.60828,-2.44358,-9.24311
1.69638,0.81478,-2.53052,-9.21902
1.70641,0.85742,-2.3945,-9.39814
1.71645,0.76555,-2.08954,-9.50767
1.72649,0.58493,-1.96938,-9.53072
1.73653,0.44816,-2.1871,-9.74395
1.74656,0.46672,-2.22661,-9.8671
1.7566,0.6828,-1.99392,-9.81697
1.76664,1.01813,-1.71754,-9.79782
1.77668,1.27192,-1.56476,-9.75188
1.78672,1.11555,-1.31696,-9.90601
1.79675,0.99733,-1.2384,-10.09799
1.80679,1.08936,-1.41991,-10.18149
1.81683,1.09684,-1.55728,-10.40026
1.82687,0.93045,-1.47827,-10.81221
1.8369,0.8251,-1.27117,-11.08216
1.84694,0.87134,-1.15386,-10.94794
1.85698,0.85473,-1.1992,-10.80324
1.86702,0.73801,-1.4051,-10.73006
1.87706,0.63357,-1.51329,-10.57309
1.88709,0.57416,-1.57688,-10.39832
1.89713,0.58089,-1.66397,-10.03245
1.90717,0.62219,-1.74148,-9.63157
1.91721,0.60618,-1.901,-9.34247
1.92724,0.50982,-2.09403,-8.99023
1.93728,0.30212,-2.28227,-8.72537
1.94732,0.05746,-2.4358,-8.67584
1.95736,-0.16176,-2.53127,-8.73584
1.96739,-0.32277,-2.57736,-8.92768
1.97743,-0.38876,-2.56838,-9.08375
1.98747,-0.34791,-2.52977,-9.25718
1.99751,-0.36975,-2.50374,-9.52264
2.00755,-0.44427,-2.55776,-9.70145
2.01758,-0.59242,-2.49147,-9.73782
2.02762,-0.72185,-2.38612,-9.58384
2.03766,-0.72544,-2.22496,-9.49032
2.0477,-0.58987,-2.07712,-9.46488
2.05773,-0.37454,-1.93691,-9.52922
2.06777,-0.24945,-1.81391,-9.83433
2.07781,-0.18241,-1.77814,-10.0151
2.08785,-0.10445,-1.71649,-9.84122
2.09789,-0.02768,-1.61279,-9.51336
2.10792,0.03741,-1.76632,-9.17697
2.11796,0.07691,-2.02564,-9.03632
2.128,0.03142,-2.15643,-9.20286
2.13804,-0.05552,-2.0457,-9.64773
2.14807,0.00239,-1.80777,-9.84167
2.15811,0.08874,-1.70826,-9.62708
2.16815,0.01736,-1.76887,-9.16934
2.17819,-0.21234,-2.0421,-8.76682
2.18823,-0.55007,-2.24711,-8.63274
2.19826,-0.96531,-2.34467,-9.01297
2.2083,-0.5372,-2.9739,-9.7866
2.21834,-0.20156,-2.85179,-9.58698
2.22838,-0.14036,-2.44777,-9.65103
2.23841,-0.27099,-2.14655,-9.72166
2.24845,-0.20366,-2.01487,-9.47326
2.25849,-0.06584,-2.03298,-9.36537
2.26853,-0.14844,-2.16675,-9.26062
2.27856,-0.18121,-2.15538,-9.21917
2.2886,-0.13632,-2.09089,-9.21917
2.29864,-0.00584,-2.05961,-9.15363
2.30868,0.03711,-2.05632,-8.85585
2.31872,-0.10116,-2.19174,-8.42355
2.32875,-0.31858,-2.35664,-8.14642
2.33879,-0.57147,-2.46139,-8.18009
2.34883,-0.73711,-2.52124,-8.48715
2.35887,-0.58448,-2.42772,-8.56047
2.36891,-0.4555,-2.14775,-8.35113
2.37894,-0.68549,-2.22481,-8.52051
2.38898,-1.09654,-2.61522,-9.14839
2.39902,-1.37098,-2.74241,-9.30746
2.40906,-1.32564,-2.63482,-9.27903
2.41909,-0.94406,-2.50838,-9.33544
2.42913,-0.41599,-2.26132,-9.12774
2.43917,-0.10265,-1.92,-8.72896
2.44921,-0.06584,-1.26489,-8.89446
2.45925,-0.20665,-0.73771,-8.87261
2.46928,-0.40507,-1.70856,-10.98714
2.47932,-1.25426,-2.33674,-12.2203
2.48936,-1.20698,-2.23843,-11.43516
2.4994,-1.53558,-1.96758,-12.73551
2.50943,-1.84488,-2.4587,-12.46825
2.51947,-2.07368,-2.92392,-12.66443
2.52951,-2.40049,-2.93843,-14.3691
2.53955,-2.08311,-2.41964,-17.16598
2.54958,-1.87256,-1.72263,-18.05034
2.55962,-2.04899,-1.42949,-16.86161
2.56966,-1.80777,-2.30607,-14.33154
2.5797,-1.2188,-3.86888,-12.01171
2.58974,-0.33534,-5.31558,-11.74072
2.59977,0.21578,-6.04057,-12.91208
2.60981,0.18376,-5.47674,-14.27932
2.61985,0.05851,-4.47446,-14.58892
2.62989,0.33579,-4.2111,-14.21976
2.63992,0.76914,-4.47327,-13.47262
2.64996,1.07215,-4.74875,-12.48756
2.66,0.73622,-4.8514,-11.37276
2.67004,0.4742,-4.72795,-10.59374
2.68008,1.25292,-4.34054,-10.31033
2.69011,2.30008,-3.40605,-9.5569
2.70015,2.84775,-2.85119,-8.46231
2.71019,3.23277,-3.24908,-8.08387
2.72023,3.52531,-4.22951,-12.47648
2.73026,3.29322,-4.27515,-14.23338
2.7403,3.2,-2.75692,-16.43949
2.75034,4.14137,-1.548,-17.15311
2.76038,3.35158,-0.11881,-15.7718
2.77042,2.81468,0.04265,-15.95152
2.78045,2.06904,-1.18872,-14.55016
2.79049,0.31334,-2.21778,-12.17302
2.80053,-1.39866,-2.62629,-10.37557
2.81057,-1.28793,-2.09074,-10.03769
2.8206,0.45295,-0.91399,-10.51578
2.83064,1.78667,0.12375,-11.35046
2.84068,2.18501,0.94915,-11.59557
2.85072,2.23454,1.25965,-10.72243
2.86075,1.75241,0.98043,-8.76502
2.87079,0.93942,0.32935,-6.39387
2.88083,0.63312,-0.8857,-4.79918
2.89087,0.17642,-1.33028,-4.09902
2.90091,-0.41285,-0.88436,-4.41027
2.91094,-1.0108,-0.63761,-4.85798
2.92098,-0.72739,-0.58688,-5.05281
2.93102,0.10445,-0.61785,-5.85831
2.94106,-0.353,-0.0428,-5.91068
2.95109,-0.83887,-0.10744,-4.86397
2.96113,-1.11764,-0.87403,-3.57544
2.97117,-1.45777,-1.13246,-3.11934
2.98121,-1.3439,-0.84381,-3.67779
2.99125,-2.00021,-0.79562,-3.01639
3.00128,-2.59921,-1.25336,-2.86646
3.01132,-2.67986,-1.40405,-2.64814
3.02136,-2.45974,-1.4057,-2.21957
3.0314,-1.91476,-1.53842,-2.4174
3.04143,-1.72353,-1.36095,-2.76366
3.05147,-1.63479,-1.06946,-3.39887
3.06151,-1.45283,-1.07844,-3.98485
3.07155,-1.4229,-1.32354,-4.21365
3.08159,-1.60187,-1.5501,-3.80888
3.09162,-1.81914,-1.44909,-3.27916
3.10166,-2.09747,-1.43577,-3.01669
3.1117,-2.31459,-1.74373,-2.60414
3.12174,-2.24531,-2.14461,-2.0665
3.13177,-2.1045,-2.80705,-1.5489
3.14181,-2.20551,-3.58741,-1.31023
3.15185,-2.1898,-3.90569,-1.98075
3.16189,-1.80568,-3.37822,-2.80002
3.17193,-1.46061,-2.71024,-3.12039
3.18196,-1.26489,-2.35993,-3.82339
3.192,-0.91548,-2.20611,-5.16235
3.20204,-0.56204,-2.25908,-6.35765
3.21208,-0.78904,-2.3761,-7.06993
3.22211,-1.55444,-2.63736,-7.31114
3.23215,-2.13249,-3.09959,-7.3285
3.24219,-2.13892,-2.69273,-7.05407
3.25223,-1.43787,-1.40181,-7.37115
3.26226,-0.49036,0.06943,-8.32793
3.2723,0.31364,0.81178,-9.51171
3.28234,0.5987,0.23852,-10.17281
3.29238,-0.00374,-0.63491,-10.15905
3.30242,-0.7018,-1.14263,-10.1366
3.31245,-1.16029,-1.02427,-10.23282
3.32249,-1.10522,-0.25693,-10.37856
3.33253,-0.5764,0.66319,-10.21606
3.34257,0.1854,0.94601,-9.99834
3.3526,0.72036,0.2279,-10.073
3.36264,0.66978,-0.5767,-10.1981
3.37268,0.13752,-0.98252,-10.49408
3.38272,-0.25483,-0.71676,-10.8589
3.39275,-0.11223,0.00224,-11.26098
3.40279,0.6002,1.08906,-11.82047
3.41283,1.55578,1.8371,-12.07007
3.42287,2.17109,1.55473,-12.1808
3.43291,1.80628,0.81747,-11.81703
3.44294,1.03699,-0.08215,-11.30662
3.45298,0.2059,-0.42273,-11.23255
3.46302,-0.32816,-0.2065,-12.46167
3.47306,-0.13797,0.50009,-14.20659
3.48309,0.65287,1.42829,-15.46654
3.49313,1.57269,2.02983,-15.98115
3.50317,2.11333,1.99033,-15.56426
3.51321,1.88693,1.60426,-14.8237
3.52325,1.1338,1.19979,-14.34261
3.53328,0.51071,0.98312,-14.66389
3.54332,0.4323,1.16687,-15.1936
3.55336,0.67397,1.52855,-15.14333
3.5634,1.00721,1.64512,-14.64698
3.57343,1.08218,1.20024,-14.34247
3.58347,0.49036,0.54977,-14.15841
3.59351,-0.10445,0.20081,-13.82098
3.60355,-0.28102,0.17358,-13.33795
3.61358,-0.18585,0.21847,-13.1111
3.62362,-0.03666,0.32995,-13.34378
3.63366,-0.00913,0.32262,-13.93485
3.6437,-0.19109,0.27099,-14.6989
3.65374,-0.44427,0.32726,-15.42135
3.66377,-0.72185,0.31199,-15.94942
3.67381,-0.79892,0.31768,-16.16625
3.68385,-0.55411,0.51834,-16.19633
3.69389,-0.27713,0.73741,-16.27144
3.70392,-0.09367,0.82106,-16.29972
3.71396,0.05522,0.67935,-16.1429
3.724,-0.04803,0.51745,-15.80712
3.73404,-0.3316,0.33668,-15.71928
3.74408,-0.61755,0.0841,-15.76627
3.75411,-0.83228,-0.02379,-15.90797
3.76415,-0.97938,0.05207,-16.35195
3.77419,-0.96516,0.05312,-16.61995
3.78423,-0.91189,0.03651,-16.41495
3.79426,-1.11794,0.10116,-16.01018
3.8043,-1.35676,-0.01736,-15.51069
3.81434,-1.42066,-0.19079,-15.10412
3.82438,-1.44131,-0.10968,-14.94625
3.83442,-1.55459,0.17044,-14.82535
3.84445,-1.67085,0.34791,-14.76998
3.85449,-1.86359,0.34028,-14.24849
3.86453,-2.09747,0.4148,-13.61747
3.87457,-2.04599,0.3084,-12.75406
3.8846,-1.78488,0.27833,-11.60051
3.89464,-1.36514,0.39729,-10.60946
3.90468,-0.74534,0.75762,-9.72899
3.91472,-0.03053,1.28778,-9.06744
3.92476,0.63491,1.57718,-8.20194
3.93479,1.04387,1.52526,-7.11347
3.94483,1.26414,1.18049,-5.80669
3.95487,1.4048,0.65182,-4.76506
3.96491,1.50042,0.28476,-4.2524
3.97494,1.61324,-0.02619,-4.07643
3.98498,1.59933,-0.24825,-3.99069
3.99502,1.53902,-0.48168,-3.94594
4.00506,1.46974,-0.83887,-3.72927
4.01509,1.24813,-1.22718,-3.08747
4.02513,1.10433,-1.82648,-2.50718
4.03517,1.07619,-2.37086,-2.4147
4.04521,1.14533,-2.34946,-2.71532
4.05525,1.24858,-2.11932,-2.8919
4.06528,1.18483,-2.0237,-2.71428
4.07532,1.07126,-2.14236,-2.26836
4.08536,1.12168,-2.32297,-1.74193
4.0954,1.24618,-2.30981,-1.41841
4.10543,1.40106,-2.19997,-1.53408
4.11547,1.51493,-2.04001,-1.58406
4.12551,1.58062,-1.95172,-1.4054
4.13555,1.51553,-2.05243,-0.89259
4.14559,1.39223,-2.09343,-0.55994
4.15562,1.44505,-1.87137,-0.44173
4.16566,1.67819,-1.59708,-0.15981
4.1757,1.7132,-1.72068,-0.05821
4.18574,1.54366,-1.96025,-0.31993
4.19577,1.46121,-2.2091,-0.71901
4.20581,1.35512,-2.35589,-1.25202
4.21585,1.32639,-2.33061,-1.70033
4.22589,1.33103,-2.21972,-1.8573
4.23593,1.17047,-2.12126,-1.70841
4.24596,0.83677,-2.002,-1.67699
4.256,0.38936,-1.89501,-1.91042
4.26604,-0.15697,-1.7952,-2.38477
4.27608,-0.36601,-1.73864,-2.78251
4.28611,-0.47256,-1.38774,-2.87648
4.29615,-0.65182,-0.80954,-3.0342
4.30619,-0.81119,-0.17747,-3.31238
4.31623,-1.11929,0.07976,-4.03348
4.32627,-1.39747,0.11283,-5.30615
4.3363,-1.38909,0.28745,-6.59094
4.34634,-1.1368,0.44876,-7.64977
4.35638,-0.96157,0.75417,-7.61296
4.36642,-1.41422,0.85054,-7.0403
4.37645,-2.3547,0.79667,-7.08699
4.38649,-2.96342,0.67681,-7.29842
4.39653,-3.20643,0.56653,-7.83817
4.40657,-3.23681,0.88496,-9.06549
4.4166,-3.05934,1.87167,-10.78932
4.42664,-3.06652,2.57706,-12.6559
4.43668,-3.23531,2.38193,-13.76067
4.44672,-3.06009,2.20671,-14.53026
4.45676,-2.65023,2.3737,-14.85632
4.46679,-2.18127,2.65921,-15.20617
4.47683,-1.97103,3.0773,-15.8761
4.48687,-2.01547,3.39558,-17.15371
4.49691,-1.92494,3.39977,-18.79763
4.50694,-1.71979,3.31447,-20.32602
4.51698,-1.77395,3.32091,-21.75342
4.52702,-2.33195,2.92377,-23.09537
4.53706,-3.43254,2.23978,-23.55116
4.5471,-5.02318,1.76572,-23.86615
4.55713,-6.441,1.66427,-25.1273
4.56717,-6.93451,2.38283,-27.71752
4.57721,-6.15878,3.08149,-30.63082
4.58725,-4.7884,3.56571,-32.8064
4.59728,-3.86349,3.82354,-33.10837
4.60732,-4.21409,3.10094,-31.21231
4.61736,-5.35987,1.97402,-28.09835
4.6274,-6.05149,1.13261,-24.87216
4.63744,-6.11315,0.73457,-21.76958
4.64747,-6.02202,0.47779,-19.55734
4.65751,-5.82195,0.53421,-18.3957
4.66755,-5.85457,0.72051,-18.20282
4.67759,-6.04356,0.92566,-18.25998
4.68762,-5.81582,1.18214,-17.35467
4.69766,-5.51355,1.0117,-15.87416
4.7077,-5.57535,0.81538,-14.20076
4.71774,-5.6581,0.58897,-12.36051
4.72778,-5.50607,0.2888,-10.58821
4.73781,-4.95121,-0.21458,-8.64875
4.74785,-4.10995,-0.42228,-7.1443
4.75789,-3.17456,-0.30481,-6.72905
4.76793,-2.2691,-0.00359,-7.48323
4.77796,-1.49712,0.46492,-8.47278
4.788,-0.77856,0.96292,-8.85645
4.79804,-0.20785,1.36918,-8.18862
4.80808,0.06838,1.3234,-6.36094
4.81812,0.30212,0.89902,-4.22786
4.82815,0.65945,0.79892,-2.50658
4.83819,1.16403,0.92566,-1.69764
4.84823,1.64167,1.14039,-1.98569
4.85827,2.04959,1.29601,-2.63527
4.8683,2.38433,1.19231,-3.11501
4.87834,2.52648,0.88062,-3.10139
4.88838,2.43206,0.42422,-2.69497
4.89842,2.32402,-0.04923,-1.94978
4.90846,2.28586,-0.39834,-1.13231
4.91849,2.28227,-0.54034,-0.51685
4.92853,2.4572,-0.83378,0.02918
4.93857,2.53366,-1.31217,0.54977
4.94861,2.46109,-1.88947,0.49126
4.95864,2.34781,-2.40946,-0.13557
4.96868,2.27748,-2.53157,-1.24798
4.97872,2.31011,-2.48638,-2.34602
4.98876,2.32447,-2.43715,-3.54312
4.99879,2.35395,-2.36442,-4.28876
5.00883,2.33988,-2.37445,-4.69443
5.01887,2.30726,-2.52334,-5.14065
5.02891,2.21613,-2.664,-5.64912
5.03895,2.08595,-2.75767,-6.15654
5.04898,1.91252,-2.90087,-6.60336
5.05902,1.74687,-3.11007,-6.98119
5.06906,1.47812,-3.2636,-7.08444
5.0791,1.22269,-3.51993,-7.16824
5.08914,0.93868,-3.61091,-7.05706
5.09917,0.59511,-3.66178,-7.18425
5.10921,0.27892,-3.78119,-7.57555
5.11925,0.04609,-3.94011,-8.1144
5.12929,-0.07213,-4.12431,-8.45527
5.13932,-0.15098,-4.22592,-8.55748
5.14936,-0.21892,-4.19105,-8.66132
5.1594,-0.39385,-4.18087,-8.6513
5.16944,-0.57266,-4.28667,-8.5069
5.17947,-0.63446,-4.48075,-8.21002
5.18951,-0.50129,-4.46204,-7.97149
5.19955,-0.34147,-4.3139,-7.84296
5.20959,-0.42033,-4.27096,-7.95653
5.21963,-0.57715,-4.40533,-8.18368
5.22966,-0.77572,-4.458,-8.24698
5.2397,-0.89768,-4.42598,-8.58875
5.24974,-0.87433,-4.36927,-8.90942
5.25978,-0.77946,-4.25644,-8.94773
5.26981,-0.78844,-4.21035,-8.78268
5.27985,-0.90052,-4.27829,-8.7333
5.28989,-1.03025,-4.28876,-8.64052
5.29993,-1.06332,-4.23385,-8.72701
5.30996,-1.10762,-4.23025,-8.8973
5.32,-1.13695,-4.21843,-9.09901
5.33004,-1.07889,-4.16008,-9.28292
5.34008,-0.90157,-3.99353,-9.48702
5.35012,-0.73577,-3.90823,-9.47386
5.36015,-0.67053,-3.88609,-9.2717
5.37019,-0.70539,-3.94564,-9.0435
5.38023,-0.78365,-3.99862,-8.81949
5.39027,-0.77393,-4.01777,-8.76398
5.40031,-0.73173,-4.07463,-8.91825
5.41034,-0.64344,-4.0456,-9.1026
5.42038,-0.5559,-3.90838,-9.24386
5.43042,-0.54079,-3.88369,-9.30596
5.44046,-0.50652,-3.93682,-9.32826
5.45049,-0.51924,-3.9039,-9.24072
5.46053,-0.47345,-3.74648,-9.28501
5.47057,-0.42707,-3.6971,-9.42956
5.48061,-0.37439,-3.66612,-9.39305
5.49065,-0.38517,-3.67734,-9.23892
5.50068,-0.44368,-3.69605,-9.14705
5.51072,-0.50233,-3.76324,-9.26631
5.52076,-0.5779,-3.80828,-9.27813
5.5308,-0.63386,-3.80394,-9.17982
5.54083,-0.69133,-3.82474,-9.16426
5.55087,-0.66634,-3.82474,-9.28786
5.56091,-0.64853,-3.75471,-9.33454
5.57095,-0.57536,-3.71086,-9.36956
5.58099,-0.57955,-3.73121,-9.31584
5.59102,-0.67786,-3.76743,-9.13567
5.60106,-0.7006,-3.80439,-8.96763
5.6111,-0.70255,-3.8403,-8.86708
5.62114,-0.70928,-3.74603,-8.94713
5.63117,-0.64165,-3.62048,-9.18296
5.64121,-0.59137,-3.59011,-9.37016
5.65125,-0.61726,-3.63664,-9.40053
5.66129,-0.72679,-3.67585,-9.33439
5.67132,-0.80221,-3.71894,-9.15408
5.68136,-0.77901,-3.72283,-8.98574
5.6914,-0.74295,-3.69755,-9.01342
5.70144,-0.73248,-3.62602,-9.20211
5.71148,-0.71332,-3.59789,-9.2901
5.72151,-0.75178,-3.58098,-9.27663
5.73155,-0.77153,-3.5509,-9.26885
5.74159,-0.7844,-3.49868,-9.25
5.75163,-0.73218,-3.4686,-9.20541
5.76166,-0.67591,-3.37328,-9.10679
5.7717,-0.62698,-3.21511,-9.14226
5.78174,-0.60618,-3.02507,-9.16874
5.79178,-0.64703,-2.78835,-9.12939
5.80182,-0.65631,-2.52768,-9.05517
5.81185,-0.59945,-2.19743,-9.10979
5.82189,-0.48752,-1.6321,-9.34831
5.83193,-0.34716,-0.79607,-9.75547
5.84197,-0.19932,-0.00224,-10.09111
5.852,-0.12121,0.75103,-10.35552
5.86204,0.15069,1.47558,-10.55663
5.87208,0.6617,1.99063,-10.38186
5.88212,1.15371,2.41276,-9.4158
5.89216,1.4452,2.82172,-8.01399
5.90219,1.53498,3.4683,-6.80402
5.91223,1.51822,4.26871,-6.2351
5.92227,1.65739,4.7504,-6.33356
5.93231,1.80508,4.60315,-6.64017
5.94234,1.89187,4.1716,-6.98389
5.95238,2.2703,4.04949,-7.28975
5.96242,2.869,4.0884,-7.57436
5.97246,3.28829,4.02585,-7.37399
5.9825,3.0969,3.82414,-6.62236
5.99253,2.67193,3.49883,-5.6135
6.00257,2.63661,2.92631,-4.81249
6.01261,2.69647,2.40273,-4.22158
6.02265,3.00293,1.70258,-3.81202
6.03268,3.64966,0.79772,-3.55344
6.04272,4.14721,-0.23643,-3.6938
6.05276,4.31854,-1.43727,-3.51439
6.0628,4.46369,-2.83444,-3.06997
6.07283,4.0887,-4.51756,-3.57469
6.08287,3.42625,-6.33715,-4.58669
6.09291,2.40872,-7.60264,-5.35209
6.10295,1.10567,-7.87019,-6.22807
6.11299,0.33025,-7.6592,-5.96231
6.12302,0.61321,-7.94291,-5.04294
6.13306,1.70123,-8.76861,-4.54883
6.1431,2.08595,-9.24341,-5.04862
6.15314,1.40225,-9.47176,-6.67249
6.16317,0.01137,-9.43615,-8.25356
6.17321,-0.99569,-8.92888,-8.80034
6.18325,-1.45388,-8.44345,-7.96117
6.19329,-2.18276,-8.14597,-6.28313
6.20333,-2.90402,-7.91493,-5.10788
6.21336,-3.78448,-7.56717,-5.02079
6.2234,-5.12928,-7.32416,-6.90742
6.23344,-6.40973,-7.09716,-9.9316
6.24348,-7.54742,-6.45926,-12.08832
6.25351,-8.17351,-5.88016,-13.38044
6.26355,-8.03659,-5.78664,-13.97391
6.27359,-7.58094,-5.66154,-14.00608
6.28363,-7.15118,-5.53375,-13.72326
6.29367,-6.27401,-5.1197,-13.73464
6.3037,-5.52088,-3.85826,-14.2645
6.31374,-5.51474,-2.87918,-14.97558
6.32378,-5.81312,-3.39543,-15.55528
6.33382,-5.58911,-4.34772,-15.18911
6.34385,-4.92278,-4.75892,-14.56423
6.35389,-4.09917,-4.56245,-13.88188
6.36393,-3.56796,-3.95343,-13.1934
6.37397,-3.78568,-3.37702,-12.48232
6.384,-4.13748,-3.57394,-12.00258
6.39404,-4.29639,-4.0673,-11.20516
6.40408,-4.44499,-4.51217,-10.571
6.41412,-3.82459,-4.73274,-10.28295
6.42416,-2.85688,-4.02615,-10.27756
6.43419,-2.2302,-3.03734,-10.78663
6.44423,-2.18127,-2.24995,-11.58419
6.45427,-2.48503,-1.75869,-12.64168
6.46431,-2.56135,-1.5275,-13.34049
6.47434,-2.30247,-1.11914,-13.33226
6.48438,-2.12366,-0.54857,-12.86494
6.49442,-1.8772,-0.42781,-12.58288
6.50446,-1.17286,-0.5797,-12.16628
6.51449,-0.36063,-0.45804,-11.75254
6.52453,0.15323,-0.03681,-11.60455
6.53457,-0.00165,0.3099,-11.11284
6.54461,-0.44697,0.07736,-10.59629
6.55465,-0.54992,-0.50203,-10.0112
6.56468,-0.36467,-0.87523,-9.36013
6.57472,-0.05581,-0.85952,-8.95282
6.58476,0.0627,-0.68923,-8.92947
6.5948,0.08155,-0.61875,-9.32287
6.60484,0.25289,-0.68788,-9.57037
6.61487,0.30242,-0.75477,-9.4134
6.62491,0.15727,-0.84096,-9.43121
6.63495,-0.07123,-0.91384,-9.77986
6.64499,-0.16625,-0.92446,-10.26275
6.65502,-0.08933,-0.8477,-10.40804
6.66506,0.19393,-0.81433,-10.2382
6.6751,0.43724,-0.74864,-9.909
6.68514,0.55725,-0.69581,-9.69203
6.69518,0.56593,-0.69133,-9.67332
6.70521,0.46627,-0.66304,-9.7432
6.71525,0.14605,-0.53585,-9.95898
6.72529,-0.00823,-0.46971,-10.02617
6.73533,0.03322,-0.16685,-9.90197
6.74536,0.19049,0.45161,-10.12672
6.7554,0.75028,0.76001,-10.52656
6.76544,1.22882,0.7633,-10.47897
6.77548,0.96262,0.75821,-10.41702
6.78551,0.4344,0.54872,-10.72498
6.79555,-0.02738,0.3735,-11.16476
6.80559,-0.24615,0.40088,-11.65033
6.81563,-0.00628,0.53735,-12.01934
6.82567,0.60992,0.60079,-12.39718
6.8357,1.26743,0.55112,-13.01638
6.84574,1.53034,0.48318,-13.76217
6.85578,1.59514,0.26531,-14.35488
6.86582,1.49697,-0.12824,-15.02481
6.87585,1.53289,-0.47151,-16.18256
6.88589,1.75256,-0.49964,-16.82824
6.89593,2.00724,-0.38981,-17.3026
6.90597,2.38208,-0.167,-17.94035
6.916,2.75752,0.31723,-18.02639
6.92604,3.01445,0.66469,-17.58706
6.93608,2.88172,0.56802,-16.63162
6.94612,2.3544,0.08993,-15.78781
6.95616,1.7551,-0.3111,-15.14647
6.96619,1.30664,-0.42332,-14.3893
6.97623,1.28958,-0.17852,-13.61493
6.98627,1.49054,0.41599,-12.65979
6.99631,1.08831,1.37278,-12.34959
7.00634,1.28239,0.97609,-12.89756
7.01638,1.12468,0.99494,-12.89472
7.02642,0.40223,1.91042,-13.43087
7.03646,-0.35793,2.4967,-14.162
7.0465,-0.7217,2.51077,-13.78551
7.05653,-0.79069,1.67759,-12.70693
7.06657,-1.27985,0.60813,-11.16925
7.07661,-1.88469,-0.14844,-9.92382
7.08665,-2.03567,-0.92252,-9.05352
7.09668,-1.52077,-1.4467,-8.55822
7.10672,-0.81822,-1.02442,-8.6519
7.11676,-0.14859,-0.06838,-8.64037
7.1268,0.44083,0.62309,-8.31027
7.13684,0.55381,0.70375,-7.89787
7.14687,0.31918,0.23209,-7.65022
7.15691,-0.20366,-0.35913,-7.48338
7.16695,-0.82735,-0.68085,-7.52513
7.17699,-1.27012,-0.659,-6.95396
7.18702,-1.64377,-0.50293,-6.41616
7.19706,-1.82124,-0.17957,-5.94869
7.2071,-1.79595,0.20141,-4.84497
7.21714,-2.0252,0.17538,-3.62677
7.22718,-2.43071,0.02125,-2.85075
7.23721,-2.38433,0.05177,-2.39196
7.24725,-1.80732,0.24181,-2.13682
7.25729,-1.12273,0.48842,-2.32926
7.26733,-0.65571,0.65437,-2.72969
7.27736,-0.41899,0.90875,-3.04333
7.2874,-0.24795,1.0729,-3.22649
7.29744,-0.32082,0.87912,-2.99724
7.30748,-0.79233,0.13692,-2.61746
7.31751,-1.2794,-0.71542,-2.38911
7.32755,-1.59125,-1.15954,-2.43176
7.33759,-1.62072,-1.06961,-2.78131
7.34763,-1.40375,-0.8661,-3.21721
7.35767,-1.21386,-1.05375,-3.2003
7.3677,-1.22688,-1.43039,-3.13027
7.37774,-1.28329,-1.77545,-3.33393
7.38778,-1.02098,-1.92314,-3.56946
7.39782,-0.47974,-1.86404,-3.6552
7.40785,-0.06539,-1.77201,-3.6148
7.41789,0.06823,-1.95621,-3.66133
7.42793,0.06674,-2.39824,-3.56078
7.43797,-0.15996,-2.96941,-3.54162
7.44801,-0.26471,-3.28694,-4.02286
7.45804,-0.07871,-3.00712,-4.45321
7.46808,0.07916,-2.34722,-4.56664
7.47812,0.10564,-1.67205,-4.92996
7.48816,0.08948,-1.31322,-5.35104
7.4982,-0.20381,-1.42126,-5.57206
7.50823,-0.95708,-1.43338,-5.72513
7.51827,-1.84802,-1.10418,-5.54826
7.52831,-2.49865,-0.85159,-5.14289
7.53835,-2.77817,-0.75507,-4.93505
7.54838,-2.70455,-0.21308,-5.18315
7.55842,-2.40333,0.48587,-5.52686
7.56846,-2.13054,1.14847,-5.91652
7.5785,-2.14685,1.73161,-5.8441
7.58853,-2.22691,1.90189,-5.58298
7.59857,-2.27524,1.57045,-5.50577
7.60861,-2.36906,1.15371,-5.91353
7.61865,-2.23484,1.32384,-6.66725
7.62869,-1.75615,2.07098,-7.28675
7.63872,-1.24528,2.9302,-6.94797
7.64876,-1.11854,2.68465,-6.91161
7.6588,-1.50939,1.80613,-7.70783
7.66884,-1.63524,1.45373,-9.10186
7.67887,-1.20354,2.07263,-10.64238
7.68891,-0.77752,3.19641,-11.10176
7.69895,-0.87134,4.13,-11.14546
7.70899,-0.64673,4.2928,-11.79578
7.71902,-0.46343,3.42356,-12.469
7.72906,-0.25154,2.58918,-13.99935
7.7391,0.29015,2.7867,-14.85078
7.74914,1.0741,3.55719,-15.93611
7.75918,1.85476,4.32498,-17.24693
7.76921,2.22122,4.80606,-18.35036
7.77925,2.71562,4.57098,-19.57155
7.78929,2.83578,3.52352,-19.94355
7.79933,2.28691,2.2486,-20.06012
7.80936,1.5893,1.43383,-20.09034
7.8194,1.00018,1.21386,-20.48389
7.82944,1.0111,1.22299,-21.8025
7.83948,1.3831,1.51777,-23.20131
7.84952,1.99302,1.67504,-23.83398
7.85955,2.3957,1.51792,-24.48071
7.86959,2.38852,1.20518,-24.69649
7.87963,2.27539,1.00931,-24.30444
7.88967,2.3116,1.11779,-23.61192
7.8997,2.09867,1.25681,-22.72292
7.90974,1.78757,1.17376,-21.97189
7.91978,1.54351,1.24469,-21.41673
7.92982,1.28479,1.42919,-20.99161
7.93986,0.99329,1.56865,-20.61408
7.94989,0.53151,1.95457,-19.79002
7.95993,0.0844,2.24217,-18.86781
7.96997,-0.5595,2.18875,-17.87361
7.98001,-1.24124,1.91342,-16.74819
7.99004,-1.84054,1.35931,-15.67334
8.00008,-2.67762,1.13036,-14.67496
8.01012,-3.27347,1.37397,-13.76516
8.02016,-3.25073,1.60112,-13.29844
8.0302,-2.81917,1.94634,-13.18801
8.04023,-2.09642,2.28676,-12.92076
8.05027,-1.39597,2.57945,-12.07815
8.06031,-0.78575,2.8081,-10.64297
8.07035,-0.23493,2.90327,-9.14256
8.08038,0.18271,2.94322,-7.87513
8.09042,0.6391,2.72505,-6.9586
8.10046,0.96756,2.45974,-6.44339
8.1105,1.01125,2.20491,-6.05613
8.12053,0.80505,1.87032,-5.9029
8.13057,0.60035,1.652,-6.03743
8.14061,0.61471,1.49413,-6.07663
8.15065,0.77078,1.32968,-5.95273
8.16069,1.0545,1.26369,-5.73217
8.17072,1.30469,1.24813,-5.16085
8.18076,1.43802,1.01754,-4.43286
8.1908,1.4856,0.65167,-4.12895
8.20084,1.37248,0.29254,-4.12027
8.21087,0.96935,0.03127,-3.8189
8.22091,0.51071,-0.19483,-3.20239
8.23095,0.26291,-0.51056,-2.91913
8.24099,0.14051,-0.77752,-3.17516
8.25103,0.09412,-1.10208,-3.59205
8.26106,0.04369,-1.54351,-3.56377
8.2711,-0.06255,-1.84354,-3.20883
8.28114,-0.02469,-2.01397,-3.06563
8.29118,0.10086,-1.93212,-3.01759
8.30121,0.38053,-1.78518,-2.94966
8.31125,0.65018,-1.7343,-2.8063
8.32129,0.82196,-1.69584,-2.57466
8.33133,0.8652,-1.69839,-2.30831
8.34136,0.75283,-1.83396,-2.23544
8.3514,0.55426,-2.11228,-2.46872
8.36144,0.3732,-2.42024,-2.59442
8.37148,0.17582,-2.65083,-2.7249
8.38152,0.05103,-2.76545,-2.86137
8.39155,0.00449,-2.74645,-3.00906
8.40159,0.0832,-2.62405,-2.96567
8.41163,0.1453,-2.57601,-2.85045
8.42167,0.18121,-2.61596,-2.88142
8.4317,0.16505,-2.65921,-2.92407
8.44174,0.02289,-2.57811,-2.93514
8.45178,-0.0395,-2.40004,-2.80511
8.46182,0.04699,-2.19488,-2.65951
8.47186,0.21204,-2.12485,-2.47516
8.48189,0.25558,-2.2504,-2.37924
8.49193,0.06404,-2.50478,-2.45989
8.50197,-0.20889,-2.47216,-2.68899
8.51201,-0.27189,-2.08281,-3.04468
8.52205,-0.16744,-1.51074,-3.41847
8.53208,-0.00239,-1.012,-3.77416
8.54212,0.04459,-0.64688,-4.00191
8.55216,0.05776,-0.53061,-4.05787
8.5622,-0.04863,-0.45325,-4.28966
8.57223,-0.12734,-0.31005,-4.60659
8.58227,-0.20859,0.14096,-4.9762
8.59231,-0.13378,0.76001,-5.7202
8.60235,-0.11851,1.22104,-6.75913
8.61238,-0.19932,1.71485,-7.74794
8.62242,-0.33384,2.05871,-8.08582
8.63246,-0.99763,1.69824,-8.42714
8.6425,-1.84264,1.41722,-9.16455
8.65253,-2.40258,1.57598,-10.262
8.66257,-2.6631,2.0011,-11.6032
8.67261,-2.69018,2.28392,-12.51075
8.68265,-2.72939,2.06754,-12.65874
8.69269,-3.04572,1.60501,-12.50611
8.70272,-3.39588,1.51343,-12.14534
8.71276,-3.427,1.58227,-10.56008
8.7228,-3.0743,1.67115,-9.48463
8.73284,-2.44927,1.85341,-9.29324
8.74288,-1.80283,2.01053,-9.84945
8.75291,-2.01023,2.38238,-11.56923
8.76295,-2.55147,2.41081,-14.09511
8.77299,-3.04617,2.31385,-16.23418
8.78303,-3.50616,2.46603,-17.71634
8.79306,-3.58277,2.69198,-17.46675
8.8031,-3.29053,2.80645,-17.04776
8.81314,-3.22753,2.77757,-17.25157
8.82318,-3.27198,2.4967,-17.29676
8.83322,-3.24474,2.42637,-17.20219
8.84325,-3.5705,2.43056,-17.18947
8.85329,-4.06027,2.11588,-17.86493
8.86333,-4.40533,1.87077,-18.76366
8.87337,-4.50634,1.94783,-19.37388
8.8834,-4.13105,2.08176,-19.93218
8.89344,-3.54297,2.43745,-20.10576
8.90348,-2.98377,3.00577,-19.8825
8.91352,-2.4795,3.23711,-19.69006
8.92355,-2.70126,3.00038,-19.52546
8.93359,-3.33452,2.26132,-18.9133
8.94363,-3.96749,1.46555,-17.96534
8.95367,-4.45097,0.91429,-16.87688
8.96371,-4.52968,0.72694,-15.71629
8.97374,-4.05757,0.84366,-14.99114
8.98378,-3.74722,1.28239,-15.3407
8.99382,-3.7348,1.59723,-16.39893
9.00386,-4.0465,1.54635,-17.25381
9.01389,-4.48808,1.45074,-17.5085
9.02393,-4.84646,1.34434,-17.1157
9.03397,-5.01181,1.25172,-16.32905
9.04401,-4.97725,1.18483,-15.67828
9.05404,-4.96976,1.02876,-15.37467
9.06408,-4.7486,0.8881,-14.92216
9.07412,-4.48554,0.81463,-14.0381
9.08416,-4.17818,1.00482,-13.22856
9.0942,-3.83536,1.09744,-12.696
9.10423,-3.61659,0.99748,-12.26175
9.11427,-3.53369,0.79906,-11.70346
9.12431,-3.40426,0.40986,-11.01004
9.13435,-3.04887,0.15622,-10.0341
9.14439,-2.55656,0.25364,-8.80019
9.15442,-2.25549,0.32801,-7.83847
9.16446,-2.42652,0.12974,-7.35648
9.1745,-2.87244,-0.25872,-7.21403
9.18454,-3.41952,-0.7443,-7.24351
9.19457,-3.59025,-0.81567,-7.04658
9.20461,-3.92006,-1.22,-7.27583
9.21465,-4.26871,-1.2164,-7.94336
9.22469,-4.42254,-1.06796,-8.25461
9.23472,-4.20542,-0.8251,-8.1774
9.24476,-3.80962,-0.50443,-8.05619
9.2548,-3.22499,-0.40327,-7.83592
9.26484,-2.75528,-0.43949,-7.42801
9.27487,-2.4774,-0.47749,-7.14744
9.28491,-2.42009,-0.53136,-7.16076
9.29495,-2.55177,-0.53076,-7.29573
9.30499,-2.67881,-0.37529,-7.38611
9.31503,-2.56958,-0.27758,-7.54218
9.32506,-2.23155,-0.27054,-7.35618
9.3351,-1.80792,-0.27578,-6.79893
9.34514,-1.56326,-0.34506,-6.47033
9.35518,-1.38908,-0.39175,-6.40958
9.36521,-1.15505,-0.39624,-6.25395
9.37525,-0.845,-0.41629,-6.01633
9.38529,-0.54064,-0.46148,-5.78858
9.39533,-0.3726,-0.49276,-5.80085
9.40537,-0.30347,-0.54438,-6.14577
9.4154,-0.22939,-0.66544,-6.33655
9.42544,-0.07661,-0.75597,-6.26682
9.43548,0.2086,-0.89423,-6.00361
9.44552,0.48213,-1.07141,-5.57969
9.45555,0.5348,-1.33252,-5.17851
9.46559,0.25244,-1.54845,-5.21128
9.47563,-0.06255,-1.70467,-5.44591
9.48567,-0.3699,-1.92793,-5.57355
9.4957,-0.60813,-2.13712,-5.77856
9.50574,-0.68699,-2.26327,-5.94331
9.51578,-0.60454,-2.18935,-6.02037
9.52582,-0.35195,-1.9215,-6.03414
9.53586,0.01272,-1.85506,-5.82883
9.54589,0.12435,-1.78159,-5.74953
9.55593,0.0404,-1.88005,-6.01379
9.56597,-0.104,-2.0445,-6.35301
9.57601,-0.23792,-2.14805,-6.59468
9.58604,-0.38846,-2.1681,-6.76751
9.59608,-0.43215,-2.26955,-6.84547
9.60612,-0.48932,-2.39974,-6.65379
9.61616,-0.62085,-2.47441,-6.34897
9.6262,-0.76884,-2.4765,-6.1721
9.63623,-0.94272,-2.36218,-6.17465
9.64627,-1.14323,-2.21104,-6.25111
9.65631,-1.25875,-2.04779,-6.27939
9.66635,-1.09789,-1.92389,-6.29645
9.67638,-0.92626,-1.7557,-6.34149
9.68642,-0.86206,-1.58975,-6.6478
9.69646,-0.9686,-1.45957,-7.37923
9.7065,-1.1766,-1.13919,-8.04631
9.71654,-1.39971,-0.69821,-8.46829
9.72657,-1.55803,-0.52074,-8.61718
9.73661,-1.39477,-0.77527,-8.34604
9.74665,-1.18887,-1.17166,-7.72833
9.75669,-1.28808,-1.29721,-7.56822
9.76672,-1.29167,-1.20802,-7.89593
9.77676,-1.26174,-1.02562,-8.04227
9.7868,-1.44999,-0.93928,-7.9501
9.79684,-1.90713,-0.88406,-7.49206
9.80687,-2.3125,-0.77063,-6.99257
9.81691,-2.64484,-0.79487,-6.75958
9.82695,-2.83503,-1.16328,-6.41332
9.83699,-2.56838,-1.73071,-6.29645
9.84703,-2.05946,-1.96803,-6.3578
9.85706,-1.40525,-1.84593,-6.52944
9.8671,-0.7446,-1.42455,-6.95516
9.87714,-0.03591,-0.9086,-7.85418
9.88718,0.21189,-0.36556,-8.9817
9.89721,-0.19348,0.11911,-9.682
9.90725,-0.53974,0.15128,-10.15067
9.91729,-0.88301,-0.17747,-10.71779
9.92733,-1.17376,-1.0108,-10.93806
9.93737,-1.13291,-1.88169,-10.40161
9.9474,-0.91159,-2.34916,-9.71777
9.95744,-0.58179,-2.49551,-8.95162
9.96748,-0.25109,-2.23005,-8.24383
9.97752,-0.24181,-1.95202,-8.41786
9.98755,-0.27773,-2.00455,-8.97287
9.99759,-0.2692,-2.25384,-9.79797
10.00763,-0.45295,-2.62913,-10.67979
10.01767,-0.8444,-3.31732,-11.23823
10.0277,-1.28479,-4.20901,-11.11613
10.03774,-1.72667,-4.88342,-10.72079
10.04778,-2.09358,-5.29149,-10.50456
10.05782,-2.49162,-5.72543,-10.612
10.06786,-2.82052,-6.3394,-10.47269
10.07789,-2.7873,-6.88812,-9.68036
10.08793,-2.40902,-6.94977,-8.54131
10.09797,-1.92449,-6.7295,-7.30606
10.10801,-1.57883,-6.71185,-6.14681
10.11804,-1.49398,-6.54949,-6.6282
10.12808,-1.31546,-5.96246,-8.10617
10.13812,-1.12318,-4.5204,-8.75919
10.14816,-1.27252,-3.08463,-8.55224
10.1582,-1.59095,-2.33839,-8.62691
10.16823,-1.84368,-2.12007,-9.00669
10.17827,-2.06874,-2.02669,-9.39081
10.18831,-1.65559,-2.35081,-8.90074
10.19835,-0.80221,-2.53516,-8.75889
10.20838,-0.785,-1.89995,-9.09587
10.21842,-1.589,-0.86236,-10.48271
10.22846,-2.76994,-0.09816,-12.78279
10.2385,-4.31001,-0.08305,-15.13569
10.24853,-5.5131,-0.59077,-16.79024
10.25857,-5.91398,-1.1359,-16.97549
10.26861,-5.47973,-1.24154,-16.1438
10.27865,-4.31704,-0.93972,-14.7625
10.28869,-3.04483,-0.37843,-13.92213
10.29872,-2.28676,0.186,-13.82202
10.30876,-2.15688,0.41061,-14.32107
10.3188,-2.38971,0.2695,-14.89478
10.32884,-2.9323,0.06988,-14.93533
10.33887,-3.54881,-0.34596,-15.35641
10.34891,-3.72313,-0.60843,-15.57982
10.35895,-3.57275,-0.4947,-15.24164
10.36899,-3.04812,-0.26157,-14.55076
10.37903,-2.31729,-0.01451,-13.59024
10.38906,-1.73804,0.00135,-12.3855
10.3991,-1.55698,-0.31349,-10.9626
10.40914,-1.66217,-0.67546,-9.6609
10.41918,-1.81346,-1.03848,-8.81051
10.42921,-1.98704,-1.34569,-8.49717
10.43925,-2.11378,-1.49802,-8.49104
10.44929,-2.08086,-1.38744,-8.51483
10.45933,-1.82318,-1.1371,-8.67344
10.46936,-1.3406,-0.80146,-9.00594
10.4794,-0.76989,-0.30077,-9.2292
10.48944,-0.31409,0.18091,-9.35504
10.49948,0.01302,0.51116,-9.47326
10.50952,0.18944,0.599,-9.44438
10.51955,0.09682,0.44068,-9.11428
10.52959,-0.24361,0.07991,-8.88084
10.53963,-0.57955,-0.2897,-8.80153
10.54967,-0.87987,-0.47031,-8.7734
10.5597,-1.05734,-0.55231,-8.99741
10.56974,-1.17825,-0.54513,-9.27005
10.57978,-1.04911,-0.45475,-9.619
10.58982,-0.63386,-0.22072,-9.87713
10.59986,-0.16251,0.03726,-9.76954
10.60989,0.26142,0.21802,-9.66045
10.61993,0.46103,0.34836,-9.75188
10.62997,0.46552,0.41644,-9.93818
10.64001,0.34791,0.38382,-10.22414
10.65004,0.12704,0.26965,-10.35956
10.66008,-0.03531,0.11028,-10.28833
10.67012,-0.13946,0.01691,-10.12268
10.68016,-0.15622,0.02424,-10.01644
10.69019,-0.09726,-0.01347,-9.97589
10.70023,-0.0416,-0.1667,-9.71911
10.71027,0.01003,-0.11762,-9.59327
10.72031,0.06644,-0.0012,-9.60988
10.73035,0.0612,0.10505,-9.55795
10.74038,0.00643,0.15667,-9.51336
10.75042,-0.23388,0.00209,-9.37016
10.76046,-0.6382,-0.28326,-9.21633
10.7705,-0.91219,-0.57461,-9.11143
10.78053,-0.95693,-0.65377,-9.09647
10.79057,-0.82705,-0.50772,-9.1056
10.80061,-0.58613,-0.27234,-9.07747
10.81065,-0.37948,-0.1013,-8.94833
10.82069,-0.36467,-0.09278,-8.78029
10.83072,-0.48393,-0.21503,-8.73554
10.84076,-0.65706,-0.33713,-8.91376
10.8508,-0.75343,-0.41749,-9.34532
10.86084,-0.66065,-0.391,-9.73318
10.87087,-0.4344,-0.31005,-9.89164
10.88091,-0.2665,-0.23194,-9.92741
10.89095,-0.15652,-0.19932,-9.9494
10.90099,-0.11313,-0.16445,-10.16339
10.91102,-0.24705,-0.13363,-10.60452
10.92106,-0.51131,-0.14724,-11.03368
10.9311,-0.71033,-0.20979,-11.126
10.94114,-0.77437,-0.44397,-10.98983
10.95118,-0.76959,-0.62189,-10.93118
10.96121,-0.62698,-0.60005,-10.95647
10.97125,-0.26306,-0.37514,-11.01692
10.98129,0.21578,-0.05222,-11.03907
10.99133,0.7443,0.20276,-11.02665
11.00136,1.23391,0.39953,-10.81206
11.0114,1.68133,0.4353,-10.44665
11.02144,2.19593,0.41524,-10.20364
11.03148,2.87993,0.50967,-9.93639
11.04152,3.49239,0.66424,-9.67916
11.05155,3.79421,0.77363,-9.54059
11.06159,3.78059,0.81867,-9.73617
11.07163,3.63769,0.75193,-10.32709
11.08167,3.41727,0.6388,-10.9632
11.0917,3.20254,0.48872,-11.21504
11.10174,2.95564,0.25289,-11.48828
11.11178,2.92826,-0.01152,-11.85175
11.12182,3.02822,-0.13841,-12.242
11.13185,3.06503,-0.26112,-12.42471
11.14189,2.81423,-0.42048,-12.19861
11.15193,2.44538,-0.63357,-12.47125
11.16197,2.21075,-0.99808,-13.17365
11.17201,2.01307,-1.49982,-14.11891
11.18204,1.75196,-2.01846,-15.39472
11.19208,1.73639,-2.28392,-17.10238
11.20212,1.86478,-2.27868,-18.23469
11.21216,2.0424,-1.85865,-18.61911
11.22219,2.25025,-1.33058,-18.04345
11.23223,2.00754,-1.08577,-17.24304
11.24227,1.55877,-1.04208,-17.32025
11.25231,1.12737,-0.53331,-18.13189
11.26235,1.30993,0.12614,-19.53713
11.27238,1.66966,0.64254,-20.65358
11.28242,1.46346,1.06811,-20.19898
11.29246,0.93194,1.24394,-18.37939
11.3025,0.21578,1.20787,-16.33055
11.31253,-0.59017,1.14293,-14.969
11.32257,-1.3415,0.84485,-13.88158
11.33261,-1.86329,0.34925,-12.72668
11.34265,-1.98225,-0.09921,-11.3768
11.35268,-1.77126,-0.34581,-9.80411
11.36272,-1.43802,-0.35614,-8.16138
11.37276,-1.0536,-0.14111,-6.90368
11.3828,-0.76091,0.17867,-5.56323
11.39284,-0.52628,0.2906,-4.24148
11.40287,-0.42946,-0.19498,-3.30071
11.41291,-0.74041,-0.97743,-2.01442
11.42295,-1.07993,-1.62895,-1.02457
11.43299,-0.99778,-1.9426,-0.88645
11.44302,-0.69118,-1.68492,-1.10462
11.45306,-0.38906,-1.12378,-1.58182
11.4631,-0.26531,-0.77692,-1.67415
11.47314,-0.46956,-0.84261,-1.44939
11.48318,-0.80251,-1.16807,-1.10717
11.49321,-0.93134,-1.23975,-0.86924
11.50325,-0.80849,-0.91668,-0.71033
11.51329,-0.74011,-0.48946,-0.60424
11.52333,-0.94616,-0.15054,-0.86565
11.53336,-1.31995,0.05986,-1.16912
11.5434,-1.84623,0.11776,-1.15056
11.55344,-2.38029,0.1254,-1.32429
11.56348,-2.79343,0.22984,-2.03313
11.57351,-3.10049,0.68564,-2.7243
11.58355,-3.16394,1.299,-2.99904
11.59359,-3.06024,1.70602,-3.25656
11.60363,-2.94906,1.60591,-2.91539
11.61367,-2.89429,1.16777,-2.3749
11.6237,-2.90342,0.54468,-2.07832
11.63374,-3.01161,-0.03651,-1.99811
11.64378,-3.04767,-0.46253,-2.16915
11.65382,-3.06578,-0.59406,-2.41066
11.66385,-3.02777,-0.42826,-2.64903
11.67389,-3.014,-0.34806,-3.06892
11.68393,-3.01056,-0.48198,-3.79212
11.69397,-2.65547,-0.56937,-4.23385
11.704,-2.14999,-0.58837,-4.77883
11.71404,-1.68866,-0.40013,-5.11401
11.72408,-1.4024,-0.15098,-4.96423
11.73412,-1.18528,0.04489,-4.61587
11.74416,-0.56264,0.17448,-3.90434
11.75419,-0.20575,-0.07646,-3.08149
11.76423,-0.57311,-0.46268,-2.7882
11.77427,-0.77527,-0.35554,-3.28649
11.78431,-0.89648,0.10968,-3.14703
11.79434,-0.87358,0.82151,-3.66867
11.80438,-0.29434,1.72203,-4.6036
11.81442,0.48557,2.69273,-4.86487
11.82446,1.42799,3.01235,-5.58852
11.8345,1.86912,3.10169,-7.66758
11.84453,1.59529,3.75097,-11.70076
11.85457,1.29586,4.80636,-16.46148
11.86461,1.51777,6.07843,-19.39423
11.87465,1.87301,6.83934,-20.07373
11.88468,2.58634,6.42619,-18.64993
11.89472,2.55641,5.07361,-15.67424
11.90476,1.50969,3.56407,-14.14704
11.9148,0.31199,2.77219,-14.60254
11.92483,-0.21727,2.68405,-16.65407
11.93487,0.46507,3.54611,-19.9027
11.94491,1.66292,4.9964,-23.36486
11.95495,2.63796,5.91921,-26.61335
11.96499,3.1364,5.64463,-28.77651
11.97502,3.66702,4.48135,-29.81365
11.98506,4.32183,3.82713,-30.244
11.9951,4.96752,3.72104,-30.07417
12.00514,5.49948,3.33153,-29.4177
12.01517,5.27712,2.54758,-28.55998
12.02521,4.43092,1.67504,-27.24781
12.03525,3.53983,1.0129,-25.68215
12.04529,2.79837,0.75552,-24.36953
12.05533,2.39196,0.91638,-23.14969
12.06536,2.17154,1.2393,-21.99598
12.0754,1.89711,1.37233,-20.76491
12.08544,1.42889,1.64048,-19.42955
12.09548,0.5595,1.84129,-18.28167
12.10551,-0.42422,1.8359,-17.37397
12.11555,-1.06796,1.8796,-16.49246
12.12559,-1.35527,1.90698,-15.85635
12.13563,-1.55503,2.00155,-15.30673
12.14566,-1.72876,2.10899,-14.36356
12.1557,-1.69809,2.2278,-13.05079
12.16574,-1.49278,2.36293,-11.47301
12.17578,-1.31187,2.24367,-9.70415
12.18582,-1.17914,1.75824,-7.77637
12.19585,-0.86835,1.1546,-6.32069
12.20589,-0.60753,0.97459,-6.34658
12.21593,-0.33698,1.26489,-6.68431
12.22597,0.04175,1.70303,-6.49098
12.236,0.53002,1.89471,-5.94675
12.24604,0.8884,1.85236,-5.20814
12.25608,1.13081,1.58915,-4.38812
12.26612,1.29915,1.23481,-3.79256
12.27615,1.51822,1.06437,-3.2006
12.28619,1.72383,1.12961,-2.36038
12.29623,1.797,1.12258,-1.51164
12.30627,1.46735,0.88271,-0.60753
12.31631,0.92326,0.50398,0.03442
12.32634,0.54663,0.10834,0.30137
12.33638,0.39115,-0.22595,-0.12255
12.34642,0.31334,-0.35404,-0.60828
12.35646,0.29404,-0.40746,-1.26683
12.36649,0.35614,-0.46717,-1.84234
12.37653,0.60424,-0.38412,-1.73759
12.38657,1.02651,-0.25184,-1.44056
12.39661,1.51852,-0.0808,-0.97758
12.40664,1.93661,0.08784,-0.49725
12.41668,2.11019,0.01736,-0.30361
12.42672,1.94424,-0.30601,-0.28341
12.43676,1.65978,-0.68339,-0.37394
12.4468,1.40599,-1.07365,-0.58987
12.45683,1.31606,-1.37592,-0.68085
12.46687,1.26324,-1.51239,-0.79906
12.47691,1.24843,-1.589,-0.908
12.48695,1.15775,-1.72233,-0.77243
12.49698,0.81657,-1.91312,-0.64479
12.50702,0.36018,-2.05752,-0.57431
12.51706,-0.10205,-2.08415,-0.78859
12.5271,-0.49006,-1.92539,-0.95603
12.53714,-0.78395,-1.58736,-1.35781
12.54717,-0.92222,-1.11675,-1.87346
12.55721,-0.8863,-0.69941,-2.67507
12.56725,-0.71931,-0.49799,-3.61554
12.57729,-0.80819,-0.50293,-4.19808
12.58732,-1.01828,-0.44083,-4.77105
12.59736,-1.14952,-0.09726,-5.31034
12.6074,-1.19441,0.39474,-5.72543
12.61744,-1.17271,0.86805,-6.2553
12.62747,-1.40001,1.09191,-6.83739
12.63751,-1.7955,1.13784,-7.48906
12.64755,-2.14206,1.04148,-8.28558
12.65759,-2.48174,1.11719,-9.18446
12.66763,-2.68674,1.43473,-10.04203
12.67766,-2.70201,1.90549,-11.00839
12.6877,-2.54279,2.51242,-12.61774
12.69774,-2.36143,2.9124,-14.46831
12.70778,-2.20671,2.93769,-15.95197
12.71781,-1.94409,2.69333,-17.01484
12.72785,-1.61998,2.355,-17.5468
12.73789,-1.26982,2.08789,-17.72398
12.74793,-0.8691,2.02385,-17.55997
12.75796,-0.268,2.1687,-17.21222
12.768,0.11372,2.18022,-17.11989
12.77804,-0.07108,1.89202,-17.43772
12.78808,-0.54678,1.50431,-17.8781
12.79812,-1.18468,1.20518,-18.54444
12.80815,-1.76198,0.97235,-19.05785
12.81819,-1.9607,0.71602,-19.3655
12.82823,-1.95023,0.64254,-19.79631
12.83827,-1.79565,1.08427,-20.50514
12.8483,-1.61639,1.62432,-21.36017
12.85834,-1.73535,1.82408,-22.20817
12.86838,-1.84922,1.78563,-22.72905
12.87842,-1.88633,1.74867,-22.56834
12.88846,-1.88873,1.72577,-22.07289
12.89849,-1.87107,1.77291,-21.46267
12.90853,-2.08595,1.76318,-21.02543
12.91857,-2.59771,1.4458,-20.72571
12.92861,-3.29592,1.14772,-20.18372
12.93864,-3.92395,0.84964,-19.56616
12.94868,-4.31869,0.71377,-18.95923
12.95872,-4.52654,0.95529,-18.16855
12.96876,-4.55916,1.28599,-17.25366
12.97879,-4.46698,1.35467,-16.39145
12.98883,-4.28577,1.34943,-15.74098
12.99887,-3.92874,1.43847,-15.1523
13.00891,-3.48805,1.64452,-14.42821
13.01895,-2.87933,1.95217,-13.5009
13.02898,-2.2712,2.07757,-12.47783
13.03902,-1.8184,1.98764,-11.51027
13.04906,-1.39013,1.84982,-10.64507
13.0591,-1.0925,1.64661,-9.88192
13.06913,-0.96651,1.49548,-9.18356
13.07917,-0.97998,1.28793,-8.65653
13.08921,-0.97893,0.97264,-8.29007
13.09925,-0.98192,0.58463,-8.02117
13.10928,-1.00631,0.1866,-7.65995
13.11932,-0.97938,-0.17792,-6.96324
13.12936,-0.91324,-0.59331,-6.15953
13.1394,-0.76704,-1.02621,-5.265
13.14944,-0.64928,-1.46824,-4.71373
13.15947,-0.61636,-1.73205,-4.34712
13.16951,-0.62085,-1.84234,-4.10935
13.17955,-0.80266,-1.95801,-4.30956
13.18959,-1.01739,-2.17872,-4.67034
13.19962,-1.11704,-2.30352,-4.86562
13.20966,-1.03983,-2.17438,-4.97605
13.2197,-0.71422,-1.92658,-4.94328
13.22974,-0.3304,-1.76213,-4.69144
13.23977,0.0214,-1.77799,-4.21694
13.24981,0.2053,-1.86149,-3.78987
13.25985,0.331,-2.07323,-3.51334
13.26989,0.30481,-2.28152,-3.20733
13.27993,0.19662,-2.34018,-3.14763
13.28996,0.18076,-2.25429,-3.28574
13.3,0.19303,-2.15897,-3.57215
13.31004,0.23733,-2.14461,-3.8819
13.32008,0.33863,-2.14655,-4.06476
13.33011,0.34656,-2.13982,-4.13987
13.34015,0.36616,-2.14326,-4.20811
13.35019,0.49081,-2.10944,-4.30926
13.36023,0.66484,-1.96758,-4.42493
13.37027,0.81193,-1.72622,-4.68336
13.3803,0.95544,-1.52346,-5.08843
13.39034,0.97249,-1.38325,-5.37902
13.40038,0.75896,-1.31681,-5.50786
13.41042,0.50592,-1.29317,-5.47314
13.42045,0.31589,-1.44041,-5.61874
13.43049,0.17642,-1.7141,-5.87971
13.44053,0.00658,-1.77665,-5.99583
13.45057,-0.0633,-1.73071,-6.12048
13.4606,-0.02544,-1.87077,-6.24243
13.47064,0.11702,-2.14236,-6.21026
13.48068,0.18944,-2.34572,-6.1112
13.49072,0.03157,-2.45944,-6.19215
13.50076,-0.11881,-2.58858,-6.52749
13.51079,-0.22835,-2.79882,-6.82362
13.52083,-0.41824,-2.96208,-6.92972
13.53087,-0.71572,-2.91733,-7.00798
13.54091,-1.09759,-2.87708,-7.15417
13.55094,-1.39806,-2.94023,-7.24351
13.56098,-1.65589,-3.09391,-7.61715
13.57102,-2.00425,-3.14089,-8.32569
13.58106,-2.24382,-3.10603,-9.13463
13.59109,-2.2914,-2.97524,-9.85663
13.60113,-2.19144,-2.71697,-10.24464
13.61117,-1.97267,-2.63198,-10.38709
13.62121,-1.89845,-2.65816,-10.56082
13.63125,-1.99961,-2.76396,-10.56142
13.64128,-2.07188,-2.82546,-10.43258
13.65132,-2.13443,-2.75154,-10.32829
13.66136,-1.94828,-2.82067,-10.21202
13.6714,-1.57299,-3.15212,-10.09276
13.68143,-1.4461,-3.23935,-10.21546
13.69147,-1.55907,-3.02223,-10.51099
13.70151,-1.68462,-2.71727,-10.92803
13.71155,-1.90354,-2.36547,-11.28492
13.72158,-2.03058,-2.00963,-11.48394
13.73162,-2.07921,-1.67774,-11.72081
13.74166,-2.11034,-1.42605,-11.90457
13.7517,-2.08565,-1.04642,-12.06513
13.76174,-1.83665,-0.53346,-12.13067
13.77177,-1.36484,-0.03382,-12.06438
13.78181,-0.67561,0.26411,-11.90202
13.79185,-0.30077,0.77333,-11.70959
13.80189,-0.39878,1.2393,-11.6852
13.81192,-0.94002,1.42156,-11.77678
13.82196,-1.67504,1.11211,-11.57043
13.832,-2.01697,0.3108,-10.90245
13.84204,-2.09403,-0.35659,-10.18074
13.85207,-2.22691,-0.58673,-9.83688
13.86211,-2.32417,-0.70794,-10.14977
13.87215,-2.01801,-0.81448,-10.10443
13.88219,-1.43877,-0.56129,-10.00627
13.89223,-0.59301,-0.26321,-10.08557
13.90226,0.46911,-0.15532,-9.94087
13.9123,1.52765,-0.32337,-9.74949
13.92234,2.47321,-0.72544,-8.92903
13.93238,3.16723,-1.68163,-7.71651
13.94241,3.56931,-2.92212,-6.53497
13.95245,3.29322,-4.0034,-5.37783
13.96249,2.5998,-5.1423,-4.32213
13.97253,1.83351,-6.50789,-3.37553
13.98256,0.98491,-7.94142,-2.74465
13.9926,0.5559,-9.01297,-2.78386
14.00264,0.92641,-9.43405,-3.93682
14.01268,1.34464,-8.93651,-5.75117
14.02272,1.3231,-7.83787,-7.05975
14.03275,1.49024,-7.19158,-7.25668
14.04279,2.04121,-6.88602,-6.81794
14.05283,2.35021,-6.27026,-5.94076
14.06287,1.82603,-5.51893,-5.48182
14.07291,0.14395,-5.31782,-5.85876
14.08294,-1.95576,-5.9053,-6.23211
14.09298,-3.66837,-6.6276,-6.48933
14.10302,-5.00358,-6.7512,-6.40269
14.11305,-5.59869,-6.6086,-5.968
14.12309,-5.48946,-6.22537,-6.3593
14.13313,-4.81309,-5.55545,-7.91014
14.14317,-3.63694,-4.84093,-9.85693
14.15321,-2.72325,-4.03393,-11.75388
14.16324,-2.42952,-3.23472,-13.09269
14.17328,-2.80047,-2.98886,-13.58979
14.18332,-3.367,-3.19611,-13.59308
14.19336,-3.85242,-3.3257,-13.47576
14.2034,-4.25854,-3.23786,-13.34483
14.21343,-4.59926,-3.02911,-13.49626
14.22347,-4.32677,-2.93843,-13.54998
14.23351,-3.51813,-2.83219,-13.26058
14.24355,-2.49311,-2.56853,-12.63435
14.25358,-1.47094,-2.18755,-11.79638
14.26362,-0.60334,-1.82139,-11.10266
14.27366,-0.53032,-1.57972,-10.76927
14.2837,-0.97953,-1.67729,-10.86938
14.29373,-1.34419,-2.01846,-10.95183
14.30377,-1.27416,-2.26117,-10.68278
14.31381,-0.89827,-2.31759,-10.16877
14.32385,-0.66274,-2.14251,-9.7872
14.33389,-0.30511,-2.03881,-9.65686
14.34392,0.16939,-1.90578,-9.39335
14.35396,0.17702,-1.50431,-9.01896
14.364,-0.25962,-1.48695,-9.29713
14.37403,-0.48303,-1.85551,-9.35265
14.38407,-0.29419,-2.03881,-8.69365
14.39411,0.10295,-1.97163,-7.7611
14.40415,-0.00868,-1.60322,-6.68835
14.41419,-0.83408,-1.39283,-5.66812
14.42422,-1.84578,-1.83605,-5.19003
14.43426,-2.00095,-2.91958,-5.12673
14.4443,-1.38669,-3.50257,-5.72035
14.45434,-0.57012,-3.01595,-6.61458
14.46437,0.24361,-1.71275,-6.84936
14.47441,0.46477,-0.42303,-6.77484
14.48445,-0.00224,-0.08484,-7.65725
14.49449,-1.07679,-0.4356,-9.65522
14.50452,-2.52932,-0.83094,-11.57252
14.51456,-3.67046,-1.14024,-12.62418
14.5246,-3.78867,-1.47797,-13.41845
14.53464,-2.74495,-1.16702,-13.96343
14.54468,-1.19366,0.04893,-14.20914
14.55471,-0.02065,1.16732,-14.63635
14.56475,0.35135,1.74148,-15.19824
14.57479,0.07407,1.65933,-15.35402
14.58483,-0.44412,1.16448,-15.36494
14.59486,-0.86745,0.5369,-15.48989
14.6049,-1.01095,0.02125,-14.92755
14.61494,-0.94721,-0.36212,-13.5844
14.62498,-0.71033,-0.49874,-12.24066
14.63501,-0.36137,-0.57236,-11.28896
14.64505,-0.26785,-0.6617,-10.56965
14.65509,-0.37005,-0.94945,-9.91394
14.66513,-0.51565,-1.27596,-9.19074
14.67517,-0.55725,-1.4666,-8.69499
14.6852,-0.47929,-1.43637,-8.39512
14.69524,-0.48917,-1.30319,-8.569
14.70528,-0.49096,-1.2815,-8.95776
14.71532,-0.44128,-1.28554,-9.23803
14.72535,-0.31618,-1.19336,-9.48508
14.73539,-0.12704,-0.98237,-9.62304
14.74543,0.01018,-0.73861,-9.55391
14.75547,-0.04848,-0.60394,-9.44213
14.7655,-0.14994,-0.76659,-9.37225
14.77554,-0.26606,-0.98731,-9.60404
14.78558,-0.2689,-1.00123,-10.0139
14.79562,-0.1254,-0.88241,-10.16039
14.80566,0.08305,-0.7244,-10.08572
14.81569,0.16266,-0.57371,-9.83852
14.82573,0.03935,-0.58583,-9.62155
14.83577,0.05791,-0.85323,-9.53281
14.84581,0.14889,-0.89154,-9.57381
14.85584,0.19004,-0.78754,-9.59372
14.86588,0.12555,-0.69492,-9.51965
14.87592,-0.05671,-0.71527,-9.63502
14.88596,-0.16999,-0.87643,-9.76281
14.89599,-0.12794,-0.8465,-9.91798
14.90603,-0.07272,-0.66664,-9.90242
14.91607,-0.16236,-0.59661,-9.63322
14.92611,-0.31783,-0.71557,-9.44512
14.93615,-0.43844,-0.77437,-9.5774
14.94618,-0.4941,-0.7238,-9.93953
14.95622,-0.56638,-0.68519,-10.23521
14.96626,-0.72499,-0.65975,-10.07061
14.9763,-0.75747,-0.69252,-9.88117
14.98633,-0.67157,-0.73053,-9.86291
14.99637,-0.57865,-0.62249,-9.96123
15.00641,-0.63761,-0.55875,-10.16458
15.01645,-0.7443,-0.69432,-10.19571
15.02649,-0.60409,-0.71841,-10.04921
15.03652,-0.30436,-0.57431,-9.94836
15.04656,-0.09023,-0.48737,-9.89598
15.0566,-0.07168,-0.53106,-9.77986
15.06664,-0.26172,-0.74669,-9.58758
15.07667,-0.44338,-0.99419,-9.50064
15.08671,-0.48527,-1.03938,-9.4963
15.09675,-0.44517,-0.98043,-9.50154
15.10679,-0.43185,-0.92686,-9.58908
15.11682,-0.44323,-0.96277,-9.79438
15.12686,-0.3919,-1.00796,-9.73527
15.1369,-0.38981,-1.00437,-9.53386
15.14694,-0.32531,-1.00542,-9.61601
15.15697,-0.19184,-1.0123,-9.94357
15.16701,0.0826,-1.05629,-10.29492
15.17705,0.38008,-1.12677,-10.28833
15.18709,0.54199,-1.2191,-10.25392
15.19713,0.67277,-1.38564,-10.6536
15.20716,0.86131,-1.69674,-11.32682
15.2172,1.18917,-1.96744,-11.6644
15.22724,1.85236,-1.79849,-12.0162
15.23728,2.62345,-1.25666,-12.94006
15.24731,3.10498,-0.7862,-14.3691
15.25735,3.14284,-0.52478,-16.06824
15.26739,2.77458,-0.89334,-17.47707
15.27743,2.38941,-1.69913,-17.79326
15.28746,2.2082,-2.44702,-16.73652
15.2975,2.59487,-2.6441,-15.63459
15.30754,3.38794,-2.07652,-15.26333
15.31758,4.05578,-1.21177,-15.33531
15.32762,4.30388,-0.60139,-15.41297
15.33765,4.09064,-0.27982,-15.15066
15.34769,3.70937,-0.13572,-14.99459
15.35773,3.38794,0.27758,-15.42779
15.36777,3.2398,1.01379,-16.23912
15.3778,3.12758,1.60965,-16.48961
15.38784,2.6438,1.73191,-16.32756
15.39788,1.91686,1.57075,-15.69235
15.40792,1.41797,0.96621,-14.55315
15.41795,1.26968,0.06838,-13.6468
15.42799,0.77123,-0.28865,-13.2745
15.43803,0.0609,-0.35943,-12.72653
15.44807,-0.47719,-0.73711,-12.32041
15.45811,-0.84695,-1.22389,-11.99256
15.46814,-1.07964,-1.48755,-11.32338
15.47818,-0.99973,-1.60875,-10.6105
15.48822,-0.59765,-1.69764,-9.72674
15.49826,-0.24765,-1.99676,-8.88084
15.50829,-0.12794,-2.42308,-7.97987
15.51833,-0.25064,-2.66759,-7.01726
15.52837,-0.37634,-2.66714,-6.35152
15.53841,-0.31199,-2.46603,-6.04835
15.54844,-0.22401,-2.05871,-5.78888
15.55848,-0.18286,-1.59244,-5.83198
15.56852,-0.36347,-1.43173,-5.60782
15.57856,-0.67187,-1.50072,-5.29523
15.5886,-0.81986,-1.61205,-5.25632
15.59863,-1.04701,-1.65589,-4.85798
15.60867,-1.60322,-1.64437,-3.70607
15.61871,-2.17244,-1.66876,-3.01191
15.62875,-2.43834,-1.59978,-2.75887
15.63878,-2.5609,-1.47468,-2.52813
15.64882,-2.70635,-1.39387,-2.18052
15.65886,-2.84132,-1.32025,-2.09253
15.6689,-2.75603,-1.05779,-2.23723
15.67893,-2.52947,-0.81567,-2.04121
15.68897,-2.17319,-0.68744,-1.53094
15.69901,-1.74477,-0.55426,-0.97594
15.70905,-1.4045,-0.42841,-0.70794
15.71909,-1.24334,-0.35165,-0.43485
15.72912,-1.3418,-0.36347,-0.5173
15.73916,-1.49653,-0.48483,-0.90007
15.7492,-1.50101,-0.55127,-1.12213
15.75924,-1.59334,-0.34491,-1.00317
15.76927,-1.75525,0.0012,-1.13246
15.77931,-1.85521,0.35748,-1.48066
15.78935,-1.58496,0.63132,-1.46316
15.79939,-1.48934,0.64913,-0.87134
15.80943,-1.64182,0.15084,-0.46612
15.81946,-1.65125,-0.55665,-0.83139
15.8295,-1.51329,-0.98716,-1.65185
15.83954,-1.52391,-0.93883,-2.13024
15.84958,-1.80194,-0.599,-2.40198
15.85961,-2.46333,-0.05477,-2.44867
15.86965,-3.19776,0.37694,-2.31893
15.87969,-3.70024,0.56413,-2.07263
15.88973,-4.01403,0.78994,-1.84967
15.89976,-3.93457,0.88436,-2.04719
15.9098,-3.78763,0.80281,-1.51942
15.91984,-4.03752,0.80011,-0.29808
15.92988,-4.3133,1.21625,0.13602
15.93991,-3.92888,2.15523,-1.14727
15.94995,-3.0782,3.29352,-3.86783
15.95999,-1.86314,4.74516,-7.3713
15.97003,-0.41509,6.02725,-10.62427
15.98006,0.58239,6.90727,-12.80135
15.9901,0.85997,6.86148,-13.96478
16.00014,0.32322,5.97069,-14.389
16.01018,-0.65826,4.97201,-14.44048
16.02022,-1.14173,4.00969,-14.42656
16.03025,-0.35943,4.067,-15.40055
16.04029,1.19007,5.21562,-17.60875
16.05033,2.7454,6.09683,-20.03333
16.06037,3.65879,5.97099,-22.2981
16.0704,3.5714,4.96333,-24.49717
16.08044,3.1186,4.26198,-25.35774
16.09048,2.33824,3.65759,-25.1243
16.10052,1.58332,2.65128,-24.61344
16.11055,1.05105,1.70048,-24.6525
16.12059,0.11791,0.8468,-25.50468
16.13063,-1.01993,-0.32905,-26.99762
16.14067,-1.92853,-1.20638,-28.27537
16.15071,-2.26477,-1.50461,-28.4925
16.16074,-1.86299,-1.44595,-28.387
16.17078,-1.25052,-0.80385,-28.52916
16.18082,-0.82181,-0.15443,-28.50297
16.19086,-0.83064,0.22416,-27.80626
16.20089,-1.2821,0.29883,-26.69041
16.21093,-1.79655,0.22595,-25.28427
16.22097,-1.87586,0.47989,-23.93663
16.23101,-1.63853,1.26773,-23.00708
16.24104,-1.3831,2.21359,-21.80025
16.25108,-1.29885,2.93724,-20.41117
16.26112,-1.50191,3.20015,-18.19773
16.27116,-1.7542,3.10977,-15.49168
16.2812,-1.88558,3.02986,-13.16377
16.29123,-1.72517,3.22409,-11.55187
16.30127,-1.45627,3.59459,-10.72812
16.31131,-1.15311,3.76832,-10.47209
16.32135,-0.57341,3.73391,-10.5912
16.33138,0.04923,3.74603,-10.45249
16.34142,0.37424,3.50691,-9.3932
16.35146,0.44323,2.82217,-7.78175
16.3615,0.42826,1.93107,-6.40823
16.37153,0.38666,1.57149,-5.55021
16.38157,0.55949,1.63823,-4.9361
16.39161,0.89962,1.87556,-4.77209
16.40165,1.40046,2.13817,-4.73064
16.41169,1.84533,2.20835,-4.27889
16.42172,2.07024,1.79161,-3.67989
16.43176,1.84892,1.16134,-3.02807
16.4418,1.65948,0.47884,-2.77219
16.45184,1.53603,-0.01496,-2.96477
16.46187,1.43218,-0.30346,-3.09989
16.47191,1.23256,-0.54528,-2.50374
16.48195,1.06437,-0.98985,-1.93841
16.49199,0.8468,-1.56072,-1.95472
16.50202,0.72155,-1.86284,-2.13518
16.51206,0.79832,-1.79834,-2.229
16.5221,0.98776,-1.72876,-2.14775
16.53214,0.99135,-1.7533,-2.05378
16.54217,1.01035,-1.92419,-2.17199
16.55221,0.88496,-2.15134,-2.15942
16.56225,0.6623,-2.29858,-1.9833
16.57229,0.53855,-2.37146,-1.89591
16.58233,0.49784,-2.50059,-1.88558
16.59236,0.42048,-2.58155,-1.94349
16.6024,0.27952,-2.51152,-2.26102
16.61244,0.25768,-2.45914,-2.71173
16.62248,0.24346,-2.33135,-3.0755
16.63251,0.23972,-2.22825,-3.14418
16.64255,0.13168,-2.31594,-2.90013
16.65259,-0.07452,-2.41395,-2.55102
16.66263,-0.21323,-2.50538,-2.25115
16.67266,-0.36362,-2.48862,-2.16496
16.6827,-0.45385,-2.39764,-2.51795
16.69274,-0.34566,-2.24007,-3.09421
16.70278,-0.11372,-1.89336,-3.39842
16.71282,0.23583,-1.46151,-3.53818
16.72285,0.32696,-0.98237,-3.67285
16.73289,-0.41135,-0.73771,-3.81052
16.74293,-1.45807,-1.06602,-3.87771
16.75297,-2.25145,-1.35706,-3.83446
16.763,-2.58289,-1.13276,-3.79361
16.77304,-2.47815,-0.63491,-3.70114
16.78308,-2.26955,-0.25423,-3.96749
16.79312,-2.20865,-0.01646,-4.57173
16.80315,-2.1874,0.1224,-5.01032
16.81319,-2.15628,0.25109,-4.80157
16.82323,-2.08759,0.29838,-4.31465
16.83327,-1.92569,0.10939,-4.17234
16.84331,-1.61339,-0.46014,-4.58983
16.85334,-1.39986,-1.04567,-5.18749
16.86338,-1.51942,-1.20683,-5.86939
16.87342,-1.69285,-1.17615,-5.89452
16.88346,-1.60486,-0.82854,-4.90138
16.89349,-1.12438,-0.00733,-3.42924
16.90353,-0.41749,0.71976,-2.11707
16.91357,0.25558,1.47363,-1.87451
16.92361,0.45774,2.6239,-3.37089
16.93364,0.15757,3.84299,-6.38294
16.94368,-0.15039,4.64385,-10.90274
16.95372,-0.05028,5.50846,-16.0633
16.96376,0.79188,6.39596,-20.07658
16.97379,1.81032,6.99975,-22.64032
16.98383,2.67178,7.30336,-23.5781
16.99387,2.87184,6.91505,-23.31099
17.00391,2.23858,5.93373,-22.50594
17.01395,1.24319,4.63892,-21.6159
17.02398,0.19782,3.35009,-20.94448
17.03402,-0.49949,2.34617,-20.94882
17.04406,-0.56264,1.83949,-20.98203
17.0541,-0.17852,1.69195,-20.67992
17.06413,0.41704,1.7361,-20.62605
17.07417,1.13575,2.09074,-20.82013
17.08421,1.57344,2.64589,-21.09965
17.09425,1.66367,3.10887,-21.65825
17.10428,1.42754,3.10767,-22.08337
17.11432,0.71242,2.67896,-21.88764
17.12436,-0.17029,2.27434,-21.49065
17.1344,-0.73203,1.95098,-21.10444
17.14444,-0.99614,1.84398,-20.79903
17.15447,-0.97205,2.1262,-20.87819
17.16451,-0.79188,2.69243,-21.10608
17.17455,-0.54797,3.20958,-21.24615
17.18459,-0.35689,3.6335,-21.28984
17.19462,-0.25783,3.92769,-21.15128
17.20466,-0.1459,4.14032,-20.65074
17.2147,-0.00793,4.38872,-19.79481
17.22474,0.11013,4.71014,-18.75154
17.23477,0.09891,4.93879,-17.76139
17.24481,-0.08844,4.94298,-16.83363
17.25485,-0.28386,4.91545,-15.86338
17.26489,-0.39025,5.02633,-14.82624
17.27493,-0.4127,5.06448,-13.8539
17.28496,-0.48857,4.8499,-12.93378
17.295,-0.64539,4.40354,-11.74431
17.30504,-0.74924,3.88295,-10.27696
17.31508,-0.91324,3.44466,-8.70307
17.32511,-1.04312,2.90282,-7.26206
17.33515,-0.75328,2.29724,-6.25964
17.34519,-0.33474,1.80762,-5.46058
17.35523,-0.12255,1.31516,-5.08543
17.36526,0.00599,0.68414,-5.09561
17.3753,0.21877,-0.12704,-5.18674
17.38534,0.30152,-0.7434,-5.16549
17.39538,0.28596,-1.14578,-4.81983
17.40541,0.29823,-1.49518,-4.72705
17.41545,0.29658,-1.79251,-5.1619
17.42549,0.29538,-2.06111,-5.72334
17.43553,0.29598,-2.26686,-6.20383
17.44557,0.27384,-2.40483,-6.47886
17.4556,0.22116,-2.6001,-6.3391
17.46564,0.03412,-2.78954,-5.99807
17.47568,-0.17298,-2.88217,-5.68638
17.48572,-0.31005,-2.97719,-5.3672
17.49575,-0.45699,-3.13281,-5.1194
17.50579,-0.56892,-3.31926,-4.98652
17.51583,-0.56743,-3.41398,-4.85724
17.52587,-0.51655,-3.25118,-4.71388
17.5359,-0.39205,-2.96911,-4.71104
17.54594,-0.25109,-2.67732,-4.748
17.55598,-0.17942,-2.66759,-4.84093
17.56602,-0.08694,-2.63632,-4.84796
17.57606,0.01332,-2.52873,-4.726
17.58609,-0.00778,-2.53307,-4.69398
17.59613,-0.07766,-2.66415,-4.7709
17.60617,-0.27399,-2.73059,-4.75862
17.61621,-0.35494,-2.72774,-4.63368
17.62624,-0.30032,-2.73238,-4.59178
17.63628,-0.19647,-2.71921,-4.71553
17.64632,-0.07796,-2.77129,-4.73049
17.65636,0.07452,-2.74076,-4.99146
17.66639,0.17208,-2.60699,-5.48242
17.67643,0.19049,-2.48728,-5.92146
17.68647,0.08754,-2.55806,-6.09624
17.69651,-0.15517,-2.78924,-6.1537
17.70654,-0.31499,-2.95504,-6.36483
17.71658,-0.45176,-3.01849,-6.5875
17.72662,-0.66065,-3.04513,-6.66157
17.73666,-0.86027,-3.09615,-6.57148
17.7467,-1.07185,-3.17366,-6.64885
17.75673,-1.1552,-3.3034,-6.82856
17.76677,-1.17795,-3.43792,-6.96952
17.77681,-1.19112,-3.51244,-7.11377
17.78685,-1.16388,-3.52651,-7.20116
17.79688,-1.09116,-3.49524,-7.3101
17.80692,-1.08248,-3.52397,-7.47515
17.81696,-1.14353,-3.67435,-7.49759
17.827,-1.20324,-3.83805,-7.48727
17.83703,-1.25336,-3.94071,-7.54069
17.84707,-1.28883,-4.02914,-7.51899
17.85711,-1.32145,-4.07134,-7.56628
17.86715,-1.45717,-4.18147,-7.58872
17.87719,-1.70766,-4.20527,-7.68509
17.88722,-1.71919,-4.19554,-8.12278
17.89726,-1.47288,-4.03438,-8.59533
17.9073,-0.93793,-3.51813,-9.13148
17.91734,-0.28252,-2.72236,-9.75727
17.92737,0.06015,-1.78039,-10.5065
17.93741,-0.26785,-0.8251,-12.1172
17.94745,-0.75552,-0.1878,-14.02059
17.95749,-0.93763,0.00344,-15.43557
17.96752,-0.69402,0.16759,-15.69609
17.97756,-0.29898,0.74041,-14.82729
17.9876,-0.01571,1.24528,-13.39167
17.99764,0.0395,1.52466,-12.07231
18.00767,-0.09756,1.56581,-10.99402
18.01771,-0.21189,1.47842,-9.59491
18.02775,-0.30197,1.1784,-8.2799
18.03779,-0.09921,0.7654,-7.58214
18.04783,0.59242,0.50233,-7.21912
18.05786,1.52615,0.50188,-7.18979
18.0679,2.33405,0.51401,-6.81315
18.07794,2.47306,0.54124,-6.03159
18.08798,2.19369,0.14455,-5.4076
18.09801,1.80493,-0.8453,-4.97964
18.10805,1.44565,-1.92464,-4.45935
18.11809,1.3023,-2.77922,-3.84614
18.12813,1.0946,-3.06847,-3.00248
18.13816,1.01709,-3.23846,-2.53726
18.1482,1.04716,-3.87217,-2.48832
18.15824,0.76016,-4.59253,-2.5398
18.16828,0.66334,-5.35538,-2.93903
18.17831,0.69252,-6.11778,-3.75471
18.18835,0.3292,-6.49831,-4.81683
18.19839,-0.06943,-6.66456,-6.07544
18.20843,-0.46133,-6.95171,-7.13876
18.21847,-0.89034,-7.41798,-7.61536
18.2285,-1.00497,-7.96207,-7.43744
18.23854,-1.11704,-8.47951,-7.0005
18.24858,-1.40345,-8.99187,-6.441
18.25862,-1.65215,-9.43734,-6.47018
18.26865,-1.87586,-9.54059,-6.8546
18.27869,-2.09388,-9.29908,-7.04853
18.28873,-2.49206,-9.07268,-7.4931
18.29877,-2.88501,-9.30117,-8.12682
18.3088,-3.09944,-9.44228,-8.45527
18.31884,-2.90836,-9.09812,-8.19805
18.32888,-2.27853,-8.55478,-7.62733
18.33892,-1.6092,-8.04437,-6.98059
18.34896,-1.2815,-7.53351,-6.34763
18.35899,-1.29736,-7.17722,-5.62592
18.36903,-1.41886,-6.98927,-5.11072
18.37907,-1.63404,-6.67818,-5.21023
18.38911,-1.87361,-6.19425,-6.34912
18.39914,-1.91267,-5.30211,-7.94935
18.40918,-1.55548,-4.20946,-9.49675
18.41922,-0.79128,-3.46965,-10.66108
18.42926,0.13168,-3.12234,-11.38518
18.43929,0.6189,-2.53965,-11.60335
18.44933,0.78395,-1.91357,-11.29165
18.45937,0.71856,-1.87421,-10.77914
18.46941,0.17807,-2.46633,-10.70283
18.47944,-0.66364,-3.13356,-10.82209
18.48948,-1.48186,-3.59504,-10.93402
18.49952,-1.86912,-3.94609,-10.67574
18.50956,-1.80687,-3.97437,-10.06702
18.5196,-1.66996,-3.48641,-9.46997
18.52963,-1.1362,-2.81932,-9.30506
18.53967,-0.23598,-2.36996,-9.77852
18.54971,0.38487,-2.02145,-10.52222
18.55975,0.5568,-1.84907,-11.12047
18.56978,0.3527,-1.92793,-11.0672
18.57982,-0.09816,-2.03298,-10.08932
18.58986,-0.56997,-2.22436,-9.16216
18.5999,-1.02068,-2.47171,-8.45991
18.60993,-1.59229,-2.33046,-8.07534
18.61997,-1.65933,-2.28901,-8.49597
18.63001,-1.15909,-2.34632,-9.42313
18.64005,-0.65856,-2.12051,-10.37587
18.65008,-0.3711,-1.51508,-10.96395
18.66012,-0.00299,-1.11226,-11.08665
18.67016,0.04848,-0.88541,-10.09395
18.6802,-0.44757,-0.7425,-8.7532
18.69024,-1.15041,-0.83662,-7.81812
18.70027,-1.51149,-1.2607,-7.27688
18.71031,-2.1069,-1.66173,-7.27897
18.72035,-2.58469,-2.14999,-8.8168
18.73039,-2.6013,-2.58768,-10.66108
18.74042,-2.24845,-2.40138,-11.61966
18.75046,-1.86374,-1.60052,-11.07603
18.7605,-1.59289,-0.79532,-10.35163
18.77054,-1.70542,-0.11582,-10.06477
18.78057,-1.92943,0.0413,-10.70059
18.79061,-2.35919,-0.46507,-11.9324
18.80065,-3.07625,-1.10507,-13.57737
18.81069,-3.60432,-1.35557,-14.82729
18.82073,-3.50691,-1.34045,-15.20947
18.83076,-2.9335,-1.09565,-14.74514
18.8408,-2.24277,-0.75343,-13.70471
18.85084,-1.82124,-0.5764,-13.09149
18.86088,-1.72248,-0.35748,-13.0077
18.87091,-1.85326,0.04369,-13.28198
18.88095,-1.68462,0.01062,-13.75723
18.89099,-1.46585,-0.32097,-13.73838
18.90103,-1.56461,-0.57655,-12.94365
18.91106,-1.80134,-0.87463,-12.21402
18.9211,-1.93601,-1.29945,-11.9761
18.93114,-1.85685,-1.3635,-11.50563
18.94118,-1.71245,-1.2185,-10.94494
18.95121,-1.59304,-1.30634,-10.61978
18.96125,-1.53887,-1.39762,-10.39039
18.97129,-1.42635,-1.39522,-10.16743
18.98133,-1.29332,-1.41123,-9.92232
18.99137,-1.20234,-1.47977,-9.78974
19.0014,-1.18378,-1.48051,-9.68694
19.01144,-1.20099,-1.43502,-9.60883
19.02148,-1.13949,-1.3632,-9.56558
19.03152,-0.96606,-1.27372,-9.433
19.04155,-0.82016,-1.28135,-9.42223
19.05159,-0.75672,-1.31217,-9.33155
19.06163,-0.69118,-1.32758,-9.09991
19.07167,-0.61262,-1.36305,-8.85929
19.0817,-0.68818,-1.43113,-8.85166
19.09174,-0.67891,-1.44655,-9.14869
19.10178,-0.48976,-1.29242,-9.29384
19.11182,-0.29778,-1.04013,-9.24431
19.12185,-0.23299,-0.8881,-9.17323
19.13189,-0.40088,-0.89109,-9.28711
19.14193,-0.53136,-1.02711,-9.46548
19.15197,-0.47076,-1.04417,-9.44513
19.16201,-0.43904,-0.94182,-9.52114
19.17204,-0.4115,-0.84306,-9.72614
19.18208,-0.34701,-0.77991,-9.86112
19.19212,-0.21847,-0.72469,-9.84167
19.20216,-0.09517,-0.65781,-9.64968
19.21219,-0.03561,-0.56443,-9.50603
19.22223,-0.17253,-0.49949,-9.38722
19.23227,-0.34746,-0.58793,-9.38692
19.24231,-0.49964,-0.72888,-9.6428
19.25234,-0.4534,-0.7425,-9.65327
19.26238,-0.26022,-0.66768,-9.41654
19.27242,-0.19977,-0.59152,-9.16081
19.28246,-0.32307,-0.65721,-9.46742
19.29249,-0.47046,-0.785,-10.03904
19.30253,-0.5143,-0.80864,-10.10308
19.31257,-0.46881,-0.73487,-9.9509
19.32261,-0.41225,-0.68115,-9.88341
19.33265,-0.46343,-0.68788,-9.8264
19.34268,-0.51071,-0.79847,-9.767
19.35272,-0.55246,-0.89558,-9.76251
19.36276,-0.50114,-0.91384,-9.65118
19.3728,-0.37798,-0.87598,-9.6416
19.38283,-0.36167,-0.82241,-9.58145
19.39287,-0.44861,-0.83034,-9.69996
19.40291,-0.54812,-0.91578,-9.81323
19.41295,-0.62593,-0.95409,-9.83059
19.42298,-0.67756,-0.92431,-9.81338
19.43302,-0.74699,-0.96382,-9.82131
19.44306,-0.73861,-1.04402,-9.90706
19.4531,-0.60349,-1.04582,-10.01584
19.46313,-0.45894,-0.88122,-9.8695
19.47317,-0.35539,-0.81119,-9.69996
19.48321,-0.38068,-0.84096,-9.63247
19.49325,-0.50458,-0.93134,-9.56648
19.50329,-0.61396,-1.06557,-9.54508
19.51332,-0.59451,-1.15236,-9.43959
19.52336,-0.51236,-1.06841,-9.45485
19.5334,-0.42587,-0.94855,-9.63666
19.54344,-0.25917,-0.87747,-9.72525
19.55347,-0.17957,-0.84874,-9.62679
19.56351,-0.18884,-0.82465,-9.58788
19.57355,-0.28626,-0.87433,-9.56304
19.58359,-0.37155,-0.93643,-9.7667
19.59362,-0.4109,-0.92431,-9.98711
19.60366,-0.36975,-0.85623,-9.92097
19.6137,-0.31439,-0.83438,-9.81099
19.62374,-0.29239,-0.80625,-9.82057
19.63377,-0.27025,-0.82405,-9.94282
19.64381,-0.26336,-0.8275,-10.02288
19.65385,-0.21862,-0.82854,-10.05595
19.66389,-0.23194,-0.79413,-9.9738
19.67393,-0.28237,-0.79607,-9.85349
19.68396,-0.29628,-0.86072,-9.91454
19.694,-0.26157,-0.83588,-9.95614
19.70404,-0.1658,-0.76136,-9.80351
19.71408,-0.08559,-0.75866,-9.71896
19.72411,-0.07227,-0.75941,-9.66749
19.73415,-0.07632,-0.76091,-9.74949
19.74419,-0.14216,-0.80535,-9.85842
19.75423,-0.16774,-0.78709,-9.77268
19.76426,-0.15263,-0.75477,-9.63053
19.7743,-0.16685,-0.79562,-9.4746
19.78434,-0.16535,-0.84291,-9.50229
19.79438,-0.11612,-0.83887,-9.74231
19.80441,-0.05896,-0.79892,-9.82251
19.81445,-0.04504,-0.7416,-9.7878
19.82449,-0.04339,-0.74385,-9.79228
19.83453,-0.11836,-0.7856,-9.75921
19.84457,-0.19423,-0.86176,-9.79603
19.8546,-0.24271,-0.87343,-9.80785
19.86464,-0.2062,-0.86461,-9.70549
19.87468,-0.15413,-0.86386,-9.68799
19.88472,-0.11537,-0.85772,-9.72345
19.89475,-0.06674,-0.79383,-9.77253
19.90479,-0.04534,-0.73981,-9.79633
19.91483,-0.07617,-0.74385,-9.75338
19.92487,-0.08948,-0.77393,-9.73213
19.9349,-0.12435,-0.79951,-9.74096
19.94494,-0.04699,-0.85653,-9.83882
19.95498,0.10295,-0.90276,-9.97978
19.96502,0.33534,-0.98447,-10.1764
19.97505,0.77318,-1.05405,-10.5725
19.98509,1.50895,-1.08098,-11.32008
19.99513,2.36263,-1.07724,-12.62433
20.00517,3.14568,-0.88705,-14.08614
20.01521,3.74393,-0.60798,-15.44155
20.02524,4.15229,-0.70225,-16.93045
20.03528,4.53237,-0.97549,-18.06036
20.04532,4.7917,-1.02202,-18.79119
20.05536,4.90542,-0.96546,-18.87454
20.06539,4.77374,-0.91264,-19.04333
20.07543,4.31929,-1.14622,-19.16259
20.08547,3.73855,-1.59738,-18.95579
20.09551,2.78087,-2.03522,-18.49446
20.10554,1.80538,-2.74944,-17.95711
20.11558,1.1968,-3.31387,-16.79218
20.12562,1.17301,-3.31821,-14.87652
20.13566,1.74148,-2.75947,-13.22707
20.14569,2.49865,-1.92195,-13.01323
20.15573,2.86556,-0.90082,-13.87215
20.16577,2.64664,-0.01257,-14.20899
20.17581,2.04914,0.4124,-14.1433
20.18585,1.31561,0.34417,-13.18442
20.19588,0.48647,-0.07123,-11.5191
20.20592,-0.34866,-0.70689,-9.91978
20.21596,-0.96486,-1.23915,-8.56077
20.226,-1.12303,-1.53034,-7.42921
20.23603,-0.85024,-1.88738,-6.1953
20.24607,-0.4748,-2.21119,-5.41479
20.25611,-0.19977,-2.46558,-5.29957
20.26615,-0.14066,-2.6218,-5.71316
20.27618,-0.40522,-2.58963,-6.18482
20.28622,-0.54782,-2.47964,-6.3575
20.29626,-0.48423,-2.71936,-6.45701
20.3063,-0.599,-3.13042,-6.47287
20.31633,-0.49306,-3.5286,-6.85909
20.32637,-0.22131,-3.43867,-7.8853
20.33641,-0.10924,-2.84102,-8.50555
20.34645,-0.32007,-2.05991,-8.06232
20.35649,-0.73966,-1.65245,-7.06858
20.36652,-1.03265,-1.76049,-6.23106
20.37656,-1.09131,-1.95112,-5.68503
20.3866,-0.94766,-2.03343,-5.19108
20.39664,-0.81238,-1.93317,-4.46519
20.40667,-0.94885,-1.79595,-3.76787
20.41671,-1.33716,-1.66412,-3.27332
20.42675,-1.57299,-1.54052,-2.78386
20.43679,-1.57119,-1.32923,-2.37625
20.44682,-1.47273,-1.00616,-2.24157
20.45686,-1.62267,-0.83348,-2.42248
20.4669,-1.98809,-0.90276,-2.76007
20.47694,-2.32926,-1.05988,-2.62704
20.48697,-2.54833,-1.21356,-2.19354
20.49701,-2.65517,-1.18767,-1.4048
20.50705,-2.81199,-1.11211,-0.53316
20.51709,-2.86317,-0.94107,-0.23209
20.52713,-2.66804,-0.65018,-0.44397
20.53716,-2.21823,-0.30272,-0.98417
20.5472,-1.74208,0.13722,-1.51523
20.55724,-1.35407,0.49545,-1.84548
20.56728,-1.20174,0.56787,-2.01741
20.57731,-1.09625,0.40956,-2.00933
20.58735,-0.99584,0.12136,-1.60037
20.59739,-1.13021,-0.4136,-0.83887
20.60743,-1.36844,-0.8691,-0.27159
20.61746,-1.39417,-0.91907,0.01122
20.6275,-1.4042,-0.59406,0.43993
20.63754,-1.39238,-0.26546,0.26621
20.64758,-1.05076,0.26486,-0.94855
20.65761,-0.5773,1.113,-2.72715
20.66765,-0.36946,2.19189,-3.8795
20.67769,-0.56698,3.04827,-4.0453
20.68773,-0.80236,3.19057,-4.39875
20.69777,-1.39537,3.11426,-4.46384
20.7078,-2.36667,2.92332,-3.98051
20.71784,-3.42131,2.80137,-3.99966
20.72788,-4.01448,3.49913,-5.48616
20.73792,-3.52801,4.77853,-7.44731
20.74795,-2.44418,6.04147,-9.1647
20.75799,-1.65529,6.8112,-10.49259
20.76803,-1.20937,6.8142,-11.85115
20.77807,-0.517,6.38698,-13.1325
20.7881,-0.29883,6.76497,-13.92812
20.79814,-0.52912,7.73447,-14.53146
20.80818,-0.52358,7.8868,-15.25032
20.81822,-0.40297,7.00349,-15.84677
20.82825,-0.41061,6.06556,-16.87029
20.83829,-0.58224,5.39369,-18.11872
20.84833,-0.56249,5.04548,-19.16409
20.85837,0.11582,5.31453,-20.50514
20.86841,1.29003,6.22088,-21.44442
20.87844,2.17289,6.65498,-22.12093
20.88848,2.03911,5.52178,-22.45866
20.89852,0.74549,3.76279,-22.34464
20.90856,-0.93329,2.10226,-22.97311
20.91859,-1.85506,1.15999,-24.48954
20.92863,-0.61142,1.63913,-25.67033
20.93867,1.73699,2.92916,-26.74368
20.94871,3.19791,3.94355,-27.88108
20.95874,2.86721,3.29487,-27.61846
20.96878,0.8055,0.99898,-25.92816
20.97882,-1.44475,-0.8661,-23.84041
20.98886,-2.62419,-1.53812,-22.60156
20.99889,-2.9516,-1.4024,-22.01424
21.00893,-2.76351,-1.23421,-21.35508
21.01897,-2.12366,-0.81597,-20.84871
21.02901,-1.17585,0.08499,-20.44364
21.03905,-0.29045,1.05614,-20.13598
21.04908,-0.21697,1.75525,-20.17803
21.05912,-0.86461,1.9411,-20.20572
21.06916,-1.75345,1.94484,-19.48042
21.0792,-2.26462,2.19144,-17.74687
21.08923,-2.13069,2.4373,-15.95765
21.09927,-1.89666,2.67328,-14.25104
21.10931,-1.84862,2.8301,-12.91792
21.11935,-1.73071,2.7858,-11.85953
21.12938,-1.53453,2.73238,-10.88374
21.13942,-1.28673,2.80511,-9.77927
21.14946,-0.89289,2.91195,-8.8997
21.1595,-0.63177,3.15376,-8.38883
21.16953,-0.85084,3.25447,-8.19909
21.17957,-1.12752,3.01235,-7.97748
21.18961,-1.05315,2.65188,-7.32311
21.19965,-0.81223,2.45645,-6.71603
21.20968,-0.5568,2.40019,-6.46449
21.21972,-0.54169,2.48488,-6.27101
21.22976,-0.62055,2.08161,-5.74519
21.2398,-0.5146,1.38879,-5.12629
21.24984,-0.07108,1.03998,-4.34054
21.25987,0.55396,0.94436,-3.45827
21.26991,0.95274,0.9511,-2.85494
21.27995,1.2818,0.9909,-2.41066
21.28999,1.53154,0.85832,-2.03343
21.30002,1.52541,0.66978,-2.0216
21.31006,1.42739,0.23882,-2.25324
21.3201,1.17451,-0.22176,-2.32926
21.33014,0.68384,-0.4145,-2.78296
21.34017,0.34252,-0.51026,-3.39288
21.35021,0.23912,-0.53855,-3.61809
21.36025,0.49336,-0.59391,-3.30534
21.37029,0.77093,-0.46881,-2.5196
21.38033,1.01798,-0.36631,-2.14072
21.39036,1.09729,-0.46298,-2.19997
21.4004,0.94421,-0.78829,-2.32013
21.41044,0.55575,-1.08383,-1.99886
21.42048,0.21653,-1.27805,-1.7753
21.43051,0.14141,-1.33522,-1.82603
21.44055,0.20485,-1.22164,-1.84249
21.45059,0.36721,-1.15131,-2.05108
21.46063,0.5559,-1.06377,-2.30756
21.47066,0.7238,-0.92551,-2.22646
21.4807,0.83977,-0.91369,-2.07906
21.49074,0.89364,-1.06662,-1.94708
21.50078,0.83573,-1.18259,-1.93481
21.51081,0.70659,-1.34749,-2.21793
21.52085,0.50473,-1.56835,-2.46977
21.53089,0.20949,-1.64242,-2.44433
21.54093,0.05342,-1.61354,-2.48743
21.55097,-0.00569,-1.46316,-2.72655
21.561,0.05686,-1.16987,-3.29876
21.57104,0.20141,-0.80819,-3.88295
21.58108,0.37634,-0.51311,-4.01882
21.59111,0.40941,-0.33564,-3.80947
21.60115,0.11492,-0.27204,-3.54192
21.61119,-0.31574,-0.41494,-3.52292
21.62123,-0.73592,-0.55575,-3.95836
21.63127,-1.29541,-0.47121,-5.15561
21.6413,-1.69405,-0.29419,-6.62775
21.65134,-2.04944,-0.02963,-7.58543
21.66138,-2.19144,0.22565,-7.88964
21.67142,-2.26297,0.42617,-7.7828
21.68145,-2.34617,0.52972,-7.23573
21.69149,-2.21598,0.42632,-6.99242
21.70153,-2.02654,0.51161,-7.44477
21.71157,-1.86508,0.94706,-8.05484
21.72161,-1.68507,1.62776,-9.08061
21.73164,-2.04689,2.39166,-10.50426
21.74168,-3.3254,2.47231,-12.22195
21.75172,-4.30911,1.64257,-13.88128
21.76175,-4.26662,1.05405,-15.20288
21.77179,-3.46561,1.34644,-15.87176
21.78183,-2.64888,2.35515,-16.07916
21.79187,-2.12485,3.12668,-16.01377
21.80191,-1.96205,3.23367,-15.84602
21.81194,-2.19324,2.78431,-16.03112
21.82198,-2.51825,2.2293,-16.44487
21.83202,-2.62689,2.12964,-17.14428
21.84206,-2.61387,2.18725,-17.63419
21.85209,-2.44149,2.30098,-17.60187
21.86213,-2.2489,2.42144,-16.91608
21.87217,-2.1491,2.35814,-16.07243
21.88221,-1.77769,2.15194,-15.10636
21.89224,-1.10896,2.17513,-14.8647
21.90228,-0.4555,2.61327,-15.80098
21.91232,-0.1441,3.25088,-17.4027
21.92236,-0.35554,3.31298,-18.73957
21.9324,-0.84411,2.88007,-19.33512
21.94243,-1.47588,2.44687,-18.98587
21.95247,-2.03612,2.07637,-17.97986
21.96251,-2.55192,1.66816,-16.95753
21.97254,-3.03555,1.35018,-16.268
21.98258,-3.38735,1.10283,-15.92384
21.99262,-3.53025,1.04926,-15.96693
22.00266,-3.62871,1.15924,-16.08275
22.0127,-3.71011,1.29796,-16.29718
22.02273,-3.71685,1.33118,-16.53466
22.03277,-3.67734,1.44759,-16.5598
22.04281,-3.591,1.64497,-16.21144
22.05285,-3.41997,1.77515,-15.76297
22.06288,-3.33303,1.79894,-15.29461
22.07292,-3.3875,1.70647,-14.99922
22.08296,-3.61495,1.48964,-14.82924
22.093,-3.92484,1.3204,-14.77791
22.10303,-4.21933,1.14473,-14.71536
22.11307,-4.48973,0.86266,-14.56932
22.12311,-4.75967,0.52418,-14.2657
22.13315,-5.0395,0.14799,-13.52619
22.14319,-5.08768,-0.13692,-12.58841
22.15322,-4.9123,-0.21174,-11.7699
22.16326,-4.67962,-0.15577,-11.16282
22.1733,-4.41147,-0.01616,-10.68831
22.18334,-4.0043,0.3307,-10.40789
22.19337,-3.60657,0.55396,-10.29133
22.20341,-3.39782,0.62324,-10.39413
22.21345,-3.2419,0.54992,-10.45009
22.22349,-3.09331,0.36751,-10.31647
22.23352,-2.87633,0.27054,-10.14318
22.24356,-2.63347,0.36377,-9.95838
22.2536,-2.51257,0.517,-9.86456
22.26364,-2.45451,0.52224,-9.86411
22.27367,-2.56569,0.36706,-9.76879
22.28371,-2.76276,0.1649,-9.53416
22.29375,-2.80825,-0.11343,-9.21319
22.30379,-2.71113,-0.12225,-9.09677
22.31382,-2.40273,-0.00748,-8.78014
22.32386,-2.16406,0.05342,-8.36235
22.3339,-2.08685,-0.02289,-8.12861
22.34394,-2.03552,-0.27907,-7.8464
22.35398,-2.11617,-0.58074,-7.49699
22.36401,-2.28018,-0.6807,-7.14175
22.37405,-2.31355,-0.71168,-7.04284
22.38409,-2.22047,-0.72739,-6.9369
22.39413,-2.00215,-0.85952,-6.44833
22.40416,-1.73759,-1.23631,-5.81058
22.4142,-1.54037,-1.56087,-5.15696
22.42424,-1.43577,-1.65245,-4.62111
22.43428,-1.34584,-1.72427,-4.35056
22.44431,-1.21356,-1.91177,-4.30418
22.45435,-1.08008,-1.99587,-4.22232
22.46439,-1.01739,-1.9631,-4.2732
22.47443,-1.07874,-1.92958,-4.69682
22.48446,-1.24977,-2.03193,-4.84392
22.4945,-1.33716,-2.19952,-4.65463
22.50454,-1.30723,-2.36218,-4.42314
22.51458,-1.20488,-2.44717,-4.22591
22.52461,-1.12737,-2.48967,-4.26677
22.53465,-1.30185,-2.6622,-4.70027
22.54469,-1.70347,-2.87783,-5.09681
22.55473,-2.09642,-3.14643,-5.41763
22.56477,-2.36757,-3.4056,-5.6786
22.5748,-2.55776,-3.48192,-5.83063
22.58484,-2.61462,-3.40051,-5.95752
22.59488,-2.59487,-3.33542,-6.03893
22.60492,-2.5597,-3.1807,-5.91802
22.61495,-2.4563,-3.06697,-5.92939
22.62499,-2.30277,-3.04168,-5.99777
22.63503,-2.17289,-3.05874,-6.03922
22.64507,-2.0846,-3.0963,-6.06556
22.6551,-2.11992,-3.15825,-6.08217
22.66514,-2.24172,-3.20509,-6.29136
22.67518,-2.32372,-3.11935,-6.56849
22.68522,-2.33315,-2.87828,-6.69
22.69525,-2.30472,-2.50927,-6.50684
22.70529,-2.14176,-2.2712,-6.47138
22.71533,-1.92688,-2.33869,-6.73594
22.72537,-1.83246,-2.51616,-6.87734
22.7354,-1.96025,-2.50748,-6.82362
22.74544,-1.94873,-2.40064,-6.7702
22.75548,-1.66831,-2.3728,-6.72052
22.76552,-1.38729,-2.23469,-6.58331
22.77556,-1.21221,-1.89591,-6.53797
22.78559,-1.19321,-1.30768,-6.65319
22.79563,-1.35362,-0.60693,-6.89605
22.80567,-1.41452,-0.20904,-7.24171
22.81571,-1.25217,-0.14575,-7.54652
22.82574,-0.96232,-0.15832,-7.83921
22.83578,-0.70734,-0.3506,-8.13086
22.84582,-0.51565,-0.703,-8.45662
22.85586,-0.34776,-1.1576,-8.41876
22.86589,-0.53959,-1.34838,-7.9275
22.87593,-1.08787,-1.19845,-7.21149
22.88597,-1.74103,-1.13081,-6.42589
22.89601,-2.20626,-1.39283,-6.12556
22.90604,-2.2317,-1.80508,-6.46464
22.91608,-1.75764,-1.81331,-6.96279
22.92612,-0.79802,-1.51074,-7.61536
22.93616,0.27144,-1.01215,-8.11874
22.94619,1.48426,-0.63536,-8.36369
22.95623,2.41874,-0.33878,-8.72866
22.96627,2.6646,-0.3518,-8.78313
22.97631,2.43356,-0.91354,-9.01866
22.98635,1.68402,-1.41198,-9.23668
22.99638,0.73173,-1.92898,-9.17982
23.00642,-0.37604,-2.29724,-9.17189
23.01646,-1.02996,-2.63482,-8.93965
23.0265,-0.98417,-3.1391,-8.37507
23.03653,-0.20575,-4.11174,-7.62404
23.04657,0.73233,-5.24255,-7.1437
23.05661,1.21431,-5.82509,-7.13442
23.06665,1.59633,-5.97174,-7.50941
23.07668,1.74896,-5.62667,-8.12368
23.08672,1.37562,-5.17926,-8.59039
23.09676,0.98791,-5.40985,-8.73689
23.1068,0.6207,-6.19934,-8.38749
23.11683,0.4543,-7.01965,-7.5965
23.12687,0.2876,-7.78205,-6.44399
23.13691,-0.07527,-8.33736,-5.66019
23.14695,-0.15667,-8.80782,-5.29104
23.15698,0.02813,-8.86827,-5.25856
23.16702,0.13871,-8.37417,-5.93134
23.17706,0.20934,-7.55026,-6.98927
23.1871,0.10475,-6.79849,-8.13086
23.19714,0.00284,-6.47257,-8.94279
23.20717,-0.09023,-6.26622,-9.04051
23.21721,-0.13812,-6.08067,-9.02794
23.22725,-0.34566,-5.97668,-8.67255
23.23729,-0.83378,-5.64792,-8.2802
23.24732,-1.26833,-5.0992,-8.38345
23.25736,-1.31861,-4.62171,-8.83416
23.2674,-1.31397,-4.07927,-9.82954
23.27744,-1.39028,-3.48222,-11.03877
23.28747,-1.52451,-3.24714,-11.79114
23.29751,-1.78503,-3.38869,-12.01964
23.30755,-2.34737,-3.49987,-12.04268
23.31759,-3.10767,-3.62078,-11.76002
23.32762,-3.9443,-3.77371,-11.2948
23.33766,-4.32108,-4.22846,-10.56426
23.3477,-4.30642,-4.49197,-9.19299
23.35774,-4.3169,-4.33321,-7.66159
23.36777,-3.98949,-4.28667,-7.39973
23.37781,-3.54432,-4.15005,-7.99454
23.38785,-3.1171,-3.66283,-8.70277
23.39789,-2.46124,-3.19566,-9.38991
23.40793,-2.14715,-2.50404,-9.47924
23.41796,-2.18636,-2.05497,-9.12101
23.428,-2.33285,-2.3333,-8.34753
23.43804,-2.99485,-2.96791,-7.78819
23.44808,-3.99966,-3.62078,-7.7418
23.45811,-4.56799,-4.20197,-7.99529
23.46815,-4.51202,-4.2524,-8.4249
23.47819,-4.18491,-3.79795,-8.86333
23.48823,-3.63919,-3.2627,-9.23144
23.49826,-3.13371,-2.60459,-9.49451
23.5083,-3.39109,-2.14939,-9.91035
23.51834,-3.97856,-2.60175,-10.64851
23.52838,-4.24387,-3.08837,-10.7962
23.53841,-4.05787,-3.21736,-10.29911
23.54845,-3.64038,-2.8717,-10.31572
23.55849,-3.52771,-1.95247,-10.8393
23.56853,-3.64906,-1.30155,-11.98178
23.57856,-3.81845,-1.30604,-13.67673
23.5886,-3.9018,-1.29317,-14.72599
23.59864,-3.46935,-1.18633,-15.38379
23.60868,-2.51661,-0.8037,-15.62456
23.61872,-1.66621,-0.13378,-15.66481
23.62875,-1.26938,0.41076,-15.78348
23.63879,-0.99389,0.54019,-15.81176
23.64883,-0.89214,0.28267,-15.14677
23.65887,-1.03848,-0.07646,-13.78761
23.6689,-1.18678,-0.40552,-12.36785
23.67894,-1.29197,-0.67666,-11.46404
23.68898,-1.23212,-0.94287,-10.81027
23.69902,-1.18079,-1.15011,-10.26604
23.70905,-1.26683,-1.23227,-10.02467
23.71909,-1.38549,-1.19231,-9.98412
23.72913,-1.43951,-1.16672,-9.91603
23.73917,-1.49129,-1.12976,-9.77777
23.7492,-1.69135,-1.14308,-9.70475
23.75924,-1.70273,-1.30304,-9.90242
23.76928,-1.51867,-1.31965,-10.22504
23.77932,-1.17361,-1.02981,-10.33068
23.78935,-0.78844,-0.67786,-10.13346
23.79939,-0.47211,-0.52238,-9.77493
23.80943,-0.21338,-0.48123,-9.39844
23.81947,-0.02035,-0.4522,-9.00549
23.82951,0.17942,-0.41554,-8.70337
23.83954,0.24585,-0.40477,-8.71265
23.84958,0.14036,-0.4136,-9.15797
23.85962,0.01766,-0.47016,-9.65821
23.86966,0.04729,-0.51595,-9.77178
23.87969,0.14305,-0.50787,-9.55451
23.88973,0.17807,-0.54618,-9.33095
23.89977,0.20695,-0.60962,-9.16575
23.90981,0.20066,-0.66828,-9.15677
23.91984,0.12345,-0.7229,-9.22022
23.92988,-0.03023,-0.867,-9.42298
23.93992,-0.22042,-1.04731,-9.81892
23.94996,-0.43545,-1.12049,-10.39248
23.95999,-0.57221,-1.07545,-10.82658
23.97003,-0.53466,-0.99853,-10.52775
23.98007,-0.35868,-1.00392,-9.91199
23.99011,-0.19124,-0.95993,-9.53206
24.00014,-0.16355,-0.82136,-9.53476
24.01018,-0.21682,-0.75866,-9.71103
24.02022,-0.16819,-0.65781,-9.83104
24.03026,-0.06,-0.49021,-9.86336
24.0403,-0.05043,-0.3928,-9.90631
24.05033,-0.28162,-0.31319,-10.04203
24.06037,-0.42303,-0.31574,-10.10398
24.07041,-0.38771,-0.32411,-9.79647
24.08045,-0.26037,-0.30601,-9.37779
24.09048,-0.12061,-0.1878,-9.24087
24.10052,0.01526,-0.02454,-9.28726
24.11056,0.06779,0.11103,-9.42283
24.1206,-0.0214,0.09906,-9.56723
24.13063,-0.14275,-0.04414,-9.65222
24.14067,-0.22296,-0.22266,-9.5804
24.15071,-0.28147,-0.33549,-9.48298
24.16075,-0.19558,-0.35494,-9.46353
24.17078,-0.01047,-0.31978,-9.32676
24.18082,0.1643,-0.27294,-9.3745
24.19086,0.17238,-0.28491,-9.46129
24.2009,0.05866,-0.42168,-9.54897
24.21093,-0.0621,-0.5589,-9.68963
24.22097,-0.20994,-0.6385,-9.62963
24.23101,-0.24107,-0.70719,-9.49047
24.24105,-0.19094,-0.72993,-9.35699
24.25109,-0.12315,-0.69761,-9.53416
24.26112,-0.10968,-0.61366,-9.73452
24.27116,-0.13617,-0.55935,-9.82954
24.2812,-0.24615,-0.57162,-9.94327
24.29124,-0.35599,-0.61995,-9.96497
24.30127,-0.33683,-0.65616,-9.98322
24.31131,-0.27369,-0.59197,-9.88641
24.32135,-0.17567,-0.50188,-9.74246
24.33139,-0.10804,-0.4739,-9.78091
24.34142,-0.07272,-0.48123,-9.91125
24.35146,-0.08709,-0.42407,-10.06253
24.3615,-0.10834,-0.38786,-10.23581
24.37154,-0.19573,-0.37754,-10.32649
24.38157,-0.31768,-0.43275,-10.34041
24.39161,-0.3913,-0.40971,-10.37827
24.40165,-0.42108,-0.43395,-10.29043
24.41169,-0.37978,-0.47495,-10.24883
24.42172,-0.38472,-0.45969,-10.11416
24.43176,-0.4335,-0.47704,-10.00986
24.4418,-0.53914,-0.49874,-10.04831
24.45184,-0.61726,-0.57177,-9.91229
24.46188,-0.60738,-0.70045,-9.6627
24.47191,-0.65272,-0.75821,-9.43091
24.48195,-0.65197,-0.75642,-9.3507
24.49199,-0.58329,-0.73577,-9.49061
24.50203,-0.52268,-0.67038,-9.63113
24.51206,-0.43275,-0.57775,-9.74231
24.5221,-0.35823,-0.46373,-9.75907
24.53214,-0.3093,-0.44936,-9.83358
24.54218,-0.31424,-0.44472,-9.93803
24.55221,-0.38113,-0.44787,-9.91035
24.56225,-0.36542,-0.52238,-9.70549
24.57229,-0.32262,-0.55126,-9.51411
24.58233,-0.22176,-0.52209,-9.45231
24.59236,-0.05567,-0.42632,-9.49091
24.6024,0.01781,-0.31484,-9.57322
24.61244,-0.00209,-0.29269,-9.71432
24.62248,-0.12704,-0.34432,-9.86905
24.63251,-0.2074,-0.40267,-9.83044
24.64255,-0.23807,-0.41869,-9.70011
24.65259,-0.2496,-0.41928,-9.60988
24.66263,-0.27459,-0.44936,-9.71253
24.67266,-0.20979,-0.39669,-9.89194
24.6827,-0.15667,-0.31319,-9.90556
24.69274,-0.17358,-0.31035,-9.80441
24.70278,-0.28102,-0.41225,-9.7233
24.71282,-0.3729,-0.5161,-9.6642
24.72285,-0.38921,-0.53705,-9.60254
24.73289,-0.33294,-0.51939,-9.63487
24.74293,-0.25633,-0.44876,-9.73497
24.75297,-0.18929,-0.3717,-9.85992
24.763,-0.23239,-0.37694,-9.9108
24.77304,-0.3705,-0.46388,-9.87144
24.78308,-0.46403,-0.53645,-9.7839
24.79312,-0.49829,-0.55695,-9.62364
24.80315,-0.39684,-0.55426,-9.61751
24.81319,-0.23448,-0.50263,-9.65656
24.82323,-0.13033,-0.40417,-9.75892
24.83327,-0.19423,-0.37813,-9.78166
24.8433,-0.34132,-0.46208,-9.75877
24.85334,-0.39834,-0.5381,-9.67153
24.86338,-0.4139,-0.52149,-9.60105
24.87342,-0.37484,-0.52074,-9.69517
24.88346,-0.27788,-0.47375,-9.77957
24.89349,-0.21488,-0.41016,-9.84975
24.90353,-0.14515,-0.32531,-9.90691
24.91357,-0.18271,-0.30915,-9.90032
24.9236,-0.23059,-0.32127,-9.81368
24.93364,-0.22595,-0.38098,-9.66285
24.94368,-0.18465,-0.36646,-9.54284
24.95372,-0.20934,-0.33758,-9.53072
24.96376,-0.25079,-0.38861,-9.69637
24.97379,-0.30421,-0.394,-9.94162
24.98383,-0.27623,-0.32247,-10.05654
24.99387,-0.16266,-0.27369,-10.02168
25.00391,-0.12315,-0.2677,-9.87025
25.01394,-0.10849,-0.31229,-9.84122
25.02398,-0.13273,-0.35943,-9.90825
25.03402,-0.14096,-0.43604,-9.98487
25.04406,-0.06883,-0.51595,-10.09321
25.05409,-0.00269,-0.62908,-10.27038
25.06413,0.26635,-0.71287,-10.76628
25.07417,0.69462,-0.6174,-11.42857
25.08421,1.14622,-0.5372,-12.14653
25.09424,1.36649,-0.43275,-13.1711
25.10428,1.4054,-0.18555,-14.31538
25.11432,1.35736,-0.33579,-15.58685
25.12436,1.60382,-0.60304,-16.84755
25.1344,2.09343,-0.64554,-17.55294
25.14443,2.8708,-0.67083,-17.67953
25.15447,3.10977,-0.54588,-16.89603
25.16451,2.60564,-0.353,-15.82717
25.17455,1.9604,-0.63731,-15.19301
25.18458,1.32534,-1.67355,-14.37808
25.19462,0.87882,-2.94217,-13.57916
25.20466,0.81672,-3.58128,-13.29979
25.2147,0.78994,-3.22679,-13.20253
25.22473,0.71901,-2.29888,-13.13818
25.23477,0.49874,-1.47842,-12.92136
25.24481,0.58389,-1.21476,-12.64887
25.25485,0.91189,-0.80296,-12.85537
25.26488,1.05689,-0.10594,-14.51934
25.27492,0.93733,0.45146,-13.89056
25.28496,0.19737,0.92521,-11.62475
25.295,-0.52613,0.38936,-10.44066
25.30503,-0.91623,-0.58448,-9.48089
25.31507,-1.17106,-1.3421,-8.98873
25.32511,-1.36305,-1.838,-8.86318
25.33515,-1.23975,-2.14939,-8.98948
25.34519,-0.62309,-2.41395,-9.59641
25.35522,0.15069,-2.38148,-10.6328
25.36526,0.73502,-1.27491,-11.09308
25.3753,1.23107,-0.32127,-10.59973
25.38534,1.51418,-0.19857,-9.94746
25.39537,1.02322,-0.50877,-8.97466
25.40541,0.11702,-1.26234,-8.16722
25.41545,-0.66664,-2.12036,-7.74913
25.42549,-1.33626,-2.63332,-7.04509
25.43552,-1.81017,-2.74166,-6.80866
25.44556,-1.7738,-2.6408,-7.25712
25.4556,-1.20354,-2.17753,-7.96895
25.46564,-0.33639,-1.45448,-8.20209
25.47567,0.48902,-0.90845,-8.6308
25.48571,1.01065,-0.76405,-9.46667
25.49575,1.23152,-0.79817,-9.88356
25.50579,1.02786,-0.77662,-9.77193
25.51582,0.51565,-0.78006,-9.29833
25.52586,-0.03831,-0.82989,-8.09465
25.5359,-0.63955,-0.93643,-6.5221
25.54594,-0.99314,-1.33522,-5.35089
25.55598,-1.12318,-1.76183,-4.75384
25.56601,-1.16523,-1.75809,-4.71029
25.57605,-0.9478,-1.49144,-4.97695
25.58609,-0.48946,-1.11779,-5.0172
25.59613,-0.22775,-0.97788,-4.8508
25.60616,-0.43844,-0.91219,-4.77284
25.6162,-0.94616,-0.83393,-4.64056
25.62624,-1.49009,-1.07694,-4.61827
25.63627,-1.86059,-1.40585,-4.34159
25.64631,-1.88903,-1.53289,-3.9021
25.65635,-1.6327,-1.4265,-3.24878
25.66639,-1.26444,-1.26698,-2.37475
25.67643,-0.92087,-1.14682,-1.88962
25.68646,-0.61157,-0.96397,-2.05138
25.6965,-0.42303,-0.79413,-2.4961
25.70654,-0.19049,-0.66798,-2.87648
25.71658,-0.02185,-0.47076,-2.94307
25.72661,-0.11702,-0.29703,-2.86092
25.73665,-0.56518,-0.54453,-3.02028
25.74669,-1.19246,-1.18827,-3.33153
25.75673,-1.70572,-1.9212,-3.09944
25.76676,-1.82573,-2.56479,-2.54339
25.7768,-1.43697,-2.92482,-2.25429
25.78684,-0.82301,-3.00023,-2.42637
25.79688,-0.30481,-2.77937,-3.01206
25.80692,0.21144,-2.2715,-3.62632
25.81695,0.54229,-1.58361,-3.90599
25.82699,0.4938,-0.98791,-3.74663
25.83703,0.32756,-0.85638,-3.46486
25.84707,0.22924,-1.04881,-3.33048
25.8571,0.06,-1.10163,-3.64936
25.86714,-0.64045,-0.59556,-3.04438
25.87718,-1.74418,0.1429,-1.82663
25.88722,-2.18351,0.63177,-1.48725
25.89725,-2.14191,1.32115,-1.92569
25.90729,-1.7955,2.07817,-4.13419
25.91733,-1.09595,2.89175,-7.48966
25.92737,-0.07676,4.42733,-10.37138
25.9374,0.56593,6.00571,-11.73712
25.94744,0.33758,6.39491,-11.70675
25.95748,-0.36826,5.28385,-11.2095
25.96752,-0.99494,4.18821,-11.93046
25.97755,-1.41078,4.40249,-13.01638
25.98759,-1.44954,5.05625,-14.60687
25.99763,-1.12333,4.94672,-15.7947
26.00767,-0.94391,4.62485,-15.63878
26.0177,-1.21955,4.18297,-14.45888
26.02774,-1.64796,3.29697,-14.29593
26.03778,-1.59918,2.68375,-15.08886
26.04782,-1.5893,2.82142,-15.43168
26.05785,-1.87212,2.94651,-15.49797
26.06789,-1.90339,2.63676,-15.03229
26.07793,-2.04195,2.27719,-14.18295
26.08797,-2.22721,1.84832,-14.12295
26.09801,-2.09313,1.59199,-14.77207
26.10804,-1.63659,1.90159,-15.35177
26.11808,-1.00856,2.06216,-16.19004
26.12812,-0.39055,2.01906,-16.78545
26.13816,-0.05971,2.18755,-16.80326
26.14819,-0.03382,2.16301,-16.29494
26.15823,-0.40103,1.67923,-15.70252
26.16827,-0.96486,0.84022,-15.76642
26.17831,-1.26788,0.28296,-16.49695
26.18834,-1.13425,0.69133,-17.23646
26.19838,-0.77961,1.42874,-17.85192
26.20842,-0.48094,1.6297,-18.02909
26.21846,-0.4112,1.45538,-17.49323
26.22849,-0.40612,1.26923,-16.98746
26.23853,-0.39115,1.26294,-16.92072
26.24857,-0.27638,1.50356,-17.24424
26.25861,-0.23179,1.85102,-17.64916
26.26864,-0.45654,2.01248,-17.41916
26.27868,-0.65855,1.82498,-16.70315
26.28872,-0.72185,1.72442,-16.09293
26.29876,-0.71706,1.95666,-15.98189
26.3088,-0.79143,2.27015,-16.52762
26.31883,-1.21955,2.52768,-17.36963
26.32887,-2.23184,2.63482,-18.39405
26.33891,-3.07894,2.519,-19.00996
26.34895,-3.38495,2.54953,-18.77308
26.35898,-3.29951,2.75812,-18.19908
26.36902,-3.15481,3.07401,-17.6327
26.37906,-2.92646,3.47758,-17.18663
26.3891,-2.62764,3.88534,-16.6596
26.39913,-2.59292,4.20736,-15.88209
26.40917,-2.73208,4.231,-15.08302
26.41921,-2.60325,4.16621,-13.8735
26.42925,-2.14326,4.09199,-12.4081
26.43928,-1.5703,3.86768,-11.95784
26.44932,-0.98252,4.13583,-12.23407
26.45936,-0.55411,4.80337,-12.4066
26.4694,-0.26441,5.32186,-12.03086
26.47943,-0.15592,5.41898,-11.28716
26.48947,-0.12689,5.18375,-10.17955
26.49951,-0.19049,4.54419,-9.04933
26.50955,-0.35539,3.77221,-8.32718
26.51958,-0.38801,3.11127,-7.44537
26.52962,-0.35135,2.63168,-6.22627
26.53966,-0.24496,2.17902,-5.33099
26.5497,-0.01736,1.76587,-4.65283
26.55973,0.17552,1.39223,-4.20751
26.56977,0.1426,0.95394,-3.99787
26.57981,0.0636,0.53735,-4.08705
26.58985,0.05971,0.08874,-4.35401
26.59988,0.15009,-0.27174,-4.17863
26.60992,0.39385,-0.4136,-3.55778
26.61996,0.72125,-0.42407,-3.0541
26.63,1.06288,-0.38711,-2.71757
26.64004,1.31741,-0.5996,-2.11752
26.65007,1.44131,-0.94601,-1.6092
26.66011,1.63704,-1.2782,-1.51957
26.67015,1.75226,-1.47154,-1.99437
26.68019,1.80702,-1.44954,-2.83877
26.69022,1.81032,-1.3608,-3.46561
26.70026,1.82992,-1.35811,-3.54267
26.7103,1.73744,-1.49398,-3.27646
26.72034,1.5073,-1.70766,-3.01295
26.73037,1.39747,-1.92494,-2.86511
26.74041,1.37592,-2.04629,-2.61103
26.75045,1.24289,-2.15912,-2.48728
26.76049,1.157,-2.23559,-2.81079
26.77052,1.15341,-2.14176,-3.22858
26.78056,1.26549,-2.03597,-3.47384
26.7906,1.35287,-2.05512,-3.50122
26.80064,1.36425,-2.07996,-3.59789
26.81067,1.29227,-2.11423,-3.64876
26.82071,1.21117,-2.23873,-3.86933
26.83075,0.96022,-2.37834,-4.17025
26.84079,0.67965,-2.42682,-4.45052
26.85082,0.53555,-2.34692,-4.65178
26.86086,0.44008,-2.18695,-4.73304
26.8709,0.35314,-2.05228,-4.79334
26.88094,0.32082,-1.93781,-4.80816
26.89097,0.31544,-1.84937,-4.83778
26.90101,0.16221,-1.70692,-5.08334
26.91105,-0.11971,-1.55458,-5.38396
26.92109,-0.36571,-1.52481,-5.51938
26.93113,-0.48213,-1.29631,-5.62233
26.94116,-0.37379,-0.88795,-5.71541
26.9512,-0.28476,-0.56219,-5.96545
26.96124,-0.34102,-0.30197,-6.16537
26.97128,-0.39295,-0.12719,-6.41407
26.98131,-0.5348,0.03097,-6.68192
26.99135,-0.71452,0.29209,-6.93406
27.00139,-0.94197,0.51011,-7.15238
27.01143,-1.27776,0.65975,-7.3716
27.02146,-1.66247,0.64958,-7.53395
27.0315,-2.11812,0.48872,-7.61551
27.04154,-2.51197,0.38277,-7.67372
27.05158,-2.67762,0.30092,-7.72534
27.06161,-2.60609,0.31603,-7.5977
27.07165,-2.3966,0.51071,-7.32386
27.08169,-2.26671,0.81358,-7.50403
27.09173,-2.1458,1.07859,-7.99484
27.10176,-2.07652,1.36589,-8.78178
27.1118,-2.14416,1.63808,-9.51007
27.12184,-2.27808,1.91925,-9.97484
27.13188,-2.17723,2.18127,-10.37946
27.14191,-2.07024,2.37071,-10.3648
27.15195,-1.94065,2.45914,-10.0142
27.16199,-1.87661,2.64589,-10.14752
27.17203,-1.84787,2.88456,-10.63639
27.18207,-1.76946,3.17307,-11.55367
27.1921,-1.65005,3.51095,-12.96715
27.20214,-1.5263,3.99622,-14.33154
27.21218,-1.55249,4.47536,-15.47313
27.22222,-1.59214,4.71418,-16.4344
27.23225,-1.5884,4.71448,-17.06482
27.24229,-1.78024,4.66854,-17.57853
27.25233,-2.15134,4.51367,-18.29365
27.26237,-2.6447,4.17668,-18.96103
27.2724,-3.14299,3.86664,-19.45394
27.28244,-3.48102,3.52831,-19.88459
27.29248,-3.60432,3.35637,-20.38423
27.30252,-3.40889,3.31762,-20.90647
27.31255,-2.90686,3.37927,-20.9741
27.32259,-2.23065,3.60776,-20.66196
27.33263,-1.6526,3.96929,-20.13344
27.34267,-1.31621,4.02899,-19.48012
27.3527,-1.27327,3.86125,-18.54549
27.36274,-1.49623,3.56856,-17.5471
27.37278,-1.90803,3.1988,-16.66499
27.38282,-2.55267,2.79643,-16.16221
27.39285,-3.25043,2.44149,-15.91845
27.40289,-3.77027,2.11228,-15.94074
27.41293,-4.08092,1.79116,-16.01631
27.42297,-4.1903,1.6743,-15.87655
27.43301,-4.14676,1.88229,-15.41192
27.44304,-3.8813,2.30711,-14.75876
27.45308,-3.58023,2.6025,-14.18564
27.46312,-3.43104,2.72834,-13.8117
27.47316,-3.46905,2.71233,-13.6474
27.48319,-3.48895,2.4783,-13.53667
27.49323,-3.51035,2.18142,-13.30742
27.50327,-3.47459,2.00155,-12.94275
27.51331,-3.30699,1.95322,-12.80239
27.52334,-2.99619,2.12904,-12.49639
27.53338,-2.69273,2.3348,-11.82391
27.54342,-2.27733,2.27329,-11.05702
27.55346,-1.91132,2.08789,-9.98741
27.56349,-1.80837,1.78413,-8.97541
27.57353,-1.86942,1.31053,-8.28499
27.58357,-2.05437,0.7642,-7.73237
27.59361,-2.11453,0.40507,-7.30965
27.60364,-1.9185,0.19992,-7.18111
27.61368,-1.90339,0.09532,-7.41813
27.62372,-2.01996,0.01766,-7.76948
27.63376,-2.10465,-0.02454,-8.25356
27.64379,-2.15269,-0.14664,-8.42071
27.65383,-2.0448,-0.27518,-8.10766
27.66387,-1.80867,-0.29164,-7.58408
27.67391,-1.55279,-0.24885,-7.18754
27.68394,-1.38998,-0.10939,-6.77484
27.69398,-1.22583,-0.0407,-6.42424
27.70402,-1.15505,-0.14784,-6.33132
27.71406,-1.10911,-0.40058,-6.5432
27.7241,-1.02846,-0.62369,-6.48335
27.73413,-0.88032,-0.71317,-6.06751
27.74417,-0.66514,-0.74594,-5.69491
27.75421,-0.4748,-0.88765,-5.67201
27.76425,-0.27189,-0.96771,-5.6367
27.77428,-0.11253,-0.94317,-5.40042
27.78432,-0.02125,-0.94032,-5.40805
27.79436,0.01077,-1.07978,-5.40042
27.8044,0.07646,-1.32773,-5.20275
27.81443,0.17253,-1.40031,-5.06164
27.82447,0.19573,-1.47782,-5.31034
27.83451,0.24122,-1.59394,-5.75446
27.84455,0.31229,-1.57075,-6.16806
27.85458,0.29972,-1.49638,-6.45177
27.86462,0.08874,-1.60112,-6.43965
27.87466,-0.34895,-1.85027,-6.45941
27.8847,-0.84575,-2.05198,-6.44429
27.89473,-1.22254,-2.15209,-6.35795
27.90477,-1.4039,-2.30367,-6.23091
27.91481,-1.53034,-2.52364,-6.38758
27.92485,-1.56237,-2.67343,-6.77918
27.93488,-1.51134,-2.65622,-7.17423
27.94492,-1.44789,-2.45091,-7.30022
27.95496,-1.3623,-2.14924,-7.19577
27.965,-1.35841,-1.96429,-7.21029
27.97504,-1.48635,-1.97656,-7.37309
27.98507,-1.61444,-2.1042,-7.57914
27.99511,-1.82094,-2.26058,-7.76874
28.00515,-2.11288,-2.35724,-7.92945
28.01519,-2.4349,-2.44253,-7.88051
28.02522,-2.68016,-2.59442,-7.92316
28.03526,-2.85703,-2.7677,-7.97748
28.0453,-2.92661,-2.93529,-8.06592
28.05534,-2.95055,-3.02807,-8.00187
28.06537,-2.93439,-2.97824,-7.86196
28.07541,-2.90327,-2.88606,-7.69856
28.08545,-2.9947,-2.86481,-7.72145
28.09549,-3.14703,-2.82321,-8.0324
28.10552,-3.1795,-2.75303,-8.42205
28.11556,-3.15466,-2.66205,-8.70951
28.1256,-3.19401,-2.54414,-8.9615
28.13564,-3.32555,-2.50508,-9.15273
28.14567,-3.54162,-2.5606,-9.10051
28.15571,-3.71281,-2.64589,-8.99801
28.16575,-3.77401,-2.7044,-8.97287
28.17579,-3.77296,-2.74376,-8.93052
28.18582,-3.82728,-2.69452,-8.91571
28.19586,-3.89776,-2.65143,-8.95955
28.2059,-3.96659,-2.64484,-8.96359
28.21594,-3.9223,-2.72445,-8.93681
28.22597,-3.7996,-2.73717,-8.96599
28.23601,-3.69874,-2.67507,-9.16171
28.24605,-3.66313,-2.63676,-9.31389
28.25609,-3.72732,-2.65113,-9.37869
28.26613,-3.79002,-2.72071,-9.30073
28.27616,-3.77895,-2.78775,-9.15273
28.2862,-3.70637,-2.84626,-9.04589
28.29624,-3.63066,-2.83668,-8.84298
28.30628,-3.54806,-2.83159,-8.67674
28.31631,-3.56123,-2.84955,-8.59878
28.32635,-3.57095,-2.8693,-8.57753
28.33639,-3.53728,-2.92063,-8.59833
28.34643,-3.47608,-2.90147,-8.61299
28.35646,-3.37897,-2.83219,-8.56945
28.3665,-3.29966,-2.7445,-8.73091
28.37654,-3.26464,-2.62509,-8.84912
28.38658,-3.29098,-2.62225,-8.80363
28.39661,-3.35458,-2.68974,-8.72776
28.40665,-3.36595,-2.76381,-8.63289
28.41669,-3.33587,-2.81019,-8.58965
28.42673,-3.29951,-2.7677,-8.49986
28.43677,-3.24743,-2.66475,-8.42295
28.4468,-3.14957,-2.55222,-8.43747
28.45684,-3.07939,-2.50015,-8.53937
28.46688,-3.04318,-2.42937,-8.62765
28.47692,-3.06173,-2.34736,-8.71519
28.48695,-3.13581,-2.23259,-8.82817
28.49699,-3.22484,-2.15179,-9.04739
28.50703,-3.32405,-2.0665,-9.28022
28.51707,-3.36041,-1.97372,-9.42388
28.5271,-3.40171,-1.99512,-9.45291
28.53714,-3.4894,-2.04704,-9.30551
28.54718,-3.62377,-2.02325,-8.98155
28.55722,-3.86918,-1.75106,-8.66267
28.56725,-4.26572,-1.41467,-8.59384
28.57729,-4.54554,-1.1962,-9.05023
28.58733,-4.55676,-0.95199,-9.78989
28.59737,-4.23579,-0.42811,-10.44007
28.6074,-3.50257,0.391,-10.4046
28.61744,-2.51601,1.35557,-10.27277
28.62748,-1.39567,2.15328,-10.7543
28.63752,-0.42213,2.56898,-11.88407
28.64755,-0.08933,2.93245,-12.50073
28.65759,-0.33848,3.19087,-12.07605
28.66763,-0.89483,3.00921,-11.08126
28.67767,-1.36874,2.47935,-9.79947
28.6877,-1.32369,1.60845,-8.55014
28.69774,-0.71497,0.57281,-6.99167
28.70778,-0.1845,-0.26127,-5.46866
28.71782,0.27294,-0.50443,-4.8321
28.72786,0.845,-0.28371,-4.78571
28.73789,1.30888,0.167,-5.51055
28.74793,1.54785,0.5776,-6.62326
28.75797,1.81091,0.71287,-7.56912
28.76801,1.74433,0.2472,-7.99155
28.77804,1.49877,-0.40327,-8.14193
28.78808,1.34704,-0.94032,-7.71831
28.79812,1.12483,-1.48186,-6.73653
28.80816,0.80715,-2.31669,-5.98954
28.81819,0.49231,-3.39363,-5.8016
28.82823,0.34207,-4.20826,-6.37516
28.83827,0.35659,-4.71104,-7.3505
28.84831,0.49665,-5.06314,-8.16213
28.85834,0.91159,-5.03516,-8.41038
28.86838,1.73864,-4.71718,-8.03659
28.87842,2.69063,-4.48853,-7.38521
28.88846,3.20195,-4.57876,-6.63718
28.89849,3.40306,-4.83823,-5.97563
28.90853,3.29188,-5.13856,-5.39788
28.91857,3.0158,-5.48886,-5.06523
28.92861,2.60265,-5.92266,-5.19931
28.93864,2.01293,-6.40045,-5.91562
28.94868,1.33926,-6.94453,-6.90712
28.95872,0.599,-7.33164,-7.55191
28.96876,0.19064,-7.59471,-7.78116
28.9788,0.06644,-7.56388,-7.44776
28.98883,-0.03995,-7.24126,-7.22211
28.99887,-0.15592,-7.02623,-7.31055
29.00891,-0.38173,-6.71678,-6.82123
29.01895,-0.59047,-6.63478,-5.70344
29.02898,-0.75223,-6.77095,-4.50828
29.03902,-0.8052,-6.86133,-3.80738
29.04906,-0.91683,-6.73115,-4.1101
29.0591,-1.14473,-6.29466,-5.42586
29.06913,-1.13291,-5.66229,-6.70227
29.07917,-0.69896,-4.99296,-7.70843
29.08921,-0.16176,-4.11997,-8.47847
29.09925,-0.02783,-3.22978,-9.36342
29.10928,-0.268,-2.56928,-10.06627
29.11932,-0.73517,-2.17902,-10.20484
29.12936,-1.3225,-2.02639,-9.82835
29.1394,-1.98494,-2.08221,-8.70143
29.14943,-2.57496,-2.14446,-7.00977
29.15947,-3.02971,-2.48024,-5.71301
29.16951,-3.33048,-3.28903,-6.19799
29.17955,-3.58158,-3.9829,-7.76709
29.18958,-3.80888,-3.99637,-9.47969
29.19962,-3.34485,-3.12832,-10.80189
29.20966,-3.12413,-1.9191,-11.87329
29.2197,-2.21673,-1.08876,-11.43171
29.22973,-1.63494,-0.02394,-10.07121
29.23977,-1.63913,0.62459,-8.82622
29.24981,-2.01487,0.5972,-8.21451
29.25985,-3.18803,0.07213,-9.43121
29.26989,-3.90734,-0.74834,-10.91831
29.27992,-3.66073,-1.43487,-11.86447
29.28996,-2.48264,-1.69255,-12.54921
29.3,-1.5477,-1.37607,-12.64004
29.31004,-1.32459,-1.13036,-12.22509
29.32007,-1.42171,-1.2179,-12.05166
29.33011,-2.28556,-1.40614,-11.80775
29.34015,-3.76518,-1.82528,-10.33592
29.35019,-4.39531,-2.50404,-8.00097
29.36022,-3.87142,-3.39752,-6.73519
29.37026,-2.71951,-3.903,-8.3836
29.3803,-1.9182,-3.74887,-10.98265
29.39034,-1.75884,-3.50167,-13.3161
29.40037,-1.6722,-2.87544,-15.34997
29.41041,-1.78114,-1.99332,-16.09936
29.42045,-1.92584,-1.21266,-15.91112
29.43049,-2.60893,-0.88615,-15.8158
29.44052,-3.0348,-1.41871,-15.42779
29.45056,-2.81603,-2.39704,-15.29446
29.4606,-2.18935,-3.03016,-15.23999
29.47064,-1.44894,-3.07281,-15.62067
29.48067,-0.94616,-2.37445,-16.23553
29.49071,-0.7452,-1.10313,-16.70434
29.50075,-0.88256,0.07661,-17.38639
29.51079,-1.22164,0.66918,-17.52451
29.52082,-1.47932,0.51296,-16.29838
29.53086,-1.56431,-0.11148,-14.46038
29.5409,-1.46405,-0.48228,-11.9315
29.55094,-1.00856,-0.34506,-9.84032
29.56097,-0.53002,-0.60618,-8.79974
29.57101,-0.44008,-1.03938,-8.59309
29.58105,-0.64793,-1.41767,-8.65878
29.59109,-0.56907,-1.82408,-8.77235
29.60112,-0.31259,-1.97896,-8.66985
29.61116,-0.07931,-2.02849,-8.28708
29.6212,0.01242,-1.60172,-7.98751
29.63124,-0.09337,-1.01365,-8.31072
29.64127,-0.46807,-0.63551,-8.8997
29.65131,-0.85997,-0.42677,-9.83224
29.66135,-1.02128,-0.24735,-11.14695
29.67139,-0.84381,-0.08469,-12.13935
29.68142,-0.45295,-0.09263,-12.2239
29.69146,0.07257,-0.32636,-11.56699
29.7015,0.46343,-0.63596,-10.89841
29.71154,0.66828,-0.59376,-10.93462
29.72158,0.61546,-0.44981,-11.59033
29.73161,0.55575,-0.38502,-11.97969
29.74165,0.59227,-0.34671,-12.27732
29.75169,0.58583,-0.46058,-12.96655
29.76173,0.41644,-0.71646,-13.67478
29.77176,-0.26127,-1.12123,-13.81454
29.7818,-1.44685,-1.32714,-13.57467
29.79184,-1.83486,-1.57239,-13.12352
29.80188,-1.88334,-1.60277,-12.13187
29.81191,-1.46839,-1.53304,-11.13633
29.82195,-0.81627,-1.17361,-10.74892
29.83199,-0.07781,-0.93583,-11.62983
29.84203,0.56578,-0.42826,-12.09087
29.85206,1.08023,0.07706,-13.45871
29.8621,1.79415,0.18016,-15.00042
29.87214,2.55551,0.32935,-15.39711
29.88218,3.30579,0.09771,-15.12821
29.89221,3.68004,-0.57895,-14.63022
29.90225,3.64981,-1.32444,-14.12639
29.91229,3.83282,-2.26596,-13.41785
29.92233,3.34874,-2.69333,-13.0499
29.93236,1.30319,-2.0424,-13.05783
29.9424,0.92865,-1.23391,-13.46604
29.95244,1.5878,-0.81942,-14.29368
29.96248,1.98225,-0.93119,-14.62842
29.97251,2.273,-1.32474,-14.27857
29.98255,2.29978,-1.97686,-12.3668
29.99259,3.35248,-3.03241,-10.04517
30.00263,4.77733,-3.50361,-9.10814
30.01267,4.31675,-1.64556,-7.72624
30.0227,3.74648,0.21473,-7.75617
30.03274,3.25626,1.18169,-7.91718
30.04278,2.88247,-0.14425,-10.43677
30.05282,1.43383,-3.17651,-13.58874
30.06285,0.40073,-4.03902,-14.67795
30.07289,-1.49817,-3.47863,-13.99216
30.08293,-2.56868,-1.35587,-11.71214
30.09297,-2.8684,-0.47675,-10.51668
30.103,-2.33405,-0.57491,-9.71851
30.11304,-1.35961,-1.25636,-9.91349
30.12308,-0.93972,-1.66337,-9.42642
30.13312,-1.2601,-2.36113,-9.35729
30.14315,-0.69357,-2.64021,-9.97888
30.15319,-0.51969,-3.31283,-13.15
30.16323,-1.80478,-3.43957,-14.14045
30.17327,-1.99063,-2.96043,-11.76675
30.1833,-1.54261,-3.42072,-8.89027
30.19334,-0.36751,-3.32121,-7.20086
30.20338,0.70075,-2.41769,-7.24485
30.21342,0.12974,-1.67863,-5.47599
30.22345,-0.02155,-1.57299,-4.96572
30.23349,-0.98881,-2.10031,-6.22627
30.24353,-1.90968,-2.3728,-7.52707
30.25357,-0.69013,-2.87768,-10.48346
30.2636,0.33938,-2.96672,-13.44658
30.27364,0.73577,-1.66292,-13.65967
30.28368,1.50251,-0.6002,-10.76538
30.29372,0.84979,-0.59675,-7.98092
30.30375,-0.38876,-1.12857,-6.23076
30.31379,-1.69495,-1.86613,-5.04787
30.32383,-2.19937,-2.62734,-3.71715
30.33387,-1.90773,-3.16439,-2.97195
30.34391,-0.81822,-2.94472,-3.9651
30.35394,0.04818,-1.62671,-5.16459
30.36398,0.75747,-0.38981,-5.32246
30.37402,1.39387,0.78006,-5.21682
30.38406,1.62357,1.88723,-4.77703
30.39409,1.54007,2.41784,-4.55467
30.40413,1.03085,1.86838,-4.27335
30.41417,-0.00284,0.89334,-2.95055
30.42421,-1.01993,-0.23957,-1.33731
30.43424,-1.83845,-1.12842,-0.35359
30.44428,-2.56464,-1.16134,-0.58927
30.45432,-2.63976,-0.54333,-1.41976
30.46436,-2.23559,0.07422,-2.27554
30.47439,-1.66831,0.59466,-3.14583
30.48443,-1.25785,1.14278,-3.45483
30.49447,-0.83213,1.24439,-3.75156
30.50451,-0.57805,0.94721,-3.98201
30.51454,-0.73352,0.61381,-3.54581
30.52458,-1.40839,0.14096,-2.62689
30.53462,-2.28437,-0.26471,-2.38612
30.54466,-2.68944,-0.27114,-2.71098
30.5547,-2.61656,-0.36796,-3.29861
30.56473,-2.41395,-0.58314,-3.87472
30.57477,-2.08789,-0.55456,-4.69054
30.58481,-1.51194,-0.31184,-5.87208
30.59484,-1.16089,0.19767,-6.67249
30.60488,-1.12752,0.60708,-6.87121
30.61492,-1.19261,0.80071,-6.13679
30.62496,-2.0445,0.08395,-4.17758
30.635,-3.0152,-0.90007,-2.16376
30.64503,-3.36759,-0.9285,-0.90366
30.65507,-3.20913,-0.49994,-0.63192
30.66511,-2.42697,0.1658,-1.82498
30.67515,-0.98851,0.74744,-4.07493
30.68518,0.20066,1.43847,-5.70463
30.69522,0.74804,2.19025,-6.08561
30.70526,0.31454,2.32956,-6.5227
30.7153,-0.79817,1.67729,-7.49849
30.72533,-1.99153,1.05165,-7.85134
30.73537,-2.6203,0.19363,-7.79612
30.74541,-2.51137,-0.67098,-6.99406
30.75545,-2.02924,-1.1338,-5.88495
30.76548,-1.35841,-1.18752,-4.87055
30.77552,-0.82211,-0.91219,-5.08543
30.78556,-0.41809,-0.0826,-5.85966
30.7956,0.23852,1.12902,-7.20864
30.80563,1.2785,2.14027,-9.05846
30.81567,2.20656,3.10932,-10.66377
30.82571,2.75094,3.70877,-12.2239
30.83575,2.7246,3.56781,-13.153
30.84578,1.92688,3.03974,-12.95488
30.85582,1.03115,2.55297,-12.58796
30.86586,0.34656,2.46303,-12.04987
30.8759,0.39265,2.54938,-11.80775
30.88594,0.971,2.724,-12.5751
30.89597,1.62447,3.13431,-13.03598
30.90601,1.76453,3.2633,-12.84564
30.91605,1.41632,3.21856,-12.03984
30.92608,0.28177,2.92497,-11.02425
30.93612,-1.70931,2.13982,-11.20292
30.94616,-3.7583,1.87705,-12.91702
30.9562,-5.23193,2.68555,-16.17897
30.96624,-5.36346,3.94924,-19.72313
30.97627,-4.75309,5.16579,-21.90335
30.98631,-4.50828,6.01079,-22.8953
30.99635,-4.55811,6.11329,-23.04434
31.00639,-5.38067,5.40072,-22.31291
31.01642,-6.34852,4.41985,-21.83662
31.02646,-6.83889,3.91602,-21.69252
31.0365,-6.77903,3.78957,-22.11614
31.04654,-6.32009,3.93442,-22.59737
31.05657,-5.67351,4.37301,-23.01681
31.06661,-5.08364,4.71762,-23.18769
31.07665,-4.58175,5.02109,-23.10943
31.08669,-3.95417,5.50532,-22.54216
31.09672,-3.45124,5.70074,-21.50098
31.10676,-3.29502,5.51669,-20.53896
31.1168,-3.30954,5.13122,-19.72942
31.12684,-3.51065,4.69099,-18.86915
31.13687,-3.65714,4.40264,-17.93317
31.14691,-3.69575,4.15304,-16.9487
31.15695,-3.862,3.94415,-15.87386
31.16699,-3.87157,4.21275,-15.0308
31.17703,-3.58352,4.41386,-14.3507
31.18706,-3.3667,4.41087,-13.77713
31.1971,-3.32914,4.34892,-13.35471
31.20714,-3.12249,4.09094,-12.92196
31.21718,-2.7472,3.67929,-11.99435
31.22721,-2.30158,3.07909,-10.10428
31.23725,-1.7765,2.38492,-8.27182
31.24729,-1.22478,2.07532,-7.22061
31.25732,-0.80535,2.01951,-6.17659
31.26736,-0.35629,2.28257,-6.5447
31.2774,-0.26022,2.54249,-7.79328
31.28744,-0.41689,2.43251,-9.46817
31.29748,-0.55291,2.16122,-10.78693
31.30751,-0.57431,2.09253,-10.71525
31.31755,-0.3925,2.0448,-9.68574
31.32759,-0.17014,1.94095,-8.24234
31.33763,-0.15188,1.5501,-7.28406
31.34766,-0.331,1.16029,-7.09611
31.3577,-0.57191,1.03025,-6.74836
31.36774,-0.75208,0.85174,-6.50864
31.37778,-0.72874,0.7238,-6.41631
31.38781,-0.58089,0.69851,-6.3792
31.39785,-0.35718,0.72559,-6.46853
31.40789,-0.32202,0.75103,-6.16118
31.41793,-0.44502,0.55531,-5.79726
31.42796,-0.55082,0.24795,-5.2249
31.438,-0.60274,-0.19797,-4.52354
31.44804,-0.56982,-0.43769,-4.06146
31.45808,-0.46492,-0.57835,-3.99068
31.46812,-0.36302,-0.74819,-4.15993
31.47815,-0.19094,-0.63431,-4.47147
31.48819,-0.20845,-0.57027,-4.8095
31.49823,-0.164,-0.6831,-4.93984
31.50827,-0.13767,-0.84051,-4.95869
31.5183,0.00883,-0.87897,-4.90273
31.52834,0.16729,-0.96067,-4.43705
31.53838,0.09457,-1.21162,-4.07314
31.54842,-0.09173,-1.47558,-3.93113
31.55845,-0.22835,-1.52316,-3.95926
31.56849,-0.21069,-1.5884,-4.20512
31.57853,-0.02394,-1.45178,-4.29176
31.58857,0.10026,-1.43413,-4.35146
31.5986,0.11088,-1.38834,-4.40114
31.60864,-0.00165,-1.33686,-4.21574
31.61868,-0.26097,-1.41018,-4.27649
31.62872,-0.43305,-1.55952,-4.61782
31.63875,-0.43066,-1.68028,-4.8915
31.64879,-0.39729,-1.89711,-4.86936
31.65883,-0.31933,-2.06949,-4.50604
31.66887,-0.1248,-2.10525,-3.89462
31.6789,-0.04729,-2.08116,-3.53384
31.68894,-0.10834,-2.1259,-3.72583
31.69898,-0.16026,-2.18815,-4.18162
31.70902,-0.19423,-2.18112,-4.47521
31.71905,-0.27369,-2.07024,-4.60405
31.72909,-0.1875,-1.95711,-4.71119
31.73913,-0.1227,-1.7355,-4.89914
31.74917,-0.05267,-1.45388,-5.04249
31.7592,-0.33534,-1.54546,-5.13197
31.76924,-0.71227,-1.65604,-5.43035
31.77928,-0.96052,-1.6309,-5.56323
31.78932,-1.16044,-1.47722,-5.73471
31.79935,-1.20518,-1.20518,-6.07424
31.80939,-1.05958,-0.77467,-6.39701
31.81943,-0.93942,-0.41345,-6.56146
31.82947,-0.95663,-0.37604,-6.74881
31.83951,-1.16059,-0.69372,-6.97356
31.84954,-1.58047,-0.96397,-7.15343
31.85958,-1.91506,-1.10118,-7.38836
31.86962,-2.09508,-1.15281,-7.52632
31.87966,-2.16795,-1.05315,-7.45599
31.88969,-2.05093,-0.86087,-7.35424
31.89973,-1.79011,-0.47241,-7.08848
31.90977,-1.59035,-0.05881,-6.72875
31.91981,-1.66188,0.07362,-7.06589
31.92984,-2.05213,0.35778,-8.09644
31.93988,-2.62075,0.35988,-9.02794
31.94992,-3.3037,0.04758,-8.99292
31.95996,-3.97033,-0.29718,-7.39
31.96999,-3.97497,-0.4754,-4.59163
31.98003,-3.32764,-1.19396,-2.60983
31.99007,-3.00742,-1.88364,-1.55668
32.00011,-3.29367,-2.05931,-1.57718
32.01014,-3.33213,-1.5899,-2.81244
32.02018,-2.20865,-0.6388,-5.07466
32.03022,-0.58688,1.15116,-7.62254
32.04026,0.40148,3.18354,-10.52521
32.05029,0.9086,5.98012,-12.45748
32.06033,1.879,7.71292,-14.32331
32.07037,1.82333,7.32177,-15.65658
32.08041,1.08233,6.69539,-15.55258
32.09044,0.62968,6.32443,-15.52879
32.10048,0.2704,6.01768,-16.02574
32.11052,0.05881,5.88345,-16.49545
32.12056,-0.11507,5.76269,-17.01395
32.13059,-0.08978,5.60049,-17.90115
32.14063,-0.01556,5.66274,-18.90985
32.15067,-0.16804,5.72469,-19.17531
32.16071,-0.35195,5.60752,-18.77383
32.17075,-0.42108,5.2843,-18.19473
32.18078,-0.49979,5.01032,-17.53154
32.19082,-0.54782,4.75533,-17.18737
32.20086,-0.68998,4.34578,-16.91369
32.2109,-0.87957,3.97213,-16.48617
32.22093,-1.13859,3.66148,-15.84917
32.23097,-1.39522,3.36789,-15.3621
32.24101,-1.59469,3.19012,-15.24164
32.25105,-1.7533,3.17471,-15.3805
32.26108,-1.76378,3.28754,-15.61408
32.27112,-1.59184,3.57589,-15.62935
32.28116,-1.35946,3.78015,-15.49871
32.2912,-1.36395,3.77281,-15.01838
32.30123,-1.53603,3.44002,-14.77896
32.31127,-1.79715,3.03061,-14.84555
32.32131,-2.05632,2.88262,-15.01778
32.33135,-2.22376,2.89923,-15.37706
32.34138,-2.33315,3.05515,-15.86862
32.35142,-2.36368,3.5322,-16.09367
32.36146,-2.50029,3.92903,-16.56698
32.3715,-2.90776,3.97572,-17.15939
32.38153,-3.49179,3.7357,-17.65679
32.39157,-3.9039,3.52591,-17.97626
32.40161,-4.04201,3.48102,-17.61564
32.41165,-3.97033,3.48192,-16.88601
32.42168,-3.91796,3.29906,-16.186
32.43172,-3.90898,2.94083,-15.57862
32.44176,-4.03378,2.46962,-14.89029
32.4518,-3.84793,2.60055,-14.71162
32.46183,-3.94086,2.27973,-13.83564
32.47187,-3.93831,2.12605,-12.98944
32.48191,-4.05757,2.00036,-12.26056
32.49195,-4.19105,1.93826,-12.58826
32.50198,-4.02286,1.72966,-12.78997
32.51202,-4.4375,1.28284,-12.04807
32.52206,-4.31405,1.09625,-11.96876
32.5321,-4.00325,0.91788,-11.47526
32.54213,-4.03917,0.30436,-10.44979
32.55217,-3.55584,0.51296,-10.41792
32.56221,-2.76022,1.10597,-9.39769
32.57225,-2.10989,1.49144,-8.76981
32.58228,-1.49368,1.7943,-8.3426
32.59232,-1.09056,1.51224,-7.59695
32.60236,-0.98806,1.0717,-7.1419
32.6124,-1.06303,0.24286,-7.16734
32.62243,-0.79697,0.22461,-6.96802
32.63247,-0.42422,0.67157,-6.19395
32.64251,-0.00628,0.95499,-5.66558
32.65255,0.13812,1.16822,-5.14454
32.66259,0.15966,1.10792,-4.64086
32.67262,0.17552,0.48767,-4.19419
32.68266,0.2053,-0.13602,-3.70428
32.6927,0.26052,-0.39759,-2.95834
32.70274,0.41315,-0.59182,-2.35904
32.71277,0.43949,-0.80729,-2.17229
32.72281,0.35,-0.88556,-2.40872
32.73285,0.35105,-1.0102,-2.98587
32.74289,0.44906,-1.14712,-3.33707
32.75292,0.46717,-1.21251,-3.7366
32.76296,0.31873,-1.2194,-4.61707
32.773,0.13168,-0.96202,-5.45489
32.78304,-0.26725,-0.8477,-6.15564
32.79307,-0.7015,-1.53857,-6.40733
32.80311,-1.11345,-2.48398,-5.83691
32.81315,-1.23047,-3.09346,-5.0365
32.82319,-1.0753,-3.38405,-4.33216
32.83322,-0.89618,-3.42491,-4.24672
32.84326,-0.7238,-3.37029,-4.34892
32.8533,-0.55231,-2.97225,-4.79409
32.86334,-0.33309,-2.22032,-5.68039
32.87337,-0.14949,-1.49907,-7.22585
32.88341,-0.17223,-0.96337,-8.72387
32.89345,-0.5357,-0.89498,-9.62798
32.90349,-1.07335,-1.14039,-9.89913
32.91352,-1.67834,-1.53094,-9.68335
32.92356,-2.18531,-2.14505,-8.91616
32.9336,-2.46468,-2.65846,-8.1141
32.94364,-2.65442,-2.96163,-7.56852
32.95367,-2.80915,-3.20195,-7.33134
32.96371,-2.88187,-3.25028,-7.58708
32.97375,-2.88382,-3.16139,-7.99618
32.98379,-2.90043,-3.06967,-8.23426
32.99383,-2.86706,-2.8494,-8.56885
33.00386,-2.78057,-2.65831,-8.7933
33.0139,-2.72355,-2.52932,-8.74422
33.02394,-2.65412,-2.55042,-8.47862
33.03398,-2.56135,-2.64679,-8.28005
33.04401,-2.58589,-2.68255,-8.29815
33.05405,-2.60923,-2.68839,-8.37402
33.06409,-2.67971,-2.72311,-8.29411
33.07413,-2.79538,-2.82576,-8.23261
33.08416,-2.92766,-2.88965,-8.23725
33.0942,-3.00338,-2.90072,-8.28424
33.10424,-3.05261,-2.86122,-8.25266
33.11428,-3.13536,-2.82606,-8.37911
33.12431,-3.27093,-2.75558,-8.6917
33.13435,-3.3869,-2.72355,-8.94429
33.14439,-3.48162,-2.77488,-9.03647
33.15443,-3.54746,-2.82037,-8.96823
33.16446,-3.47713,-2.78131,-8.66581
33.1745,-3.45423,-2.8292,-8.35262
33.18454,-3.45498,-2.91748,-8.05694
33.19458,-3.46022,-2.97988,-7.89383
33.20461,-3.51708,-3.11875,-7.83443
33.21465,-3.61749,-3.25507,-7.62284
33.22469,-3.62826,-3.22753,-7.57121
33.23473,-3.61734,-3.17351,-7.73581
33.24476,-3.60507,-3.16409,-8.12383
33.2548,-3.45872,-3.01071,-8.49493
33.26484,-3.27736,-2.765,-8.73105
33.27488,-3.22753,-2.77563,-8.4451
33.28491,-3.35877,-3.0746,-8.12053
33.29495,-3.43927,-3.38076,-7.94381
33.30499,-3.31133,-3.54402,-7.83996
33.31503,-3.06727,-3.53025,-7.76006
33.32506,-2.83833,-3.43598,-7.84535
33.3351,-2.70874,-3.43299,-8.12906
33.34514,-2.79493,-3.48656,-8.66267
33.35518,-2.98228,-3.64023,-9.04051
33.36522,-3.16753,-3.87023,-9.0004
33.37525,-3.31343,-3.98395,-8.85211
33.38529,-3.33587,-4.04665,-8.6691
33.39533,-3.27557,-4.11339,-8.41263
33.40537,-3.15316,-4.09394,-8.34858
33.4154,-2.97884,-3.93637,-8.53174
33.42544,-2.79972,-3.70084,-8.75185
33.43548,-2.6625,-3.42745,-9.08555
33.44552,-2.56344,-3.18384,-9.62738
33.45555,-2.45555,-2.99395,-9.93728
33.46559,-2.49072,-2.90447,-9.82356
33.47563,-2.57601,-2.83084,-9.75113
33.48567,-2.57287,-2.76051,-9.64923
33.4957,-2.61537,-2.74046,-9.56409
33.50574,-2.70575,-2.77982,-9.68484
33.51578,-2.71727,-2.70874,-9.85139
33.52582,-2.6408,-2.59068,-9.89015
33.53585,-2.59621,-2.46199,-9.84256
33.54589,-2.55671,-2.36772,-9.67991
33.55593,-2.50733,-2.30981,-9.36507
33.56597,-2.4976,-2.21853,-9.10036
33.57601,-2.50598,-2.22047,-9.00594
33.58604,-2.51616,-2.2097,-9.03467
33.59608,-2.4554,-2.05348,-9.07028
33.60612,-2.35215,-1.83156,-8.84493
33.61616,-2.16541,-1.59095,-8.4837
33.62619,-2.01367,-1.37023,-8.12383
33.63623,-1.89651,-1.07066,-7.83024
33.64627,-1.82154,-0.72574,-7.61266
33.65631,-1.64347,-0.34237,-7.56747
33.66634,-1.31023,0.08888,-7.57421
33.67638,-0.77827,0.60469,-7.56134
33.68642,-0.1242,1.03579,-7.52393
33.69646,0.22087,1.20309,-7.36651
33.70649,0.10505,1.17495,-6.97416
33.71653,-0.28072,0.87673,-6.67653
33.72657,-0.61366,0.6174,-6.4841
33.73661,-0.73113,0.73921,-6.39476
33.74664,-0.63566,0.92192,-6.66725
33.75668,-0.86491,0.77452,-6.98912
33.76672,-1.47423,-0.15712,-7.13741
33.77676,-2.04599,-1.31741,-7.38237
33.78679,-2.229,-1.64841,-7.61281
33.79683,-1.86718,-1.18707,-7.94995
33.80687,-1.09565,-0.46852,-8.4231
33.81691,-0.7003,-0.08978,-8.59892
33.82694,-1.06063,-0.43859,-8.66641
33.83698,-1.47767,-1.18693,-8.6284
33.84702,-1.3828,-1.82767,-8.63903
33.85706,-1.06572,-2.13428,-8.78403
33.86709,-1.10238,-2.34766,-9.23833
33.87713,-1.2806,-2.65487,-9.91484
33.88717,-1.39058,-2.90896,-10.42884
33.89721,-1.58691,-3.1608,-10.7139
33.90724,-1.60082,-3.57754,-10.59629
33.91728,-1.2387,-4.1092,-9.75443
33.92732,-0.71736,-4.46653,-8.67524
33.93736,-0.49784,-4.49332,-7.66638
33.9474,-0.71886,-4.62186,-7.13023
33.95743,-1.35661,-5.0582,-7.64977
33.96747,-2.03447,-5.69296,-8.68272
33.97751,-2.44238,-6.06556,-9.58893
33.98755,-2.32716,-5.99254,-9.95374
33.99758,-1.85386,-5.67845,-9.70849
34.00762,-1.39058,-5.25378,-9.08166
34.01766,-1.01544,-4.89435,-8.47622
34.0277,-0.67726,-4.60929,-8.01025
34.03773,-0.73457,-4.33395,-7.94082
34.04777,-0.94646,-4.11788,-8.14208
34.05781,-1.12228,-3.94639,-8.51797
34.06785,-1.49084,-3.70278,-9.30776
34.07788,-1.88828,-3.57005,-10.70867
34.08792,-1.96714,-3.56332,-11.81494
34.09796,-1.61444,-3.47444,-11.96667
34.108,-1.05958,-3.06458,-11.18137
34.11803,-0.35419,-2.38926,-9.81862
34.12807,0.26366,-1.78847,-8.48505
34.13811,0.37439,-1.35661,-7.50343
34.14815,0.26606,-1.28299,-7.41409
34.15818,-0.04983,-1.37547,-8.0743
34.16822,-0.5556,-1.33956,-9.07298
34.17826,-0.87239,-1.3436,-10.10922
34.1883,-0.95289,-1.24094,-10.94868
34.19833,-1.05569,-0.91952,-11.36393
34.20837,-0.98117,-0.64284,-11.22327
34.21841,-1.10926,-0.54947,-11.18167
34.22845,-1.07365,-0.71751,-9.73108
34.23848,-0.69821,-0.93015,-8.20089
34.24852,-1.34629,-0.56294,-6.84248
34.25856,-1.83695,-0.75567,-6.74432
34.2686,-2.13712,-1.49099,-7.66474
34.27863,-2.45256,-1.84877,-8.90718
34.28867,-2.59726,-1.57359,-9.90885
34.29871,-2.66804,-1.21685,-10.16638
34.30875,-3.09376,-1.21266,-10.18149
34.31879,-3.76578,-1.72876,-9.94896
34.32882,-4.39531,-2.74974,-9.3953
34.33886,-4.6877,-3.60686,-9.19284
34.3489,-4.6859,-3.62647,-9.78675
34.35894,-4.68635,-3.00921,-11.34148
34.36897,-4.65178,-2.43595,-13.62331
34.37901,-4.66959,-2.07577,-15.19301
34.38905,-4.48614,-1.7762,-15.52071
34.39908,-4.07194,-1.44385,-14.94625
34.40912,-3.73675,-1.2378,-14.01266
34.41916,-3.45812,-1.33148,-13.02251
34.4292,-3.24519,-1.4859,-12.12917
34.43923,-3.08164,-1.63015,-11.66829
34.44927,-2.89115,-1.68253,-11.61741
34.45931,-2.63856,-1.47677,-12.00333
34.46935,-2.53232,-1.22553,-12.34989
34.47939,-2.55357,-1.16822,-12.51748
34.48942,-2.47426,-1.14233,-12.47155
34.49946,-2.3746,-1.08966,-12.22764
34.5095,-2.24456,-1.10328,-11.91175
34.51954,-2.01592,-1.06707,-11.16551
34.52957,-1.79041,-1.14203,-10.37797
34.53961,-1.66307,-1.31561,-9.69038
34.54965,-1.55264,-1.46765,-9.14914
34.55969,-1.35856,-1.44101,-8.97047
34.56972,-1.1552,-1.29826,-9.08824
34.57976,-1.05046,-1.11929,-9.33544
34.5898,-1.07574,-0.96786,-9.76206
34.59984,-1.03459,-0.86236,-10.0751
34.60987,-0.94212,-0.80325,-10.13391
34.61991,-0.93389,-0.87433,-10.05804
34.62995,-1.01484,-0.96471,-10.07465
34.63999,-1.15655,-1.11914,-9.9527
34.65002,-1.1968,-1.25112,-9.7429
34.66006,-1.1558,-1.31711,-9.63397
34.6701,-1.0753,-1.34569,-9.59042
34.68014,-0.93209,-1.27955,-9.61526
34.69017,-0.74355,-1.14877,-9.68799
34.70021,-0.55336,-1.03998,-9.68829
34.71025,-0.45146,-0.9695,-9.69472
34.72029,-0.43604,-0.96322,-9.74275
34.73032,-0.53091,-0.98342,-9.94851
34.74036,-0.71317,-0.97085,-10.47897
34.7504,-0.75986,-1.00527,-10.58581
34.76044,-0.72634,-1.04462,-10.25766
34.77047,-0.74235,-1.1359,-10.00402
34.78051,-0.6593,-1.14727,-9.91604
34.79055,-0.49695,-1.04253,-9.98861
34.80059,-0.37574,-0.84815,-10.00492
34.81062,-0.32696,-0.66948,-9.95704
34.82066,-0.36586,-0.69043,-9.85094
34.8307,-0.4745,-0.79936,-9.82505
34.84074,-0.64015,-0.85877,-9.87429
34.85077,-0.6819,-0.92207,-9.9527
34.86081,-0.6195,-0.94347,-9.73093
34.87085,-0.53944,-0.97279,-9.33484
34.88089,-0.5182,-1.09849,-9.05023
34.89093,-0.47884,-1.20144,-8.90374
34.90096,-0.41749,-1.16867,-8.91361
34.911,-0.30825,-1.11405,-9.10934
34.92104,-0.11537,-1.06482,-9.12804
34.93108,-0.07048,-0.91758,-9.27185
34.94111,-0.12106,-0.91848,-9.49331
34.95115,-0.18046,-0.97354,-9.72944
34.96119,-0.19154,-0.96546,-9.92816
34.97123,-0.18136,-0.92805,-9.88895
34.98126,-0.1634,-0.92491,-9.78585
34.9913,-0.1248,-0.93643,-9.68874
35.00134,-0.17732,-0.92686,-9.7248
35.01138,-0.26396,-0.92671,-9.89224
35.02141,-0.31574,-0.92626,-10.03619
35.03145,-0.39055,-0.90845,-10.16563
35.04149,-0.40387,-0.86281,-10.31676
35.05153,-0.33998,-0.80236,-10.3024
35.06156,-0.39729,-0.73622,-10.35986
35.0716,-0.44966,-0.72095,-10.49783
35.08164,-0.43844,-0.69911,-10.58581
35.09168,-0.39639,-0.63955,-10.63235
35.10171,-0.37813,-0.58793,-10.631
35.11175,-0.32247,-0.62249,-10.56456
35.12179,-0.25872,-0.73098,-10.53284
35.13183,-0.15069,-0.8652,-10.53868
35.14186,0.05956,-0.95783,-10.66048
35.1519,0.32307,-1.0105,-10.7359
35.16194,0.55725,-1.06602,-10.85965
35.17198,0.73801,-1.22149,-11.1296
35.18201,0.92581,-1.48246,-11.43097
35.19205,1.16628,-1.88259,-11.71603
35.20209,1.50505,-2.29649,-12.02503
35.21213,1.92763,-2.57197,-12.42336
35.22216,2.30173,-2.62629,-12.91597
35.2322,2.50897,-2.61507,-13.67373
35.24224,2.39016,-2.66549,-14.48701
35.25228,1.88513,-2.84925,-15.93506
35.26232,1.42201,-2.9709,-17.57194
35.27235,1.32938,-2.76366,-18.45032
35.28239,1.37322,-2.44044,-18.49521
35.29243,1.43832,-2.1901,-17.84249
35.30247,1.73834,-1.87646,-16.9499
35.3125,2.01382,-1.41901,-15.85635
35.32254,1.93302,-0.94721,-15.03035
35.33258,1.35646,-0.63761,-14.99818
35.34262,0.60439,-0.62683,-15.38873
35.35265,-0.22101,-0.74834,-15.20348
35.36269,-0.78799,-0.81642,-14.92919
35.37273,-1.05554,-0.67531,-14.37958
35.38277,-1.22194,-0.55845,-14.01685
35.3928,-1.64542,-0.7452,-14.26899
35.40284,-2.03747,-0.91264,-14.13327
35.41288,-1.89636,-0.52538,-13.27974
35.42292,-1.66607,0.11417,-12.05106
35.43295,-1.0931,0.33683,-11.12166
35.44299,-0.14874,-0.20007,-10.95497
35.45303,-0.14994,-0.94646,-11.3533
35.46307,-0.64973,-1.20234,-11.92941
35.4731,-0.82166,-0.90456,-12.01171
35.48314,-0.88541,-0.52732,-11.23853
35.49318,-0.56518,-0.30556,-10.08737
35.50322,-0.17388,-0.29284,-9.00803
35.51325,-0.24496,-0.23239,-7.6806
35.52329,-0.39834,-0.2071,-6.43142
35.53333,-0.29673,-0.03442,-5.55993
35.54337,-0.19094,0.09442,-5.26246
35.5534,-0.26037,0.05671,-5.16609
35.56344,-0.46612,-0.04025,-4.97545
35.57348,-0.81567,-0.29553,-4.79229
35.58352,-1.07859,-0.61935,-4.52669
35.59355,-1.40629,-0.83797,-4.16561
35.60359,-1.84234,-1.01634,-3.66657
35.61363,-2.05333,-1.25396,-2.98063
35.62367,-2.19189,-1.68582,-2.13668
35.6337,-2.25354,-2.13533,-1.35602
35.64374,-2.34871,-2.3556,-0.58194
35.65378,-2.27913,-2.18231,-0.03935
35.66382,-1.96908,-1.62087,0.331
35.67386,-1.54635,-0.91997,0.11821
35.68389,-0.99255,-0.3295,-0.42347
35.69393,-0.6599,-0.02484,-1.10313
35.70397,-0.53421,-0.02693,-1.92599
35.71401,-0.47241,-0.27982,-2.51391
35.72404,-0.50308,-0.71811,-3.02463
35.73408,-0.54453,-1.01694,-3.26838
35.74412,-0.61726,-1.06737,-3.25432
35.75416,-0.61785,-0.90172,-3.12279
35.76419,-0.50802,-0.71572,-2.94217
35.77423,-0.36542,-0.73457,-2.68315
35.78427,-0.2258,-0.87658,-2.59232
35.79431,0.0009,-1.04238,-2.80196
35.80434,0.28536,-1.17166,-3.22828
35.81438,0.41569,-1.12123,-3.80304
35.82442,0.44712,-0.99509,-4.19599
35.83446,0.2885,-0.88361,-4.1276
35.84449,-0.06794,-0.69522,-3.57095
35.85453,-0.42497,-0.47151,-2.82965
35.86457,-0.62294,-0.22131,-2.31789
35.87461,-0.52972,0.08544,-2.25968
35.88464,-0.21877,0.29374,-2.87918
35.89468,0.02349,0.15458,-4.03333
35.90472,-0.11268,-0.05866,-5.09815
35.91476,-0.66918,-0.14111,-5.82105
35.92479,-1.7744,-0.07437,-6.41092
35.93483,-2.60983,0.25872,-6.65857
35.94487,-2.62973,0.78171,-6.7705
35.95491,-1.76872,1.2191,-6.82841
35.96494,-0.41644,1.23541,-6.7931
35.97498,0.35314,1.44011,-6.36648
35.98502,0.34282,1.87406,-6.3581
35.99506,0.17059,2.23469,-6.85146
36.00509,-0.36916,2.53381,-7.26386
36.01513,-0.9285,2.68674,-7.66593
36.02517,-1.39088,2.24471,-8.53219
36.03521,-1.77051,1.01828,-9.38123
36.04524,-2.01233,-0.09786,-9.87698
36.05528,-2.18591,-0.39908,-10.20678
36.06532,-2.15329,0.03023,-10.56307
36.07536,-1.76498,1.14518,-10.71555
36.0854,-1.04986,2.40408,-10.42465
36.09543,-0.21533,2.94981,-10.27113
36.10547,-0.15652,2.58843,-10.78962
36.11551,-0.8655,1.31472,-12.06902
36.12555,-1.79146,0.06345,-13.39945
36.13558,-2.49521,-0.48064,-14.50976
36.14562,-2.81513,-0.57461,-15.57264
36.15566,-2.80092,-0.11178,-16.40612
36.1657,-2.53321,0.65481,-17.43488
36.17573,-2.2293,1.11136,-18.83623
36.18577,-2.03088,1.26788,-19.70982
36.19581,-1.9203,1.23092,-19.83491
36.20585,-1.86329,1.11106,-19.50212
36.21588,-1.84847,1.10358,-18.83324
36.22592,-1.92389,1.20129,-18.17588
36.23596,-2.08819,1.25007,-17.80089
36.246,-2.32387,1.21835,-17.80568
36.25603,-2.4988,1.19037,-18.084
36.26607,-2.53396,1.07724,-18.15493
36.27611,-2.7861,1.0108,-18.13473
36.28615,-3.0969,0.99838,-17.87376
36.29618,-3.23112,1.0135,-17.50565
36.30622,-3.18803,1.04223,-16.98836
36.31626,-3.03704,1.17226,-16.44338
36.3263,-2.86047,1.31591,-16.03921
36.33633,-2.77952,1.3213,-15.67349
36.34637,-2.80541,1.19665,-15.41387
36.35641,-2.85404,1.12303,-15.10367
36.36645,-2.9519,1.15401,-14.86799
36.37648,-2.95624,1.31831,-14.65805
36.38652,-2.86317,1.70482,-14.70968
36.39656,-2.724,2.08056,-14.988
36.4066,-2.64814,2.28946,-15.17176
36.41663,-2.66415,2.34931,-15.18403
36.42667,-2.869,2.26087,-14.95209
36.43671,-3.08313,2.16541,-14.53655
36.44675,-3.17875,2.13503,-14.21063
36.45678,-3.01849,2.15822,-14.16829
36.46682,-2.73971,2.36068,-14.30446
36.47686,-2.51586,2.58963,-14.70953
36.4869,-2.50134,2.6634,-15.20183
36.49694,-2.63781,2.59831,-15.41417
36.50697,-2.86242,2.3948,-15.09769
36.51701,-3.08912,2.14296,-14.40726
36.52705,-3.21242,1.87436,-13.54879
36.53709,-3.18474,1.6942,-12.77815
36.54712,-3.15376,1.63733,-12.29662
36.55716,-3.14478,1.53169,-11.90711
36.5672,-3.17486,1.29736,-11.52658
36.57724,-3.14927,0.95663,-10.92055
36.58727,-3.09376,0.7214,-10.17895
36.59731,-3.25312,0.54947,-9.60853
36.60735,-3.48865,0.54528,-9.48852
36.61739,-3.47563,0.63027,-9.45755
36.62742,-3.11306,0.79248,-9.51097
36.63746,-2.74121,1.03968,-10.52521
36.6475,-2.51137,1.46794,-11.61936
36.65754,-2.23409,1.93736,-12.43698
36.66757,-1.85521,2.36038,-12.5938
36.67761,-1.44041,2.50074,-11.61532
36.68765,-1.00931,2.36218,-10.22025
36.69769,-0.72634,2.17214,-9.01956
36.70772,-0.44831,1.89202,-8.07684
36.71776,-0.25109,1.50685,-7.23079
36.7278,-0.20755,1.07185,-6.53273
36.73784,-0.22535,0.67247,-5.99822
36.74787,-0.19184,0.41899,-5.70224
36.75791,-0.0395,0.2276,-5.44112
36.76795,0.18929,0.09322,-5.31842
36.77799,0.39564,-0.01242,-5.48856
36.78802,0.59945,-0.05851,-5.53031
36.79806,0.80041,-0.09068,-5.25033
36.8081,0.94287,-0.12121,-4.58939
36.81814,1.09415,-0.24346,-3.7384
36.82817,1.26339,-0.40282,-2.8714
36.83821,1.41557,-0.70539,-2.1476
36.84825,1.42949,-1.04657,-1.69854
36.85829,1.27222,-1.27042,-1.65843
36.86832,0.98581,-1.37936,-1.87077
36.87836,0.66903,-1.43921,-2.19444
36.8884,0.46552,-1.59798,-2.54115
36.89844,0.38891,-1.76647,-2.96492
36.90847,0.23762,-1.79805,-3.39064
36.91851,0.01182,-1.78787,-3.75306
36.92855,-0.23493,-1.64093,-4.09768
36.93859,-0.42781,-1.47932,-4.22951
36.94863,-0.50757,-1.41378,-4.44169
36.95866,-0.53271,-1.46645,-4.70101
36.9687,-0.49784,-1.6089,-4.79783
36.97874,-0.55396,-1.55653,-4.73738
36.98878,-0.68654,-1.5275,-4.65971
36.99881,-0.67098,-1.56042,-4.78017
37.00885,-0.51086,-1.58167,-5.05431
37.01889,-0.31409,-1.45642,-5.41449
37.02893,-0.19543,-1.29706,-5.75297
37.03896,-0.17687,-1.21206,-5.80025
37.049,-0.37574,-1.1567,-5.46895
37.05904,-0.37574,-1.1567,-5.46896
37.06908,-0.54259,-1.1564,-5.2632
37.07911,-0.78171,-1.14233,-5.29014
37.08915,-1.12752,-1.12767,-5.49185
37.09919,-1.46405,-1.24558,-5.55694
37.10923,-1.70527,-1.36395,-5.52447
37.11926,-1.76677,-1.33581,-5.39518
37.1293,-1.54052,-1.23271,-5.30211
37.13934,-1.22493,-1.11121,-5.52806
37.14938,-0.91623,-0.94855,-5.76434
37.15941,-0.66723,-0.8245,-6.02261
37.16945,-0.70764,-0.73577,-6.23136
37.17949,-0.91907,-0.72978,-6.11988
37.18953,-1.16927,-0.79532,-5.95558
37.19956,-1.48994,-1.10837,-5.8652
37.2096,-2.10226,-1.67819,-6.26877
37.21964,-2.84656,-2.19458,-7.23543
37.22968,-3.20973,-2.38657,-8.22693
37.23971,-3.24788,-2.17783,-8.85436
37.24975,-3.00891,-1.93841,-9.65237
37.25979,-2.74121,-1.7346,-10.30644
37.26983,-2.25025,-1.32908,-10.42405
37.27986,-1.6734,-0.71512,-10.02273
37.2899,-1.30065,-0.20261,-9.54927
37.29994,-1.11794,-0.06509,-9.35474
37.30998,-1.0548,-0.22042,-9.29848
37.32001,-1.21581,-0.05761,-9.21857
37.33005,-1.43487,0.17134,-9.65402
37.34009,-1.53498,-0.22161,-10.68831
37.35013,-1.84593,-0.21144,-11.64794
37.36017,-2.35694,0.2288,-12.39269
37.3702,-2.09717,0.37365,-13.0291
37.38024,-1.6716,0.68714,-13.26478
37.39028,-1.44864,0.77078,-13.14102
37.40032,-1.39178,0.58134,-12.61161
37.41035,-1.41108,0.32067,-12.1169
37.42039,-1.36215,0.1245,-11.74984
37.43043,-1.20144,0.17971,-11.48947
37.44047,-0.94107,0.6819,-11.37889
37.4505,-0.77767,1.36065,-11.45491
37.46054,-0.91414,1.71829,-12.00542
37.47058,-1.23212,1.69809,-12.89562
37.48062,-1.88244,1.58376,-14.15602
37.49065,-2.56434,1.48261,-15.6277
37.50069,-3.0981,1.57344,-16.49141
37.51073,-3.35218,1.97342,-16.91623
37.52077,-3.39662,2.34781,-17.28494
37.5308,-3.42715,2.59591,-17.41632
37.54084,-3.58457,2.66654,-17.4856
37.55088,-3.88384,2.42084,-17.53902
37.56092,-4.10231,2.09148,-17.22568
37.57095,-4.1921,1.81076,-16.60708
37.58099,-4.19883,1.56805,-15.9813
37.59103,-4.14451,1.29975,-15.50605
37.60107,-4.05922,1.02771,-15.03903
37.6111,-4.03423,0.886,-14.48253
37.62114,-4.14077,0.77812,-14.1198
37.63118,-4.19015,0.58628,-13.82083
37.64122,-4.04904,0.50248,-13.44883
37.65125,-3.8828,0.65721,-13.10915
37.66129,-3.7586,0.86206,-12.84953
37.67133,-3.717,0.90321,-12.70633
37.68137,-3.70069,0.88301,-12.68283
37.6914,-3.66313,0.87673,-12.78085
37.70144,-3.55285,0.98895,-12.98016
37.71148,-3.40605,1.1766,-12.95817
37.72152,-3.32734,1.32444,-12.95203
37.73155,-3.55584,1.34599,-13.05034
37.74159,-4.0257,1.24065,-13.1702
37.75163,-4.49781,0.94451,-13.51302
37.76167,-4.83285,0.62414,-13.73613
37.7717,-4.99535,0.44457,-13.95745
37.78174,-4.96602,0.42946,-14.1421
37.79178,-4.78152,0.62115,-14.0601
37.80182,-4.50903,0.87403,-13.83115
37.81186,-4.20856,1.04193,-13.50509
37.82189,-3.96136,1.03519,-13.01982
37.83193,-3.71026,1.01993,-12.50731
37.84197,-3.43164,0.98058,-12.03864
37.85201,-3.31687,1.01933,-11.71258
37.86204,-3.33931,1.01903,-11.48454
37.87208,-3.37358,0.77737,-11.09099
37.88212,-3.30759,0.37185,-10.65779
37.89216,-3.2636,0.04684,-10.08109
37.90219,-3.22948,-0.22954,-9.50034
37.91223,-3.01445,-0.35943,-9.17997
37.92227,-2.7243,-0.22625,-8.98963
37.93231,-2.29724,0.0419,-8.97841
37.94234,-1.8802,0.26231,-8.87186
37.95238,-1.45358,0.27653,-8.86498
37.96242,-1.17645,0.3096,-8.75604
37.97246,-0.94062,0.52089,-8.63544
37.98249,-0.61232,0.70629,-8.52919
37.99253,-0.37694,0.71587,-8.29052
38.00257,-0.25334,0.56234,-7.86136
38.01261,-0.23448,0.33534,-7.36187
38.02264,-0.32097,0.10744,-6.70481
38.03268,-0.38262,-0.12614,-6.00915
38.04272,-0.50278,-0.48019,-5.47075
38.05276,-0.67741,-0.89334,-5.18195
38.06279,-0.77183,-1.11839,-4.96438
38.07283,-0.77991,-1.16283,-5.00448
38.08287,-0.84545,-1.16238,-5.27323
38.09291,-0.91683,-1.07185,-5.58358
38.10294,-0.98566,-0.9927,-5.719
38.11298,-1.00108,-1.00452,-5.72768
38.12302,-0.96367,-1.07844,-5.6551
38.13306,-1.02337,-1.17241,-5.60752
38.14309,-1.23646,-1.28883,-5.71406
38.15313,-1.47558,-1.34809,-5.85652
38.16317,-1.67025,-1.41916,-6.04401
38.17321,-1.72383,-1.49353,-6.1118
38.18324,-1.65335,-1.55429,-6.16043
38.19328,-1.57688,-1.52286,-6.28628
38.20332,-1.39612,-1.3837,-6.20951
38.21336,-1.17645,-1.23526,-6.13275
38.22339,-1.09834,-1.16448,-6.21774
38.23343,-1.11824,-1.15041,-6.53228
38.24347,-1.17885,-1.26623,-6.90009
38.25351,-1.36095,-1.43592,-7.30172
38.26355,-1.5682,-1.55039,-7.50702
38.27358,-1.78099,-1.65095,-7.44642
38.28362,-1.96055,-1.81929,-7.28855
38.29366,-2.09837,-1.99512,-7.14505
38.3037,-2.22646,-2.0864,-7.07995
38.31373,-2.38492,-2.16181,-7.13921
38.32377,-2.65562,-2.28601,-7.33927
38.33381,-2.93769,-2.38747,-7.69392
38.34385,-3.10767,-2.42652,-8.25371
38.35388,-3.15975,-2.43565,-8.6926
38.36392,-3.19401,-2.38403,-8.7324
38.37396,-3.18504,-2.36757,-8.60596
38.384,-2.96806,-2.41036,-8.54191
38.39403,-2.68809,-2.31714,-8.48999
38.40407,-2.46139,-1.98868,-8.4421
38.41411,-2.17812,-1.60262,-8.38404
38.42415,-1.80478,-1.31232,-8.36743
38.43418,-1.58526,-0.95454,-8.22663
38.44422,-1.6092,-0.56922,-8.0517
38.45426,-1.55997,-0.32277,-7.99095
38.4643,-1.30619,-0.14036,-8.10347
38.47433,-0.99838,0.05192,-8.39407
38.48437,-0.55845,0.13782,-8.63843
38.49441,0.02903,0.16131,-8.49134
38.50445,0.72185,0.21174,-7.94561
38.51448,1.47034,0.18046,-7.20415
38.52452,1.99048,-0.00658,-6.39177
38.53456,2.15643,-0.46014,-5.98057
38.5446,1.90504,-0.83872,-5.81088
38.55463,1.10852,-1.14323,-5.92385
38.56467,0.02933,-1.63793,-6.32039
38.57471,-0.79487,-2.26761,-6.69718
38.58475,-1.19456,-2.74046,-7.20101
38.59478,-0.89154,-3.02822,-7.4316
38.60482,-0.15562,-3.16648,-7.34362
38.61486,0.09547,-3.13147,-7.25234
38.6249,-0.09412,-3.13341,-7.34451
38.63493,-0.06165,-3.19431,-7.43923
38.64497,0.12914,-3.12503,-7.75587
38.65501,0.23912,-2.93963,-8.42564
38.66505,-0.03427,-2.98303,-9.04948
38.67508,-0.59017,-3.45184,-9.54389
38.68512,-1.13201,-4.06805,-9.89658
38.69516,-1.56401,-4.52429,-9.85244
38.7052,-1.98719,-4.94612,-9.59372
38.71524,-2.24576,-5.39593,-9.30387
38.72527,-2.16451,-5.54677,-8.919
38.73531,-2.02325,-5.15097,-9.2696
38.74535,-2.34332,-4.96288,-10.26529
38.75539,-2.83698,-5.0573,-11.37665
38.76542,-3.24744,-5.26455,-12.19427
38.77546,-3.45543,-5.41763,-12.43997
38.7855,-3.45857,-5.47389,-12.12424
38.79554,-3.2612,-5.48856,-11.31006
38.80557,-2.92152,-5.35568,-10.51593
38.81561,-2.58514,-5.03994,-10.0558
38.82565,-2.26895,-4.69697,-9.64998
38.83569,-2.03552,-4.36717,-9.45201
38.84572,-1.8576,-3.99921,-9.28845
38.85576,-1.72083,-3.38869,-9.43749
38.8658,-1.55099,-2.79074,-9.75877
38.87584,-1.18139,-2.33285,-10.23357
38.88587,-0.81029,-2.00664,-10.63908
38.89591,-0.60693,-1.77949,-10.56995
38.90595,-0.61262,-1.68941,-10.1161
38.91599,-0.80161,-1.89366,-9.5807
38.92602,-1.13216,-2.34422,-9.01776
38.93606,-1.45807,-2.73912,-8.39751
38.9461,-1.72846,-2.81423,-8.11754
38.95614,-1.90309,-2.66909,-8.12787
38.96617,-1.84398,-2.37355,-8.18622
38.97621,-1.51478,-2.11258,-8.20598
38.98625,-1.14548,-1.97641,-8.26658
38.99629,-1.03804,-1.82947,-8.26434
39.00632,-1.06332,-1.73969,-8.16034
39.01636,-1.12123,-1.73684,-7.90655
39.0264,-1.26608,-1.67699,-7.58902
39.03644,-1.35437,-1.69255,-7.28675
39.04647,-1.25696,-1.84728,-6.97551
39.05651,-1.06766,-1.86837,-6.71319
39.06655,-0.993,-1.63464,-6.78696
39.07659,-0.85174,-1.37457,-6.72965
39.08662,-0.73577,-1.28389,-6.45462
39.09666,-1.08323,-1.27192,-6.47961
39.1067,-1.84967,-1.38235,-6.37277
39.11674,-2.51765,-1.56237,-6.52465
39.12677,-2.87858,-1.78533,-7.21912
39.13681,-3.21796,-1.80867,-8.12577
39.14685,-3.58801,-1.67145,-8.4665
39.15689,-3.84015,-1.48396,-8.28902
39.16692,-3.80289,-1.67415,-8.54326
39.17696,-3.94415,-1.46675,-8.38494
39.187,-4.31375,-1.17735,-8.99068
39.19704,-4.72645,-1.08412,-10.46685
39.20708,-5.48946,-1.14114,-11.79608
39.21711,-6.22866,-1.44774,-12.77755
39.22715,-6.2758,-1.80538,-13.14611
39.23719,-5.97712,-1.85236,-13.23994
39.24723,-5.85322,-1.66666,-13.57213
39.25726,-5.69625,-1.43532,-13.38329
39.2673,-5.32575,-1.5064,-13.30039
39.27734,-4.80082,-1.68537,-13.48265
39.28738,-4.28846,-1.50027,-13.79015
39.29741,-3.89327,-1.12228,-14.48447
39.30745,-3.80573,-0.78365,-15.30299
39.31749,-3.80214,-0.54558,-15.75534
39.32753,-3.67779,-0.42736,-15.66107
39.33756,-3.46441,-0.35973,-14.63935
39.3476,-3.00637,-0.57835,-13.44569
39.35764,-2.57257,-0.91518,-12.53125
39.36768,-2.33779,-1.00631,-11.8911
39.37771,-2.24262,-0.94287,-11.54185
39.38775,-2.14176,-0.96322,-11.45611
39.39779,-2.08715,-0.9303,-11.41151
39.40783,-2.13323,-0.96965,-11.27699
39.41786,-2.11213,-1.03609,-11.0036
39.4279,-2.06395,-1.04522,-10.38635
39.43794,-1.9188,-1.08143,-9.73288
39.44798,-1.74762,-1.07305,-9.29609
39.45801,-1.51358,-0.90845,-9.02913
39.46805,-1.27072,-0.68055,-8.83401
39.47809,-1.07694,-0.54693,-8.75036
39.48813,-1.28299,-0.57566,-8.72552
39.49816,-1.58017,-0.75747,-8.93725
39.5082,-1.71619,-0.9101,-9.18939
39.51824,-1.58137,-0.83318,-9.27469
39.52828,-1.19979,-0.58628,-9.18416
39.53831,-0.84216,-0.33773,-9.12864
39.54835,-0.73502,-0.17672,-9.14166
39.55839,-0.75627,-0.22625,-9.19777
39.56843,-0.85518,-0.38232,-9.24416
39.57846,-1.03878,-0.58703,-9.24671
39.5885,-1.1552,-0.78201,-9.24476
39.59854,-1.18438,-0.84845,-9.30267
39.60858,-1.1754,-0.82151,-9.38512
39.61861,-1.21087,-0.84201,-9.46622
39.62865,-1.24229,-0.87074,-9.65192
39.63869,-1.33073,-0.88301,-9.80336
39.64873,-1.44849,-0.88316,-9.93893
39.65876,-1.50251,-0.87942,-10.03904
39.6688,-1.5293,-0.87568,-9.98532
39.67884,-1.51478,-0.83243,-9.9304
39.68888,-1.53229,-0.80325,-9.85663
39.69892,-1.57898,-0.79667,-9.93669
39.70895,-1.67669,-0.84156,-10.17835
39.71899,-1.82678,-0.8468,-10.31602
39.72903,-1.8377,-0.8064,-10.33472
39.73907,-1.76707,-0.75372,-10.25781
39.7491,-1.60397,-0.65347,-10.02482
39.75914,-1.43158,-0.60439,-9.67138
39.76918,-1.33911,-0.62683,-9.36806
39.77922,-1.36799,-0.69342,-9.2295
39.78925,-1.45837,-0.81358,-9.21334
39.79929,-1.49234,-0.91982,-9.19762
39.80933,-1.49847,-0.96382,-9.15677
39.81937,-1.43083,-0.98521,-9.19284
39.8294,-1.30559,-0.93538,-9.16815
39.83944,-1.21177,-0.86057,-9.00384
39.84948,-1.10253,-0.85787,-8.94399
39.85952,-1.08622,-0.87463,-8.91855
39.86955,-1.16044,-0.93838,-8.89865
39.87959,-1.21715,-1.08128,-8.96195
39.88963,-1.2595,-1.1136,-9.02045
39.89967,-1.20533,-1.03789,-9.16456
39.9097,-1.13261,-0.93329,-9.36432
39.91974,-1.08233,-0.83094,-9.48403
39.92978,-1.02562,-0.75657,-9.68799
39.93982,-1.03654,-0.7425,-9.931
39.94985,-1.05524,-0.76091,-10.0745
39.95989,-1.03474,-0.74714,-10.14348
39.96993,-0.97953,-0.73502,-10.19286
39.97997,-0.85278,-0.74834,-10.29985
39.99,-0.67068,-0.73996,-10.39562
40.00004,-0.44906,-0.74624,-10.44485
40.01008,-0.19872,-0.77258,-10.49124
40.02012,-0.0844,-0.87807,-10.64701
40.03015,0.05986,-0.99045,-11.18362
40.04019,0.19333,-1.01724,-11.93704
40.05023,0.32426,-1.00063,-12.75107
40.06027,0.44667,-1.09894,-13.54834
40.0703,0.59496,-1.18154,-14.17038
40.08034,0.55575,-1.25007,-14.81128
40.09038,0.47944,-1.65873,-15.52715
40.10042,0.42452,-2.11303,-15.79545
40.11045,0.35659,-2.28332,-16.23299
40.12049,0.54438,-2.23184,-16.74684
40.13053,0.99539,-1.87122,-16.63476
40.14057,1.4235,-1.08951,-15.97726
40.1506,1.84099,-0.38517,-15.78722
40.16064,2.34781,0.03172,-15.67319
40.17068,2.63078,0.25753,-15.47043
40.18072,2.58304,0.10684,-15.09858
40.19076,2.09418,-0.38936,-14.51874
40.20079,1.53588,-0.8263,-13.70366
40.21083,1.08876,-0.95005,-13.08955
40.22087,0.72874,-0.62309,-12.90594
40.23091,0.61187,-0.08559,-12.92495
40.24094,0.68833,0.36856,-12.8193
40.25098,0.62953,0.52568,-12.54666
40.26102,0.50592,0.30451,-12.15791
40.27106,0.31873,-0.17717,-11.48439
40.28109,-0.19558,-0.86027,-10.56232
40.29113,-0.87822,-1.4021,-9.38213
40.30117,-1.27895,-1.43592,-8.35038
40.31121,-1.34629,-1.13395,-8.09674
40.32124,-1.2167,-0.79098,-8.72686
40.33128,-0.82615,-0.5586,-9.86246
40.34132,-0.27399,-0.22685,-10.87581
40.35136,0.1658,-0.11836,-11.56519
40.36139,-0.03142,-0.42168,-11.52419
40.37143,-0.52568,-0.90635,-10.70926
40.38147,-0.7826,-1.3204,-9.22905
40.39151,-0.86625,-1.83695,-7.70185
40.40154,-1.05031,-2.39106,-6.87615
40.41158,-0.90037,-2.42667,-6.9571
40.42162,-0.48692,-1.88379,-7.37519
40.43166,0.18256,-1.24977,-8.02447
40.44169,0.96157,-0.56593,-9.81219
40.45173,1.35991,0.49141,-11.5414
40.46177,1.67175,1.23945,-11.48753
40.47181,1.57494,1.18558,-10.16099
40.48184,1.00377,0.50473,-8.06472
40.49188,0.31588,-0.27174,-5.91682
40.50192,-0.27054,-0.81328,-3.95028
40.51196,-0.48064,-0.91204,-2.52813
40.522,-0.34836,-0.9068,-2.04779
40.53203,-0.01766,-1.04537,-2.24606
40.54207,0.63776,-1.16957,-2.90866
40.55211,0.8052,-1.33327,-3.23038
40.56215,0.24436,-1.50012,-3.49913
40.57218,-0.27623,-1.83575,-3.78778
40.58222,-0.66499,-2.34467,-3.89282
40.59226,-1.22239,-2.87918,-3.95402
40.60229,-1.7355,-2.99245,-3.68049
40.61233,-1.69629,-2.96746,-3.26195
40.62237,-1.44311,-3.00996,-2.9926
40.63241,-1.15371,-3.00203,-3.10887
40.64245,-0.93194,-2.88995,-3.2624
40.65248,-0.83797,-2.84027,-3.5093
40.66252,-0.68758,-2.89803,-4.01852
40.67256,-0.57281,-2.78565,-4.58535
40.6826,-0.55351,-2.45002,-5.01525
40.69263,-0.50413,-2.06664,-5.0995
40.70267,-0.35988,-1.82693,-5.22924
40.71271,-0.21682,-1.74762,-5.20215
40.72275,-0.35165,-2.20895,-4.76581
40.73278,-0.75372,-3.0559,-4.16157
40.74282,-0.9719,-3.56556,-3.9229
40.75286,-0.74609,-3.4276,-4.20856
40.7629,-0.17044,-2.73343,-4.99834
40.77293,0.58478,-1.78173,-6.07723
40.78297,1.33911,-0.96352,-6.68775
40.79301,1.59424,-0.34955,-6.69987
40.80305,0.69282,-0.13004,-6.38818
40.81308,-0.39609,-0.07542,-5.24614
40.82312,-1.06572,0.07961,-4.48269
40.83316,-1.31008,0.49769,-4.50888
40.8432,-0.70823,0.83019,-5.02184
40.85323,0.31559,0.72634,-5.40551
40.86327,0.7208,0.77886,-4.34069
40.87331,0.31274,0.93898,-2.27689
40.88335,-0.58763,0.89618,-0.80131
40.89338,-1.30409,0.93972,-0.42183
40.90342,-1.49802,0.92551,-1.37068
40.91346,-0.99524,0.12914,-3.39752
40.9235,-0.06883,-0.87837,-5.05281
40.93353,0.51146,-1.37876,-5.4697
40.94357,0.26875,-1.2589,-4.48628
40.95361,-0.32142,-0.59167,-3.50212
40.96365,-0.72754,0.43185,-3.62273
40.97368,-0.54363,1.86643,-5.26275
40.98372,0.77512,3.19566,-8.12398
40.99376,2.63557,3.33916,-11.07543
41.0038,3.01415,2.42652,-12.51868
41.01383,1.74612,1.23346,-11.89215
41.02387,0.25094,0.27309,-10.63893
41.03391,-0.60903,0.25438,-9.69607
41.04395,-0.77617,1.49967,-9.5385
41.05399,-0.27204,3.27153,-10.7989
41.06402,1.19366,4.51472,-13.76501
41.07406,2.55162,4.49407,-16.99704
41.0841,2.4566,3.42101,-18.48129
41.09414,1.58481,1.79041,-18.70515
41.10417,0.21234,0.17059,-18.48413
41.11421,-0.94242,-1.0135,-18.54324
41.12425,-1.6529,-1.85087,-19.57395
41.13428,-1.82722,-2.47216,-20.9331
41.14432,-1.46001,-2.64125,-22.04297
41.15436,-1.00467,-2.34901,-22.49622
41.1644,-0.30182,-2.02475,-22.6086
41.17443,0.57251,-1.59469,-22.39791
41.18447,1.42111,-0.80685,-22.09399
41.19451,2.19354,-0.0413,-21.5939
41.20455,2.46992,0.27877,-20.87968
41.21459,2.24995,0.04788,-20.02301
41.22462,1.76812,-0.51266,-18.90357
41.23466,1.15206,-1.05539,-17.6915
41.2447,0.58239,-1.41677,-16.47734
41.25474,0.26501,-1.36619,-15.62306
41.26477,0.17912,-0.96905,-15.12597
41.27481,0.19019,-0.48902,-14.79063
41.28485,0.22565,-0.06794,-14.44796
41.29489,0.17343,0.25379,-14.13986
41.30492,0.05941,0.4531,-13.99306
41.31496,-0.34117,0.54588,-13.87589
41.325,-0.96367,0.50952,-13.97466
41.33504,-1.49338,0.58119,-14.50886
41.34507,-1.80598,0.67307,-14.85782
41.35511,-2.00245,0.60977,-14.67137
41.36515,-2.06006,0.517,-14.20465
41.37519,-1.91521,0.68833,-13.894
41.38522,-1.58257,1.23391,-14.25433
41.39526,-1.53842,1.89845,-15.05998
41.4053,-1.92853,2.30232,-15.69998
41.41534,-2.35739,2.45675,-16.1248
41.42537,-2.59771,2.52873,-16.30556
41.43541,-2.73732,2.51286,-16.23029
41.44545,-2.92182,2.22451,-15.74876
41.45549,-3.137,1.88199,-14.76429
41.46552,-3.23068,1.74956,-13.77788
41.47556,-2.95729,1.76662,-12.6782
41.4856,-2.32462,1.76004,-11.80955
41.49564,-1.53169,1.67834,-11.43261
41.50567,-1.05105,1.40944,-11.07109
41.51571,-0.75657,1.06557,-10.73934
41.52575,-0.53226,0.90441,-10.37153
41.53579,-0.50368,0.89259,-10.10682
41.54583,-0.3313,0.86206,-9.86441
41.55586,0.04579,0.50159,-9.71447
41.5659,0.58044,0.08125,-9.21483
41.57594,0.77452,-0.59481,-8.54057
41.58598,1.02113,-0.90965,-8.60341
41.59601,1.73654,-0.57551,-9.2271
41.60605,2.32597,-0.18286,-10.67111
41.61609,1.9182,-0.09517,-12.22749
41.62612,1.11615,-0.34761,-13.46394
41.63616,0.51745,-1.01155,-12.66203
41.6462,0.19707,-1.3023,-9.65686
41.65624,0.4531,-0.99704,-6.25665
41.66628,1.16538,-0.62713,-3.76398
41.67631,1.56835,-0.47375,-2.75962
41.68635,1.66816,-0.33624,-3.14314
41.69639,1.91401,-0.29479,-3.7384
41.70643,1.78009,-0.42512,-3.87861
41.71646,1.46196,-0.59391,-3.68393
41.7265,1.15999,-0.5761,-2.99036
41.73654,0.84336,-0.54408,-2.22182
41.74658,0.74056,-0.76794,-1.84638
41.75661,0.57326,-0.98866,-1.93691
41.76665,0.50278,-1.02517,-1.95487
41.77669,0.52268,-0.89319,-2.19339
41.78673,0.68354,-0.56473,-2.68854
41.79676,1.01993,-0.26501,-3.26764
41.8068,1.19126,-0.00389,-3.47833
41.81684,1.28015,0.06554,-3.2823
41.82688,1.26997,-0.04025,-2.79059
41.83691,1.05659,-0.16655,-2.42592
41.84695,0.90157,-0.29164,-2.41171
41.85699,0.84874,-0.52912,-2.57033
41.86703,0.83363,-0.81148,-2.7261
41.87706,0.69701,-1.22897,-2.81483
41.8871,0.60454,-1.60307,-2.96686
41.89714,0.54737,-2.0014,-3.0336
41.90718,0.2683,-2.44538,-2.99515
41.91721,-0.00419,-2.73912,-2.94083
41.92725,-0.13991,-2.83608,-2.72984
41.93729,-0.08335,-2.97076,-2.67148
41.94733,-0.01975,-2.99709,-2.78087
41.95736,0.14051,-2.88426,-2.99365
41.9674,0.22131,-2.81064,-3.23696
41.97744,0.07527,-2.57362,-3.35832
41.98748,-0.01347,-2.25175,-3.55883
41.99751,0.03576,-1.95786,-3.84224
42.00755,0.14709,-1.63958,-4.05174
42.01759,0.18286,-1.35377,-4.11593
42.02763,0.1872,-1.07589,-4.07463
42.03766,0.34237,-0.94586,-4.01687
42.0477,0.50159,-0.98297,-4.14855
42.05774,0.46103,-0.94122,-4.55302
42.06778,0.22655,-0.70524,-5.04069
42.07782,0.05222,-0.50488,-5.51489
42.08785,-0.05671,-0.48123,-5.68413
42.09789,-0.31768,-0.24002,-5.76359
42.10793,-0.39474,-0.02364,-6.24258
42.11797,-0.52313,0.13542,-6.72412
42.128,-0.83288,0.23254,-7.14954
42.13804,-0.97384,0.30002,-7.51779
42.14808,-0.65377,0.78246,-7.6405
42.15812,0.1025,1.56581,-8.12921
42.16815,1.02846,2.2504,-9.34217
42.17819,1.60845,2.57826,-10.51069
42.18823,1.58586,2.4349,-11.6228
42.19827,0.96786,1.93272,-12.66473
42.2083,0.25304,1.21715,-12.91328
42.21834,-0.12585,0.7865,-12.93078
42.22838,0.0018,0.70958,-13.35306
42.23842,0.39789,0.81268,-13.73972
42.24845,0.87284,0.91848,-13.76292
42.25849,1.08487,1.16717,-13.76771
42.26853,1.1341,1.20997,-14.16036
42.27857,1.15535,1.13111,-14.75681
42.2886,1.22658,1.5682,-15.54405
42.29864,1.44131,1.96983,-16.52762
42.30868,1.71066,2.23364,-16.98387
42.31872,1.82393,2.32282,-16.75163
42.32875,1.65379,1.87152,-16.21772
42.33879,1.21117,1.38145,-15.82627
42.34883,0.87149,0.94257,-15.70851
42.35887,0.70479,0.71452,-15.74382
42.3689,0.71018,0.81119,-15.76567
42.37894,0.93972,1.30289,-15.68516
42.38898,1.20698,1.8187,-15.37332
42.39902,1.18333,2.21538,-15.30419
42.40905,0.8685,2.26387,-15.76253
42.41909,0.577,2.04001,-16.41914
42.42913,0.48094,1.95606,-16.9068
42.43917,0.54348,2.17034,-16.78201
42.4492,0.73367,2.44164,-16.24182
42.45924,0.93494,2.65367,-15.52146
42.46928,1.19186,3.05276,-15.29581
42.47932,1.32983,3.52112,-15.5677
42.48935,1.28524,3.72194,-16.0202
42.49939,1.06557,3.70503,-16.43874
42.50943,0.82346,3.62018,-16.54842
42.51947,0.67157,3.5904,-16.42198
42.5295,0.60693,3.6344,-16.03457
42.53954,0.47615,3.53519,-15.6066
42.54958,0.15892,3.43299,-15.26019
42.55962,-0.13827,3.28963,-15.16368
42.56965,-0.32127,3.21541,-15.53942
42.57969,-0.36736,3.33797,-15.86383
42.58973,-0.12136,3.56646,-16.0217
42.59977,0.1667,3.80648,-15.96304
42.6098,0.25693,3.7176,-15.5463
42.61984,0.13901,3.34665,-14.9687
42.62988,0.02185,3.04513,-14.31314
42.63992,-0.02304,2.76351,-13.75828
42.64995,-0.0826,2.46872,-13.26896
42.65999,-0.18809,2.1473,-12.92899
42.67003,-0.38906,1.83935,-12.8202
42.68007,-0.55052,1.64347,-12.68268
42.6901,-0.65107,1.53917,-12.58033
42.70014,-0.62204,1.50206,-12.52347
42.71018,-0.59631,1.69569,-12.20579
42.72022,-0.73248,1.79834,-11.76002
42.73025,-0.86431,1.60052,-11.48169
42.74029,-1.16224,1.29706,-11.13274
42.75033,-1.47243,0.84261,-10.73829
42.76037,-1.62791,0.25498,-10.32709
42.7704,-1.63479,-0.33788,-9.69756
42.78044,-1.70811,-0.88166,-8.55673
42.79048,-1.90713,-1.55174,-7.29453
42.80052,-2.0228,-1.82962,-6.3602
42.81055,-1.82902,-1.55758,-6.52555
42.82059,-1.80134,-1.35557,-7.18246
42.83063,-2.17753,-1.40106,-7.71561
42.84067,-2.5998,-1.60995,-8.14777
42.8507,-2.83444,-1.9188,-8.12338
42.86074,-3.06937,-2.2296,-7.85193
42.87078,-3.32255,-2.38253,-7.46871
42.88082,-3.42371,-2.58035,-7.23154
42.89086,-3.35622,-2.72325,-6.84816
42.90089,-3.06054,-2.63946,-6.42649
42.91093,-2.50838,-2.42188,-6.13649
42.92097,-1.84832,-2.0213,-5.68129
42.93101,-1.48665,-1.67011,-5.54527
42.94104,-1.54202,-1.58915,-5.9234
42.95108,-1.81211,-1.74283,-6.34987
42.96112,-2.01083,-1.98689,-6.54889
42.97116,-2.00814,-2.00215,-6.46449
42.98119,-1.83007,-1.85446,-6.28283
42.99123,-1.59544,-1.68761,-5.7407
43.00127,-1.43697,-1.57359,-5.29014
43.01131,-1.26578,-1.58765,-4.95405
43.02134,-1.09999,-1.65275,-4.55362
43.03138,-0.88152,-1.73071,-4.39635
43.04142,-0.67097,-1.71559,-4.3127
43.05146,-0.59571,-1.67519,-4.42374
43.06149,-0.59032,-1.82408,-4.84542
43.07153,-0.79173,-1.99886,-5.29807
43.08157,-1.09146,-2.19503,-5.69401
43.09161,-1.39522,-2.53262,-5.65076
43.10164,-1.42335,-2.66909,-5.32156
43.11168,-1.0723,-2.66684,-4.97096
43.12172,-0.65122,-2.53681,-4.68081
43.13176,-0.50682,-2.36921,-4.685
43.14179,-0.58763,-2.38058,-5.15427
43.15183,-0.83827,-2.42832,-5.64972
43.16187,-1.31636,-2.60504,-6.32069
43.17191,-1.78577,-2.81723,-7.04434
43.18194,-2.25668,-3.14014,-7.55416
43.19198,-2.69557,-3.56137,-7.61446
43.20202,-2.95325,-3.82489,-7.42547
43.21206,-2.99754,-3.87187,-7.07831
43.22209,-2.90491,-3.87891,-6.70586
43.23213,-2.77862,-3.93143,-6.51462
43.24217,-2.80166,-3.86319,-6.59707
43.25221,-2.98916,-3.85197,-7.02668
43.26224,-3.21302,-3.97018,-7.50866
43.27228,-3.45199,-4.11892,-7.885
43.28232,-3.59759,-4.32034,-8.00471
43.29236,-3.62288,-4.47656,-7.86166
43.30239,-3.59205,-4.46354,-7.6604
43.31243,-3.50676,-4.42987,-7.62224
43.32247,-3.43284,-4.28712,-7.62104
43.33251,-3.43134,-4.09917,-7.86241
43.34254,-3.43149,-4.0688,-8.16318
43.35258,-3.54866,-4.04216,-8.27511
43.36262,-3.72957,-4.16741,-8.25775
43.37266,-3.85422,-4.30343,-8.02866
43.38269,-3.97632,-4.33186,-7.87378
43.39273,-4.09184,-4.43451,-7.84236
43.40277,-4.18881,-4.5008,-7.92391
43.41281,-4.20871,-4.46354,-8.15809
43.42284,-4.11249,-4.34518,-8.15181
43.43288,-3.94205,-4.212,-8.05574
43.44292,-3.79107,-4.11054,-7.92047
43.45296,-3.71311,-4.01672,-7.83772
43.463,-3.70982,-3.89731,-7.87797
43.47303,-3.72373,-3.85736,-7.97105
43.48307,-3.75007,-3.8596,-8.11829
43.49311,-3.86319,-3.91617,-8.29022
43.50315,-4.04321,-4.0456,-8.10871
43.51318,-4.14182,-4.08735,-7.94142
43.52322,-4.07373,-4.0239,-7.88216
43.53326,-4.02525,-3.91751,-7.86091
43.5433,-3.9859,-3.83895,-7.96461
43.55333,-3.90345,-3.7969,-8.06816
43.56337,-3.84584,-3.73181,-8.02297
43.57341,-3.85377,-3.70548,-8.02357
43.58345,-3.90255,-3.78179,-8.11245
43.59348,-4.01059,-3.87846,-8.10886
43.60352,-4.10546,-3.9437,-8.02536
43.61356,-4.15529,-3.91272,-7.97898
43.6236,-4.19314,-3.83117,-7.95773
43.63363,-4.21379,-3.69201,-8.06337
43.64367,-4.09304,-3.58577,-8.27212
43.65371,-4.01957,-3.56137,-8.46006
43.66375,-3.99009,-3.52711,-8.70352
43.67378,-3.93936,-3.41443,-8.84298
43.68382,-3.93936,-3.2603,-8.87531
43.69386,-4.08032,-3.15376,-8.79226
43.7039,-4.26422,-3.03719,-8.74736
43.71393,-4.25928,-2.88935,-8.85151
43.72397,-4.16875,-2.90566,-8.92558
43.73401,-4.17938,-2.99964,-8.67808
43.74405,-4.30657,-2.67597,-8.86289
43.75408,-4.3781,-1.94334,-9.60015
43.76412,-4.07733,-1.21895,-10.49004
43.77416,-3.77296,-0.77767,-11.58898
43.7842,-3.19461,0.21069,-12.09311
43.79423,-2.33539,1.05195,-11.63208
43.80427,-1.71904,1.53184,-10.43543
43.81431,-1.04761,1.82708,-8.82159
43.82435,-0.22251,1.64542,-7.49206
43.83438,0.27638,1.22972,-6.60066
43.84442,0.58433,0.7226,-6.06107
43.85446,0.93942,0.55546,-5.94181
43.8645,1.50865,0.65811,-6.43457
43.87453,2.06724,0.41405,-5.66708
43.88457,2.746,0.11462,-5.62622
43.89461,3.32091,-0.3298,-6.10746
43.90465,3.70024,-0.64539,-6.71005
43.91468,3.95806,-0.8887,-7.32715
43.92472,3.81726,-1.13485,-7.49101
43.93476,3.5298,-1.49129,-7.47111
43.9448,2.88052,-1.95816,-7.60174
43.95483,2.02415,-2.70066,-8.04571
43.96487,1.16313,-3.76563,-8.76772
43.97491,0.24181,-4.67513,-8.88069
43.98495,-0.56937,-5.40222,-8.28184
43.99498,-1.29661,-6.00181,-7.27299
44.00502,-2.25339,-6.64825,-6.83904
44.01506,-3.02687,-7.35185,-7.36441
44.0251,-3.53968,-7.80644,-8.14029
44.03513,-3.73885,-7.77248,-8.53892
44.04517,-3.43119,-7.52782,-8.48385
44.05521,-2.85119,-7.15642,-8.14567
44.06525,-2.32612,-6.82362,-8.08597
44.07529,-2.00814,-6.60081,-8.51647
44.08532,-1.6719,-6.28687,-9.07896
44.09536,-1.60262,-5.93807,-9.42477
44.1054,-1.82378,-5.69162,-9.42283
44.11544,-2.16346,-5.6572,-9.23518
44.12547,-2.26985,-5.71167,-9.0432
44.13551,-2.19309,-5.48033,-9.01177
44.14555,-2.03612,-5.0799,-9.33813
44.15559,-2.00903,-4.99131,-9.69682
44.16562,-2.33629,-5.29867,-9.60973
44.17566,-2.5995,-5.52911,-9.3127
44.1857,-2.57631,-5.57714,-8.99038
44.19574,-2.22631,-5.56263,-8.60162
44.20577,-1.98734,-5.39548,-8.32239
44.21581,-1.74612,-5.11027,-8.1542
44.22585,-1.4244,-4.84482,-7.80659
44.23589,-1.31068,-4.58909,-7.35005
44.24592,-1.27282,-4.56709,-6.94393
44.25596,-1.38295,-4.66346,-6.89485
44.266,-1.41243,-4.69563,-7.3288
44.27604,-1.15236,-4.36807,-7.57121
44.28607,-0.62878,-3.77386,-7.68419
44.29611,-0.18495,-3.35802,-7.7831
44.30615,0.03202,-3.14119,-7.97853
44.31619,0.18959,-3.07505,-8.13026
44.32622,0.46373,-3.07311,-8.25356
44.33626,0.77497,-3.04273,-8.39557
44.3463,1.02966,-2.79284,-8.70996
44.35634,1.15191,-2.40498,-8.83386
44.36637,1.16433,-2.10106,-8.73435
44.37641,0.95439,-2.17034,-8.57004
44.38645,0.75911,-2.6218,-8.89371
44.39649,0.58269,-2.87663,-8.94923
44.40652,0.64075,-2.87633,-8.55373
44.41656,0.95439,-2.67582,-7.49954
44.4266,1.13949,-2.40722,-6.71095
44.43664,1.06318,-2.46663,-6.75733
44.44667,0.7211,-2.65607,-7.1027
44.45671,0.42347,-2.84401,-7.70589
44.46675,0.18046,-2.88591,-8.3812
44.47679,0.1052,-2.50359,-8.71624
44.48682,0.12824,-2.04854,-8.18847
44.49686,0.14874,-1.84144,-7.32102
44.5069,0.19647,-2.03911,-7.46542
44.51694,-0.09726,-2.01697,-7.52827
44.52698,-0.77183,-1.79041,-7.42771
44.53701,-1.60067,-1.73894,-7.24874
44.54705,-2.45885,-1.82543,-6.69883
44.55709,-3.33093,-2.22496,-6.28687
44.56712,-3.67285,-2.60429,-6.52555
44.57716,-3.84628,-2.68091,-7.0391
44.5872,-4.52878,-2.30053,-7.67431
44.59724,-4.94373,-2.17034,-8.7104
44.60728,-5.4489,-2.30008,-10.27008
44.61731,-5.56233,-2.54863,-12.06528
44.62735,-5.27921,-2.58679,-13.03972
44.63739,-5.60408,-2.36547,-13.49507
44.64743,-6.10342,-2.22002,-14.26346
44.65746,-5.63296,-2.19114,-14.67646
44.6675,-4.94881,-1.72562,-15.22263
44.67754,-4.43062,-1.34405,-16.01152
44.68758,-4.28113,-1.24109,-16.91459
44.69761,-4.06805,-1.2613,-16.91743
44.70765,-3.55718,-1.10058,-16.46208
44.71769,-3.05814,-0.7208,-15.92039
44.72773,-2.39884,-0.47285,-15.14407
44.73776,-2.19698,-0.76719,-14.39469
44.7478,-2.47605,-1.55533,-13.9353
44.75784,-2.97674,-2.25863,-13.38957
44.76788,-3.31118,-2.75154,-12.75825
44.77791,-3.1394,-2.96986,-12.25457
44.78795,-2.55267,-2.67193,-11.71498
44.79799,-1.89277,-2.14865,-11.32891
44.80803,-1.55967,-1.69315,-11.00914
44.81806,-1.55773,-1.72667,-10.83705
44.8281,-1.83545,-2.0644,-10.65315
44.83814,-2.07413,-2.34722,-10.21172
44.84818,-2.14072,-2.47545,-9.77597
44.85821,-1.99377,-2.46573,-9.36357
44.86825,-1.77934,-2.18755,-9.00325
44.87829,-1.5694,-1.89501,-8.76128
44.88833,-1.32848,-1.76587,-8.75874
44.89836,-1.15131,-1.56207,-8.81814
44.9084,-1.0322,-1.3219,-8.73749
44.91844,-0.79009,-1.14772,-8.65594
44.92848,-0.6599,-0.96651,-8.61883
44.93851,-0.68848,-0.90172,-8.7532
44.94855,-0.67277,-0.89543,-9.07088
44.95859,-0.57566,-0.8456,-9.16456
44.96863,-0.39714,-0.73622,-9.10829
44.97866,-0.28012,-0.65107,-9.01267
44.9887,-0.31993,-0.62519,-8.92977
44.99874,-0.58523,-0.78245,-9.03841
45.00878,-0.80056,-1.02816,-9.39589
45.01881,-0.88346,-1.07245,-9.61062
45.02885,-0.78365,-0.94376,-9.641
45.03889,-0.58703,-0.77722,-9.64609
45.04893,-0.41973,-0.66409,-9.75069
45.05896,-0.46418,-0.65751,-9.8279
45.069,-0.59152,-0.77632,-9.92007
45.07904,-0.68848,-0.90561,-10.0151
45.08908,-0.5999,-0.87762,-9.93414
45.09911,-0.39774,-0.79413,-9.77822
45.10915,-0.23733,-0.76061,-9.63801
45.11919,-0.15458,-0.6819,-9.48672
45.12923,-0.18211,-0.68624,-9.4752
45.13927,-0.24705,-0.77408,-9.52024
45.1493,-0.40642,-0.83258,-9.61676
45.15934,-0.54034,-0.91294,-9.74066
45.16938,-0.55411,-0.96037,-9.76774
45.17942,-0.48004,-0.9481,-9.74395
45.18945,-0.42138,-0.88556,-9.75652
45.19949,-0.39848,-0.84725,-9.7875
45.20953,-0.34072,-0.79682,-9.68006
45.21957,-0.2891,-0.81582,-9.47999
45.2296,-0.27803,-0.83498,-9.43375
45.23964,-0.43694,-0.85593,-9.62349
45.24968,-0.52358,-0.94631,-9.83478
45.25972,-0.57356,-0.96606,-9.87354
45.26975,-0.62863,-0.93823,-9.84481
45.27979,-0.57147,-0.94182,-9.87518
45.28983,-0.49515,-0.8887,-9.94806
45.29986,-0.37454,-0.7645,-9.90661
45.3099,-0.21308,-0.69821,-9.73243
45.31994,-0.1866,-0.67337,-9.71193
45.32998,-0.30885,-0.75986,-9.75966
45.34002,-0.55815,-0.93643,-9.90197
45.35005,-0.78664,-1.11031,-10.21741
45.36009,-0.83184,-1.18214,-10.02377
45.37013,-0.6406,-1.13919,-9.55466
45.38017,-0.40701,-1.07036,-9.36642
45.3902,-0.32621,-1.00497,-9.26511
45.40024,-0.28341,-0.96561,-9.38961
45.41028,-0.25049,-0.91773,-9.56573
45.42032,-0.25932,-0.89483,-9.65013
45.43035,-0.29329,-0.88496,-9.65207
45.44039,-0.38247,-0.91174,-9.86052
45.45043,-0.43993,-0.92117,-9.85468
45.46047,-0.3922,-0.96875,-9.5581
45.4705,-0.36437,-1.00332,-9.48643
45.48054,-0.34536,-0.98477,-9.57396
45.49058,-0.27892,-0.9098,-9.90302
45.50062,-0.27369,-0.82615,-10.1571
45.51065,-0.22865,-0.79128,-10.05595
45.52069,-0.15203,-0.78994,-9.94192
45.53073,-0.11043,-0.78395,-9.87144
45.54077,-0.15592,-0.7853,-9.89928
45.5508,-0.21249,-0.82465,-9.90586
45.56084,-0.22939,-0.84725,-9.83463
45.57088,-0.19258,-0.86446,-9.76415
45.58092,-0.19483,-0.8477,-9.77807
45.59095,-0.23358,-0.86176,-9.83643
45.60099,-0.21174,-0.86296,-9.86785
45.61103,-0.18286,-0.80804,-9.77388
45.62107,-0.1242,-0.77647,-9.72405
45.6311,-0.18076,-0.7856,-9.65716
45.64114,-0.17912,-0.80939,-9.70864
45.65118,-0.18525,-0.8052,-9.77014
45.66122,-0.16969,-0.79158,-9.77044
45.67125,-0.13393,-0.73083,-9.74859
45.68129,-0.08065,-0.68908,-9.73273
45.69133,-0.11941,-0.72514,-9.73617
45.70137,-0.16894,-0.79757,-9.71313
45.7114,-0.18735,-0.82869,-9.6401
45.72144,-0.16296,-0.86101,-9.6199
45.73148,-0.14036,-0.85488,-9.62993
45.74152,-0.1257,-0.84261,-9.75473
45.75155,-0.05387,-0.80715,-9.91005
45.76159,0.00853,-0.80984,-10.07734
45.77163,0.07407,-0.91863,-10.23401
45.78167,0.09457,-0.9897,-10.39936
45.7917,0.12839,-1.01559,-10.56756
45.80174,0.21383,-0.97654,-10.71271
45.81178,0.3919,-0.90471,-10.90364
45.82182,0.61217,-0.87014,-11.12526
45.83185,0.78859,-0.88152,-11.34058
45.84189,0.87448,-1.02502,-11.60215
45.85193,0.95948,-1.29526,-11.94557
45.86197,1.03804,-1.49518,-12.38161
45.872,1.24513,-1.55653,-12.95218
45.88204,1.62566,-1.47243,-13.61882
45.89208,2.01816,-1.24169,-14.16589
45.90212,2.40842,-1.00661,-14.42656
45.91215,2.56688,-0.81807,-14.52113
45.92219,2.43341,-0.89633,-14.80425
45.93223,2.37265,-1.07215,-15.24553
45.94227,2.44598,-1.30858,-15.09843
45.9523,2.60609,-1.64512,-14.50976
45.96234,2.69827,-1.89486,-14.02209
45.97238,2.79673,-1.7744,-13.7924
45.98242,2.99919,-1.2987,-13.7074
45.99245,3.0767,-0.7443,-13.35471
46.00249,2.90566,-0.31394,-12.9025
46.01253,2.51601,-0.2671,-12.24963
46.02257,2.15538,-0.60888,-12.44057
46.0326,1.85476,-1.09235,-13.74167
46.04264,1.60801,-1.18094,-13.91031
46.05268,1.38639,-0.90456,-13.21584
46.06272,1.27102,-0.72769,-12.28001
46.07275,1.20533,-0.6819,-11.22462
46.08279,1.1136,-0.65781,-10.40311
46.09283,1.03863,-0.58823,-9.89703
46.10287,0.97085,-0.61726,-9.62095
46.11291,0.87852,-1.01529,-9.72225
46.12294,0.22266,-1.62417,-10.56367
46.13298,-0.62968,-2.37669,-12.21267
46.14302,-1.04567,-2.64185,-13.05573
46.15306,-1.04058,-2.37161,-12.65859
46.16309,-0.5164,-1.78652,-11.45745
46.17313,0.2677,-1.20114,-10.09919
46.18317,0.90456,-1.12961,-9.2075
46.19321,1.15894,-1.79909,-9.05996
46.20324,0.90501,-2.87214,-9.43794
46.21328,0.5987,-3.59549,-9.69158
46.22332,0.47061,-3.63619,-9.62978
46.23336,0.63776,-2.94457,-9.35624
46.24339,0.95768,-1.94409,-9.05846
46.25343,1.34524,-1.10792,-9.14331
46.26347,1.6716,-0.60035,-9.61975
46.27351,1.8377,-0.42961,-10.03919
46.28354,1.70961,-0.46672,-10.04368
46.29358,1.2577,-0.63746,-9.95778
46.30362,0.73637,-0.72963,-9.91035
46.31366,0.17612,-0.75687,-9.74994
46.32369,-0.22042,-0.7648,-9.55271
46.33373,-0.37634,-0.60379,-9.38033
46.34377,-0.32322,-0.46388,-8.86827
46.35381,-0.25049,-0.52134,-7.83069
46.36384,-0.00928,-0.66783,-6.85026
46.37388,0.35793,-0.56189,-6.1329
46.38392,0.53271,-0.21174,-5.6967
46.39396,0.80954,0.07138,-5.25048
46.40399,1.03549,0.39175,-5.03022
46.41403,0.99584,0.61067,-5.18135
46.42407,0.95155,0.58119,-5.68279
46.43411,0.74295,0.40642,-6.45447
46.44414,0.19363,-0.01137,-7.24276
46.45418,-0.42841,-0.67846,-7.9067
46.46422,-1.03429,-1.31965,-8.35876
46.47426,-1.37038,-1.73729,-8.46425
46.48429,-1.11226,-1.62806,-7.95563
46.49433,-0.7006,-1.48455,-7.05033
46.50437,-0.3723,-1.63778,-6.24123
46.51441,-0.26546,-2.04001,-5.64912
46.52444,-0.37843,-2.46079,-5.48003
46.53448,-0.37963,-2.69258,-5.76075
46.54452,-0.24556,-2.63676,-6.09564
46.55456,-0.12195,-2.43191,-6.36454
46.56459,-0.14111,-2.21299,-6.67848
46.57463,-0.20276,-1.78518,-6.53108
46.58467,-0.21937,-1.62192,-6.19964
46.59471,-0.23254,-1.80059,-6.26263
46.60475,-0.27728,-2.07353,-6.75733
46.61478,-0.123,-2.18665,-7.46093
46.62482,0.13273,-2.02041,-8.11889
46.63486,0.32007,-1.53842,-8.20313
46.64489,0.52837,-0.90112,-7.82694
46.65493,0.63716,-0.56713,-7.44208
46.66497,0.63327,-0.53436,-7.14939
46.67501,0.54408,-0.5981,-6.81809
46.68504,0.47675,-0.7244,-6.32787
46.69508,0.51849,-0.72589,-5.78873
46.70512,0.74924,-0.63237,-5.50173
46.71516,0.9698,-0.50817,-5.5312
46.7252,1.08622,-0.23463,-5.48736
46.73523,1.04148,-0.1857,-5.49394
46.74527,0.67816,-0.45924,-5.64912
46.75531,0.40282,-0.63327,-5.68787
46.76534,0.32845,-0.65646,-5.50098
46.77538,0.38307,-0.36302,-4.9952
46.78542,0.46732,-0.13542,-4.54704
46.79546,0.36467,-0.2068,-4.11339
46.8055,0.09652,-0.47734,-3.83461
46.81553,-0.33908,-0.59975,-3.57694
46.82557,-0.84351,-0.40357,-3.40216
46.83561,-1.12542,-0.25528,-3.64517
46.84565,-1.45433,-0.2472,-3.78119
46.85568,-2.06006,-0.1447,-3.70578
46.86572,-2.21329,-0.09427,-3.45154
46.87576,-2.0427,0.04639,-2.85838
46.8858,-1.74148,0.40716,-2.18381
46.89583,-1.33477,0.57625,-1.73295
46.90587,-1.0756,0.45101,-1.43248
46.91591,-0.97728,0.38771,-1.30065
46.92595,-1.11929,0.81223,-1.1956
46.93598,-1.08308,1.0747,-1.06871
46.94602,-1.15849,0.93703,-1.25845
46.95606,-1.38041,0.80834,-1.68462
46.9661,-1.3617,0.86012,-2.2109
46.97613,-1.3026,0.94765,-2.97719
46.98617,-1.58092,1.3005,-3.87591
46.99621,-2.19339,2.02654,-4.63622
47.00625,-2.57451,2.2923,-4.90183
47.01628,-2.62898,2.44852,-5.14903
47.02632,-2.18187,3.09391,-6.00481
47.03636,-1.24783,4.11743,-7.59785
47.0464,-0.28626,4.84661,-9.19762
47.05643,0.27503,5.01825,-10.08064
47.06647,-0.05791,5.42077,-11.12032
47.07651,-0.32561,6.03743,-12.10134
47.08655,-0.14245,6.51657,-12.59859
47.09658,0.1839,6.59513,-13.9368
47.10662,-0.2493,5.68832,-15.21785
47.11666,-1.69225,3.91647,-15.9801
47.1267,-3.07864,2.63602,-16.26456
47.13673,-3.7173,2.19863,-17.35811
47.14677,-3.32195,2.7454,-20.24627
47.15681,-2.32537,4.23819,-23.21732
47.16685,-1.90803,4.86532,-25.4137
47.17688,-2.43011,4.22577,-25.93145
47.18692,-2.91763,3.53414,-25.80905
47.19696,-2.8506,3.2401,-26.31512
47.207,-2.5808,3.11441,-26.53748
47.21703,-2.5413,2.75109,-26.07106
47.22707,-2.78401,1.96983,-25.17653
47.23711,-2.96447,1.27716,-24.58875
47.24715,-2.85524,0.97205,-24.29651
47.25718,-2.81049,0.96067,-23.7837
47.26722,-2.88187,1.08308,-23.17497
47.27726,-3.1599,1.12198,-22.67698
47.2873,-3.87965,1.0527,-22.26039
47.29733,-4.63787,0.92955,-21.58537
47.30737,-4.99805,0.79383,-20.59926
47.31741,-5.2008,0.82585,-19.49179
47.32745,-5.48736,0.9294,-18.32283
47.33748,-5.58193,1.25651,-17.44041
47.34752,-5.54647,1.90294,-17.34419
47.35756,-5.48227,2.73867,-17.31995
47.3676,-5.3063,3.48461,-17.40345
47.37764,-5.20305,3.93816,-17.44071
47.38767,-5.11791,4.52744,-17.22553
47.39771,-4.89076,5.09741,-17.07604
47.40775,-4.6256,5.30959,-16.46642
47.41779,-4.42493,5.45279,-15.25765
47.42782,-4.10665,5.35688,-14.14135
47.43786,-3.71386,5.08229,-13.08102
47.4479,-3.40396,4.7088,-12.03266
47.45794,-3.01864,4.2753,-10.99537
47.46797,-2.56868,3.93487,-9.89748
47.47801,-2.05482,3.77266,-9.46458
47.48805,-1.35168,3.95208,-9.86291
47.49809,-0.48961,4.41805,-10.89332
47.50812,0.15203,4.65493,-11.36572
47.51816,0.52657,4.74052,-11.29988
47.5282,0.78141,4.70895,-10.55185
47.53824,0.8061,4.45696,-9.27918
47.54827,0.66185,4.10261,-7.71576
47.55831,0.65437,3.44556,-6.42903
47.56835,0.66499,2.63587,-5.49514
47.57839,0.7416,2.12994,-4.6654
47.58842,0.70868,1.58167,-4.44139
47.59846,0.63357,1.07604,-4.56948
47.6085,0.61142,0.74894,-4.57113
47.61854,0.83393,0.69866,-4.47805
47.62857,1.14443,0.70479,-4.54838
47.63861,1.33282,0.63581,-4.39261
47.64865,1.27207,0.4552,-4.20766
47.65869,1.05285,0.17014,-3.95447
47.66872,0.71646,-0.24526,-3.78942
47.67876,0.39654,-0.73876,-3.77162
47.6888,0.33998,-1.09535,-3.50047
47.69884,0.38696,-0.98402,-3.33767
47.70887,0.40357,-0.86505,-3.57828
47.71891,0.45265,-0.82974,-3.76668
47.72895,0.48333,-0.76749,-3.8213
47.73899,0.57341,-0.69207,-3.78957
47.74902,0.65541,-0.65885,-3.91527
47.75906,0.7446,-0.63327,-4.13284
47.7691,0.80251,-0.66888,-4.11129
47.77914,0.79188,-0.66364,-3.66268
47.78917,0.76839,-0.60334,-2.95624
47.79921,0.63536,-0.69088,-2.50239
47.80925,0.31439,-0.87688,-2.40737
47.81929,0.02693,-1.15909,-2.42533
47.82932,-0.19483,-1.38041,-2.36068
47.83936,-0.15054,-1.44789,-2.27733
47.8494,-0.00584,-1.57224,-2.38702
47.85944,0.02409,-1.65619,-2.3315
47.86947,0.16161,-1.67115,-2.07009
47.87951,0.36063,-1.72278,-1.74343
47.88955,0.49096,-1.86987,-1.29362
47.89959,0.63985,-1.95681,-0.82076
47.90962,0.64479,-1.89292,-0.30451
47.91966,0.60274,-1.77111,-0.03008
47.9297,0.44038,-1.68223,0.02499
47.93974,0.11687,-1.59618,-0.04863
47.94977,-0.12121,-1.41078,-0.25947
47.95981,-0.27249,-1.29197,-0.59616
47.96985,-0.41899,-1.20069,-0.8679
47.97989,-0.49635,-1.04432,-1.1136
47.98992,-0.64868,-0.83228,-1.35048
47.99996,-0.85682,-0.58209,-2.00963
48.01,-1.05824,-0.22685,-3.02896
48.02004,-1.06811,0.29374,-4.23923
48.03007,-0.97115,1.06318,-5.5324
48.04011,-0.63207,1.64242,-6.36124
48.05015,-0.4142,1.72712,-6.40748
48.06019,-0.65556,1.67699,-6.40629
48.07022,-1.18019,1.68731,-6.87854
48.08026,-1.50969,1.90743,-8.0122
48.0903,-1.72278,2.24845,-9.745
48.10034,-1.78832,2.59277,-11.46119
48.11038,-1.7753,2.88651,-12.7789
48.12041,-2.13982,2.8304,-13.59443
48.13045,-2.73672,2.15912,-14.04439
48.14049,-3.17606,1.28838,-14.37045
48.15053,-3.65654,0.93015,-14.49899
48.16056,-3.54611,1.12991,-14.46741
48.1706,-2.83608,1.6092,-14.37972
48.18064,-2.35081,2.1898,-14.73526
48.19068,-2.26536,2.29903,-15.72063
48.20071,-2.60863,1.89845,-17.11585
48.21075,-2.995,1.51822,-17.9194
48.22079,-2.91943,1.54172,-18.34093
48.23083,-2.42757,1.91521,-18.3137
48.24086,-1.83276,2.31295,-17.82259
48.2509,-1.64811,2.41336,-17.37352
48.26094,-2.0234,2.09134,-17.33791
48.27098,-2.72325,1.26743,-17.68268
48.28101,-3.38615,0.49784,-17.99602
48.29105,-3.68468,0.3925,-18.14131
48.30109,-3.58173,0.68744,-18.1663
48.31113,-3.44436,0.908,-18.5178
48.32116,-3.5524,1.06931,-19.23382
48.3312,-3.94235,1.07754,-19.94624
48.34124,-4.58804,0.67861,-20.36807
48.35128,-5.19407,0.39055,-20.07373
48.36131,-5.40237,0.4534,-19.29352
48.37135,-5.28729,0.67232,-18.49491
48.38139,-5.16549,0.78186,-17.82304
48.39142,-5.10055,0.83228,-17.51448
48.40146,-5.16504,0.85847,-17.26983
48.4115,-5.38695,0.76195,-17.04058
48.42154,-5.44816,0.82346,-16.74983
48.43158,-5.26201,1.14922,-16.25753
48.44161,-5.08918,1.4229,-15.61828
48.45165,-4.89435,1.57928,-15.09559
48.46169,-4.83584,1.59978,-14.80051
48.47173,-4.93969,1.50221,-14.7616
48.48176,-5.07586,1.28479,-14.97977
48.4918,-5.19078,1.10702,-15.10786
48.50184,-5.18524,1.19201,-15.03618
48.51188,-4.97844,1.48964,-14.81442
48.52191,-4.69862,1.62297,-14.53819
48.53195,-4.49706,1.60426,-14.28785
48.54199,-4.4176,1.51284,-13.91196
48.55203,-4.21649,1.58751,-13.21554
48.56206,-4.04336,1.70138,-12.45479
48.5721,-3.85556,1.633,-11.69283
48.58214,-3.55015,1.40824,-11.03637
48.59218,-3.25926,1.28658,-10.68697
48.60221,-2.93769,1.33252,-10.48211
48.61225,-2.54713,1.4057,-10.16144
48.62229,-2.27419,1.29003,-9.72001
48.63233,-2.07248,1.0108,-9.15034
48.64236,-1.95023,0.66903,-8.37237
48.6524,-1.85057,0.27354,-7.52138
48.66244,-1.75076,-0.06255,-6.73654
48.67248,-1.78772,-0.28177,-6.11928
48.68251,-1.89157,-0.48228,-5.73456
48.69255,-1.93856,-0.64359,-5.75895
48.70259,-1.88065,-0.87448,-5.94375
48.71263,-1.66517,-1.01709,-5.86564
48.72266,-1.35242,-1.02891,-5.50951
48.7327,-1.12034,-1.11465,-5.33608
48.74274,-1.06916,-1.1576,-5.08184
48.75278,-1.13021,-1.17017,-4.93879
48.76281,-1.21296,-1.20713,-5.06359
48.77285,-1.36978,-1.31472,-5.07122
48.78289,-1.47064,-1.45478,-5.1824
48.79293,-1.53244,-1.60052,-5.47285
48.80296,-1.54067,-1.61534,-5.39937
48.813,-1.59095,-1.59484,-5.31483
48.82304,-1.64123,-1.64407,-5.16265
48.83308,-1.54426,-1.74896,-5.00463
48.84311,-1.42036,-1.82842,-4.97156
48.85315,-1.35093,-1.83216,-4.78107
48.86319,-1.2812,-1.83336,-4.46204
48.87323,-1.26414,-1.76198,-4.16337
48.88326,-1.37607,-1.8187,-4.34563
48.8933,-1.62462,-1.98255,-4.79858
48.90334,-1.7741,-2.04046,-5.09262
48.91338,-1.71111,-2.05228,-5.3063
48.92341,-1.62761,-2.09283,-5.4281
48.93345,-1.51568,-2.0662,-5.36526
48.94349,-1.32489,-1.94678,-5.31932
48.95353,-1.23511,-1.88409,-5.28535
48.96356,-1.28763,-1.97911,-5.28415
48.9736,-1.38669,-2.04016,-5.36077
48.98364,-1.48246,-2.11453,-5.42122
48.99368,-1.5272,-2.24651,-5.58163
49.00371,-1.62776,-2.35574,-5.85921
49.01375,-1.7759,-2.40707,-5.97084
49.02379,-1.92419,-2.42817,-6.09145
49.03383,-2.04794,-2.51242,-6.20338
49.04386,-2.34991,-2.64948,-6.00316
49.0539,-2.69452,-2.98347,-6.86103
49.06394,-3.01206,-3.03899,-7.50986
49.07398,-3.08867,-3.01625,-7.60428
49.08401,-3.18264,-3.10812,-7.73626
49.09405,-3.3022,-3.19147,-7.76095
49.10409,-3.4065,-3.12009,-7.70694
49.11413,-3.4668,-2.92242,-7.68584
49.12416,-3.51095,-2.64769,-7.67656
49.1342,-3.54641,-2.45855,-7.71098
49.14424,-3.40515,-2.3761,-7.80914
49.15428,-3.15212,-2.45241,-7.91957
49.16431,-3.00622,-2.61731,-8.13984
49.17435,-3.08732,-2.65053,-8.4433
49.18439,-3.22095,-2.45825,-8.53308
49.19443,-3.33752,-2.06425,-8.37507
49.20446,-3.42311,-1.60756,-8.2365
49.2145,-3.42072,-1.20264,-8.19131
49.22454,-3.15047,-0.92596,-8.16662
49.23458,-2.68076,-0.82405,-8.40395
49.24461,-2.28242,-0.77512,-8.63544
49.25465,-1.99033,-0.60065,-8.57304
49.26469,-1.72353,-0.51041,-8.36788
49.27473,-1.3207,-0.68818,-8.07819
49.28476,-1.04043,-0.99,-7.62329
49.2948,-0.90306,-1.20279,-6.93181
49.30484,-0.76734,-1.25935,-5.94555
49.31488,-0.69896,-1.21236,-5.02423
49.32492,-0.69626,-1.10777,-4.46339
49.33495,-0.74774,-1.15864,-4.44454
49.34499,-0.8884,-1.31801,-4.96363
49.35503,-0.89229,-1.33282,-5.66722
49.36507,-0.60813,-1.25471,-6.29885
49.3751,-0.16535,-1.33118,-6.75
49.38514,0.1221,-1.39387,-7.0825
49.39518,0.15772,-1.41572,-7.17138
49.40522,-0.13856,-1.6318,-7.16644
49.41525,-0.55531,-2.0231,-7.1633
49.42529,-0.74849,-2.31145,-7.01307
49.43533,-0.82839,-2.59696,-6.92553
49.44537,-0.85039,-2.951,-6.89096
49.4554,-0.6005,-3.29906,-6.5254
49.46544,-0.15248,-3.27257,-5.91263
49.47548,0.07497,-3.23053,-5.50726
49.48552,-0.26157,-3.42984,-5.53225
49.49555,-0.74774,-3.76009,-5.80414
49.50559,-1.34315,-4.14197,-6.43397
49.51563,-1.78682,-4.54988,-7.09163
49.52567,-1.82663,-4.77853,-7.34376
49.5357,-1.5064,-4.73334,-7.10195
49.54574,-1.21281,-4.47357,-6.46554
49.55578,-1.15595,-4.08825,-5.95842
49.56582,-1.34569,-3.82279,-6.18303
49.57585,-1.96459,-3.654,-6.80567
49.58589,-2.58095,-3.63559,-7.79058
49.59593,-3.25567,-3.78029,-9.13313
49.60597,-3.95582,-3.95208,-10.66542
49.616,-4.35849,-4.00146,-11.91534
49.62604,-4.32677,-3.80992,-12.64737
49.63608,-4.04949,-3.33572,-13.28902
49.64612,-3.80498,-2.4961,-13.99127
49.65615,-3.67106,-1.5468,-14.86934
49.66619,-3.7351,-1.04043,-15.86338
49.67623,-3.84808,-1.25037,-16.18076
49.68627,-4.08915,-1.78278,-15.52266
49.6963,-4.04351,-2.18082,-14.00324
49.70634,-3.65714,-2.34407,-12.01814
49.71638,-3.4903,-2.37639,-10.20169
49.72642,-3.43583,-2.5811,-9.19777
49.73645,-3.60731,-3.05575,-8.97152
49.74649,-4.28517,-3.54132,-9.7236
49.75653,-5.11701,-3.57394,-11.03547
49.76657,-5.49409,-2.71682,-12.16329
49.7766,-5.6786,-1.3644,-13.16302
49.78664,-5.79127,-0.10789,-14.28545
49.79668,-5.96889,0.45789,-15.49333
49.80672,-6.29735,0.24421,-16.394
49.81675,-6.61668,-0.31828,-16.18211
49.82679,-6.71798,-1.03863,-14.71237
49.83683,-6.52166,-1.77425,-13.03119
49.84687,-6.17614,-2.38627,-11.92253
49.8569,-5.78723,-2.63781,-11.36483
49.86694,-5.4507,-2.45331,-11.0874
49.87698,-5.43005,-2.04375,-10.95332
49.88702,-5.76823,-1.8974,-11.32846
49.89705,-6.14562,-2.01726,-12.24455
49.90709,-6.37621,-2.28332,-13.1295
49.91713,-6.21744,-2.53696,-13.3155
49.92717,-5.89692,-2.24741,-12.31473
49.9372,-5.38142,-1.93182,-11.48005
49.94724,-4.90003,-1.80074,-10.81476
49.95728,-4.55557,-1.79176,-10.22983
49.96732,-4.28487,-1.88065,-9.63352
49.97735,-3.86274,-1.99257,-9.16979
49.98739,-3.39887,-1.95651,-8.94818
49.99743,-3.12728,-1.92314,-11.16775
50.00747,-3.30639,-1.22493,-10.83167
50.0175,-2.87379,-0.70794,-7.47425
50.02754,-1.79071,-1.03055,-7.31069
50.03758,-1.28599,-1.58032,-9.91813
50.04762,-1.63808,-1.35946,-9.61092
50.05765,-2.1247,-0.90606,-9.07552
50.06769,-2.09253,-0.8251,-9.23758
50.07773,-1.65649,-0.81388,-9.22426
50.08777,-1.24873,-0.75926,-8.97751
50.0978,-1.0096,-0.83842,-8.85555
50.10784,-0.96217,-0.91563,-9.05427
50.11788,-1.10178,-0.95199,-9.29055
50.12792,-1.37816,-1.05046,-9.57351
50.13795,-1.57,-1.18588,-9.56154
50.14799,-1.44565,-1.39717,-9.33843
50.15803,-1.35317,-1.63509,-8.94743
50.16807,-1.33941,-1.85536,-8.43238
50.1781,-1.32938,-2.14311,-8.18607
50.18814,-1.49668,-2.41844,-8.1346
50.19818,-1.63045,-2.57796,-8.25057
50.20822,-1.64527,-2.5178,-8.61778
50.21825,-1.76647,-2.36263,-9.17877
50.22829,-1.82857,-2.04644,-9.55197
50.23833,-1.64407,-1.68253,-9.56304
50.24837,-1.33716,-1.44759,-9.43121
50.2584,-1.20982,-1.36499,-9.1472
50.26844,-1.16628,-1.39343,-8.91795
50.27848,-1.19755,-1.53992,-9.16336
50.28852,-1.2999,-1.66442,-9.25479
50.29855,-1.16044,-1.62372,-9.27244
50.30859,-1.04238,-1.59514,-9.21423
50.31863,-0.94242,-1.62746,-8.92693
50.32867,-0.83124,-1.7563,-9.21124
50.33871,-0.94152,-1.6526,-9.51815
50.34874,-1.18049,-1.58317,-9.26302
50.35878,-1.403,-1.88947,-9.33454
50.36882,-1.31935,-1.82633,-8.99127
50.37886,-0.85323,-1.38205,-8.68886
50.38889,-0.33249,-1.3204,-8.77071
50.39893,-0.0811,-1.39642,-8.97826
50.40897,-0.19662,-1.3427,-9.13627
50.41901,-0.35988,-1.30738,-9.19089
