t,ax,ay,az
0.0,0.88047,-5.77691,-7.99184
0.01004,0.86775,-5.79217,-8.03045
0.02008,0.81552,-5.85278,-8.13176
0.03011,0.75642,-5.87268,-8.11874
0.04015,0.67053,-5.89782,-8.08088
0.05019,0.63162,-5.91562,-8.03629
0.06023,0.62773,-5.93328,-7.92556
0.07026,0.61875,-5.97997,-7.83039
0.0803,0.59197,-6.01005,-7.82156
0.09034,0.56339,-5.9879,-7.85912
0.10038,0.62459,-5.90799,-7.84789
0.11041,0.7241,-5.8206,-7.73073
0.12045,0.85877,-5.76209,-7.60743
0.13049,0.92925,-5.75431,-7.62029
0.14053,0.98641,-5.70299,-7.7026
0.15057,0.99928,-5.64897,-7.7843
0.1606,0.96786,-5.65899,-7.82096
0.17064,0.97235,-5.66064,-7.8244
0.18068,0.98491,-5.67411,-7.88964
0.19072,0.93763,-5.68039,-8.04197
0.20075,0.89289,-5.65466,-8.13071
0.21079,0.91249,-5.62054,-8.10841
0.22083,0.97369,-5.6138,-8.03883
0.23087,1.04821,-5.6159,-7.9887
0.2409,1.09505,-5.60408,-7.9501
0.25094,1.12632,-5.54826,-7.97374
0.26098,1.14877,-5.51534,-7.95608
0.27102,1.15341,-5.52896,-7.93798
0.28105,1.15026,-5.58612,-7.90027
0.29109,1.10941,-5.65316,-7.8877
0.30113,1.07096,-5.67531,-7.88141
0.31117,1.06048,-5.70209,-7.83892
0.3212,1.04806,-5.72633,-7.78624
0.33124,1.04223,-5.75357,-7.78564
0.34128,1.06452,-5.76329,-7.85433
0.35132,1.10373,-5.76269,-7.93603
0.36136,1.15356,-5.72573,-7.95937
0.37139,1.15834,-5.67875,-7.95758
0.38143,1.16523,-5.61934,-7.98242
0.39147,1.09176,-5.61141,-8.09465
0.4015,1.01125,-5.66722,-8.17291
0.41154,0.97429,-5.75985,-8.10647
0.42158,0.97145,-5.81342,-8.02073
0.43162,1.012,-5.8417,-7.91493
0.44166,1.00826,-5.88719,-7.83936
0.45169,1.03325,-5.88854,-7.80121
0.46173,1.09265,-5.89976,-7.70589
0.47177,1.10672,-5.9062,-7.66863
0.48181,1.0723,-5.89318,-7.76978
0.49185,1.00482,-5.86011,-7.94845
0.50188,0.98641,-5.84245,-7.9697
0.51192,0.97743,-5.86998,-7.91448
0.52196,1.00003,-5.94899,-7.96521
0.532,1.03699,-5.91458,-8.05679
0.54203,1.08981,-5.82973,-8.01279
0.55207,1.13784,-5.74743,-7.86989
0.56211,1.16403,-5.71062,-7.72444
0.57215,1.15505,-5.71855,-7.58498
0.58218,1.06677,-5.82838,-7.49759
0.59222,0.93149,-6.02576,-7.62239
0.60226,0.82151,-6.16417,-7.96162
0.6123,0.86924,-6.11943,-8.16572
0.62233,0.94496,-5.95049,-8.0502
0.63237,1.05225,-5.8215,-7.92017
0.64241,1.21162,-5.71406,-7.73866
0.65245,1.35317,-5.65914,-7.598
0.66249,1.35482,-5.65076,-7.45869
0.67252,1.31516,-5.69745,-7.36711
0.68256,1.25247,-5.76658,-7.47874
0.6926,1.20847,-5.81492,-7.60743
0.70264,1.1962,-5.79621,-7.6197
0.71267,1.18393,-5.82704,-7.58438
0.72271,1.16089,-5.88076,-7.45644
0.73275,1.11854,-5.89886,-7.33823
0.74279,1.0943,-5.88585,-7.29498
0.75282,1.05554,-5.84649,-7.27718
0.76286,1.0536,-5.83841,-7.29962
0.7729,1.0331,-5.90979,-7.37235
0.78294,0.98686,-5.93642,-7.42786
0.79297,0.91189,-5.97338,-7.48637
0.80301,0.87897,-6.01109,-7.48472
0.81305,0.91952,-6.05389,-7.44716
0.82309,0.90471,-6.09145,-7.50403
0.83312,0.88989,-6.08726,-7.5757
0.84316,0.88885,-6.05269,-7.59261
0.8532,0.88256,-6.07155,-7.57136
0.86324,0.87658,-6.12542,-7.54712
0.87327,0.84216,-6.1721,-7.52842
0.88331,0.79203,-6.2158,-7.60458
0.89335,0.72589,-6.22762,-7.77667
0.90339,0.70255,-6.18153,-7.93738
0.91343,0.72918,-6.14666,-8.00232
0.92346,0.81612,-6.08681,-8.03704
0.9335,0.86401,-6.02037,-8.08926
0.94354,0.86745,-5.97024,-8.09465
0.95358,0.83722,-5.95124,-8.14058
0.96361,0.79622,-5.97458,-8.1364
0.97365,0.79607,-6.0066,-8.06801
0.98369,0.83303,-6.01319,-8.04901
0.99373,0.91818,-6.00106,-7.90281
1.00376,1.06647,-5.98805,-7.64124
1.0138,1.19456,-5.96441,-7.4524
1.02384,1.31487,-5.94675,-7.34406
1.03388,1.34255,-5.91203,-7.34032
1.04391,1.28584,-5.93388,-7.46303
1.05395,1.18139,-5.97922,-7.57959
1.06399,1.04672,-6.03384,-7.68419
1.07403,0.93194,-6.1121,-7.721
1.08406,0.83573,-6.18303,-7.73103
1.0941,0.7826,-6.21639,-7.71157
1.10414,0.77213,-6.20038,-7.76305
1.11418,0.77991,-6.14517,-7.77637
1.12422,0.79517,-6.11285,-7.83413
1.13425,0.79996,-6.07394,-7.91074
1.14429,0.78605,-6.02261,-7.98616
1.15433,0.7217,-5.99807,-8.0107
1.16437,0.63461,-6.01917,-8.02671
1.1744,0.50907,-6.06451,-7.95159
1.18444,0.39325,-6.11778,-7.77218
1.19448,0.3735,-6.1917,-7.59366
1.20452,0.43305,-6.20846,-7.47754
1.21455,0.52478,-6.18108,-7.37444
1.22459,0.60289,-6.13035,-7.29738
1.23463,0.66454,-6.10536,-7.22061
1.24467,0.7232,-6.0916,-7.16195
1.2547,0.79877,-6.05748,-7.1642
1.26474,0.89274,-6.04132,-7.20236
1.27478,0.99374,-6.00451,-7.27269
1.28482,1.0539,-5.96216,-7.34272
1.29485,1.11061,-5.95588,-7.41918
1.30489,1.14787,-5.95378,-7.43938
1.31493,1.17047,-5.97488,-7.40826
1.32497,1.20129,-6.01259,-7.36082
1.33501,1.25052,-6.069,-7.27463
1.34504,1.30289,-6.10686,-7.17617
1.35508,1.35527,-6.17734,-7.15402
1.36512,1.33776,-6.21026,-7.23213
1.37516,1.26534,-6.18078,-7.40227
1.38519,1.16283,-6.17749,-7.58977
1.39523,1.01424,-6.1944,-7.81886
1.40527,0.88585,-6.1926,-8.06891
1.41531,0.79308,-6.16462,-8.21495
1.42534,0.75193,-6.13843,-8.19251
1.43538,0.74295,-6.11973,-8.15809
1.44542,0.69941,-6.1109,-8.06457
1.45546,0.65526,-6.1112,-7.91583
1.46549,0.60214,-6.10013,-7.83024
1.47553,0.53106,-6.09145,-7.81004
1.48557,0.48064,-6.1094,-7.75437
1.49561,0.42452,-6.1531,-7.65426
1.50565,0.40776,-6.22373,-7.494
1.51568,0.4534,-6.28897,-7.25877
1.52572,0.54902,-6.33012,-7.01531
1.53576,0.68339,-6.3189,-6.83081
1.54579,0.83887,-6.2972,-6.82318
1.55583,0.93045,-6.29076,-6.93316
1.56587,0.97564,-6.27445,-7.12006
1.57591,0.98656,-6.277,-7.20505
1.58595,1.00751,-6.31306,-7.2468
1.59598,1.05135,-6.35616,-7.25189
1.60602,1.14263,-6.36618,-7.27628
1.61606,1.22179,-6.33147,-7.3077
1.6261,1.27506,-6.29974,-7.42412
1.63613,1.28135,-6.30139,-7.50373
1.64617,1.31442,-6.30693,-7.49176
1.65621,1.33791,-6.33476,-7.50986
1.66625,1.29332,-6.32698,-7.4946
1.67628,1.22823,-6.31979,-7.52513
1.68632,1.176,-6.33775,-7.61536
1.69636,1.15311,-6.32473,-7.67521
1.7064,1.15251,-6.29675,-7.6818
1.71643,1.17436,-6.28717,-7.61745
1.72647,1.20398,-6.28134,-7.53171
1.73651,1.24558,-6.24273,-7.39913
1.74655,1.30274,-6.22941,-7.30142
1.75659,1.36335,-6.20383,-7.23737
1.76662,1.44715,-6.18198,-7.22435
1.77666,1.52466,-6.13185,-7.26087
1.7867,1.54995,-6.07379,-7.32506
1.79674,1.59274,-6.01708,-7.37743
1.80677,1.60262,-6.01364,-7.36217
1.81681,1.62222,-6.01438,-7.31473
1.82685,1.64362,-6.01648,-7.26326
1.83689,1.64571,-6.01902,-7.22016
1.84692,1.64691,-6.02336,-7.24411
1.85696,1.62521,-6.04282,-7.25952
1.867,1.62028,-6.09354,-7.21403
1.87704,1.59738,-6.13529,-7.17273
1.88707,1.56162,-6.16926,-7.18605
1.89711,1.54216,-6.18093,-7.23184
1.90715,1.46555,-6.18976,-7.26655
1.91719,1.37652,-6.22822,-7.29708
1.92722,1.30334,-6.2568,-7.34691
1.93726,1.26384,-6.277,-7.32326
1.9473,1.2595,-6.28358,-7.33972
1.95734,1.27042,-6.27146,-7.38477
1.96738,1.30409,-6.2351,-7.39958
1.97741,1.31771,-6.2128,-7.43983
1.98745,1.3005,-6.20068,-7.52632
1.99749,1.2809,-6.23645,-7.516
2.00753,1.26025,-6.26069,-7.47275
2.01756,1.26414,-6.28957,-7.4334
2.0276,1.26863,-6.29181,-7.39554
2.03764,1.2996,-6.30019,-7.38881
2.04768,1.32489,-6.32279,-7.39704
2.05771,1.35018,-6.34104,-7.39479
2.06775,1.38011,-6.35301,-7.38462
2.07779,1.37846,-6.35646,-7.34451
2.08783,1.39148,-6.35975,-7.32267
2.09786,1.40914,-6.37711,-7.30291
2.1079,1.38983,-6.38429,-7.31833
2.11794,1.39986,-6.3807,-7.35978
2.12798,1.37023,-6.39551,-7.3912
2.13801,1.35003,-6.40913,-7.42427
2.14805,1.34704,-6.39701,-7.45569
2.15809,1.33611,-6.41601,-7.43385
2.16813,1.35542,-6.42783,-7.40856
2.17817,1.39761,-6.42589,-7.37953
2.1882,1.46465,-6.41885,-7.34631
2.19824,1.48949,-6.39282,-7.32521
2.20828,1.52945,-6.34957,-7.33613
2.21832,1.52256,-6.29181,-7.36412
2.22835,1.56596,-6.24423,-7.39659
2.23839,1.62566,-6.20263,-7.44133
2.24843,1.67459,-6.17689,-7.48517
2.25847,1.71485,-6.12736,-7.47141
2.2685,1.71844,-6.06855,-7.43848
2.27854,1.67774,-6.09444,-7.48697
2.28858,1.62387,-6.11479,-7.51705
2.29862,1.61354,-6.10761,-7.47021
2.30865,1.59618,-6.09294,-7.42666
2.31869,1.62162,-6.07125,-7.38851
2.32873,1.64152,-6.05329,-7.33808
2.33877,1.64063,-6.006,-7.2483
2.3488,1.6532,-5.99284,-7.15612
2.35884,1.65679,-5.99089,-7.07352
2.36888,1.66382,-5.9867,-7.02219
2.37892,1.64048,-5.99164,-7.02159
2.38896,1.64137,-5.98939,-7.03461
2.39899,1.63539,-6.01319,-7.07457
2.40903,1.61564,-6.03773,-7.07621
2.41907,1.60382,-6.05733,-7.03042
2.42911,1.60681,-6.08097,-7.03342
2.43914,1.59499,-6.08471,-7.0593
2.44918,1.59394,-6.09833,-7.08818
2.45922,1.59798,-6.10836,-7.0804
2.46926,1.58765,-6.12676,-7.13143
2.47929,1.59618,-6.13634,-7.16704
2.48933,1.63853,-6.14113,-7.1865
2.49937,1.63943,-6.11075,-7.21328
2.50941,1.65649,-6.09504,-7.26371
2.51944,1.65664,-6.07828,-7.33673
2.52948,1.67848,-6.08322,-7.35873
2.53952,1.67714,-6.07978,-7.3098
2.54956,1.67459,-6.09474,-7.28256
2.55959,1.68657,-6.08142,-7.37758
2.56963,1.69599,-6.04222,-7.52946
2.57967,1.69674,-6.05194,-7.58333
2.58971,1.68791,-6.05613,-7.5959
2.59975,1.75016,-6.0705,-7.56523
2.60978,1.80448,-6.0696,-7.5353
2.61982,1.83531,-6.05688,-7.57196
2.62986,1.88035,-6.04296,-7.63825
2.6399,1.89516,-5.98775,-7.72325
2.64993,1.89112,-5.95154,-7.8467
2.65997,1.89696,-5.92011,-7.95174
2.67001,1.93227,-5.87672,-8.01833
2.68005,1.93736,-5.83512,-8.05604
2.69008,1.95636,-5.82973,-8.01908
2.70012,1.93841,-5.82868,-8.02551
2.71016,1.90369,-5.85008,-7.98541
2.7202,1.86912,-5.8854,-7.94516
2.73023,1.79924,-5.92535,-7.93962
2.74027,1.72383,-5.96141,-7.96207
2.75031,1.70722,-5.98296,-7.98421
2.76035,1.68657,-5.97009,-8.00471
2.77038,1.65963,-5.95902,-7.97075
2.78042,1.63928,-5.95513,-7.92122
2.79046,1.62641,-5.98057,-7.86645
2.8005,1.59783,-5.99418,-7.85912
2.81053,1.57209,-6.0099,-7.93034
2.82057,1.57299,-6.03055,-7.9483
2.83061,1.58002,-6.03099,-7.92062
2.84065,1.59529,-6.02007,-7.88366
2.85069,1.6122,-6.00481,-7.79881
2.86072,1.6101,-5.98027,-7.77652
2.87076,1.58706,-5.95453,-7.78789
2.8808,1.57194,-5.95378,-7.84206
2.89084,1.55309,-5.93478,-7.89668
2.90087,1.5682,-5.90829,-7.91104
2.91091,1.61728,-5.88076,-7.84625
2.92095,1.68612,-5.83706,-7.76066
2.93099,1.73131,-5.77586,-7.73028
2.94102,1.76842,-5.72169,-7.72609
2.95106,1.79834,-5.68294,-7.76395
2.9611,1.78712,-5.68937,-7.79507
2.97114,1.73056,-5.69102,-7.86824
2.98117,1.69165,-5.70897,-7.9498
2.99121,1.67489,-5.70568,-7.94157
3.00125,1.66801,-5.69206,-7.83413
3.01129,1.68013,-5.69551,-7.79777
3.02132,1.65888,-5.68084,-7.7819
3.03136,1.61654,-5.6554,-7.77592
3.0414,1.54905,-5.64298,-7.83069
3.05144,1.47423,-5.64837,-7.90281
3.06148,1.42096,-5.6795,-7.92271
3.07151,1.36185,-5.71631,-7.91029
3.08155,1.2818,-5.72259,-7.8856
3.09159,1.2577,-5.72139,-7.83951
3.10163,1.23152,-5.72723,-7.77337
3.11166,1.18274,-5.72573,-7.69182
3.1217,1.16508,-5.74653,-7.63227
3.13174,1.157,-5.77377,-7.59471
3.14178,1.17406,-5.81671,-7.52572
3.15181,1.2185,-5.8417,-7.4738
3.16185,1.28988,-5.82494,-7.41694
3.17189,1.35916,-5.7992,-7.38237
3.18193,1.44565,-5.78439,-7.36127
3.19196,1.51463,-5.79756,-7.32611
3.202,1.55294,-5.80205,-7.35858
3.21204,1.62596,-5.81088,-7.36756
3.22208,1.6737,-5.81297,-7.39763
3.23211,1.71051,-5.83257,-7.43759
3.24215,1.77216,-5.87088,-7.42696
3.25219,1.82872,-5.87088,-7.30067
3.26223,1.88858,-5.87537,-7.16689
3.27227,1.92374,-5.89288,-7.16809
3.2823,1.93571,-5.93433,-7.21148
3.29234,1.91057,-5.96231,-7.26386
3.30238,1.88124,-5.98356,-7.33673
3.31242,1.86553,-5.99703,-7.3309
3.32245,1.86119,-5.9873,-7.4316
3.33249,1.84473,-5.97159,-7.52932
3.34253,1.81974,-5.97473,-7.58887
3.35257,1.74088,-5.97488,-7.73058
3.3626,1.65559,-5.98326,-7.86211
3.37264,1.54875,-5.99104,-7.91792
3.38268,1.46465,-6.02785,-7.91688
3.39272,1.38953,-6.07723,-7.89877
3.40275,1.35796,-6.12556,-7.82709
3.41279,1.32998,-6.15325,-7.73522
3.42283,1.30634,-6.14128,-7.69586
3.43287,1.29691,-6.11988,-7.71098
3.4429,1.26938,-6.01947,-7.67626
3.45294,1.2785,-5.95887,-7.62853
3.46298,1.27237,-5.99583,-7.60428
3.47302,1.23765,-5.98251,-7.65082
3.48306,1.22194,-5.92011,-7.78654
3.49309,1.28673,-5.75835,-7.75347
3.50313,1.28673,-5.75835,-7.75347
3.51317,1.40854,-5.73815,-7.60518
3.52321,1.53259,-5.73651,-7.40691
3.53324,1.64078,-5.71526,-7.23857
3.54328,1.7355,-5.7169,-7.15058
3.55332,1.7735,-5.7175,-7.1425
3.56336,1.79071,-5.72199,-7.2046
3.57339,1.80478,-5.74549,-7.28466
3.58343,1.82019,-5.79083,-7.35394
3.59347,1.83441,-5.8215,-7.43011
3.60351,1.85266,-5.82599,-7.53979
3.61354,1.84294,-5.823,-7.61611
3.62358,1.84473,-5.79935,-7.64843
3.63362,1.83231,-5.81462,-7.70035
3.64366,1.76228,-5.83153,-7.78879
3.65369,1.62102,-5.87477,-7.89937
3.66373,1.50685,-5.96605,-7.91029
3.67377,1.40166,-6.05808,-7.97419
3.68381,1.33492,-6.0687,-8.02776
3.69385,1.28165,-6.03818,-8.04257
3.70388,1.25501,-5.99658,-8.02776
3.71392,1.20458,-5.98416,-8.03853
3.72396,1.14802,-5.94151,-7.97389
3.734,1.08981,-5.9466,-8.00756
3.74403,1.04193,-5.94794,-8.115
3.75407,1.00272,-5.92221,-8.10317
3.76411,0.98312,-5.87313,-8.03958
3.77415,1.00197,-5.81582,-7.99199
3.78418,0.99883,-5.77287,-7.94007
3.79422,1.00886,-5.74489,-7.88874
3.80426,0.98581,-5.69551,-7.87902
3.8143,0.95259,-5.65615,-7.92945
3.82433,0.94272,-5.63221,-7.89997
3.83437,0.92835,-5.62338,-7.82305
3.84441,0.85398,-5.66288,-7.78729
3.85445,0.83423,-5.70418,-7.71726
3.86448,0.81837,-5.75521,-7.64528
3.87452,0.77737,-5.78873,-7.62867
3.88456,0.7434,-5.81342,-7.69466
3.8946,0.67606,-5.78619,-7.84834
3.90463,0.621,-5.72154,-8.04586
3.91467,0.62653,-5.64373,-8.09135
3.92471,0.62593,-5.56053,-8.10258
3.93475,0.62788,-5.49439,-8.18159
3.94479,0.62339,-5.43589,-8.29995
3.95482,0.59092,-5.39728,-8.27541
3.96486,0.58508,-5.3687,-8.05275
3.9749,0.60005,-5.39444,-7.85134
3.98494,0.62219,-5.41344,-7.60668
3.99497,0.7015,-5.4498,-7.35618
4.00501,0.79323,-5.48811,-7.28585
4.01505,0.87284,-5.51564,-7.36427
4.02509,0.94466,-5.57475,-7.43774
4.03512,0.95319,-5.58253,-7.60728
4.04516,0.87358,-5.5954,-7.77756
4.0552,0.85653,-5.6343,-7.88695
4.06524,0.80101,-5.70119,-8.08312
4.07527,0.71227,-5.7401,-8.18952
4.08531,0.69282,-5.80699,-8.052
4.09535,0.70569,-5.76838,-7.80809
4.10539,0.66903,-5.76374,-7.69242
4.11542,0.62743,-5.85921,-7.71382
4.12546,0.52238,-5.96874,-7.77307
4.1355,0.47241,-5.96066,-7.97913
4.14554,0.48034,-5.82838,-8.25895
4.15558,0.48662,-5.73067,-8.44031
4.16561,0.53121,-5.74115,-8.50121
4.17565,0.55201,-5.75955,-8.56556
4.18569,0.57491,-5.74908,-8.63244
4.19573,0.60603,-5.75282,-8.69963
4.20576,0.60124,-5.74953,-8.68751
4.2158,0.56773,-5.75327,-8.50465
4.22584,0.54064,-5.80788,-8.10482
4.23588,0.58104,-5.8631,-7.83233
4.24591,0.66289,-5.91338,-7.70215
4.25595,0.71362,-5.92116,-7.66608
4.26599,0.71901,-5.92984,-7.6381
4.27603,0.66753,-5.97757,-7.55745
4.28606,0.5785,-6.03758,-7.56493
4.2961,0.50877,-6.05987,-7.61431
4.30614,0.43485,-6.04476,-7.6372
4.31618,0.37454,-5.99673,-7.67521
4.32621,0.35868,-6.01947,-7.73058
4.33625,0.25034,-6.11883,-7.76036
4.34629,0.06315,-6.18437,-7.84296
4.35633,-0.09562,-6.22358,-8.04422
4.36636,-0.15832,-6.18856,-8.21421
4.3764,-0.13976,-6.10342,-8.21286
4.38644,-0.12599,-6.05913,-8.07205
4.39648,-0.07691,-6.04611,-7.88845
4.40652,0.03142,-6.03234,-7.73626
4.41655,0.12166,-6.00825,-7.64154
4.42659,0.18884,-5.95767,-7.55056
4.43663,0.2062,-5.95124,-7.55475
4.44667,0.25079,-5.9463,-7.56104
4.4567,0.33848,-5.89886,-7.58348
4.46674,0.40821,-5.85307,-7.62284
4.47678,0.46642,-5.83018,-7.59755
4.48682,0.48228,-5.83302,-7.5558
4.49685,0.44128,-5.87477,-7.46557
4.50689,0.38562,-5.93732,-7.41649
4.51693,0.33564,-5.98535,-7.52183
4.52697,0.27892,-5.97578,-7.76499
4.537,0.26246,-5.93717,-7.78594
4.54704,0.26995,-5.92625,-7.78145
4.55708,0.2701,-5.92206,-7.79253
4.56712,0.24496,-5.95348,-7.74105
4.57715,0.1658,-6.01932,-7.69646
4.58719,0.06928,-6.09414,-7.67656
4.59723,-0.02274,-6.19365,-7.84311
4.60727,-0.07183,-6.24258,-8.11619
4.61731,-0.11507,-6.19649,-8.16572
4.62734,-0.02649,-6.11195,-8.02058
4.63738,0.10325,-6.03533,-7.83712
4.64742,0.21697,-6.0063,-7.56747
4.65746,0.28371,-6.01723,-7.31818
4.66749,0.27788,-6.04835,-7.21687
4.67753,0.24077,-6.16462,-7.15118
4.68757,0.18226,-6.33206,-7.25548
4.69761,0.16565,-6.28089,-7.23258
4.70764,0.21488,-6.26548,-7.20924
4.71768,0.18091,-6.29316,-7.32042
4.72772,0.15248,-6.30872,-7.50238
4.73776,0.17582,-6.33296,-7.70619
4.74779,0.26426,-6.31426,-7.87243
4.75783,0.36931,-6.26922,-7.85912
4.76787,0.50248,-6.21654,-7.59216
4.77791,0.62833,-6.10896,-7.3725
4.78794,0.61935,-5.99344,-7.29259
4.79798,0.5559,-5.97159,-7.30187
4.80802,0.43081,-6.05568,-7.34885
4.81806,0.32277,-6.19993,-7.39195
4.82809,0.34731,-6.25889,-7.38925
4.83813,0.44353,-6.18871,-7.40542
4.84817,0.58628,-6.03952,-7.44058
4.85821,0.7437,-6.02187,-7.52827
4.86825,0.78844,-5.99493,-7.71666
4.87828,0.7449,-5.9653,-7.8889
4.88832,0.62638,-5.98595,-7.91224
4.89836,0.55141,-6.06616,-7.84326
4.9084,0.52583,-6.18901,-7.67791
4.91843,0.50907,-6.28942,-7.412
4.92847,0.44607,-6.34284,-7.23094
4.93851,0.40956,-6.34224,-7.14924
4.94855,0.45729,-6.27475,-7.10285
4.95858,0.55994,-6.20248,-7.17258
4.96862,0.62144,-6.13559,-7.33748
4.97866,0.66155,-6.06227,-7.48861
4.9887,0.67696,-5.98745,-7.52557
4.99873,0.65646,-5.9683,-7.59141
5.00877,0.62115,-6.01124,-7.65845
5.01881,0.50982,-6.10417,-7.68599
5.02885,0.38607,-6.2125,-7.62688
5.03888,0.27653,-6.32473,-7.49355
5.04892,0.24211,-6.38982,-7.42607
5.05896,0.2671,-6.39491,-7.52812
5.069,0.30541,-6.34329,-7.71786
5.07903,0.33818,-6.26413,-7.81991
5.08907,0.39579,-6.1938,-7.82395
5.09911,0.45774,-6.13769,-7.8048
5.10915,0.50832,-6.10282,-7.74674
5.11919,0.52418,-6.09878,-7.6402
5.12922,0.48557,-6.14801,-7.62957
5.13926,0.4763,-6.23256,-7.56702
5.1493,0.49336,-6.26293,-7.5356
5.15934,0.45206,-6.25515,-7.56523
5.16937,0.353,-6.28747,-7.51809
5.17941,0.27354,-6.3364,-7.42906
5.18945,0.309,-6.33012,-7.50283
5.19949,0.39594,-6.28927,-7.66264
5.20952,0.45744,-6.23809,-7.82111
5.21956,0.45445,-6.22403,-7.84296
5.2296,0.42318,-6.2556,-7.70469
5.23964,0.37245,-6.33446,-7.46168
5.24967,0.3313,-6.40973,-7.26311
5.25971,0.29733,-6.47302,-7.20146
5.26975,0.27937,-6.45192,-7.34377
5.27979,0.26935,-6.41541,-7.42846
5.28982,0.29568,-6.45567,-7.4331
5.29986,0.3931,-6.48769,-7.36097
5.3099,0.43799,-6.4211,-7.43938
5.31994,0.42946,-6.28448,-7.58229
5.32998,0.43126,-6.24378,-7.64813
5.34001,0.45206,-6.22642,-7.55445
5.35005,0.51475,-6.28059,-7.41215
5.36009,0.51026,-6.36588,-7.34646
5.37013,0.36407,-6.43876,-7.33254
5.38016,0.05791,-6.40479,-7.13637
5.3902,-0.0606,-6.46764,-7.03716
5.40024,0.32801,-6.73579,-7.02623
5.41028,0.68489,-6.77065,-6.73235
5.42031,0.79847,-6.59498,-6.58376
5.43035,0.76839,-6.39057,-6.7937
5.44039,0.62159,-6.24767,-7.11407
5.45043,0.52867,-6.15744,-7.34391
5.46046,0.41405,-6.12945,-7.30157
5.4705,0.39594,-6.13963,-7.06858
5.48054,0.4763,-6.09175,-6.92044
5.49058,0.62324,-6.08756,-6.83575
5.50061,0.75492,-6.17719,-6.91954
5.51065,0.75821,-6.1929,-7.0403
5.52069,0.68265,-6.0895,-7.13981
5.53073,0.66155,-5.97787,-7.47664
5.54076,0.57566,-6.12975,-7.80151
5.5508,0.47031,-6.34568,-8.1343
5.56084,0.38202,-6.2574,-8.61733
5.57088,0.39774,-6.08771,-8.82218
5.58092,0.44712,-5.90231,-8.87276
5.59095,0.51026,-5.85337,-8.76727
5.60099,0.58628,-5.83542,-8.27616
5.61103,0.44727,-5.85906,-7.90685
5.62107,0.0003,-6.05224,-7.80151
5.6311,-0.50188,-6.36588,-7.88276
5.64114,-0.7021,-6.47108,-8.99561
5.65118,-0.63686,-6.17016,-9.48104
5.66122,-0.48303,-6.09429,-9.15034
5.67125,-0.29703,-6.25096,-8.49014
5.68129,-0.11223,-6.12766,-7.8259
5.69133,-0.0624,-5.96904,-6.86373
5.70137,-0.15727,-5.96919,-6.14951
5.7114,-0.0817,-5.97488,-6.5643
5.72144,0.22715,-5.99942,-7.02698
5.73148,0.65392,-6.12422,-7.61715
5.74152,0.77288,-6.0069,-7.91388
5.75155,0.71976,-5.81671,-8.49358
5.76159,0.54678,-5.89258,-9.01327
5.77163,0.20351,-6.08606,-8.88623
5.78167,0.05926,-6.16686,-8.36953
5.7917,0.1857,-5.97563,-7.52438
5.80174,0.48662,-5.78095,-7.06873
5.81178,0.77886,-5.70538,-7.13637
5.82182,0.89453,-5.60363,-7.35828
5.83186,0.91653,-5.49469,-7.62778
5.84189,0.86146,-5.72334,-7.63152
5.85193,0.71736,-5.98535,-7.535
5.86197,0.69043,-6.0069,-7.58513
5.87201,0.81986,-5.74668,-7.64543
5.88204,0.92147,-5.42421,-7.71038
5.89208,0.88556,-5.41883,-7.74509
5.90212,0.7841,-5.60872,-7.63675
5.91216,0.59062,-5.7802,-7.34736
5.92219,0.27578,-5.97832,-7.28256
5.93223,0.17971,-6.12676,-7.49235
5.94227,0.35539,-5.85667,-7.72848
5.95231,0.77452,-5.28715,-7.97209
5.96234,1.19171,-4.90377,-8.14552
5.97238,1.26444,-4.96692,-7.93438
5.98242,1.07829,-5.28011,-7.59426
5.99246,0.7244,-5.63041,-7.35289
6.00249,0.52882,-5.89168,-7.46033
6.01253,0.6213,-5.77392,-7.83054
6.02257,0.82989,-5.45668,-7.91703
6.03261,1.07904,-5.27996,-7.91882
6.04264,1.18094,-5.15741,-7.94965
6.05268,1.11271,-4.99116,-7.75647
6.06272,1.20458,-4.71807,-7.82305
6.07276,1.27641,-4.80322,-8.55358
6.0828,1.14159,-5.26545,-8.6938
6.09283,0.94676,-5.46506,-8.43253
6.10287,0.82929,-5.38621,-8.40664
6.11291,0.6807,-5.42137,-8.21076
6.12295,0.66454,-5.66633,-7.96446
6.13298,0.72395,-5.79098,-7.85777
6.14302,0.74011,-5.7202,-8.09031
6.15306,0.71272,-5.57879,-8.24533
6.1631,0.62953,-5.56248,-8.18772
6.17313,0.5574,-5.67635,-8.01444
6.18317,0.54438,-5.65032,-7.95294
6.19321,0.65451,-5.49813,-7.87184
6.20325,0.68175,-5.40356,-7.89503
6.21328,0.64209,-5.45055,-8.18862
6.22332,0.45041,-5.6777,-8.35756
6.23336,0.24196,-5.81282,-8.29142
6.2434,0.21069,-5.79816,-8.16333
6.25343,0.36542,-5.62922,-8.11111
6.26347,0.56982,-5.42362,-8.13789
6.27351,0.66319,-5.29792,-8.19834
6.28355,0.62174,-5.3684,-8.3194
6.29358,0.56578,-5.45115,-8.28229
6.30362,0.55905,-5.46551,-8.07834
6.31366,0.57805,-5.50532,-7.92062
6.3237,0.62938,-5.55784,-7.96207
6.33374,0.68325,-5.52387,-8.11649
6.34377,0.67023,-5.46896,-8.18039
6.35381,0.62653,-5.451,-8.15959
6.36385,0.60289,-5.51594,-7.97209
6.37389,0.59586,-5.54976,-7.91837
6.38392,0.71497,-5.49828,-7.99484
6.39396,0.83513,-5.45339,-8.07684
6.404,0.94361,-5.37124,-8.18862
6.41404,0.9689,-5.25737,-8.22723
6.42407,0.87314,-5.26171,-8.19954
6.43411,0.7633,-5.39099,-8.11649
6.44415,0.69058,-5.48048,-8.12517
6.45419,0.7027,-5.46327,-8.1141
6.46422,0.77452,-5.46312,-8.01444
6.47426,0.77378,-5.44786,-7.9905
6.4843,0.76839,-5.39833,-8.04108
6.49434,0.69701,-5.38276,-8.08941
6.50437,0.60678,-5.42167,-8.1979
6.51441,0.59182,-5.44546,-8.30384
6.52445,0.60214,-5.43633,-8.26628
6.53449,0.60917,-5.50741,-8.21944
6.54452,0.57132,-5.56338,-8.16258
6.55456,0.51685,-5.5758,-8.05873
6.5646,0.53076,-5.59555,-7.94606
6.57464,0.59406,-5.61814,-7.82709
6.58468,0.65227,-5.58343,-7.85493
6.59471,0.76225,-5.55694,-7.9492
6.60475,0.8679,-5.45459,-8.04257
6.61479,0.97175,-5.3069,-8.07863
6.62483,0.98402,-5.32306,-7.99648
6.63486,0.94391,-5.40925,-7.92241
6.6449,0.86012,-5.48197,-8.02297
6.65494,0.77871,-5.54063,-8.12413
6.66498,0.75073,-5.54737,-8.08582
6.67501,0.85009,-5.53854,-7.99888
6.68505,0.90396,-5.47374,-7.93079
6.69509,0.97115,-5.40072,-7.88216
6.70513,1.01125,-5.39833,-7.885
6.71516,0.97369,-5.40641,-7.96476
6.7252,0.88032,-5.4097,-8.06068
6.73524,0.86476,-5.41479,-8.10602
6.74528,0.82884,-5.47404,-8.12727
6.75531,0.73981,-5.54078,-8.12951
6.76535,0.67262,-5.57101,-8.18443
6.77539,0.65062,-5.55156,-8.14926
6.78543,0.71527,-5.54617,-8.10901
6.79546,0.8049,-5.52133,-8.06292
6.8055,0.85772,-5.43798,-7.95952
6.81554,0.83887,-5.43633,-7.88994
6.82558,0.77303,-5.5131,-7.89697
6.83561,0.73307,-5.533,-7.99663
6.84565,0.74714,-5.51235,-8.09345
6.85569,0.785,-5.4905,-8.10991
6.86573,0.82121,-5.51519,-8.09629
6.87577,0.77542,-5.52208,-8.02476
6.8858,0.78201,-5.54811,-7.95354
6.89584,0.80759,-5.56128,-7.90865
6.90588,0.88391,-5.51893,-7.88396
6.91592,0.89558,-5.48033,-8.00726
6.92595,0.91309,-5.42496,-8.16946
6.93599,0.91967,-5.39294,-8.19999
6.94603,0.89887,-5.42646,-8.15555
6.95607,0.81807,-5.48362,-8.09614
6.9661,0.77348,-5.47314,-8.02626
6.97614,0.82465,-5.45265,-8.04347
6.98618,0.92641,-5.44052,-8.04946
6.99622,1.01858,-5.38845,-8.06996
7.00625,1.04312,-5.35852,-8.0324
7.01629,1.01754,-5.38561,-7.96745
7.02633,0.93957,-5.42481,-7.93094
7.03637,0.8869,-5.47,-7.97209
7.0464,0.83468,-5.48317,-8.0502
7.05644,0.86386,-5.43214,-8.10258
7.06648,0.94302,-5.39309,-8.14941
7.07652,0.9511,-5.39818,-8.15241
7.08655,0.89274,-5.43289,-8.11006
7.09659,0.80789,-5.49903,-8.05784
7.10663,0.76435,-5.50951,-7.95399
7.11667,0.8037,-5.46102,-7.90506
7.12671,0.80385,-5.40775,-8.03449
7.13674,0.76869,-5.4519,-8.24339
7.14678,0.7452,-5.45549,-8.3393
7.15682,0.76345,-5.42706,-8.29785
7.16686,0.77168,-5.4278,-8.20523
7.17689,0.72679,-5.44576,-8.11754
7.18693,0.70943,-5.47225,-8.07579
7.19697,0.71452,-5.4694,-8.08567
7.20701,0.71302,-5.44696,-8.09016
7.21704,0.71168,-5.46417,-8.08806
7.22708,0.7244,-5.47524,-8.02462
7.23712,0.73906,-5.4314,-7.95728
7.24716,0.77737,-5.44711,-7.92286
7.25719,0.75103,-5.48197,-7.95474
7.26723,0.66978,-5.50352,-8.0083
7.27727,0.65377,-5.48467,-8.00741
7.28731,0.70644,-5.43229,-7.99648
7.29734,0.80011,-5.41509,-8.00337
7.30738,0.86595,-5.39788,-8.00337
7.31742,0.91459,-5.39698,-7.97434
7.32746,0.91384,-5.3886,-7.96895
7.33749,0.83079,-5.41509,-8.02536
7.34753,0.79682,-5.37693,-8.1961
7.35757,0.79323,-5.36316,-8.30758
7.36761,0.82331,-5.41419,-8.23471
7.37765,0.83797,-5.41314,-8.09914
7.38768,0.83169,-5.42825,-8.05619
7.39772,0.8887,-5.42766,-8.00681
7.40776,0.90441,-5.42511,-7.97928
7.4178,0.848,-5.3898,-8.05245
7.42783,0.83378,-5.3693,-8.19221
7.43787,0.86072,-5.38157,-8.15914
7.44791,0.86101,-5.38591,-8.03718
7.45795,0.80969,-5.41299,-7.90371
7.46798,0.82495,-5.3898,-7.78819
7.47802,0.86401,-5.39114,-7.80974
7.48868,0.84426,-5.40745,-7.88904
7.49872,0.81627,-5.47359,-7.94591
7.50876,0.785,-5.47434,-8.02043
7.5188,0.65541,-5.46297,-8.24339
7.52884,0.60903,-5.44741,-8.47787
7.53887,0.75283,-5.4076,-8.52949
7.54891,0.8878,-5.36885,-8.46171
7.55895,0.95903,-5.42212,-8.44839
7.56899,0.9297,-5.57819,-8.44854
7.57902,0.90845,-5.62832,-8.51707
7.58906,0.89004,-5.68623,-8.66671
7.5991,0.95574,-5.74189,-8.75844
7.60914,1.18184,-5.76314,-8.76846
7.61917,1.51837,-5.82824,-8.77729
7.62921,1.77336,-6.06646,-8.70681
7.63925,1.97821,-6.29136,-8.63304
7.64929,2.2709,-6.26323,-8.7526
7.65932,2.43535,-6.17824,-9.14884
7.66936,2.27868,-6.28732,-9.74261
7.6794,2.06769,-6.36319,-10.32066
7.68944,1.89411,-6.30363,-10.52341
7.69947,1.72068,-6.2779,-10.37707
7.70951,1.55084,-6.26563,-10.14723
7.71955,1.30948,-6.25216,-9.80515
7.72959,0.96082,-6.27041,-9.44632
7.73962,0.53091,-6.31546,-9.12535
7.74966,0.1453,-6.38863,-8.76248
7.7597,-0.05402,-6.34045,-8.41831
7.76974,0.05806,-6.03354,-8.0713
7.77978,0.30661,-5.7178,-7.58154
7.78981,0.39444,-5.53614,-7.13801
7.79985,0.24989,-5.52342,-6.96728
7.80989,0.09068,-5.54632,-6.78981
7.81993,0.05417,-5.49125,-6.5851
7.82996,0.18585,-5.48512,-6.44579
7.84,0.3503,-5.51055,-6.36364
7.85004,0.47106,-5.64313,-6.49786
7.86008,0.51056,-5.81701,-6.77155
7.87011,0.46148,-5.91248,-7.15567
7.88015,0.55994,-5.93867,-7.44447
7.89019,0.77288,-5.86205,-7.57466
7.90023,0.99404,-5.77616,-7.61775
7.91026,1.05719,-5.84051,-7.79642
7.9203,1.0135,-5.93597,-7.97748
7.93034,1.07889,-6.04745,-8.05993
7.94038,1.20234,-6.21565,-7.9088
7.95042,1.34629,-6.33446,-7.84445
7.96045,1.50505,-6.43801,-7.86076
7.97049,1.63719,-6.52824,-7.82066
7.98053,1.69495,-6.55921,-7.87303
7.99056,1.68282,-6.67204,-8.05005
8.0006,1.66532,-6.85654,-8.2564
8.01064,1.67878,-7.00678,-8.29486
8.02068,1.71245,-7.14235,-8.17036
8.03072,1.82318,-7.27837,-8.1358
8.04075,2.04031,-7.57166,-8.16228
8.05079,2.27748,-7.94336,-8.00875
8.06146,2.60863,-8.35442,-7.83128
8.07149,2.82276,-8.76547,-7.93199
8.08153,3.19072,-8.97496,-8.38105
8.09157,3.76802,-9.13074,-9.06894
8.10161,4.50723,-9.21723,-9.67841
8.11164,5.12853,-9.26751,-10.25137
8.12168,5.04024,-9.47266,-10.67111
8.13172,4.32498,-9.77553,-10.79979
8.14176,3.34979,-10.15411,-10.51458
8.15179,2.4569,-10.40221,-9.98173
8.16183,1.89815,-10.58985,-9.41161
8.17187,1.26743,-11.003,-9.02868
8.18191,0.37858,-11.48573,-8.98664
8.19194,-0.45864,-11.89903,-9.12146
8.20198,-1.03729,-12.15806,-8.83056
8.21202,-1.25292,-12.06618,-8.29696
8.22206,-1.33656,-11.70839,-7.98586
8.2321,-1.48845,-11.13708,-7.81213
8.24213,-1.65963,-10.51743,-7.69003
8.25217,-1.89112,-9.96751,-7.59261
8.26221,-2.13174,-9.42881,-7.25967
8.27224,-2.03896,-8.91571,-6.67503
8.28228,-1.775,-8.51962,-5.84918
8.29232,-1.37592,-8.47577,-4.94029
8.30236,-1.20638,-8.37163,-3.93697
8.31239,-1.22164,-7.948,-3.11037
8.32243,-1.51134,-7.39988,-2.82351
8.33247,-2.20865,-7.04494,-2.69093
8.34251,-2.67762,-7.09192,-2.08879
8.35255,-2.55042,-7.05811,-1.50461
8.36258,-2.19279,-6.76003,-1.27671
8.37262,-1.61698,-6.70421,-1.34285
8.38266,-0.96801,-6.50654,-1.84758
8.3927,-0.69537,-6.00376,-2.34018
8.40273,-0.97414,-5.82898,-2.62973
8.41277,-1.84518,-6.42664,-2.26746
8.42281,-2.93604,-7.11826,-1.32803
8.43285,-3.25836,-7.26206,-0.52044
8.44289,-2.97884,-6.98957,0.10744
8.45292,-2.23529,-6.7096,0.08604
8.46296,-1.48994,-6.43801,-0.5776
8.473,-1.24109,-6.03099,-1.41901
8.48304,-1.21865,-5.90889,-2.00754
8.49307,-1.60097,-6.14681,-2.12904
8.50311,-2.07667,-6.39656,-1.76692
8.51315,-2.42278,-6.53003,-1.21476
8.52319,-2.78161,-6.75374,-0.67367
8.53322,-2.58933,-6.86088,-0.51311
8.54326,-2.19833,-6.60021,-0.8239
8.5533,-1.92135,-6.42394,-1.64826
8.56334,-1.55773,-6.37905,-2.37026
8.57337,-1.06153,-6.2152,-2.71368
8.58341,-0.62294,-5.85113,-2.63078
8.59345,-0.50398,-5.58073,-2.4346
8.60349,-0.55486,-5.30869,-2.57018
8.61352,-0.58628,-4.99984,-2.75902
8.62356,-0.61815,-4.688,-2.81064
8.6336,-0.47839,-4.99266,-2.49551
8.64364,-0.36691,-5.54198,-1.33896
8.65367,-0.42347,-5.71631,-0.0823
8.66371,-0.4332,-5.60692,0.64913
8.67375,-0.54363,-5.57535,0.71198
8.68379,-0.85308,-5.8634,0.52508
8.69382,-1.00721,-6.33207,0.6391
8.70386,-1.0943,-6.61069,1.05958
8.7139,-1.14173,-6.74581,1.40629
8.72394,-1.32384,-7.05107,1.65843
8.73397,-1.66906,-7.43041,1.76902
8.74401,-2.07158,-7.56268,1.72921
8.75405,-2.42144,-7.80151,1.69584
8.76409,-2.70665,-7.93184,1.58212
8.77413,-2.89983,-7.79851,1.09804
8.78416,-3.08598,-7.66504,0.55201
8.7942,-3.33692,-7.54817,0.02693
8.80424,-3.43583,-7.26176,-0.46148
8.81428,-3.55808,-6.93765,-0.79458
8.82431,-3.79077,-6.71813,-1.03594
8.83435,-3.93263,-6.41871,-1.04432
8.84439,-4.16441,-6.00092,-0.94197
8.85443,-4.51891,-5.75656,-0.93883
8.86446,-4.57547,-5.37393,-1.06302
8.8745,-4.07643,-4.956,-1.13141
8.88454,-3.2841,-4.60989,-0.58688
8.89458,-2.64574,-4.20946,0.35659
8.90461,-2.37325,-3.78658,0.81373
8.91465,-2.38193,-3.53594,0.7214
8.92469,-2.21269,-3.26405,0.44757
8.93473,-1.55818,-3.07101,0.09188
8.94476,-0.88047,-3.06637,0.24032
8.9548,-0.8456,-3.12922,0.53585
8.96484,-1.16403,-3.2829,0.40956
8.97488,-1.36634,-3.14448,-0.08978
8.98492,-1.12318,-2.59861,-0.99075
8.99495,-0.46552,-2.00619,-2.18231
9.00499,0.35659,-2.13024,-3.55404
9.01503,0.97654,-2.68061,-4.1306
9.02507,1.14727,-2.75992,-4.59612
9.0351,0.98671,-2.87095,-5.88525
9.04514,0.50802,-3.04662,-7.67985
9.05518,0.11866,-2.89504,-9.68305
9.06522,0.05073,-3.01295,-11.3563
9.07525,-0.22341,-4.0459,-12.14339
9.08529,-0.60005,-5.12284,-12.56627
9.09533,-0.70404,-5.65615,-13.36503
9.10537,-0.6195,-5.66318,-14.44916
9.1154,-0.4115,-5.63715,-15.70866
9.12544,0.00584,-5.80863,-17.24274
9.13548,0.56009,-6.2972,-18.55521
9.14552,0.83109,-7.48023,-18.9929
9.15555,0.85697,-8.78343,-18.69258
9.16559,0.80864,-9.71866,-18.20386
9.17563,0.92267,-10.281,-18.22421
9.18567,1.33252,-10.61843,-18.87693
9.1957,1.68312,-10.82194,-19.92529
9.20574,1.61444,-11.04819,-21.13242
9.21578,0.98342,-11.39236,-21.90784
9.22582,0.00778,-11.90921,-21.72244
9.23585,-0.83423,-12.51075,-21.12389
9.24589,-1.26833,-12.88036,-20.59851
9.25593,-1.33911,-12.81227,-20.01837
9.26597,-1.24094,-12.33119,-19.70488
9.27601,-1.20443,-11.96667,-19.5081
9.28604,-1.2987,-11.58434,-19.33901
9.29608,-1.52286,-11.13199,-19.22185
9.30612,-1.61863,-10.65824,-18.83937
9.31616,-1.61414,-10.06837,-18.1678
9.32619,-1.62462,-9.57456,-17.33477
9.33623,-1.95068,-9.40203,-16.39983
9.34627,-2.60863,-9.44542,-15.38798
9.35631,-3.18788,-9.5376,-14.40442
9.36634,-3.38211,-9.52832,-13.70636
9.37638,-3.10378,-9.28232,-13.2133
9.38642,-2.47501,-8.65998,-12.80599
9.39646,-2.0442,-8.07564,-12.68882
9.40649,-2.00664,-7.73073,-12.71471
9.41653,-2.31878,-7.42382,-12.86315
9.42657,-2.68674,-7.21897,-12.882
9.43661,-2.8491,-7.16375,-12.57734
9.44664,-2.76261,-6.98688,-12.33597
9.45668,-2.49042,-6.32922,-12.3059
9.46672,-1.98928,-5.555,-11.86506
9.47676,-1.45807,-5.10863,-10.58207
9.48679,-1.0922,-4.84631,-8.79974
9.49683,-0.99748,-4.74082,-7.48921
9.50687,-0.93179,-4.79379,-6.68775
9.51691,-0.52463,-4.59283,-6.74417
9.52695,0.13961,-3.66477,-7.16989
9.53698,0.53421,-2.75453,-7.19877
9.54702,0.46448,-2.15568,-6.67339
9.55706,-0.05956,-1.94514,-5.75895
9.5671,-0.45774,-1.89247,-4.71314
9.57713,-0.26381,-1.67055,-3.84419
9.58717,0.11477,-1.53932,-2.85224
9.59721,0.48632,-1.40031,-1.82977
9.60725,0.8857,-1.11061,-0.83408
9.61728,1.04073,-1.06527,0.0639
9.62732,1.11181,-1.23945,0.99554
9.63736,1.13919,-1.46944,1.44625
9.6474,1.42814,-1.50521,1.49667
9.65743,2.12096,-1.1558,1.31591
9.66747,2.75647,-0.971,1.21775
9.67751,2.88756,-0.97549,1.37083
9.68755,2.89878,-0.95858,1.55833
9.69758,2.9932,-1.13635,1.69375
9.70762,2.96282,-1.53543,1.76079
9.71766,2.64589,-1.89606,1.72637
9.7277,2.01637,-2.26177,1.50221
9.73773,1.25187,-2.73867,1.53274
9.74777,0.66289,-3.39438,2.1253
9.75781,0.36302,-4.03348,2.62584
9.76785,0.29583,-4.45755,2.97554
9.77789,0.44996,-4.63024,3.41907
9.78792,0.52104,-4.63443,3.63305
9.79796,0.42871,-4.55961,3.38286
9.808,0.09293,-4.59223,2.83503
9.81804,-0.30122,-4.76132,2.27434
9.82807,-0.24166,-4.647,1.80433
9.83811,0.2879,-4.33261,1.62192
9.84815,0.74789,-4.07433,2.13398
9.85819,0.68714,-4.03947,2.4355
9.86822,0.32621,-4.00685,1.99063
9.87826,0.00239,-4.12805,1.18289
9.8883,0.08215,-4.22861,0.77542
9.89834,0.70659,-3.9654,0.79787
9.90837,1.5055,-3.54028,1.10283
9.91841,1.9399,-3.31896,1.176
9.92845,1.7765,-3.34156,0.60139
9.93849,1.2396,-3.53923,-0.89498
9.94852,0.63087,-3.72209,-2.82321
9.95856,0.44308,-3.75366,-4.57023
9.9686,0.7036,-3.33572,-5.84245
9.97864,0.77587,-3.1171,-6.54635
9.98868,0.30691,-3.33378,-6.38174
9.99871,-0.13018,-3.79271,-5.75731
10.00875,-0.34028,-3.95582,-5.50038
10.01879,-0.57521,-4.18836,-5.81447
10.02883,-0.7865,-4.23774,-6.21505
10.03886,-0.81223,-4.10441,-6.86926
10.0489,-0.78919,-4.09064,-7.37908
10.05894,-0.88885,-3.89148,-7.61536
10.06898,-1.15715,-3.91527,-7.70843
10.07901,-1.54022,-4.40339,-7.7421
10.08905,-1.58047,-4.62709,-8.08761
10.09909,-1.38983,-4.55437,-8.43358
10.10913,-1.19426,-4.56739,-8.86558
10.11916,-1.13814,-4.43122,-9.36327
10.1292,-1.36664,-4.19285,-9.92816
10.13924,-1.48396,-4.21379,-11.16012
10.14928,-1.589,-4.6639,-12.87946
10.15931,-1.24005,-5.07212,-14.02239
10.16935,-0.14575,-5.01989,-14.39574
10.17939,1.08547,-4.39949,-14.49719
10.18943,1.74672,-4.05997,-14.60598
10.19946,1.78248,-4.26976,-14.56258
10.2095,1.63344,-4.95555,-14.64608
10.21954,1.61235,-5.72154,-14.76669
10.22958,1.529,-5.71915,-15.6096
10.23962,1.07964,-5.58118,-16.87418
10.24965,0.69357,-5.52342,-17.65245
10.25969,0.63416,-5.42062,-17.94559
10.26973,0.88765,-5.61919,-17.54755
10.27977,1.18289,-5.82,-16.49246
10.2898,1.06871,-5.69102,-15.78662
10.29984,0.44203,-5.94061,-15.66601
10.30988,-0.03965,-6.64241,-15.87086
10.31992,0.00688,-7.13801,-15.79649
10.32995,0.50144,-7.04614,-15.31556
10.33999,0.9713,-6.67758,-15.0935
10.35003,1.09355,-6.56849,-15.08467
10.36007,0.9481,-6.5052,-15.24508
10.3701,0.8058,-6.49756,-15.2578
10.38014,0.81268,-6.56146,-15.45487
10.39018,0.87059,-6.42095,-15.71554
10.40022,0.92222,-6.4208,-15.82627
10.41025,0.87269,-6.42963,-15.63952
10.42029,0.68773,-6.1118,-15.37706
10.43033,0.45505,-5.98206,-15.22652
10.44037,0.07557,-6.17599,-14.9078
10.45041,-0.15009,-6.24737,-14.60313
10.46044,-0.10415,-6.12871,-14.64922
10.47048,-0.03516,-6.09713,-14.72763
10.48052,-0.0211,-6.09294,-14.69441
10.49056,-0.11492,-6.04027,-14.45155
10.50059,-0.42871,-6.15609,-14.14973
10.51063,-0.68534,-6.3994,-14.04798
10.52067,-0.80879,-6.45387,-14.26765
10.53071,-0.83408,-6.21849,-14.83777
10.54074,-0.82735,-6.1944,-15.1725
10.55078,-0.87822,-6.20562,-14.93024
10.56082,-1.18259,-6.11629,-14.50093
10.57086,-1.61953,-6.39282,-14.05845
10.58089,-1.97073,-6.40688,-13.6067
10.59093,-1.90923,-6.24587,-13.26313
10.60097,-1.60172,-6.25769,-12.5938
10.61101,-1.35751,-6.1311,-11.95739
10.62104,-0.9918,-6.08786,-11.57357
10.63108,-0.71033,-6.16342,-11.29315
10.64112,-0.54618,-5.88225,-11.09772
10.65116,-0.5366,-5.32635,-11.17075
10.66119,-0.59661,-5.06882,-11.04909
10.67123,-0.39923,-4.94148,-10.45727
10.68127,-0.01541,-4.8095,-9.49286
10.69131,0.58793,-4.80651,-8.5482
10.70135,0.90995,-4.49437,-8.52231
10.71138,0.82016,-4.15155,-9.38752
10.72142,0.43724,-4.14182,-10.09216
10.73146,-0.01092,-4.26557,-10.14348
10.7415,-0.0217,-4.11638,-9.79797
10.75153,0.16999,-4.03333,-9.11787
10.76157,0.53914,-3.97752,-8.2567
10.77161,1.01215,-3.8409,-7.62598
10.78165,1.24304,-3.6356,-7.16495
10.79168,0.83019,-3.65714,-6.63119
10.80172,0.39804,-4.04051,-6.58226
10.81176,0.58134,-4.18806,-6.39491
10.8218,1.27581,-3.73106,-5.85367
10.83183,1.63479,-3.2633,-5.27398
10.84187,1.42126,-3.07894,-4.59387
10.85191,1.20264,-3.43837,-3.9624
10.86195,1.00916,-3.66702,-3.64757
10.87198,0.87568,-3.38271,-3.27452
10.88202,1.18827,-3.09974,-3.42206
10.89206,1.40704,-2.92093,-3.59429
10.9021,1.66502,-2.95669,-3.23786
10.91214,2.01113,-2.83967,-2.42323
10.92217,2.35066,-2.59636,-1.65514
10.93221,2.82755,-2.52513,-1.38699
10.94225,3.32914,-2.68001,-1.56222
10.95229,3.58188,-2.92093,-1.67534
10.96232,3.8201,-2.90252,-1.72787
10.97236,3.85287,-2.79882,-2.06171
10.9824,3.56796,-3.29337,-2.08281
10.99244,3.22125,-3.86185,-1.22838
11.00247,3.05934,-4.29595,-0.48707
11.01251,3.13775,-4.62635,-0.24092
11.02255,3.08523,-4.86966,-0.89184
11.03259,2.86945,-5.17312,-1.68088
11.04262,2.46663,-5.65256,-1.99602
11.05266,2.16301,-6.00032,-2.06231
11.0627,2.22107,-6.24198,-1.78263
11.07274,2.6221,-6.26832,-1.22867
11.08277,2.95385,-6.24288,-0.80939
11.09281,3.02118,-6.5034,-1.01843
11.10285,2.77742,-6.86433,-1.31756
11.11289,2.2905,-7.25967,-1.48949
11.12292,2.10675,-7.46138,-1.27342
11.13296,2.40498,-7.42382,-0.68758
11.143,2.57317,-7.33703,0.23807
11.15304,2.47396,-7.48592,0.59047
11.16308,1.88334,-7.76724,0.10011
11.17311,1.30364,-7.92825,-1.12752
11.18315,0.98656,-8.00995,-2.45106
11.19319,0.65437,-8.22094,-3.39438
11.20323,0.34147,-8.37656,-4.11234
11.21326,0.21757,-8.67808,-4.43526
11.2233,0.32232,-8.84433,-4.64146
11.23334,0.73008,-8.76622,-4.74261
11.24338,1.32848,-8.63693,-4.66869
11.25341,1.8974,-8.42505,-4.81893
11.26345,2.36487,-8.12353,-5.3901
11.27349,2.34078,-8.05604,-6.3171
11.28353,1.76288,-8.41577,-6.66037
11.29356,1.40719,-8.76143,-6.55532
11.3036,1.52047,-8.7553,-5.91308
11.31364,1.53663,-8.85376,-5.20739
11.32368,1.50027,-9.04021,-4.7881
11.33371,1.44116,-9.12041,-4.53342
11.34375,1.52571,-9.15588,-4.46489
11.35379,1.81555,-9.00624,-4.29116
11.36383,1.99153,-8.79824,-4.08615
11.37387,1.81271,-8.76532,-4.33291
11.3839,1.51987,-8.75859,-4.88776
11.39394,1.36784,-8.69948,-5.42032
11.40398,1.22583,-8.64172,-5.8625
11.41402,0.94182,-8.59249,-6.00765
11.42405,0.81178,-8.53593,-6.20083
11.43409,1.03953,-8.7137,-6.27834
11.44413,0.81433,-8.8584,-5.25243
11.45417,0.37125,-9.01148,-3.91871
11.4642,0.12315,-9.11847,-3.06518
11.47424,0.17508,-9.11936,-2.79553
11.48491,0.9065,-8.84972,-3.77266
11.49494,0.9065,-8.84972,-3.77266
11.50498,0.97249,-8.7737,-3.7173
11.51502,0.84755,-8.71878,-3.39917
11.52506,0.58778,-8.82293,-3.22544
11.53509,0.3726,-9.03138,-3.25941
11.54513,0.36691,-9.14585,-3.46531
11.55517,0.37694,-9.1686,-3.82953
11.56521,0.40522,-9.1463,-4.28502
11.57524,0.40372,-9.06983,-4.30777
11.58528,0.39235,-9.03243,-4.23549
11.59532,0.40552,-9.03901,-4.42014
11.60536,0.40507,-9.00609,-4.9738
11.6154,0.63012,-8.94294,-5.50876
11.62543,0.90261,-8.88593,-5.6581
11.63547,0.94676,-8.83191,-5.40775
11.64551,0.79607,-8.86947,-4.84152
11.65555,0.62144,-9.00729,-4.47865
11.66558,0.54708,-9.20122,-4.33156
11.67562,0.46986,-9.43091,-4.22008
11.68566,0.35464,-9.46772,-3.98964
11.6957,0.25304,-9.32123,-3.67405
11.70573,0.18585,-9.28816,-3.63829
11.71577,0.2674,-9.28831,-4.01971
11.72581,0.50847,-9.03018,-4.60465
11.73585,0.77587,-8.7731,-4.97261
11.74588,0.91249,-8.60446,-5.11042
11.75592,0.97459,-8.62945,-5.01346
11.76596,0.86057,-8.74512,-4.65837
11.776,0.58838,-8.86094,-4.18028
11.78603,0.51909,-8.86393,-4.07149
11.79607,0.68848,-8.68497,-4.54255
11.80611,1.0108,-8.57857,-5.098
11.81615,1.29571,-8.46844,-5.20814
11.82618,1.37697,-8.40649,-4.96453
11.83622,1.11001,-8.48415,-4.30014
11.84626,0.78739,-8.68212,-3.8213
11.8563,0.5586,-8.72881,-3.74842
11.86633,0.56608,-8.64022,-4.07284
11.87637,0.77153,-8.45856,-4.51142
11.88641,0.96337,-8.29157,-4.82881
11.89645,0.97249,-8.34484,-4.74366
11.90649,0.92057,-8.62571,-4.19359
11.91652,0.71452,-8.73599,-3.2805
11.92656,0.62923,-8.79749,-2.84207
11.9366,0.68474,-8.71908,-3.12009
11.94664,0.83199,-8.47353,-4.03019
11.95667,1.08622,-8.21017,-4.85963
11.96671,1.2405,-8.07085,-5.23103
11.97675,1.17316,-8.06786,-5.4718
11.98679,0.86191,-8.13999,-5.44501
11.99682,0.43395,-8.12218,-5.36331
12.00686,0.063,-8.03299,-5.62652
12.0169,-0.05447,-7.76754,-6.35601
12.02694,-0.07527,-7.49355,-7.6583
12.03697,0.14979,-7.4524,-9.10679
12.04701,0.70165,-7.36142,-9.37764
12.05705,0.67307,-6.9966,-7.62598
12.06709,0.29449,-6.98164,-5.49619
12.07712,-0.13692,-7.15567,-4.29235
12.08716,-0.38816,-7.49056,-4.1707
12.0972,0.14171,-7.75272,-4.28712
12.10724,0.68908,-7.34736,-4.25674
12.11727,0.80789,-6.9559,-4.15753
12.12731,0.69911,-6.7313,-4.16711
12.13735,0.47241,-6.56071,-4.66974
12.14739,0.15862,-6.52929,-5.35314
12.15805,0.32067,-6.95905,-6.02082
12.16809,0.92536,-7.01995,-6.0084
12.17813,1.40989,-6.65738,-5.92819
12.18817,1.45508,-6.32817,-5.48362
12.1982,1.00556,-5.97368,-4.6039
12.20824,0.36377,-5.66304,-3.94056
12.21828,-0.07811,-5.79771,-3.6558
12.22832,0.25992,-6.57523,-3.2612
12.23835,0.77018,-7.17422,-2.53591
12.24839,1.10343,-6.98912,-2.61432
12.25843,1.39986,-6.30737,-2.95085
12.26847,1.27671,-5.48167,-3.05231
12.2785,1.37697,-5.07182,-2.92751
12.28854,2.13398,-5.71646,-2.48728
12.29858,2.65472,-6.90159,-1.6312
12.30862,2.40542,-7.16869,-0.84336
12.31865,1.62596,-6.71259,-0.89812
12.32869,1.15954,-6.4199,-1.0928
12.33873,1.37622,-6.28987,-0.97444
12.34877,2.63228,-6.81943,-0.65661
12.35881,3.591,-7.35738,-0.4546
12.36884,3.97692,-6.90518,-1.31337
12.37888,4.38648,-6.2345,-2.38403
12.38892,3.92455,-5.95109,-2.61252
12.39896,2.9935,-5.73381,-2.32731
12.40899,2.36562,-5.97578,-2.23065
12.41903,2.01786,-7.24919,-2.15613
12.42907,2.5802,-8.3806,-2.09268
12.43911,3.36819,-8.29381,-2.18531
12.44914,4.09259,-7.4738,-3.03914
12.45918,4.68186,-6.53213,-4.40398
12.46922,4.64864,-6.08771,-5.0983
12.47926,4.54225,-6.16447,-4.82252
12.48929,4.97276,-6.73893,-4.65074
12.49933,5.90305,-7.5775,-4.81833
12.50937,6.74147,-7.95249,-5.33204
12.51941,6.64556,-7.89398,-6.10327
12.52944,5.66289,-8.01175,-5.88525
12.53948,4.48075,-8.33751,-4.68904
12.54952,3.55554,-8.74317,-3.98889
12.55956,2.84296,-9.01701,-4.14212
12.56959,2.41889,-9.23159,-5.16295
12.57963,1.89546,-9.33305,-7.30127
12.58967,1.29631,-9.60269,-8.70906
12.59971,1.1374,-9.60239,-7.70035
12.60975,1.28209,-9.83388,-4.80397
12.61978,1.27865,-10.40056,-1.82663
12.62982,1.16358,-11.09054,-0.70225
12.63986,0.92252,-11.64869,-2.19683
12.6499,1.02621,-11.3735,-5.38995
12.65993,1.68567,-10.62217,-8.64082
12.66997,2.1253,-9.8466,-10.08527
12.68001,1.93841,-9.87084,-10.33966
12.69005,1.18558,-10.40101,-8.77101
12.70008,0.25199,-10.98071,-6.34419
12.71012,-0.20366,-11.64465,-4.59447
12.72016,-0.04295,-11.6855,-4.07927
12.7302,0.27922,-11.26472,-5.15846
12.74023,0.43335,-10.69999,-7.27688
12.75027,0.12689,-10.11939,-8.84119
12.76031,-0.54318,-10.33188,-9.42298
12.77035,-1.18573,-10.78274,-8.72193
12.78038,-1.51343,-10.9635,-7.40377
12.79042,-1.54187,-10.87057,-6.53707
12.80046,-1.30858,-10.64986,-6.37935
12.8105,-0.48303,-10.08887,-6.7292
12.82053,0.17852,-9.28501,-7.25937
12.83057,0.2062,-9.13912,-7.69377
12.84061,-0.31214,-9.3531,-7.67102
12.85065,-0.69148,-9.45515,-6.90593
12.86069,-0.58015,-9.54329,-6.00256
12.87072,-0.36616,-9.44438,-5.25168
12.88076,-0.58523,-9.1478,-5.01151
12.8908,-1.24139,-9.08136,-5.57565
12.90084,-1.91237,-9.18999,-6.50265
12.91087,-1.99362,-9.18326,-7.07771
12.92091,-1.20039,-8.78882,-7.03476
12.93095,-0.28386,-8.29516,-6.67623
12.94099,0.21832,-8.06307,-6.43068
12.95102,0.3114,-8.03614,-6.56999
12.96106,0.30825,-7.93618,-6.91251
12.9711,0.309,-7.77607,-7.03761
12.98114,0.08739,-7.77921,-7.05556
12.99117,-0.47585,-8.03988,-6.80103
13.00121,-1.19306,-8.3607,-6.53228
13.01125,-1.6086,-8.54057,-6.44669
13.02129,-1.60831,-8.50974,-6.36708
13.03132,-1.26145,-8.3423,-6.3156
13.04136,-0.62803,-7.99334,-6.2562
13.0514,-0.00973,-7.64708,-6.2755
13.06144,0.36676,-7.40706,-6.3382
13.07148,0.53914,-7.19383,-6.38818
13.08151,0.57311,-7.07472,-6.19619
13.09155,0.26007,-7.1621,-6.0901
13.10159,-0.48782,-7.36486,-6.88363
13.11163,-0.9074,-7.40601,-7.41798
13.12166,-0.71751,-7.32012,-7.16091
13.1317,-0.14754,-7.16195,-6.73953
13.14174,0.36227,-6.98568,-6.3982
13.15178,0.58763,-6.87121,-6.29286
13.16181,0.47929,-6.86073,-6.38893
13.17185,0.15667,-6.9981,-6.77125
13.18189,-0.2252,-7.16091,-7.32895
13.19193,-0.41644,-7.16001,-7.62329
13.20196,-0.34462,-7.08295,-7.35798
13.212,-0.28521,-7.12455,-6.89336
13.22204,-0.27144,-7.18874,-6.75195
13.23208,-0.19812,-7.15073,-6.83066
13.24211,-0.09113,-7.06514,-6.94498
13.25215,0.082,-6.96174,-6.94184
13.26219,0.23418,-6.80013,-6.85325
13.27223,-0.02664,-6.7913,-7.06888
13.28227,-0.46762,-7.03581,-7.50433
13.2923,-0.60843,-7.0412,-7.36816
13.30234,-0.4555,-6.98778,-7.02115
13.31238,-0.27818,-6.94303,-6.88303
13.32242,-0.25244,-6.9366,-6.78023
13.33245,-0.21024,-6.9161,-6.86762
13.34249,-0.1438,-6.80701,-6.84143
13.35253,-0.1866,-6.7521,-6.70915
13.36257,-0.32621,-6.86298,-6.75105
13.3726,-0.40926,-6.85161,-7.00633
13.38264,-0.36541,-6.80163,-7.06798
13.39268,-0.26142,-6.78906,-6.87525
13.40272,-0.34791,-6.80821,-6.79968
13.41275,-0.52643,-6.88902,-6.9381
13.42279,-0.56832,-6.82856,-7.04973
13.43283,-0.4763,-6.79564,-7.05691
13.44287,-0.25064,-6.71259,-7.06349
13.4529,-0.03008,-6.62131,-7.02578
13.46294,0.0606,-6.63688,-7.00199
13.47298,-0.0404,-6.68252,-7.07352
13.48302,-0.16116,-6.731,-7.43145
13.49305,-0.26321,-6.80716,-7.72908
13.50309,-0.31544,-7.02788,-7.60443
13.51313,-0.34611,-7.245,-7.43534
13.52317,-0.27324,-7.25802,-7.52168
13.53321,0.00554,-7.18859,-7.65157
13.54324,0.2252,-7.19263,-7.68599
13.55328,0.3916,-7.20236,-7.77278
13.56332,0.42961,-7.30022,-7.87169
13.57335,0.35434,-7.42352,-7.94022
13.58339,0.12869,-7.63107,-8.00247
13.59343,-0.0018,-7.86121,-8.26823
13.60347,0.09203,-7.82979,-8.39287
13.61351,0.25453,-7.68958,-8.22767
13.62354,0.42781,-7.58797,-7.97389
13.63358,0.5767,-7.5163,-7.64947
13.64362,0.59571,-7.3719,-7.40736
13.65366,0.05552,-7.39195,-7.70679
13.66369,-0.74699,-7.89727,-8.67853
13.67373,-0.87314,-8.11993,-8.8575
13.68377,-0.4338,-8.19954,-7.80136
13.69381,0.12734,-8.27765,-6.42768
13.70384,0.61711,-8.32554,-5.81043
13.71388,0.9291,-8.27556,-6.05479
13.72392,0.97818,-8.20119,-6.55143
13.73396,0.81837,-8.10347,-7.37968
13.744,0.53525,-8.04437,-8.3402
13.75403,0.3301,-8.06322,-8.47757
13.76407,0.09756,-7.99214,-8.28065
13.77411,-0.36556,-7.99648,-8.16498
13.78414,-0.74385,-8.01429,-8.07714
13.79418,-0.87987,-8.09674,-8.25925
13.80422,-0.71213,-8.43043,-7.88889
13.81426,-0.28521,-8.6281,-7.30351
13.8243,0.14979,-8.48565,-7.11901
13.83433,0.26725,-8.1952,-7.16779
13.84437,0.13602,-7.90805,-7.15507
13.85441,0.00643,-7.75198,-7.25593
13.86445,0.00269,-7.59979,-7.42681
13.87448,-0.01272,-7.39,-8.18099
13.88452,-0.25783,-7.23662,-9.44752
13.89456,-0.60349,-7.60129,-10.16054
13.9046,-0.88406,-8.20388,-9.9717
13.91463,-1.06931,-8.64621,-9.206
13.92467,-1.07081,-8.82922,-8.05978
13.93471,-0.89618,-8.84538,-7.21328
13.94475,-0.57296,-8.82024,-6.59692
13.95478,-0.29868,-8.92259,-5.97428
13.96482,-0.07033,-9.13463,-5.38785
13.97486,0.14694,-9.47026,-5.15053
13.9849,0.2903,-9.74859,-5.16923
13.99494,0.13063,-9.70295,-5.58986
14.00497,-0.46986,-9.63202,-6.90682
14.01501,-0.85608,-9.64968,-8.26269
14.02505,-0.75268,-9.62783,-8.74976
14.03509,-0.32905,-9.58145,-8.59952
14.04512,0.2044,-9.75413,-7.82275
14.05516,0.62758,-10.06986,-6.66965
14.0652,0.90231,-10.09859,-5.75431
14.07524,0.97653,-9.77837,-5.21487
14.08527,0.80655,-9.41969,-5.06149
14.09531,0.73637,-9.46967,-4.91949
14.10535,1.02681,-9.48613,-4.7275
14.11539,1.62866,-9.1243,-4.82087
14.12542,2.07622,-8.59189,-5.39099
14.13546,1.65754,-7.87662,-6.17509
14.1455,0.58194,-7.38955,-6.54171
14.15554,-0.31753,-7.25533,-5.92774
14.16557,-0.8245,-7.19547,-4.97605
14.17561,-1.16283,-6.87151,-4.16786
14.18565,-0.98701,-6.44639,-3.80035
14.19569,-0.4953,-5.93059,-3.49449
14.20573,-0.11208,-5.2421,-3.07999
14.21576,0.38472,-4.51127,-2.85823
14.2258,0.80999,-3.93367,-3.1789
14.23584,1.12797,-3.69844,-3.69216
14.24588,1.16433,-3.60193,-4.39665
14.25591,0.01676,-3.63649,-5.1185
14.26595,-1.50565,-4.26003,-5.20589
14.27599,-2.42533,-4.69967,-4.98188
14.28603,-2.54145,-4.70281,-4.65612
14.29606,-2.02579,-4.74112,-4.23534
14.3061,-1.18498,-4.62769,-3.98335
14.31614,-0.60992,-4.32034,-4.01612
14.32618,-0.35524,-4.41221,-4.24178
14.33621,-0.25393,-4.61812,-4.56918
14.34625,-0.39115,-4.87684,-4.77494
14.35629,-0.53241,-5.35074,-4.75608
14.36633,-0.66813,-5.68114,-4.74636
14.37636,-0.90231,-5.95453,-4.58011
14.3864,-1.11824,-6.35975,-4.26826
14.39644,-1.12677,-6.59169,-3.92544
14.40648,-1.00152,-6.55667,-3.66822
14.41652,-0.71706,-6.52674,-3.64906
14.42655,-0.30107,-6.60051,-3.78404
14.43659,0.02589,-6.78936,-3.95043
14.44663,0.12375,-7.03342,-4.16412
14.45667,-0.08065,-7.29064,-4.12326
14.4667,-0.44816,-7.64543,-3.95612
14.47674,-0.84216,-7.90101,-4.03169
14.48678,-1.10807,-7.96701,-4.12895
14.49682,-1.06437,-8.10632,-4.09678
14.50685,-0.89364,-8.28244,-4.12371
14.51689,-0.76405,-8.30833,-4.13419
14.52693,-0.58254,-8.28439,-4.49032
14.53697,-0.49874,-8.24159,-4.90482
14.54701,-0.42602,-8.3001,-5.07855
14.55704,-0.44652,-8.37971,-5.07541
14.56708,-0.58523,-8.43567,-5.0582
14.57712,-0.73936,-8.46051,-5.00403
14.58716,-0.71676,-8.41712,-5.00523
14.59719,-0.6403,-8.43103,-4.99969
14.60723,-0.54708,-8.40529,-5.1001
14.61727,-0.31229,-8.22393,-5.24929
14.62731,-0.11986,-8.05469,-5.37394
14.63734,-0.15532,-8.1144,-5.41254
14.64738,-0.31514,-8.23501,-5.60961
14.65742,-0.55231,-8.38494,-5.93119
14.66746,-0.64,-8.43103,-5.9475
14.67749,-0.54648,-8.28903,-5.67605
14.68753,-0.44532,-8.11784,-5.4926
14.69757,-0.41988,-8.08731,-5.41209
14.70761,-0.54333,-8.23381,-5.39503
14.71764,-0.61935,-8.32898,-5.47808
14.72768,-0.69581,-8.37596,-5.5936
14.73772,-0.79278,-8.3815,-5.63011
14.74776,-0.76151,-8.26164,-5.75401
14.7578,-0.7443,-8.17455,-5.79232
14.76783,-0.74445,-8.1961,-5.5523
14.77787,-0.68295,-8.20388,-5.27458
14.78791,-0.6207,-8.13475,-5.08484
14.79795,-0.61696,-8.06307,-5.1182
14.80798,-0.66289,-7.93962,-5.20963
14.81802,-0.80505,-7.84849,-5.14693
14.82806,-0.94571,-7.87962,-4.94852
14.8381,-0.95888,-7.85208,-4.72421
14.84813,-1.00272,-7.81452,-4.52549
14.85817,-1.04312,-7.79343,-4.34757
14.86821,-1.0533,-7.59022,-4.37391
14.87825,-1.0111,-7.3074,-4.3751
14.88828,-0.98866,-7.059,-4.20302
14.89832,-1.09894,-6.83245,-3.93293
14.90836,-1.31307,-6.64675,-3.52636
14.9184,-1.63449,-6.41347,-3.18534
14.92843,-2.05587,-6.28119,-2.9537
14.93847,-2.37011,-6.08666,-2.69752
14.94851,-2.415,-5.65885,-2.28048
14.95855,-2.32193,-5.23193,-1.7979
14.96859,-2.23244,-4.98637,-1.41707
14.97862,-2.19503,-4.77,-1.22703
14.98866,-2.19204,-4.4812,-1.15071
14.9987,-2.04016,-4.39605,-1.02292
15.00874,-1.74193,-4.3371,-0.93314
15.01877,-1.51972,-4.1065,-1.00272
15.02881,-1.42679,-3.91272,-1.14637
15.03885,-1.44864,-3.66867,-1.34135
15.04889,-1.23511,-3.35143,-1.39477
15.05892,-1.14278,-2.92422,-1.25426
15.06896,-1.15595,-2.53726,-1.21625
15.079,-1.10448,-2.33195,-1.34345
15.08904,-1.07829,-2.34826,-1.71305
15.09907,-0.97249,-2.65622,-2.59846
15.10911,-0.95229,-3.14643,-3.41623
15.11915,-1.03714,-3.28918,-3.74244
15.12919,-1.06108,-3.25177,-3.84988
15.13922,-1.04806,-3.05979,-3.86035
15.14926,-0.65661,-2.7671,-4.02869
15.1593,0.02005,-2.83997,-4.59597
15.16934,0.81478,-2.97061,-5.59734
15.17938,1.63045,-2.90117,-7.30875
15.18941,2.01861,-2.92556,-9.34277
15.19945,2.08236,-2.99664,-11.09234
15.20949,1.89067,-3.23457,-12.30919
15.21953,1.85685,-3.41039,-12.64288
15.22956,2.11947,-3.8207,-12.87078
15.2396,2.29005,-4.02405,-13.76247
15.24964,2.59202,-3.7565,-15.50814
15.25968,2.97524,-3.59983,-17.60397
15.26971,3.36131,-3.57484,-19.7366
15.27975,3.56946,-3.60537,-21.43304
15.28979,3.39333,-4.18566,-22.37651
15.29983,2.90013,-4.81504,-22.57822
15.30986,2.43281,-5.21906,-21.99418
15.3199,2.19488,-5.85741,-20.82028
15.32994,2.1075,-6.56715,-19.91407
15.33998,1.91566,-6.89934,-19.59011
15.35001,1.88558,-6.93495,-19.69575
15.36005,2.1078,-6.89336,-19.84075
15.37009,2.13892,-6.88991,-19.97453
15.38013,1.93751,-7.00259,-19.97063
15.39017,1.61923,-7.16734,-19.43748
15.4002,1.24708,-7.39494,-18.94412
15.41024,0.93,-7.57645,-18.84012
15.42028,0.76914,-7.55281,-18.70575
15.43032,0.53002,-7.3707,-18.47845
15.44035,0.26456,-7.31937,-18.06276
15.45039,-0.01706,-7.29633,-17.34719
15.46043,-0.2484,-7.03012,-16.72739
15.47047,-0.29808,-6.68715,-16.19722
15.4805,-0.58553,-5.64418,-15.55004
15.49117,-0.58553,-5.64418,-15.55004
15.50121,-0.97549,-5.49394,-15.10247
15.51124,-1.15146,-5.60737,-14.19343
15.52128,-0.95768,-5.5104,-13.16946
15.53132,-0.48857,-5.12838,-12.34645
15.54136,-0.01167,-4.7049,-11.61936
15.55139,0.31454,-4.34518,-11.44788
15.56143,0.48842,-3.91751,-11.76077
15.57147,0.44652,-3.55659,-11.74476
15.58151,0.3316,-3.38959,-10.8402
15.59154,0.14305,-3.36311,-9.47116
15.60158,0.00643,-3.2407,-8.238
15.61162,0.07617,-3.10034,-7.27538
15.62166,0.36018,-3.08238,-6.40254
15.63169,0.62713,-2.78146,-5.70972
15.64173,0.722,-2.30816,-5.04623
15.65177,0.79188,-2.15119,-4.35804
15.66181,0.77797,-1.9818,-3.67016
15.67185,0.51326,-1.6921,-3.06787
15.68188,0.23553,-1.63045,-2.74181
15.69192,0.25723,-1.56581,-2.38088
15.70196,0.64973,-1.48366,-1.97776
15.712,1.14637,-1.4039,-1.42934
15.72203,1.40285,-1.45223,-0.7434
15.73207,1.47752,-1.64287,0.29718
15.74211,1.49398,-1.82782,1.28479
15.75215,1.52017,-2.10121,1.96325
15.76218,1.53304,-2.56823,2.18531
15.77222,1.30738,-3.02268,2.01801
15.78226,1.17211,-3.44855,1.26055
15.7923,1.31696,-3.61509,0.32441
15.80233,1.47124,-3.51843,-0.32322
15.81237,1.57673,-3.32106,-0.67367
15.82241,1.68791,-3.21481,-0.76495
15.83245,1.79834,-3.13835,-0.6186
15.84248,1.77096,-3.07251,-0.51969
15.85252,1.50924,-3.20224,-0.50937
15.86256,1.25546,-3.42356,-1.01559
15.8726,1.17855,-3.49538,-1.59753
15.88264,1.08368,-3.62736,-1.96205
15.89267,0.9086,-3.95283,-2.21449
15.90271,0.63162,-4.499,-2.2923
15.91275,0.15682,-4.66705,-2.27105
15.92279,-0.3907,-4.49437,-2.40617
15.93282,-0.83498,-4.25031,-2.94846
15.94286,-1.12662,-3.88504,-3.63604
15.9529,-1.25875,-3.5711,-4.14766
15.96294,-1.29107,-3.55434,-4.01553
15.97297,-1.48979,-3.57963,-2.97734
15.98301,-1.69285,-3.55509,-1.9188
15.99305,-1.47243,-3.65056,-1.58661
16.00309,-0.89244,-3.71864,-1.88274
16.01312,-0.04654,-3.43358,-2.3327
16.02316,0.54049,-3.10603,-2.73148
16.0332,0.72888,-2.82291,-3.23023
16.04324,0.56623,-2.59068,-3.93756
16.05327,0.34462,-2.98063,-4.69862
16.06331,0.12599,-3.5105,-5.33054
16.07335,-0.09966,-3.77551,-5.63026
16.08339,-0.56982,-4.18312,-5.85697
16.09343,-1.06033,-4.66301,-6.13454
16.10346,-1.17735,-4.83733,-6.36379
16.1135,-0.53989,-4.73528,-6.60246
16.12354,0.07227,-4.61782,-7.21927
16.13358,0.17792,-4.66989,-8.68048
16.14361,-0.28865,-4.89584,-10.55409
16.15365,-0.64015,-5.09351,-12.1998
16.16432,-0.45176,-5.00628,-13.20088
16.17435,-0.09966,-5.00702,-13.16886
16.18439,0.23553,-5.18285,-12.97657
16.19443,0.31948,-5.5342,-12.80015
16.20447,0.34192,-5.95902,-12.59245
16.2145,0.35644,-6.14547,-12.27597
16.22454,0.59331,-6.32907,-12.26564
16.23458,0.92611,-6.45986,-13.21375
16.24462,0.90665,-6.53991,-14.4122
16.25465,0.41659,-6.75823,-15.04696
16.26469,-0.10609,-6.98314,-15.21755
16.27473,-0.36751,-7.0177,-15.38379
16.28477,-0.49156,-6.91206,-15.70566
16.29481,-0.56189,-6.88677,-15.88673
16.30484,-0.56458,-6.92658,-15.49976
16.31488,-0.69761,-6.94019,-14.81098
16.32492,-0.98102,-6.9556,-14.46921
16.33496,-1.24498,-6.86492,-14.40606
16.34499,-1.46091,-6.77335,-14.09826
16.35503,-1.52511,-6.75883,-13.51931
16.36507,-1.72442,-6.84502,-13.00426
16.37511,-2.15538,-6.94124,-12.54696
16.38514,-2.74196,-7.15657,-11.97864
16.39518,-3.12024,-7.44881,-11.56459
16.40522,-3.1192,-7.38671,-11.5827
16.41526,-2.87753,-7.08878,-11.93988
16.42529,-2.81768,-6.99391,-12.48561
16.43533,-3.01041,-7.04629,-12.58123
16.44537,-3.28514,-7.08235,-12.33403
16.45541,-3.61764,-7.11587,-11.97565
16.46544,-3.84763,-7.23857,-11.70944
16.47548,-3.77266,-7.19592,-11.77872
16.48552,-3.57065,-7.04883,-11.91011
16.49556,-3.5087,-6.97745,-11.76092
16.5056,-3.49404,-6.97655,-11.71333
16.51563,-3.53205,-7.06634,-11.71288
16.52567,-3.55135,-7.23752,-11.7072
16.53571,-3.52486,-7.31339,-11.51177
16.54575,-3.50406,-7.3716,-11.36647
16.55578,-3.41967,-7.45899,-11.30632
16.56582,-3.28694,-7.59979,-11.36273
16.57586,-3.19372,-7.91358,-11.55921
16.5859,-3.05515,-8.26284,-11.59796
16.59593,-2.97225,-8.67838,-11.54005
16.60597,-2.95968,-9.15543,-11.22536
16.61601,-2.97899,-9.64714,-10.97996
16.62605,-2.98527,-10.14184,-10.85576
16.63608,-2.9525,-10.37213,-10.66796
16.64612,-2.88112,-10.21112,-10.99791
16.65616,-3.06592,-9.85109,-11.32577
16.6662,-3.35398,-9.4149,-11.37276
16.67623,-3.7559,-8.9208,-10.95931
16.68627,-4.36239,-8.48415,-10.49199
16.69631,-4.24342,-7.56029,-10.30449
16.70635,-3.20584,-6.18617,-10.45473
16.71639,-1.84728,-4.89973,-11.13289
16.72642,-0.85742,-3.90674,-11.81299
16.73646,-0.23149,-3.16184,-11.84337
16.7465,0.05297,-2.53426,-11.32113
16.75654,-0.22476,-2.06305,-10.24374
16.76657,-0.59631,-1.90294,-8.69484
16.77661,-0.65422,-1.82663,-7.09028
16.78665,-0.59376,-1.86793,-5.69521
16.79669,-0.00389,-1.99706,-4.67288
16.80672,1.3195,-1.61264,-4.13568
16.81676,2.83578,-0.68295,-4.05204
16.8268,3.76458,-0.00883,-4.5427
16.83684,3.85586,-0.19602,-5.40805
16.84687,3.37642,-0.90501,-6.10327
16.85691,2.72819,-1.57509,-6.10821
16.86695,1.90309,-2.05123,-5.48916
16.87699,1.1365,-2.58873,-4.77733
16.88702,0.77452,-3.04348,-4.27455
16.89706,0.9683,-3.23038,-3.97707
16.9071,1.48695,-3.24848,-3.86888
16.91714,1.67489,-3.18623,-3.64143
16.92717,1.45089,-3.37463,-3.3046
16.93721,1.13844,-3.93038,-3.21556
16.94725,0.89917,-4.47446,-3.45872
16.95729,0.92416,-4.88911,-3.79885
16.96733,1.12468,-5.11566,-3.93158
16.97736,1.32429,-5.21547,-4.11189
16.9874,1.48366,-5.39758,-4.37256
16.99744,1.67594,-5.57984,-4.24776
17.00748,1.89037,-5.7184,-3.95732
17.01751,1.81226,-5.94959,-3.63589
17.02755,1.40704,-6.30857,-3.47488
17.03759,1.18513,-6.52779,-3.4882
17.04763,1.07275,-6.6671,-3.47862
17.05766,1.34345,-6.80357,-3.7966
17.0677,1.76348,-6.84472,-4.4173
17.07774,1.81525,-6.89904,-5.0395
17.08778,1.68118,-6.90742,-5.33039
17.09781,1.63285,-6.90039,-5.03052
17.10785,1.36769,-7.03835,-4.71523
17.11789,0.95888,-7.2486,-4.66555
17.12793,0.75328,-7.47799,-4.91934
17.13796,0.77408,-7.55042,-5.40521
17.148,1.11794,-7.37474,-5.93642
17.15804,1.43712,-7.32207,-6.26159
17.16808,1.47827,-7.30755,-6.16657
17.17812,1.31502,-7.35274,-5.70553
17.18815,1.01604,-7.54144,-5.20125
17.19819,0.92745,-7.60159,-5.08947
17.20823,1.12976,-7.5151,-5.36795
17.21827,1.37801,-7.45165,-5.62937
17.2283,1.40465,-7.44387,-5.45848
17.23834,1.07904,-7.63047,-5.07271
17.24838,0.55755,-7.95638,-4.688
17.25842,0.2704,-8.08941,-4.32453
17.26845,0.38621,-7.99753,-4.24267
17.27849,0.63656,-7.81812,-4.62261
17.28853,0.93509,-7.617,-5.36152
17.29857,1.03684,-7.69571,-5.83991
17.3086,1.04716,-7.8232,-5.92116
17.31864,0.96875,-7.78101,-5.69371
17.32868,0.73233,-7.80166,-5.41
17.33872,0.49096,-7.84834,-5.17192
17.34876,0.37813,-7.89398,-5.21756
17.35879,0.24331,-8.07998,-5.57699
17.36883,0.17343,-8.16363,-5.82165
17.37887,0.14545,-8.12457,-5.93463
17.38891,0.13752,-8.06651,-5.98999
17.39894,0.16685,-8.00905,-5.83632
17.40898,0.23433,-8.06247,-5.64687
17.41902,0.25588,-8.09285,-5.57161
17.42906,0.33938,-8.11156,-5.60438
17.43909,0.39848,-8.12368,-5.60019
17.44913,0.33773,-8.11754,-5.49469
17.45917,0.23643,-8.17246,-5.38486
17.46921,0.04923,-8.20373,-5.20724
17.47924,0.0603,-8.23426,-5.06149
17.48928,0.19004,-8.24877,-5.08394
17.49932,0.26037,-8.17844,-5.17761
17.50936,0.34626,-8.10018,-5.42466
17.51939,0.38158,-7.93603,-5.4076
17.52943,0.45999,-7.88695,-5.37094
17.53947,0.41869,-8.03644,-5.34595
17.54951,0.28446,-8.28783,-5.19751
17.55955,0.2276,-8.28379,-4.99236
17.56958,0.17418,-8.19026,-4.86217
17.57962,0.15517,-8.03883,-4.86128
17.58966,0.19842,-7.91254,-5.13766
17.5997,0.25364,-7.94501,-5.46566
17.60973,0.31843,-8.03674,-5.80519
17.61977,0.25558,-8.10781,-5.88001
17.62981,0.21024,-8.08537,-5.58373
17.63985,0.13348,-8.06711,-5.19317
17.64988,0.00329,-8.10647,-4.92787
17.65992,-0.10549,-8.07579,-5.15382
17.66996,-0.1878,-7.98795,-5.45339
17.68,-0.13946,-7.97224,-5.66468
17.69003,-0.02125,-7.8862,-5.81791
17.70007,0.00703,-7.74449,-5.75042
17.71011,0.04549,-7.53829,-5.68593
17.72015,0.03576,-7.31399,-5.75282
17.73018,0.1227,-7.38566,-5.91368
17.74022,0.19423,-7.5552,-6.05778
17.75026,0.17253,-7.6788,-5.90081
17.7603,-0.03921,-7.73477,-5.37229
17.77034,-0.09936,-7.65307,-4.72017
17.78037,0.01841,-7.47649,-4.34742
17.79041,0.1025,-7.3686,-4.45591
17.80045,0.21982,-7.41724,-4.80441
17.81049,0.37724,-7.54413,-5.26186
17.82052,0.31319,-7.69033,-5.53031
17.83056,0.01003,-7.80151,-5.21128
17.8406,-0.19797,-7.74913,-4.60465
17.85064,-0.19962,-7.47799,-4.39306
17.86067,-0.07048,-7.14579,-4.62949
17.87071,0.11791,-6.95336,-5.2035
17.88075,0.17104,-6.83604,-5.81746
17.89079,0.14799,-6.75988,-6.25725
17.90082,0.10325,-6.75419,-6.36349
17.91086,-0.12599,-6.52076,-6.20637
17.9209,-0.38532,-6.02217,-6.12287
17.93094,-0.54333,-5.53165,-6.43502
17.94098,-0.3705,-5.06568,-7.1627
17.95101,-0.05177,-4.84212,-7.81542
17.96105,0.56698,-5.04952,-7.90221
17.97109,0.92745,-5.32994,-7.30501
17.98113,0.62608,-5.44412,-6.73624
17.99116,0.09517,-5.43903,-6.36513
18.0012,-0.25798,-5.29433,-5.67396
18.01124,-0.3491,-5.28041,-5.02558
18.02128,-0.03277,-5.89153,-4.88312
18.03131,0.15892,-6.4428,-5.49739
18.04135,0.10699,-6.40853,-6.56146
18.05139,0.12824,-6.24228,-7.48697
18.06143,0.3497,-6.00062,-7.49864
18.07146,0.40163,-5.83287,-5.97892
18.0815,-0.23598,-5.86774,-4.57083
18.09154,-0.8664,-6.26667,-4.49227
18.10158,-0.88496,-7.11856,-5.05371
18.11161,-0.23852,-7.16151,-5.48317
18.12165,0.52253,-6.68566,-6.42469
18.13169,0.85204,-6.67698,-7.60668
18.14173,0.88152,-6.70451,-8.53353
18.15177,1.18244,-6.82722,-8.14672
18.1618,1.97462,-6.99825,-6.14113
18.17184,2.48563,-6.95201,-4.23145
18.18188,2.727,-7.3719,-3.29248
18.19192,2.8497,-8.26479,-3.47878
18.20195,2.32851,-8.82398,-4.01552
18.21199,1.83201,-9.13178,-4.59836
18.22203,1.84024,-9.21573,-4.63981
18.23207,1.96399,-8.98604,-4.21873
18.2421,2.22616,-8.68931,-3.50571
18.25214,2.15433,-8.54191,-2.89354
18.26218,1.28374,-8.70831,-2.27748
18.27222,0.23673,-9.18131,-1.70826
18.28225,-0.67352,-9.55271,-1.17436
18.29229,-1.0527,-9.704,-1.28284
18.30233,-0.86251,-9.54733,-2.17169
18.31237,-0.52747,-9.05517,-3.21362
18.32241,0.09577,-8.80303,-3.7348
18.33244,0.49979,-8.47757,-4.05653
18.34248,0.06524,-8.3206,-4.14526
18.35252,-0.75298,-8.67778,-4.20437
18.36256,-1.74118,-8.88623,-4.09319
18.37259,-2.51017,-9.07747,-3.4264
18.38263,-2.15733,-9.00414,-2.89983
18.39267,-1.24124,-8.37611,-3.17307
18.40271,-0.82989,-7.73911,-4.05802
18.41274,-0.39759,-7.63421,-4.83329
18.42278,-0.14455,-7.73372,-5.06314
18.43282,-0.2704,-7.65232,-4.74037
18.44286,-0.55201,-7.65082,-3.94579
18.45289,-0.6611,-7.888,-3.32764
18.46293,-0.55082,-8.13624,-3.27632
18.47297,-0.39415,-8.26823,-3.82788
18.48301,-0.22296,-8.18937,-4.53252
18.49304,-0.14186,-8.23276,-4.99984
18.50308,-0.44831,-8.23141,-5.31438
18.51312,-1.71081,-8.19026,-5.64014
18.52316,-3.55374,-9.1029,-5.65525
18.5332,-4.46608,-10.09051,-5.28625
18.54323,-4.13329,-10.10398,-4.32737
18.55327,-3.36236,-9.96601,-2.93394
18.56331,-2.77817,-9.81084,-2.65741
18.57335,-2.57586,-9.43405,-3.69934
18.58338,-2.8702,-9.28112,-5.48542
18.59342,-3.68153,-9.55541,-6.69134
18.60346,-4.33425,-9.71268,-6.97341
18.6135,-4.57188,-9.8255,-7.24037
18.62353,-4.45112,-9.69891,-7.28645
18.63357,-4.14122,-9.46308,-6.87495
18.64361,-3.54327,-9.37225,-6.42379
18.65365,-2.89848,-9.17847,-6.43352
18.66368,-2.42697,-8.77265,-6.1335
18.67372,-2.21299,-8.50271,-5.1604
18.68376,-2.30292,-8.60686,-4.75249
18.6938,-2.34273,-8.49358,-5.03351
18.70384,-2.20222,-8.1563,-5.97503
18.71387,-1.53274,-7.57047,-6.53722
18.72391,-0.71871,-6.97446,-6.81914
18.73395,-0.30736,-6.54754,-6.72367
18.74399,-0.58,-6.64077,-6.48574
18.75402,-0.95978,-6.85894,-7.06379
18.76406,-1.33896,-6.82737,-8.21047
18.7741,-1.51134,-6.83141,-9.61631
18.78414,-1.27581,-6.47168,-10.53374
18.79417,-0.89992,-6.29825,-10.90334
18.80421,-0.44113,-6.33221,-10.51578
18.81425,-0.11432,-6.29705,-9.43465
18.82429,0.17178,-6.16731,-8.81321
18.83432,0.25019,-6.08786,-9.26721
18.84436,-0.1863,-6.12018,-10.33128
18.8544,-1.20129,-6.5037,-11.40433
18.86444,-2.34826,-7.1844,-11.91669
18.87447,-2.77907,-7.50986,-11.55561
18.88451,-2.27763,-7.30755,-10.52267
18.89455,-1.4434,-7.10794,-9.61556
18.90459,-0.74265,-6.90338,-9.31853
18.91463,-0.3087,-6.4627,-9.38467
18.92466,-0.11806,-6.12975,-9.65207
18.9347,-0.16535,-5.94899,-9.69846
18.94474,-0.71272,-6.10207,-9.74709
18.95478,-1.22164,-6.34119,-9.77149
18.96481,-1.12632,-6.18437,-9.76475
18.97485,-0.76674,-5.92191,-9.63546
18.98489,-0.42647,-5.76015,-9.28816
18.99493,-0.17867,-5.6349,-8.90613
19.00496,-0.08185,-5.62413,-8.71011
19.015,-0.01272,-5.53629,-8.71849
19.02504,-0.04744,-5.4284,-8.5901
19.03508,-0.227,-5.51504,-8.32299
19.04511,-0.28356,-5.60168,-8.06307
19.05515,-0.16535,-5.57879,-7.90012
19.06519,0.07811,-5.44397,-7.86615
19.07523,0.11971,-5.32171,-7.88845
19.08527,-0.07078,-5.43454,-8.09973
19.0953,-0.1034,-5.48601,-8.2389
19.10534,0.10086,-5.34835,-8.19056
19.11538,0.35898,-5.20918,-8.04093
19.12542,0.45774,-5.17911,-8.04467
19.13545,0.18361,-5.32007,-8.0529
19.14549,-0.05417,-5.4715,-8.08342
19.15553,-0.03292,-5.49005,-8.27451
19.16557,0.1444,-5.4094,-8.37776
19.1756,0.3319,-5.25856,-8.28334
19.18564,0.16984,-5.2644,-8.28558
19.19568,-0.06015,-5.49978,-8.25715
19.20572,0.02185,-5.47285,-8.24847
19.21575,0.24675,-5.33458,-8.20852
19.22579,0.45984,-5.22056,-8.25685
19.23583,0.48468,-5.19856,-8.27631
19.24587,0.44412,-5.19347,-8.03823
19.2559,0.41375,-5.26485,-7.82186
19.26594,0.42572,-5.25677,-7.7213
19.27598,0.3491,-5.20739,-7.56852
19.28602,0.11911,-5.39623,-7.7611
19.29606,-0.03008,-5.51863,-8.19909
19.30609,-0.11118,-5.47015,-8.43148
19.31613,-0.0395,-5.48302,-8.54925
19.32617,0.14799,-5.43858,-8.3833
19.33621,0.29075,-5.38411,-8.17395
19.34624,0.17762,-5.46776,-7.93798
19.35628,-0.06584,-5.62607,-7.89907
19.36632,-0.15966,-5.65241,-8.09135
19.37636,-0.07467,-5.58238,-8.14044
19.38639,0.01826,-5.57146,-7.96117
19.39643,0.02484,-5.63296,-7.77741
19.40647,-0.02484,-5.67875,-7.65621
19.41651,-0.04085,-5.65929,-7.7427
19.42654,0.0847,-5.59271,-7.99304
19.43658,0.18869,-5.52148,-8.18054
19.44662,0.11522,-5.51654,-8.08851
19.45666,0.06255,-5.55574,-7.88022
19.46669,0.08844,-5.55215,-7.96117
19.47673,0.11986,-5.54916,-8.12308
19.4874,0.26935,-5.41434,-8.30923
19.49743,0.44353,-5.3066,-8.32569
19.50747,0.55037,-5.183,-8.33062
19.51751,0.40926,-5.16654,-8.26658
19.52755,0.16789,-5.33967,-8.1955
19.53758,0.10819,-5.37603,-8.34708
19.54762,0.04654,-5.34865,-8.54087
19.55766,-0.01272,-5.3283,-8.6513
19.5677,0.01137,-5.31677,-8.56181
19.57774,0.11088,-5.28056,-8.35127
19.58777,0.1426,-5.25782,-8.216
19.59781,0.03307,-5.30809,-8.18637
19.60785,-0.15323,-5.39174,-8.10333
19.61789,-0.22416,-5.47973,-7.79881
19.62792,-0.06479,-5.47748,-7.55745
19.63796,0.11043,-5.37019,-7.58797
19.648,0.21263,-5.29777,-7.71442
19.65804,0.18211,-5.27443,-7.76859
19.66807,0.03127,-5.31124,-7.76589
19.67811,-0.02963,-5.46162,-7.75631
19.68815,0.01287,-5.49544,-7.64334
19.69819,0.13512,-5.39698,-7.68524
19.70822,0.18974,-5.38157,-7.90476
19.71826,0.15817,-5.40731,-8.14403
19.7283,0.1649,-5.38022,-8.16049
19.73834,0.29254,-5.31827,-8.05694
19.74838,0.42048,-5.21801,-8.03584
19.75841,0.47091,-5.14424,-8.14388
19.76845,0.29269,-5.20874,-8.25685
19.77849,0.08888,-5.33458,-8.28319
19.78852,0.06868,-5.3042,-8.1759
19.79856,0.11462,-5.3042,-8.1135
19.8086,0.05507,-5.39129,-8.15181
19.81864,-0.14275,-5.51504,-8.26104
19.82868,-0.30766,-5.6355,-8.22154
19.83871,-0.23762,-5.59271,-8.14058
19.84875,-0.06479,-5.46252,-8.22528
19.85879,0.04025,-5.38501,-8.3197
19.86883,-0.01122,-5.39863,-8.31686
19.87886,-0.27608,-5.46372,-8.30249
19.8889,-0.5182,-5.6976,-8.19535
19.89894,-0.48917,-5.80235,-7.97479
19.90898,-0.2882,-5.67097,-7.91119
19.91902,-0.11477,-5.54258,-7.97075
19.92905,-0.03921,-5.50681,-8.12487
19.93909,-0.08978,-5.44097,-8.27017
19.94913,-0.19378,-5.47045,-8.3417
19.95916,-0.17178,-5.5523,-8.33287
19.9692,-0.09936,-5.52088,-8.10452
19.97924,-0.07946,-5.49499,-7.95159
19.98928,-0.15562,-5.53539,-7.95369
19.99932,-0.23777,-5.58807,-8.05559
20.00935,-0.16879,-5.56816,-8.30399
20.01939,-0.00628,-5.45803,-8.43447
20.02943,0.10041,-5.33832,-8.29172
20.03947,0.0603,-5.3485,-8.11604
20.0495,-0.19049,-5.4926,-8.11156
20.05954,-0.26935,-5.57639,-8.19565
20.06958,-0.20216,-5.54168,-8.216
20.07962,-0.1447,-5.51998,-8.10407
20.08965,-0.07811,-5.48272,-8.10018
20.09969,-0.04714,-5.41479,-8.21166
20.10973,-0.06015,-5.43873,-8.27481
20.11977,-0.11432,-5.48586,-8.25102
20.1298,-0.19962,-5.44965,-8.26419
20.13984,-0.2704,-5.48302,-8.24339
20.15051,-0.38113,-5.56996,-8.19191
20.16054,-0.34297,-5.56023,-8.15046
20.17058,-0.2047,-5.50472,-8.14747
20.18062,-0.1019,-5.45639,-8.11739
20.19066,-0.11402,-5.47659,-8.10168
20.2007,-0.23688,-5.53719,-8.01713
20.21073,-0.34671,-5.54482,-7.93738
20.22077,-0.41719,-5.5939,-7.8446
20.23081,-0.44772,-5.62996,-7.75362
20.24085,-0.4956,-5.61306,-7.72878
20.25088,-0.42557,-5.5954,-7.86645
20.26092,-0.24166,-5.45788,-8.02117
20.27096,-0.12016,-5.36615,-7.97254
20.281,-0.12255,-5.38022,-7.94546
20.29103,-0.23583,-5.43663,-7.95683
20.30107,-0.46014,-5.50966,-7.99125
20.31111,-0.48348,-5.62383,-7.98885
20.32115,-0.32591,-5.54243,-7.87034
20.33118,-0.18615,-5.46417,-7.8657
20.34122,-0.16116,-5.46073,-7.90431
20.35126,-0.1842,-5.47674,-8.00307
20.3613,-0.15862,-5.43648,-8.1774
20.37133,-0.10265,-5.45833,-8.31327
20.38137,-0.13153,-5.45085,-8.2769
20.39141,-0.18061,-5.48961,-8.41696
20.40145,-0.19797,-5.53599,-8.54895
20.41149,-0.13797,-5.55275,-8.67704
20.42152,0.0187,-5.66618,-8.77999
20.43156,0.21353,-5.87343,-8.69724
20.4416,0.44667,-6.09998,-8.56481
20.45164,0.68115,-6.25844,-8.6522
20.46167,0.85772,-6.41526,-9.07073
20.47171,0.94032,-6.57268,-9.76281
20.48175,1.02472,-6.67833,-10.63295
20.49179,1.13979,-6.82542,-11.28522
20.50182,1.48455,-6.95381,-11.85908
20.51186,1.9396,-7.15926,-12.24694
20.5219,2.36038,-7.61536,-12.28989
20.53194,2.61163,-8.12008,-12.69436
20.54198,2.48219,-8.39766,-13.49133
20.55201,2.16122,-8.67689,-14.31044
20.56205,1.99048,-9.01806,-15.04277
20.57209,2.01726,-9.32048,-15.39517
20.58213,1.95382,-9.64669,-15.0715
20.59216,1.77081,-10.00088,-14.24625
20.6022,1.52436,-10.12658,-13.18876
20.61224,1.24259,-10.14468,-12.42725
20.62228,1.04716,-9.94581,-11.6846
20.63231,1.01185,-9.75877,-10.71495
20.64235,1.10163,-9.73856,-9.64773
20.65239,1.1778,-9.65237,-8.64202
20.66243,1.18438,-9.50887,-8.22289
20.67246,0.92895,-9.10305,-8.20867
20.6825,0.23688,-8.46515,-8.34753
20.69254,-0.64569,-8.11455,-7.75781
20.70258,-1.47124,-8.51573,-6.30917
20.71262,-1.82154,-9.30701,-4.58579
20.72265,-1.57553,-9.76026,-3.09645
20.73269,-1.44475,-9.87159,-2.00051
20.74273,-1.43787,-9.74201,-0.9713
20.75277,-1.31352,-9.82341,-1.30005
20.7628,-1.03878,-10.04323,-2.65622
20.77284,-0.60753,-9.37644,-3.31358
20.78288,-0.01796,-8.3812,-3.22993
20.79292,0.49605,-7.47455,-2.30726
20.80295,0.57446,-6.68865,-1.31995
20.81299,0.227,-6.12347,-1.47962
20.82303,-0.4751,-5.65436,-1.99452
20.83307,-1.27536,-5.3057,-2.65562
20.8431,-1.68597,-4.98563,-2.88696
20.85314,-1.98749,-5.00104,-2.59142
20.86318,-2.49551,-4.67767,-2.59082
20.87322,-2.74031,-4.02376,-3.03196
20.88325,-2.33928,-3.63185,-3.60552
20.89329,-1.9001,-3.2624,-3.91183
20.90333,-1.64811,-2.63437,-4.05039
20.91337,-1.22119,-2.28676,-4.0474
20.92341,-1.13919,-2.46438,-3.67405
20.93344,-1.79296,-2.75483,-3.19716
20.94348,-2.33854,-2.8479,-2.89938
20.95352,-2.60399,-2.73867,-2.8494
20.96356,-2.64589,-2.55042,-3.12937
20.97359,-2.42757,-2.28407,-3.41024
20.98363,-2.17364,-2.19054,-3.55973
20.99367,-2.10959,-2.51975,-3.29921
21.00371,-1.9812,-2.81139,-2.96746
21.01374,-1.76542,-2.66639,-3.04438
21.02378,-1.47752,-2.292,-3.16379
21.03382,-1.47423,-2.06455,-3.09944
21.04386,-2.08221,-2.11124,-2.78895
21.05389,-3.11845,-2.49371,-2.64873
21.06393,-3.94699,-2.98437,-2.53351
21.07397,-3.90689,-3.06263,-2.56075
21.08401,-3.10423,-2.61237,-2.69153
21.09404,-2.1045,-2.23559,-2.61148
21.10408,-1.31651,-2.38103,-2.22825
21.11412,-1.00556,-2.67268,-1.93676
21.12416,-1.26115,-2.84311,-1.79595
21.1342,-1.8778,-2.72864,-1.88903
21.14423,-2.56629,-2.42593,-2.14281
21.15427,-3.02058,-2.09388,-2.3544
21.16431,-3.29712,-1.97327,-2.47127
21.17435,-3.27392,-2.01682,-2.28931
21.18438,-2.92123,-2.16062,-1.99631
21.19442,-2.24456,-2.33465,-1.61983
21.20446,-1.58631,-2.26447,-1.23301
21.2145,-1.17256,-1.7768,-1.30289
21.22453,-0.9481,-1.0515,-1.92958
21.23457,-1.02547,-0.58374,-2.96432
21.24461,-1.53962,-0.9707,-4.01328
21.25465,-2.26312,-1.95217,-4.77613
21.26468,-2.84865,-2.98901,-5.32156
21.27472,-3.17411,-3.7143,-6.38354
21.28476,-3.03704,-3.58577,-8.47787
21.2948,-2.36831,-2.79239,-10.42435
21.30484,-1.24409,-1.99168,-11.44039
21.31487,-0.16894,-1.66457,-11.312
21.32491,0.26082,-1.98434,-11.31111
21.33495,0.43799,-2.75333,-12.26998
21.34499,0.33728,-3.51978,-13.76831
21.35502,-0.1028,-4.15918,-15.52146
21.36506,-0.43619,-4.21499,-17.08143
21.3751,-0.79637,-4.09917,-18.19967
21.38514,-1.3436,-4.3148,-18.85224
21.39517,-1.26204,-4.90617,-18.92467
21.40521,-0.73786,-5.78783,-18.25504
21.41525,-0.32187,-6.2782,-17.7141
21.42529,0.07317,-6.12661,-17.59663
21.43532,0.33564,-6.06706,-17.87691
21.44536,0.42856,-6.20577,-18.62794
21.4554,0.27623,-6.38773,-19.30789
21.46544,-0.30661,-6.83515,-19.37208
21.47547,-0.94182,-7.64932,-19.21227
21.48551,-1.14458,-8.00367,-18.93574
21.49555,-0.93359,-7.84984,-18.59921
21.50559,-0.51999,-7.59306,-18.29903
21.51563,-0.33953,-7.39793,-18.24142
21.52566,-0.80011,-7.38955,-18.19369
21.5357,-1.73146,-7.69841,-17.90713
21.54574,-2.51705,-7.96581,-17.60082
21.55578,-2.77757,-8.04916,-17.51269
21.56581,-2.57826,-7.79881,-17.42694
21.57585,-2.29933,-7.39285,-17.22643
21.58589,-2.25519,-7.10913,-16.93958
21.59593,-2.35021,-6.76542,-16.49575
21.60596,-2.57811,-6.5649,-16.07736
21.616,-2.87873,-6.59872,-15.66915
21.62604,-2.9709,-6.72516,-15.3395
21.63608,-3.0351,-6.73235,-15.13689
21.64611,-3.09166,-6.60321,-14.95748
21.65615,-3.20045,-6.36169,-14.82235
21.66619,-3.23412,-6.05,-14.51694
21.67623,-3.01565,-5.83123,-14.00129
21.68627,-2.90716,-5.72349,-13.34019
21.6963,-3.06937,-5.78753,-12.54996
21.70634,-3.137,-5.95528,-11.7678
21.71638,-2.87364,-6.14502,-11.11463
21.72642,-2.53067,-6.11719,-10.47239
21.73645,-2.48503,-5.84859,-9.81144
21.74649,-2.62868,-5.67156,-9.50857
21.75653,-2.77922,-5.4914,-9.7459
21.76657,-2.68689,-5.31483,-10.18957
21.7766,-2.08744,-4.36253,-10.1155
21.78664,-1.3837,-3.27976,-9.42792
21.79668,-0.91399,-2.57242,-7.8229
21.80672,-0.89663,-2.27778,-6.04207
21.81675,-1.29003,-2.49177,-4.62006
21.82679,-1.36844,-2.84641,-3.53893
21.83683,-0.82226,-2.74809,-2.68749
21.84687,0.03187,-2.24606,-2.61552
21.85691,0.79323,-1.74403,-3.25118
21.86694,1.13605,-1.5706,-3.38854
21.87698,1.1368,-2.024,-2.7454
21.88702,0.79787,-2.4159,-1.82603
21.89706,0.58882,-2.55626,-1.14173
21.90709,0.74669,-2.38268,-0.96621
21.91713,1.06183,-2.22855,-1.25486
21.92717,1.4859,-2.11543,-1.67938
21.93721,2.03328,-2.01008,-1.94185
21.94724,2.22795,-1.96878,-2.0457
21.95728,1.70467,-2.19668,-2.0647
21.96732,1.42335,-2.49521,-2.19668
21.97736,1.52735,-2.41575,-2.31833
21.98739,1.73026,-2.23993,-2.26057
21.99743,2.02804,-2.22481,-1.97252
22.00747,2.05243,-2.27853,-1.95202
22.01751,1.82573,-2.48608,-2.17603
22.02755,1.67953,-2.53067,-2.42308
22.03758,1.51927,-2.61073,-2.6013
22.04762,1.24409,-2.97135,-2.38567
22.05766,1.00946,-3.2612,-1.84773
22.0677,0.70794,-3.3839,-1.3635
22.07773,0.50443,-3.44585,-1.2788
22.08777,0.38487,-3.43822,-1.46211
22.09781,0.62953,-3.39977,-1.66636
22.10785,0.83617,-3.37298,-1.76243
22.11788,0.67861,-3.40156,-1.51643
22.12792,0.40462,-3.64966,-1.14967
22.13796,0.03846,-3.86529,-1.02801
22.148,-0.19842,-3.7167,-0.97384
22.15803,-0.1432,-3.45902,-0.75941
22.16807,-0.03307,-3.2018,-0.68639
22.17811,-0.15188,-3.1171,-0.80969
22.18815,-0.54363,-3.10094,-0.92671
22.19819,-0.82405,-3.0984,-1.03594
22.20822,-0.85967,-3.08643,-1.19126
22.21826,-0.63117,-2.87559,-1.35317
22.2283,-0.49844,-2.58544,-1.57494
22.23834,-0.62159,-2.43924,-1.81166
22.24837,-0.94332,-2.27973,-2.19503
22.25841,-1.47124,-2.27329,-2.45989
22.26845,-1.92239,-2.57451,-2.49162
22.27849,-1.93601,-2.75348,-2.63003
22.28852,-1.59469,-3.13236,-2.67806
22.29856,-1.37218,-3.08538,-2.84656
22.3086,-1.25307,-2.64993,-3.49119
22.31864,-1.32714,-2.52648,-4.21005
22.32867,-1.37008,-2.43011,-5.04533
22.33871,-1.08293,-2.34288,-6.04401
22.34875,-1.10896,-2.24277,-7.59441
22.35879,-1.35751,-2.11887,-9.49151
22.36882,-1.19815,-2.0017,-11.25589
22.37886,-0.39474,-1.95382,-12.96191
22.3889,0.25588,-1.90683,-13.96074
22.39894,0.13497,-2.24905,-14.10364
22.40898,-0.63312,-3.02073,-14.00324
22.41901,-1.18573,-3.51963,-14.26525
22.42905,-1.07574,-3.48401,-15.05713
22.43909,-0.0401,-3.38046,-16.05507
22.44913,0.92192,-3.32151,-16.97384
22.45916,1.24334,-3.60657,-17.42395
22.4692,1.16298,-3.93996,-17.10343
22.47924,0.91952,-3.89118,-16.5978
22.48928,0.64658,-3.96555,-16.5357
22.49931,0.56339,-3.98246,-17.20668
22.50935,0.61561,-4.42478,-17.69659
22.51939,0.21638,-5.34221,-17.10747
22.52943,-0.23014,-5.76509,-16.40627
22.53946,-0.52732,-5.87567,-15.99431
22.5495,-0.8676,-5.86729,-16.0639
22.55954,-1.08188,-5.60333,-16.62908
22.56958,-1.39612,-5.35314,-16.91668
22.57962,-1.48455,-5.20065,-16.85578
22.58965,-1.49293,-5.30151,-16.47181
22.59969,-1.64527,-5.68413,-15.64491
22.60973,-1.62776,-5.9255,-15.01194
22.61977,-1.64257,-5.80369,-14.9072
22.6298,-2.02325,-5.58642,-15.05085
22.63984,-2.39854,-5.44142,-14.97259
22.64988,-2.40468,-5.38351,-14.72569
22.65992,-2.42278,-5.38246,-14.39244
22.66995,-2.51271,-5.23118,-14.25717
22.67999,-2.6414,-5.03695,-14.38227
22.69003,-2.98946,-5.07511,-14.65266
22.70007,-3.3652,-5.26829,-14.75666
22.7101,-3.37942,-5.24375,-14.38406
22.72014,-3.07176,-5.11327,-13.79105
22.73018,-2.65382,-4.98578,-13.36204
22.74022,-2.24561,-4.94956,-13.30757
22.75026,-2.1262,-4.88118,-13.68002
22.76029,-2.2703,-4.88522,-14.18475
22.77033,-2.48533,-4.88163,-14.25687
22.78037,-2.9305,-4.9533,-13.96373
22.79041,-3.43628,-5.29463,-13.80437
22.80044,-3.70188,-5.77661,-13.78566
22.81048,-3.66043,-5.94555,-13.76756
22.82052,-3.37433,-5.77033,-13.63483
22.83056,-3.29517,-5.63146,-13.41681
22.84059,-3.50332,-5.78215,-13.27824
22.85063,-3.53414,-6.08501,-12.99618
22.86067,-3.4291,-6.10207,-12.50911
22.87071,-3.45543,-6.05509,-12.09985
22.88074,-3.68094,-6.27116,-11.88841
22.89078,-3.86723,-6.31052,-11.75703
22.90082,-3.52187,-6.2761,-11.52778
22.91086,-2.70006,-6.24198,-11.21923
22.9209,-1.76288,-6.23375,-10.79635
22.93093,-1.19635,-6.05568,-10.54751
22.94097,-1.12991,-5.6554,-10.49947
22.95101,-1.35931,-5.67665,-10.25511
22.96105,-1.69165,-6.07349,-9.89299
22.97108,-1.80164,-6.02381,-9.36881
22.98112,-1.48934,-5.85128,-8.59548
22.99116,-0.9707,-5.62802,-7.87513
23.0012,-0.45669,-5.38022,-7.46871
23.01123,-0.07781,-4.96931,-7.42891
23.02127,0.06659,-4.30717,-7.44956
23.03131,-0.22715,-4.11488,-7.50867
23.04135,-0.68654,-4.36044,-7.7629
23.05138,-0.7624,-4.56335,-7.89308
23.06142,-0.3934,-4.17459,-7.7614
23.07146,0.40387,-3.57305,-7.25578
23.0815,0.87882,-3.02358,-6.47691
23.09154,0.59242,-2.478,-6.05284
23.10157,0.03756,-2.22646,-5.82824
23.11161,-0.63386,-2.47216,-5.91338
23.12165,-1.34315,-3.06817,-5.95333
23.13169,-1.44161,-3.20434,-6.2746
23.14172,-0.94346,-2.63706,-6.7084
23.15176,0.03861,-1.87735,-6.98897
23.1618,1.0747,-1.29302,-7.27299
23.17184,1.526,-1.00931,-7.31174
23.18187,0.89154,-1.60007,-6.84083
23.19191,-0.36616,-2.63706,-5.81237
23.20195,-1.05315,-3.37059,-4.73768
23.21199,-1.00856,-3.52217,-3.7574
23.22202,-0.47106,-3.40126,-3.25312
23.23206,0.36796,-3.17336,-3.02762
23.2421,1.30364,-2.82606,-2.98123
23.25214,1.9836,-2.5826,-3.28095
23.26218,2.02789,-2.66086,-3.82519
23.27221,1.72936,-3.0951,-4.20811
23.28225,1.14413,-3.89327,-4.23908
23.29229,0.41943,-4.62171,-3.9021
23.30233,-0.07766,-5.1803,-3.50436
23.31236,-0.20485,-5.49798,-3.08089
23.3224,-0.08036,-5.51834,-2.76979
23.33244,0.18839,-5.53001,-2.65337
23.34248,0.37739,-5.77661,-2.98602
23.35251,0.39115,-6.00181,-3.45319
23.36255,0.17493,-6.15594,-3.8201
23.37259,0.12659,-6.24093,-4.1508
23.38263,0.145,-6.2969,-4.21828
23.39266,0.19393,-6.33805,-4.11907
23.4027,-0.04354,-6.61069,-3.86664
23.41274,-0.48109,-7.0005,-3.58726
23.42278,-0.74729,-7.29693,-3.40007
23.43281,-0.85907,-7.53201,-3.36505
23.44285,-1.00512,-7.6583,-3.39303
23.45289,-1.14952,-7.65516,-3.46291
23.46293,-1.35198,-7.75183,-3.51618
23.47297,-1.65619,-7.86256,-3.72104
23.48363,-2.04495,-7.95833,-4.59133
23.49367,-2.07862,-7.94935,-5.61186
23.50371,-1.91761,-7.75198,-6.29151
23.51374,-1.93452,-7.61476,-6.36334
23.52378,-1.99587,-7.7433,-5.85831
23.53382,-2.06635,-7.91763,-5.53165
23.54386,-2.15598,-7.99738,-5.91742
23.55389,-1.98345,-7.77936,-6.73399
23.56393,-1.55144,-7.45824,-7.29229
23.57397,-0.99165,-7.15462,-7.6592
23.58401,-0.65586,-6.88363,-7.42173
23.59405,-0.70434,-6.95575,-6.60545
23.60408,-0.99359,-7.27179,-5.89931
23.61412,-1.56551,-7.61236,-5.66752
23.62416,-1.98749,-7.8265,-5.76718
23.63419,-1.9197,-7.83428,-6.18303
23.64423,-1.64137,-7.68329,-6.4639
23.65427,-1.49578,-7.54248,-6.26832
23.66431,-1.50565,-7.49909,-5.70838
23.67435,-1.64931,-7.54548,-5.21053
23.68438,-1.82229,-7.68703,-4.9943
23.69442,-1.72233,-7.69033,-5.42346
23.70446,-1.5287,-7.60548,-6.18422
23.7145,-1.51957,-7.5781,-6.5444
23.72453,-1.71739,-7.70349,-6.2336
23.73457,-1.99482,-7.71771,-5.53255
23.74461,-2.28033,-7.77382,-5.09606
23.75465,-2.4379,-7.89383,-5.26679
23.76468,-2.39854,-7.88411,-5.74324
23.77472,-2.27898,-7.80285,-6.10611
23.78476,-2.18231,-7.69511,-6.1935
23.7948,-2.065,-7.50298,-5.91562
23.80484,-1.93586,-7.34466,-5.3048
23.81487,-1.80792,-7.14415,-5.01974
23.82491,-1.56281,-6.98748,-5.2644
23.83495,-1.41931,-6.87689,-5.83048
23.84499,-1.45029,-6.72726,-6.32144
23.85502,-1.64586,-6.61009,-6.64541
23.86506,-1.90578,-6.52764,-7.05407
23.8751,-1.96758,-6.44699,-7.54099
23.88514,-1.69554,-6.15355,-7.5549
23.89517,-1.61369,-6.12093,-7.11991
23.90521,-1.38175,-6.32758,-6.60246
23.91525,-1.60681,-6.54051,-5.86684
23.92529,-2.00978,-6.78487,-5.34954
23.93532,-2.18202,-6.83185,-5.56532
23.94536,-2.1265,-6.84188,-6.09175
23.9554,-1.56117,-6.8329,-6.36888
23.96544,-0.9273,-6.51522,-6.62685
23.97548,-0.58658,-6.02725,-7.19128
23.98551,-0.5155,-5.50651,-7.98451
23.99555,-0.61232,-5.29612,-8.77176
24.00559,-0.744,-5.27996,-9.2919
24.01563,-0.81597,-5.19138,-9.50363
24.02566,-0.85877,-5.34745,-8.97796
24.0357,-1.0747,-5.81626,-7.97898
24.04574,-1.26369,-6.17809,-6.97625
24.05578,-1.51329,-6.35212,-6.34
24.06581,-1.40585,-6.16507,-6.42454
24.07585,-0.75313,-5.69655,-6.90862
24.08589,0.04414,-5.34969,-7.20266
24.09593,0.84171,-5.42047,-6.9387
24.10596,0.85069,-5.28056,-6.61877
24.116,0.0,-5.16175,-6.60126
24.12604,-0.38232,-5.23836,-6.75135
24.13608,-0.36766,-5.51774,-7.02324
24.14612,1.00048,-6.70122,-5.32381
24.15678,1.00048,-6.70122,-5.32381
24.16682,0.96546,-6.62131,-4.77778
24.17686,0.45924,-6.63179,-4.65717
24.18689,0.18884,-6.28702,-5.16594
24.19693,0.32651,-5.50607,-5.9038
24.20697,0.95574,-5.58238,-6.14562
24.21701,1.48321,-6.56131,-5.32381
24.22704,1.41886,-7.06349,-4.83943
24.23708,1.27746,-7.33943,-4.57442
24.24712,1.70273,-7.58797,-4.22876
24.25716,2.39241,-7.01411,-4.39141
24.26719,2.7668,-6.20233,-5.27413
24.27723,2.97629,-6.48948,-5.43978
24.28727,3.18833,-7.06753,-5.01929
24.29731,3.14478,-7.11841,-5.02842
24.30734,3.02522,-7.16839,-4.644
24.31738,2.84671,-7.73282,-3.89582
24.32742,2.91285,-8.18428,-3.572
24.33746,3.04617,-8.35427,-3.75366
24.3475,2.66385,-8.38464,-4.32917
24.35753,2.30098,-8.17485,-4.89135
24.36757,2.05273,-7.77023,-4.93669
24.37761,1.61758,-7.53216,-4.75159
24.38765,1.44445,-7.50208,-4.22008
24.39768,1.85147,-7.743,-3.47369
24.40772,2.90462,-7.99992,-2.59307
24.41776,3.80349,-8.1551,-2.66774
24.4278,3.71984,-8.30728,-3.95672
24.43783,2.74286,-8.18398,-5.58388
24.44787,1.41602,-8.20523,-6.51941
24.45791,-0.32217,-8.78462,-6.48993
24.46795,-2.04644,-9.52728,-6.22477
24.47798,-2.61896,-10.02153,-5.50592
24.48802,-1.33701,-10.31407,-4.61856
24.49806,1.08233,-9.57501,-4.30822
24.5081,3.0957,-8.4005,-4.56006
24.51813,3.31328,-7.92316,-5.66962
24.52817,1.49084,-9.17144,-7.82186
24.53821,-0.69746,-10.81311,-9.84376
24.54825,-1.99931,-11.23344,-10.45413
24.55828,-2.45091,-11.02245,-9.35834
24.56832,-1.51837,-10.71585,-7.33733
24.57836,-0.12704,-10.19376,-5.59226
24.5884,0.76091,-9.27933,-4.61662
24.59844,1.66651,-8.6709,-4.63218
24.60847,1.94738,-9.18191,-5.49589
24.61851,1.29137,-9.52294,-6.39746
24.62855,0.04534,-9.76281,-6.70047
24.63859,-1.26055,-10.29417,-6.1938
24.64862,-2.355,-10.93477,-5.66678
24.65866,-2.90791,-11.48379,-5.41149
24.6687,-2.42218,-11.37171,-5.17462
24.67874,-0.62878,-10.62606,-5.48108
24.68877,2.15673,-9.209,-5.56966
24.69881,4.4197,-8.01953,-5.38291
24.70885,5.31154,-7.75033,-5.39294
24.71889,4.98413,-7.93079,-5.79307
24.72892,3.96824,-8.05424,-5.50053
24.73896,3.38974,-8.34559,-4.7902
24.749,3.29667,-8.56391,-5.18734
24.75904,3.02552,-8.47278,-5.97713
24.76908,2.76919,-8.6525,-6.49726
24.77911,2.52962,-8.7324,-6.32638
24.78915,2.39929,-8.70068,-5.37992
24.79919,2.49281,-8.58576,-4.13
24.80923,2.2932,-8.24802,-3.58621
24.81926,1.33567,-8.44854,-4.00894
24.8293,0.35404,-8.99412,-5.03411
24.83934,-0.07886,-9.00459,-5.92804
24.84938,0.01347,-9.02524,-5.9062
24.85941,0.21069,-9.51052,-4.91156
24.86945,0.0407,-9.82191,-4.29445
24.87949,-0.24615,-9.78076,-4.77239
24.88953,0.03187,-9.56708,-5.33039
24.89956,0.93494,-9.0824,-5.37498
24.9096,1.93616,-8.73435,-5.21696
24.91964,2.29245,-8.66491,-5.4486
24.92968,1.89307,-8.52635,-6.10506
24.93972,1.03175,-8.58755,-6.69658
24.94975,0.62653,-8.76936,-7.27912
24.95979,0.87104,-8.46231,-7.52707
24.96983,1.44041,-8.03285,-7.44193
24.97987,1.98075,-7.71696,-7.29812
24.9899,2.38837,-7.44956,-6.95994
24.99994,2.58289,-7.21178,-6.86028
25.00998,2.45181,-7.07741,-7.01351
25.02002,2.17678,-7.06364,-7.27329
25.03005,2.03148,-7.06334,-7.40242
25.04009,2.10645,-7.02788,-6.99735
25.05013,2.3957,-6.91894,-6.64077
25.06017,2.72535,-6.83814,-6.42708
25.0702,3.02552,-6.73414,-6.00181
25.08024,3.07041,-6.81614,-5.42182
25.09028,3.07565,-6.85295,-5.23956
25.10032,2.83459,-6.89485,-5.51519
25.11036,2.51197,-7.29513,-5.9882
25.12039,2.30696,-7.40721,-6.03234
25.13043,1.92928,-7.21104,-5.47464
25.14047,1.44879,-7.46542,-4.88402
25.15051,1.28539,-7.89683,-5.388
25.16054,1.32025,-7.81647,-6.12616
25.17058,1.62072,-7.55401,-5.89976
25.18062,2.06515,-7.46303,-5.66229
25.19066,2.36472,-7.2483,-5.77167
25.20069,2.16585,-7.00528,-5.97757
25.21073,1.72068,-7.27343,-5.80953
25.22077,1.59199,-7.48532,-5.60887
25.23081,1.47079,-7.45599,-5.78275
25.24084,1.43293,-7.4934,-5.93822
25.25088,1.68821,-7.38267,-5.9038
25.26092,1.86119,-7.2064,-5.97608
25.27096,1.90593,-7.03551,-6.1504
25.28099,1.85521,-6.9366,-6.11793
25.29103,1.82303,-7.09073,-5.99059
25.30107,1.84458,-7.09043,-5.73935
25.31111,1.64811,-7.07831,-5.61934
25.32115,1.53633,-7.20954,-5.94376
25.33118,1.65993,-7.11213,-6.18318
25.34122,1.90549,-7.02638,-5.97249
25.35126,2.11393,-7.01411,-6.03474
25.3613,2.17423,-6.91401,-6.24961
25.37133,2.17932,-6.82048,-6.04042
25.38137,2.10405,-6.9972,-5.67111
25.39141,1.91536,-7.09716,-5.84739
25.40145,1.76393,-7.20879,-6.1326
25.41148,1.6936,-7.33509,-6.5673
25.42152,1.47498,-7.34242,-6.85355
25.43156,1.47782,-7.29229,-6.29825
25.4416,1.79056,-7.20056,-6.01857
25.45163,1.89935,-7.22705,-6.62221
25.46167,1.87271,-7.19203,-7.2685
25.47171,1.8793,-7.19009,-7.70394
25.48175,1.86583,-7.20086,-7.54144
25.49179,1.72816,-7.26506,-6.92882
25.50182,1.53932,-7.31309,-6.86867
25.51186,1.29182,-7.35678,-6.80163
25.5219,1.13216,-7.52064,-6.38878
25.53194,1.22763,-7.44417,-6.25066
25.54197,1.47647,-7.26311,-6.31964
25.55201,1.6315,-7.17602,-6.48455
25.56205,1.66636,-7.01755,-6.34987
25.57209,1.55758,-6.99346,-5.96321
25.58212,1.43892,-7.09432,-5.76868
25.59216,1.42694,-7.03252,-5.85248
25.6022,1.41273,-6.92283,-5.89138
25.61224,1.45089,-6.84218,-5.83497
25.62227,1.39387,-6.88438,-5.7609
25.63231,1.15056,-7.00469,-5.88555
25.64235,0.96127,-7.04404,-5.94854
25.65239,0.86461,-7.09567,-6.25216
25.66243,0.62144,-7.20655,-6.12302
25.67246,0.454,-7.33134,-5.36765
25.6825,0.44442,-7.34676,-4.7263
25.69254,0.61262,-7.30381,-4.15229
25.70258,0.85653,-7.18245,-3.97542
25.71261,1.02607,-7.05287,-4.26826
25.72265,1.1989,-6.91146,-4.68336
25.73269,1.48635,-6.65947,-5.42107
25.74273,1.78428,-6.40823,-6.24438
25.75276,2.06754,-6.20083,-6.95785
25.7628,2.22676,-6.00615,-7.45928
25.77284,2.3939,-5.97623,-7.78983
25.78288,2.5615,-6.14427,-7.99244
25.79291,2.6824,-6.29211,-7.91718
25.80295,2.80795,-6.47452,-7.94022
25.81299,2.96552,-6.7081,-8.32524
25.82303,3.05725,-6.81644,-8.66162
25.83307,3.21137,-6.85849,-8.74347
25.8431,3.32585,-6.8139,-8.74647
25.85314,3.27646,-6.84712,-8.9178
25.86318,3.17441,-7.09013,-9.04889
25.87322,3.2425,-7.21912,-9.47101
25.88325,3.20868,-7.19293,-10.15845
25.89329,3.09226,-7.371,-10.77196
25.90333,3.08388,-7.49565,-10.81775
25.91337,2.89339,-7.54263,-10.0968
25.9234,2.47725,-7.84565,-9.16934
25.93344,2.20835,-7.98167,-8.68093
25.94348,2.00529,-7.92645,-8.72268
25.95352,1.94185,-7.98511,-9.21962
25.96356,1.91656,-7.99349,-10.08976
25.97359,1.87451,-8.40589,-10.55499
25.98363,1.8368,-8.66102,-10.04622
25.99367,1.65514,-8.4662,-8.98723
26.00371,1.4235,-8.32688,-7.8648
26.01374,1.13246,-8.24204,-6.99242
26.02378,0.69896,-8.31431,-6.52495
26.03382,0.28192,-8.57244,-6.3575
26.04386,-0.16774,-8.65654,-6.73758
26.05389,-0.23104,-8.61239,-7.66788
26.06393,0.21293,-8.41696,-8.85675
26.07397,0.78305,-8.09809,-9.25119
26.08401,1.24394,-7.83562,-8.45527
26.09404,1.3412,-7.9257,-7.24141
26.10408,1.20069,-8.15241,-6.35541
26.11412,1.1133,-8.23426,-5.89797
26.12416,1.39776,-8.25581,-5.57505
26.1342,1.53827,-8.3616,-5.47928
26.14423,1.27267,-8.49343,-5.31438
26.15427,1.1368,-8.63873,-5.11192
26.16431,1.40974,-8.56945,-5.43903
26.17435,1.87047,-8.17336,-6.08172
26.18438,2.39046,-7.82949,-6.31156
26.19442,2.72849,-7.661,-6.25964
26.20446,2.62569,-7.85642,-6.14786
26.2145,1.61055,-8.34334,-5.82898
26.22453,0.77901,-8.86797,-5.35553
26.23457,0.61067,-8.82817,-5.02872
26.24461,0.53391,-8.46515,-4.93939
26.25465,0.7244,-8.21241,-5.16968
26.26468,1.2393,-7.9917,-5.33413
26.27472,1.57284,-7.65172,-5.16354
26.28476,1.53199,-7.69556,-4.81399
26.2948,1.23481,-8.10557,-4.15903
26.30484,0.59152,-8.46919,-3.9027
26.31487,0.08215,-8.77684,-3.96435
26.32491,0.2683,-8.74572,-3.91467
26.33495,0.46956,-8.651,-4.05742
26.34499,0.43694,-8.52919,-4.60779
26.35502,0.62982,-8.54476,-5.53809
26.36506,0.94915,-8.77325,-6.07813
26.3751,1.21865,-8.57184,-5.79367
26.38514,1.21072,-8.49208,-5.64328
26.39517,0.17148,-9.16635,-5.57295
26.40521,-0.4332,-10.15351,-5.38695
26.41525,-0.29703,-10.35657,-5.30944
26.42529,-0.0829,-10.07645,-5.32635
26.43532,0.38382,-9.51276,-5.74997
26.44536,1.08846,-8.68766,-6.00361
26.4554,1.53229,-8.1536,-6.15085
26.46544,1.22389,-7.89623,-6.27969
26.47548,0.05162,-8.09958,-6.07529
26.48551,-1.88184,-8.74617,-5.38022
26.49555,-3.0951,-9.21483,-4.67184
26.50559,-2.71113,-8.55284,-4.05862
26.51563,-1.7759,-7.69377,-3.96674
26.52566,-0.80325,-6.82422,-4.26751
26.5357,-0.11762,-5.97338,-4.64146
26.54574,0.11298,-5.4287,-4.71807
26.55578,0.12734,-5.13137,-4.30433
26.56581,0.37828,-5.07616,-4.21394
26.57585,0.41375,-4.79783,-4.50963
26.58589,-0.09906,-4.51292,-4.76296
26.59593,-0.95663,-4.82477,-4.84871
26.60596,-1.67938,-5.39878,-4.66929
26.616,-1.77276,-5.2864,-4.64355
26.62604,-1.6101,-4.85798,-4.8324
26.63608,-1.35198,-4.56305,-4.89016
26.64612,-1.02247,-4.41596,-5.25063
26.65615,-0.79757,-4.47222,-5.55634
26.66619,-0.62848,-4.7694,-5.37932
26.67623,-0.57446,-5.02797,-4.98218
26.68627,-0.68818,-5.11057,-4.85275
26.6963,-1.13994,-5.14888,-4.96857
26.70634,-1.96429,-5.69326,-4.98578
26.71638,-2.50987,-6.42424,-4.78556
26.72642,-2.41246,-6.73878,-4.88282
26.73645,-1.81944,-6.78158,-4.92442
26.74649,-1.18603,-6.62506,-4.67887
26.75653,-0.81059,-6.32997,-4.11653
26.76657,-0.62369,-6.28059,-3.55135
26.7766,-0.68025,-6.47407,-3.096
26.78664,-1.05809,-6.62999,-2.746
26.79668,-1.45627,-6.71723,-2.38268
26.80672,-1.61923,-6.96802,-2.10974
26.81676,-1.50745,-7.32371,-1.94843
26.82679,-1.21206,-7.23932,-1.78353
26.83683,-0.91369,-6.92837,-1.32504
26.84687,-0.74505,-6.43756,-0.45804
26.85691,-0.80101,-5.83841,0.39594
26.86694,-1.32983,-5.35314,1.01993
26.87698,-2.33285,-5.0974,1.21416
26.88702,-3.23891,-5.27413,0.87523
26.89706,-3.49823,-5.8007,0.23568
26.90709,-3.12638,-5.89662,-0.21802
26.91713,-2.43146,-5.41449,-0.43919
26.92717,-1.71081,-4.85574,-0.79473
26.93721,-0.95768,-4.18417,-1.04582
26.94724,-0.74041,-3.56721,-1.50281
26.95728,-1.29511,-3.23861,-2.11558
26.96732,-1.94454,-3.06398,-2.34931
26.97736,-2.32956,-3.23576,-2.73523
26.9874,-2.58544,-3.468,-3.635
26.99743,-2.39974,-3.4677,-4.8306
27.00747,-1.94095,-3.44241,-5.60019
27.01751,-1.47423,-2.93559,-5.83527
27.02755,-1.2589,-2.07218,-6.17539
27.03758,-1.36903,-1.39522,-6.88019
27.04762,-1.33327,-1.63674,-7.75302
27.05766,-1.08891,-2.92811,-8.39751
27.0677,-0.88181,-3.61794,-8.84717
27.07773,-0.8685,-3.29218,-9.37554
27.08777,-0.94855,-2.87768,-9.89658
27.09781,-0.71632,-2.08056,-10.50202
27.10785,0.33264,-1.07081,-11.45775
27.11789,1.43742,-0.42572,-12.3273
27.12792,1.59798,-1.16149,-12.9221
27.13796,1.55877,-3.02418,-13.06875
27.148,1.89561,-3.57514,-13.43955
27.15804,2.45002,-2.38448,-14.30251
27.16807,3.42775,-0.93583,-15.08886
27.17811,4.67288,-0.11717,-15.25077
27.18815,5.17058,-1.20503,-14.17697
27.19819,3.52247,-3.93293,-12.32221
27.20822,1.12468,-5.55964,-11.72545
27.21826,-0.21084,-6.22014,-11.67398
27.2283,0.11193,-5.5948,-11.66515
27.23834,1.69943,-3.87337,-12.30739
27.24837,3.55973,-2.81872,-12.79835
27.25841,4.57532,-3.57215,-12.28106
27.26845,3.18578,-5.84799,-11.23494
27.27849,0.99644,-7.55535,-10.94973
27.28853,-0.16086,-7.59351,-11.56684
27.29856,-0.02349,-7.10135,-12.92704
27.3086,1.17091,-5.97533,-14.67735
27.31864,2.41096,-4.8517,-15.8752
27.32868,3.25821,-5.39309,-15.94538
27.33871,2.88621,-6.89814,-14.865
27.34875,2.05916,-7.41664,-13.89116
27.35879,2.08744,-7.61281,-13.5856
27.36883,2.50733,-7.85223,-13.84148
27.37886,2.5823,-7.70035,-14.74813
27.3889,2.90072,-7.15836,-15.81505
27.39894,3.52097,-6.54395,-16.12674
27.40898,4.00864,-6.38399,-15.5469
27.41901,3.91242,-6.67459,-14.52128
27.42905,3.30909,-6.95546,-13.9552
27.43909,2.38388,-7.17782,-13.88442
27.44913,1.56416,-7.38596,-14.15452
27.45917,1.12767,-7.2272,-14.55585
27.4692,0.99808,-6.85999,-14.52966
27.47924,1.02547,-6.62116,-13.92632
27.48928,0.92147,-6.41631,-13.1913
27.49932,0.60858,-6.28224,-12.68343
27.50935,0.33175,-6.05928,-12.46287
27.51939,0.17792,-5.67007,-12.47843
27.52943,-0.20336,-5.5312,-12.77097
27.53947,-0.44397,-5.84365,-13.13115
27.5495,-0.40806,-6.05105,-13.2145
27.55954,-0.39624,-6.192,-12.97074
27.56958,-0.41046,-6.39551,-12.25233
27.57962,-0.37499,-6.3391,-11.53766
27.58965,-0.33938,-6.48051,-11.41944
27.59969,-0.18256,-6.57029,-11.90786
27.60973,0.14096,-6.5866,-12.19696
27.61977,0.58149,-6.73534,-12.00079
27.62981,0.87628,-6.66561,-11.65093
27.63984,1.16777,-6.57822,-11.45087
27.64988,1.43996,-6.564,-11.31664
27.65992,1.6532,-6.43083,-11.36976
27.66996,1.10956,-6.22118,-11.80282
27.67999,-0.30152,-6.23465,-12.14773
27.69003,-1.35632,-6.25111,-11.6008
27.70007,-1.84668,-6.45267,-10.48271
27.71011,-1.61743,-6.10117,-10.14827
27.72014,-1.03834,-5.24495,-10.571
27.73018,-0.59017,-4.48374,-11.07782
27.74022,0.11477,-3.79675,-11.15952
27.75026,0.77408,-3.25956,-10.44889
27.76029,0.949,-3.06652,-9.47999
27.77033,0.76779,-2.78745,-8.32928
27.78037,0.7205,-2.43041,-7.44836
27.79041,0.7636,-2.12111,-7.13113
27.80045,0.94706,-1.90608,-6.98823
27.81048,1.425,-1.55623,-6.86807
27.82052,2.09493,-1.05749,-6.52644
27.83056,2.87469,-0.69611,-5.91996
27.8406,3.72882,-0.42452,-5.12703
27.85063,4.35924,-0.2704,-4.16636
27.86067,4.53596,-0.2683,-3.18758
27.87071,4.41117,-0.58059,-2.1877
27.88075,3.81561,-0.64569,-1.4262
27.89078,3.49494,-0.60005,-1.33043
27.90082,3.23352,-0.81852,-1.82887
27.91086,3.17875,-1.20159,-2.64215
27.9209,3.00353,-1.48934,-3.10947
27.93093,2.65487,-1.84144,-3.01849
27.94097,2.48144,-2.27853,-2.40722
27.95101,2.08819,-2.19189,-1.98285
27.96105,1.05599,-2.37714,-1.54456
27.97109,0.11387,-3.76982,-0.4739
27.98112,-0.7024,-4.6461,0.56413
27.99116,-1.35512,-4.44738,0.46507
28.0012,-1.35587,-4.58684,0.18316
28.01124,-0.82809,-4.62635,-0.53136
28.02127,-0.72095,-4.2922,-1.42126
28.03131,-0.4522,-4.24178,-1.82139
28.04135,0.03142,-4.3133,-1.6327
28.05139,0.16385,-4.54479,-1.01888
28.06142,-0.36302,-4.87624,-0.30227
28.07146,-1.03983,-5.10848,0.56458
28.0815,-1.43951,-5.34595,1.19127
28.09154,-1.69869,-5.40401,1.47169
28.10157,-1.74522,-5.27113,1.26519
28.11161,-1.65305,-5.12135,0.6813
28.12165,-1.61384,-4.99236,0.02559
28.13169,-1.5058,-4.97216,-0.77168
28.14172,-1.52855,-4.90138,-1.66681
28.15176,-1.30828,-4.79409,-2.3734
28.1618,-0.90172,-4.6678,-2.90716
28.17184,-0.41973,-4.63951,-3.22918
28.18188,-0.17807,-4.63113,-3.7372
28.19191,-0.18869,-4.5213,-4.71942
28.20195,-0.0431,-4.71822,-5.52357
28.21199,-0.15173,-5.05775,-5.76643
28.22203,-0.63012,-5.03306,-6.09354
28.23206,-0.83887,-4.8291,-6.65947
28.2421,-0.93075,-4.57562,-7.40347
28.25214,-0.8251,-4.14182,-8.15615
28.26218,-0.29972,-3.86394,-8.63334
28.27221,0.4148,-3.68722,-8.7517
28.28225,1.03908,-3.68512,-8.59099
28.29229,0.84291,-3.53579,-8.49538
28.30233,0.15951,-3.07999,-9.24042
28.31236,-0.45535,-2.64035,-10.33382
28.3224,-0.82151,-2.18665,-11.33774
28.33244,-0.38457,-1.66771,-11.89843
28.34248,0.98147,-1.74702,-11.11418
28.35252,1.92195,-2.31519,-9.80575
28.36255,1.76946,-2.45002,-9.0236
28.37259,0.91578,-2.30427,-9.27304
28.38263,-0.07781,-2.37131,-10.16159
28.39267,-0.64299,-2.86691,-10.84484
28.4027,-0.16789,-3.37687,-11.18197
28.41274,1.19097,-3.66717,-10.65973
28.42278,2.23798,-3.61225,-9.78316
28.43282,2.11228,-3.27706,-9.79588
28.44285,1.12288,-3.28799,-11.07468
28.45289,0.23418,-4.12177,-12.62702
28.46293,0.12779,-5.06478,-14.08658
28.47297,0.30122,-5.66483,-15.01284
28.483,0.23194,-6.17375,-15.3585
28.49304,-0.13063,-6.86837,-15.02032
28.50308,-0.74415,-7.47335,-14.32975
28.51312,-0.63596,-7.72459,-14.32062
28.52316,0.55949,-7.23767,-15.06925
28.53319,2.03238,-5.99403,-16.26366
28.54323,3.23472,-5.23298,-17.69315
28.55327,3.88414,-5.0151,-18.11109
28.56331,3.69141,-4.99146,-17.17825
28.57334,2.86287,-5.40072,-15.19705
28.58338,1.5257,-6.30603,-13.14596
28.59342,-0.38741,-7.0418,-11.88811
28.60346,-2.00155,-7.61102,-11.44713
28.61349,-2.59636,-7.88695,-11.63357
28.62353,-2.65427,-7.47215,-12.00498
28.63357,-2.13697,-6.41062,-12.34944
28.64361,-1.6303,-5.73441,-12.37054
28.65364,-1.74238,-5.66693,-12.11915
28.66368,-2.19144,-5.66199,-11.7892
28.67372,-2.42518,-5.52028,-11.39445
28.68376,-2.05812,-5.15561,-11.18466
28.6938,-1.55384,-4.65747,-11.3979
28.70383,-1.22119,-4.51516,-11.54963
28.71387,-0.87942,-4.45381,-11.25739
28.72391,-0.77333,-4.38678,-10.88509
28.73395,-1.03444,-4.38498,-10.76463
28.74398,-1.37951,-4.68261,-10.65929
28.75402,-1.72727,-5.00224,-10.90723
28.76406,-2.09328,-5.10025,-11.46748
28.7741,-2.18785,-5.46222,-11.88138
28.78413,-2.00425,-5.83422,-12.1386
28.79417,-1.67355,-6.08067,-12.06259
28.80421,-1.299,-6.40703,-11.52733
28.81425,-1.18573,-6.74776,-11.14441
28.82428,-1.27072,-6.9372,-11.30497
28.83432,-1.45732,-7.17856,-12.12573
28.84436,-1.44206,-7.46796,-13.03957
28.8544,-0.99569,-7.54772,-13.67912
28.86443,-0.53944,-7.26072,-13.92707
28.87447,-0.48453,-6.99586,-14.07312
28.88451,-0.77288,-6.66276,-13.99994
28.89455,-0.99449,-6.381,-14.06279
28.90459,-1.34838,-6.32877,-14.12729
28.91462,-1.6936,-6.14831,-14.43973
28.92466,-1.62237,-5.74833,-14.87772
28.9347,-0.9924,-5.14933,-15.01658
28.94474,-0.4344,-4.21469,-14.71431
28.95477,-0.18465,-3.78149,-13.99022
28.96481,-0.02903,-3.59639,-12.89712
28.97485,0.17882,-3.32839,-12.20639
28.98489,0.11896,-3.25312,-11.63373
28.99492,0.03561,-2.95235,-11.22671
29.00496,0.05133,-2.61567,-10.90155
29.015,0.38876,-2.56913,-10.49708
29.02504,0.89408,-2.55805,-9.75054
29.03507,1.57149,-2.79762,-8.38614
29.04511,2.10839,-3.06159,-6.32758
29.05515,2.07248,-3.47922,-3.86798
29.06519,1.12692,-3.93577,-1.7735
29.07523,-0.74579,-4.38094,-1.25606
29.08526,-0.88226,-4.83703,-1.20997
29.0953,0.37828,-4.9135,-1.1169
29.10534,1.44325,-4.28008,-1.60127
29.11538,2.11498,-3.67615,-2.55386
29.12541,2.48144,-3.62976,-2.73986
29.13545,2.63751,-3.91886,-2.70485
29.14549,2.18321,-3.62437,-3.0541
29.15553,2.04674,-3.18923,-3.52681
29.16556,2.71263,-3.23397,-3.86903
29.1756,2.90776,-3.38585,-3.90659
29.18564,2.71607,-3.68303,-4.3573
29.19568,2.84162,-4.00789,-4.18656
29.20571,3.13955,-4.30717,-2.95998
29.21575,2.86945,-4.38333,-1.27327
29.22579,1.77485,-4.67692,-0.13557
29.23583,0.32426,-5.27488,-0.11283
29.24587,-0.50173,-6.07334,-0.74624
29.2559,-0.30481,-6.86792,-1.47767
29.26594,0.03995,-7.06005,-2.09822
29.27598,0.25019,-6.8353,-1.82124
29.28602,0.46822,-6.6891,-0.73607
29.29605,0.01018,-6.79953,0.14425
29.30609,-0.95589,-6.91416,-0.26441
29.31613,-1.09011,-6.98718,-2.44942
29.32617,-0.26531,-6.77694,-4.71972
29.3362,0.89558,-6.45013,-6.28822
29.34624,1.74253,-5.97608,-7.07038
29.35628,2.12051,-5.76584,-7.20804
29.36632,2.05946,-6.03863,-6.95949
29.37635,1.77545,-6.22148,-6.19919
29.38639,1.66008,-6.28717,-5.50352
29.39643,1.61803,-6.45581,-5.5348
29.40647,1.80897,-6.73249,-5.77422
29.4165,2.19459,-6.98718,-6.2363
29.42654,2.26237,-7.00349,-6.27176
29.43658,2.04495,-6.96877,-5.72708
29.44662,1.78757,-7.11542,-5.03516
29.45666,1.45089,-7.11691,-4.83075
29.46669,1.13769,-7.05871,-5.31857
29.47673,1.16149,-7.22869,-6.19874
29.48677,1.25636,-7.42861,-6.71095
29.49681,1.47588,-7.55326,-6.82392
29.50684,1.45208,-7.50941,-6.36813
29.51688,0.98806,-7.55565,-5.29463
29.52692,0.27713,-7.73312,-4.54719
29.53696,-0.17597,-7.79208,-4.57921
29.54699,-0.24092,-7.78445,-5.29807
29.55703,-0.24002,-7.67701,-6.28672
29.56707,-0.06404,-7.6996,-6.97117
29.57711,0.17463,-7.83921,-7.21927
29.58714,0.00733,-7.86331,-6.54665
29.59718,-0.34028,-7.92166,-5.45115
29.60722,-0.75806,-8.17949,-5.16893
29.61726,-1.14907,-8.35621,-5.74698
29.6273,-1.15326,-8.41951,-6.47766
29.63733,-0.91533,-8.40006,-6.54829
29.64737,-0.89259,-8.22827,-6.17405
29.65741,-0.97145,-8.15899,-5.62622
29.66745,-1.03998,-8.1756,-5.29134
29.67748,-0.89124,-8.10617,-5.37872
29.68752,-0.39115,-7.83907,-6.02621
29.69756,0.07362,-7.51465,-6.47063
29.7076,-0.00539,-7.39509,-6.42095
29.71763,-0.38906,-7.52049,-6.25979
29.72767,-0.64524,-7.76215,-6.18707
29.73771,-0.78724,-7.87004,-6.18108
29.74775,-0.65182,-7.79223,-5.93822
29.75778,-0.39325,-7.64199,-5.68997
29.76782,-0.0428,-7.46707,-5.81417
29.77786,0.17538,-7.21508,-5.96126
29.7879,0.19737,-7.23019,-5.97039
29.79793,0.14769,-7.40078,-5.80639
29.80797,-0.04833,-7.50852,-5.53255
29.81801,-0.40537,-7.62239,-5.49379
29.82805,-0.49201,-7.75886,-5.67935
29.83809,-0.42916,-7.6405,-5.7172
29.84812,-0.46567,-7.46273,-5.54826
29.85816,-0.5583,-7.42696,-5.47853
29.8682,-0.44263,-7.44447,-5.55081
29.87824,-0.52358,-7.3921,-5.77302
29.88827,-0.45146,-7.24964,-5.95588
29.89831,-0.04639,-7.03027,-6.14562
29.90835,0.20036,-6.63463,-6.26937
29.91839,0.77348,-6.49547,-6.41496
29.92842,1.05734,-6.45477,-6.10895
29.93846,0.56219,-6.3584,-4.915
29.9485,0.13827,-6.61144,-3.77207
29.95854,-0.41884,-7.27508,-3.32345
29.96857,-0.67861,-7.54398,-3.44241
29.97861,-0.59765,-7.35723,-4.16112
29.98865,-0.43754,-6.89066,-5.33039
29.99869,-0.04788,-6.65483,-6.48679
30.00872,0.72559,-6.64974,-7.21837
30.01876,0.88346,-6.45177,-7.14041
30.0288,0.16071,-6.06751,-6.24109
30.03884,-0.17687,-5.9861,-5.05775
30.04888,-0.45954,-6.02531,-4.45726
30.05891,-0.91997,-5.9439,-4.70371
30.06895,-1.28105,-6.25006,-5.57699
30.07899,-1.37233,-6.59857,-6.66097
30.08903,-1.0928,-6.34074,-7.73656
30.09906,-0.41629,-5.9246,-8.51947
30.1091,0.32816,-5.50457,-8.95222
30.11914,0.517,-5.29074,-8.94863
30.12918,0.15802,-5.5315,-8.35591
30.13921,0.02574,-5.84275,-7.43055
30.14925,-0.01422,-5.89123,-6.7111
30.15929,-0.35943,-5.93702,-6.43127
30.16933,-0.58703,-6.23181,-6.5444
30.17936,-0.59107,-6.55996,-6.97057
30.1894,-0.26172,-6.88602,-7.0626
30.19944,0.48498,-6.91401,-6.83904
30.20948,0.89872,-6.59213,-6.94468
30.21952,0.83333,-6.08142,-7.1636
30.22955,0.58404,-6.08127,-7.40317
30.23959,0.26516,-6.4199,-7.1859
30.24963,-0.1863,-7.19682,-6.56311
30.25967,-0.56862,-8.07549,-5.66857
30.2697,-0.20755,-8.28513,-5.20619
30.27974,0.64344,-7.95025,-5.17596
30.28978,1.43263,-7.35559,-5.31049
30.29982,1.5272,-6.71574,-6.12736
30.30985,1.11585,-6.48739,-6.50744
30.31989,1.00227,-7.04015,-6.06945
30.32993,1.38145,-7.98945,-5.19661
30.33997,1.67519,-8.1346,-4.83449
30.35,1.77336,-7.52557,-4.74112
30.36004,1.26174,-7.11617,-4.45022
30.37008,0.57476,-7.08729,-3.75426
30.38012,0.9891,-6.81958,-3.43837
30.39015,1.92015,-6.86537,-3.71834
30.40019,2.30592,-7.15387,-4.51068
30.41023,2.33719,-7.24411,-5.19676
30.42027,1.99976,-7.18485,-4.75863
30.43031,1.19725,-7.41514,-3.74588
30.44034,0.33758,-7.83458,-3.10962
30.45038,-0.1863,-8.12891,-3.01131
30.46042,-0.30107,-7.99095,-3.33288
30.47046,-0.00509,-7.81004,-3.78344
30.48049,0.61815,-7.66189,-3.75815
30.49053,1.17106,-7.77098,-3.5922
30.50057,0.79458,-7.83906,-3.47354
30.51061,-0.32486,-7.94202,-3.2214
30.52064,-0.70614,-8.24189,-2.77383
30.53068,-0.8052,-8.45138,-2.39106
30.54072,-0.95529,-8.64082,-2.56793
30.55076,-1.1757,-9.03242,-3.01939
30.56079,-1.59379,-9.67841,-3.57649
30.57083,-1.40854,-9.8487,-4.07583
30.58087,-0.04878,-8.83789,-4.61916
30.59091,1.59095,-7.6598,-5.52686
30.60094,2.28302,-7.17767,-6.5043
30.61098,1.54172,-7.25593,-7.23094
30.62102,0.0217,-7.96192,-7.07531
30.63106,-0.82525,-9.02764,-6.85535
30.6411,-0.8863,-9.25194,-7.01217
30.65113,-0.27069,-8.99277,-7.20505
30.66117,1.26653,-7.96027,-7.23692
30.67121,2.97839,-6.57298,-7.38506
30.68125,3.40261,-5.88734,-7.76829
30.69128,2.35754,-5.9246,-8.28304
30.70132,0.68714,-6.79205,-8.68123
30.71136,-1.10896,-8.09345,-9.47116
30.7214,-2.5178,-9.31255,-10.47493
30.73143,-3.24669,-9.73198,-10.70522
30.74147,-3.82025,-9.97185,-10.55963
30.75151,-4.11922,-10.28699,-9.90197
30.76155,-3.75067,-9.90332,-8.69694
30.77158,-2.79134,-9.12565,-8.02432
30.78162,-2.08415,-8.63589,-8.63768
30.79166,-2.38073,-9.02988,-10.18613
30.8017,-3.17441,-9.62858,-10.90215
30.81173,-3.50137,-9.80291,-9.9295
30.82177,-3.695,-9.81742,-8.40395
30.83181,-4.12386,-9.84466,-7.49071
30.84185,-4.15394,-9.70235,-7.2899
30.85189,-3.21811,-9.12415,-7.38207
30.86192,-2.0228,-8.29815,-7.28062
30.87196,-1.50999,-7.75617,-7.09387
30.882,-1.91147,-7.9278,-6.93226
30.89204,-2.73717,-8.30025,-6.78412
30.90207,-3.33033,-8.43866,-6.67803
30.91211,-3.33961,-8.30159,-6.44534
30.92215,-2.97345,-7.93932,-6.10836
30.93219,-2.75034,-7.73656,-5.74848
30.94222,-2.37624,-7.72699,-6.18826
30.95226,-1.63599,-7.50537,-7.5136
30.9623,-0.84246,-7.06035,-8.45527
30.97234,-0.20859,-6.69538,-8.67898
30.98237,0.11597,-6.69449,-8.18069
30.99241,0.00404,-6.82407,-7.4548
31.00245,-0.28506,-7.0192,-6.89111
31.01249,-0.28566,-7.00588,-6.66022
31.02252,-0.09771,-6.85849,-6.81794
31.03256,0.08619,-6.76212,-7.2037
31.0426,0.42318,-6.54994,-7.28585
31.05264,0.72395,-6.30767,-7.1027
31.06268,0.95529,-6.21325,-7.13816
31.07271,0.95603,-6.17031,-7.41634
31.08275,0.7841,-6.23046,-7.74509
31.09279,0.58882,-6.28583,-7.86376
31.10283,0.52268,-6.2782,-7.8262
31.11286,0.64823,-6.21774,-7.54817
31.1229,0.86206,-6.24498,-7.32326
31.13294,1.0135,-6.21999,-7.51091
31.14298,1.23481,-5.98206,-7.77128
31.15301,1.42575,-5.86834,-7.83607
31.16305,1.40674,-5.85457,-7.6812
31.17309,1.0108,-6.06646,-7.53036
31.18313,0.55246,-6.37202,-7.71442
31.19316,0.4136,-6.40344,-7.83906
31.20383,1.24633,-6.03264,-7.48008
31.21387,1.24633,-6.03264,-7.48008
31.2239,1.39133,-5.94136,-7.46303
31.23394,1.21685,-5.96934,-7.49415
31.24398,0.89304,-6.16028,-7.40362
31.25402,0.54962,-6.31097,-7.44746
31.26405,0.21278,-6.47841,-7.54982
31.27409,0.32801,-6.53078,-7.32626
31.28413,0.56309,-6.33985,-7.19697
31.29417,0.6382,-6.34254,-7.27523
31.3042,0.69222,-6.37082,-7.54578
31.31424,0.83992,-6.17794,-7.51345
31.32428,0.96352,-6.12392,-7.28885
31.33432,0.90306,-6.17614,-7.16495
31.34436,0.61112,-6.30977,-7.204
31.35439,0.40417,-6.44893,-7.39958
31.36443,0.37798,-6.44579,-7.5552
31.37447,0.53196,-6.42768,-7.68509
31.38451,0.70599,-6.30124,-7.68374
31.39454,0.8248,-6.16806,-7.57076
31.40458,0.67337,-6.17225,-7.5965
31.41462,0.44502,-6.30438,-7.77278
31.42466,0.29254,-6.37082,-7.9691
31.43469,0.37439,-6.27595,-8.00651
31.44473,0.65272,-6.10417,-7.96237
31.45477,0.74041,-6.06077,-7.94172
31.46481,0.65077,-6.08621,-7.93184
31.47484,0.4742,-6.16327,-7.84909
31.48488,0.34955,-6.22822,-7.70873
31.49492,0.34731,-6.24348,-7.65516
31.50496,0.38666,-6.20966,-7.65366
31.51499,0.47734,-6.12751,-7.79732
31.52503,0.53525,-6.11599,-7.93753
31.53507,0.57865,-6.13933,-7.92316
31.54511,0.66364,-6.05957,-7.79657
31.55515,0.68564,-5.99688,-7.64499
31.56518,0.69507,-5.98939,-7.53889
31.57522,0.75821,-5.9252,-7.62434
31.58526,0.77003,-5.96366,-7.8021
31.5953,0.62219,-6.01453,-7.89279
31.60533,0.48183,-6.05164,-7.75317
31.61537,0.41001,-6.08367,-7.50148
31.62541,0.39504,-6.07304,-7.40227
31.63545,0.38936,-6.04521,-7.42771
31.64548,0.37275,-6.01603,-7.3719
31.65552,0.36856,-6.01034,-7.35618
31.66556,0.28895,-6.01827,-7.40811
31.6756,0.24705,-6.00541,-7.51974
31.68563,0.28267,-5.94286,-7.67446
31.69567,0.39878,-5.90275,-7.79118
31.70571,0.50248,-5.83676,-7.78654
31.71575,0.50742,-5.85023,-7.68658
31.72578,0.4344,-5.90455,-7.54159
31.73582,0.29075,-5.96051,-7.54248
31.74586,0.08155,-6.02755,-7.76694
31.7559,0.09741,-6.05404,-8.01983
31.76594,0.32217,-5.87447,-8.06307
31.7766,0.55516,-5.75267,-7.88186
31.78664,0.52972,-5.79427,-7.76006
31.79668,0.31065,-5.8637,-7.84221
31.80671,0.15607,-5.97683,-7.99304
31.81675,0.15742,-5.96919,-7.89398
31.82679,0.24765,-5.91173,-7.72564
31.83683,0.2689,-5.89677,-7.61206
31.84686,0.06779,-5.93178,-7.63107
31.8569,-0.18151,-6.07289,-7.75362
31.86694,-0.2267,-6.11644,-7.82051
31.87698,-0.09427,-6.03728,-7.84101
31.88701,0.17283,-5.90051,-7.76709
31.89705,0.36272,-5.8004,-7.71801
31.90709,0.36527,-5.80983,-7.69676
31.91713,0.27773,-5.87881,-7.6191
31.92716,0.20426,-5.89437,-7.535
31.9372,0.15263,-5.95019,-7.5344
31.94724,0.16789,-6.00167,-7.72384
31.95728,0.26665,-5.94031,-7.83413
31.96732,0.45445,-5.82315,-7.85283
31.97735,0.62204,-5.75566,-7.82081
31.98739,0.659,-5.71077,-7.79492
31.99743,0.66409,-5.71855,-7.80495
32.00747,0.66274,-5.74204,-7.85403
32.0175,0.71691,-5.76419,-7.83577
32.02754,0.81702,-5.74384,-7.71816
32.03758,0.85264,-5.77706,-7.69541
32.04762,0.86625,-5.77047,-7.72923
32.05765,0.90725,-5.67979,-7.74539
32.06769,0.95559,-5.61994,-7.86899
32.07773,0.93643,-5.6165,-7.96686
32.08777,0.92057,-5.6346,-7.87273
32.0978,0.92626,-5.60647,-7.76874
32.10784,0.93987,-5.52133,-7.7234
32.11788,0.89753,-5.52657,-7.99723
32.12792,0.76944,-5.65585,-8.24189
32.13795,0.57895,-5.74339,-8.3601
32.14799,0.43081,-5.74683,-8.33886
32.15803,0.33384,-5.68952,-8.29815
32.16807,0.25004,-5.66079,-8.257
32.17811,0.21428,-5.72738,-8.2169
32.18814,0.24989,-5.70718,-8.15271
32.19818,0.24989,-5.67815,-8.04197
32.20822,0.19842,-5.68713,-8.02222
32.21826,0.04369,-5.70359,-8.12622
32.22829,-0.1239,-5.7817,-8.15555
32.23833,-0.12989,-5.8212,-8.16019
32.24837,-0.07976,-5.72558,-8.15271
32.25841,-0.0193,-5.61545,-8.0707
32.26844,-0.03606,-5.60004,-8.02417
32.27848,-0.17538,-5.70912,-7.99005
32.28852,-0.34626,-5.80295,-7.92331
32.29856,-0.4561,-5.85397,-7.86121
32.30859,-0.51625,-5.92026,-7.7195
32.31863,-0.40896,-5.93523,-7.66025
32.32867,-0.21817,-5.88225,-7.6375
32.33871,-0.08874,-5.79502,-7.7617
32.34874,-0.01242,-5.70434,-7.85777
32.35878,0.09038,-5.69551,-7.93349
32.36882,0.1453,-5.66139,-7.94561
32.37886,0.167,-5.64762,-7.93094
32.38889,0.1845,-5.66079,-8.00591
32.39893,0.25379,-5.63565,-8.06472
32.40897,0.35434,-5.59061,-8.04886
32.41901,0.39175,-5.59106,-7.99559
32.42905,0.4323,-5.56846,-7.99828
32.43908,0.48108,-5.54288,-8.06951
32.44912,0.51311,-5.58807,-8.08806
32.45916,0.54648,-5.57191,-8.06427
32.4692,0.5562,-5.56562,-8.04931
32.47923,0.51565,-5.59166,-8.07819
32.48927,0.48857,-5.62772,-8.08507
32.49931,0.52253,-5.58837,-8.08731
32.50935,0.51296,-5.5725,-8.01728
32.51938,0.49964,-5.57595,-7.98197
32.52942,0.51266,-5.58208,-8.01414
32.53946,0.52373,-5.60976,-8.02417
32.5495,0.45595,-5.64224,-7.93738
32.55953,0.37739,-5.70733,-7.88276
32.56957,0.31364,-5.71466,-7.84759
32.57961,0.3117,-5.67815,-7.79672
32.58965,0.35389,-5.67067,-7.84685
32.59968,0.38232,-5.6587,-7.88485
32.60972,0.43739,-5.593,-7.94591
32.61976,0.50488,-5.54168,-8.00307
32.6298,0.52672,-5.52058,-8.00008
32.63983,0.45969,-5.53928,-8.00531
32.64987,0.3723,-5.58373,-8.05634
32.65991,0.31933,-5.57834,-8.08118
32.66995,0.34207,-5.57699,-8.04557
32.67999,0.39938,-5.58088,-8.00696
32.69002,0.3714,-5.60946,-7.99454
32.70006,0.30676,-5.67815,-7.98406
32.7101,0.31544,-5.68354,-8.03225
32.72014,0.41509,-5.61171,-8.04646
32.73017,0.4944,-5.56158,-8.01818
32.74021,0.517,-5.53405,-7.93139
32.75025,0.46657,-5.56203,-7.92541
32.76029,0.33668,-5.60767,-7.96192
32.77032,0.28551,-5.65226,-8.02207
32.78036,0.30526,-5.64583,-8.02372
32.7904,0.41165,-5.60587,-8.02686
32.80044,0.49874,-5.55305,-8.02372
32.81047,0.50667,-5.53659,-8.01384
32.82051,0.4326,-5.57879,-8.02087
32.83055,0.36886,-5.61425,-8.03419
32.84059,0.36512,-5.59435,-8.02581
32.85063,0.37769,-5.59914,-7.97883
32.86066,0.32756,-5.60153,-8.00067
32.8707,0.33863,-5.60737,-8.03704
32.88074,0.3524,-5.60138,-8.0538
32.89078,0.31618,-5.62563,-8.08522
32.90081,0.32666,-5.64328,-8.13669
32.91085,0.35778,-5.61126,-8.08447
32.92089,0.38651,-5.60902,-8.02417
32.93093,0.40252,-5.58956,-7.99648
32.94096,0.35419,-5.58118,-8.01549
32.951,0.29928,-5.62877,-8.09584
32.96104,0.30646,-5.64403,-8.12622
32.97108,0.34267,-5.64553,-8.0719
32.98111,0.43036,-5.60213,-8.03988
32.99115,0.4558,-5.56876,-7.99349
33.00119,0.39893,-5.58612,-7.97628
33.01123,0.35823,-5.62353,-7.98436
33.02126,0.34716,-5.6346,-8.00771
33.0313,0.38352,-5.62398,-7.94965
33.04134,0.38562,-5.55036,-7.8669
33.05138,0.3491,-5.59465,-8.00307
33.06142,0.36811,-5.63146,-8.07115
33.07145,0.42303,-5.67321,-8.15136
33.08149,0.49096,-5.6756,-8.31656
33.09153,0.52777,-5.63864,-8.361
33.10156,0.49934,-5.64418,-8.41293
33.1116,0.4561,-5.64164,-8.38779
33.12164,0.42946,-5.64463,-8.36848
33.13168,0.41674,-5.64957,-8.29112
33.14172,0.45984,-5.65705,-8.23381
33.15175,0.51176,-5.59495,-8.26194
33.16179,0.48572,-5.59211,-8.24952
33.17183,0.44846,-5.69596,-8.26179
33.18187,0.4549,-5.81222,-8.18203
33.1919,0.5375,-5.9677,-8.0324
33.20194,0.73697,-6.14562,-7.96611
33.21198,0.93793,-6.34688,-8.03539
33.22202,1.09385,-6.53423,-8.17066
33.23206,1.19216,-6.74925,-8.39362
33.24209,1.36769,-6.90488,-8.75485
33.25213,1.61504,-7.04075,-9.0022
33.26217,1.85655,-7.29783,-9.15558
33.27221,2.0044,-7.63885,-9.42403
33.28224,2.05153,-7.87588,-9.7643
33.29228,1.91087,-7.89712,-10.26619
33.30232,1.71874,-7.91658,-10.91576
33.31236,1.44445,-8.08492,-11.14441
33.32239,1.20354,-8.30698,-11.06705
33.33243,1.01544,-8.47488,-10.78767
33.34247,0.91578,-8.55748,-10.30943
33.35251,1.01574,-8.41861,-9.65731
33.36254,1.08607,-8.42894,-8.90284
33.37258,1.10358,-8.4023,-8.32928
33.38262,1.01245,-8.28828,-8.2588
33.39266,0.78919,-8.24892,-8.33227
33.40269,0.72095,-8.36085,-8.00786
33.41273,0.75791,-8.53413,-7.35364
33.42277,0.90665,-8.34215,-6.93271
33.43281,1.20997,-8.26089,-6.70287
33.44284,1.64482,-7.83787,-6.84622
33.45288,1.5676,-7.38821,-7.29229
33.46292,1.04522,-7.70993,-7.92795
33.47296,0.38277,-7.99199,-8.28588
33.483,-0.26127,-7.91792,-7.6821
33.49303,-0.37335,-7.91433,-6.68626
33.50307,-0.06434,-7.71202,-5.53644
33.51311,0.43395,-7.35439,-4.94133
33.52315,0.84785,-6.9559,-5.13003
33.53318,1.07111,-6.84517,-5.63954
33.54322,1.23765,-6.9797,-6.10641
33.55326,1.38385,-7.1208,-6.55802
33.5633,1.31322,-7.17886,-6.82557
33.57333,1.135,-6.97266,-6.78352
33.58337,0.98566,-6.97117,-6.52345
33.59341,0.75208,-7.12305,-5.8643
33.60345,0.57506,-7.07247,-5.12389
33.61348,0.26441,-7.04344,-4.77778
33.62352,0.25109,-7.07053,-4.64655
33.63356,0.96307,-7.05033,-4.70565
33.6436,1.68342,-6.96473,-5.6774
33.65364,2.41979,-6.68985,-7.37938
33.66367,2.75962,-6.13873,-7.70095
33.67371,2.2902,-5.61126,-7.87079
33.68375,1.70288,-5.92565,-8.36968
33.69379,1.21566,-6.43008,-8.49687
33.70382,0.77348,-6.97356,-8.16513
33.71386,0.41913,-7.494,-7.56268
33.7239,0.1441,-7.68733,-6.81809
33.73394,-0.0618,-7.68718,-6.2149
33.74397,-0.23284,-7.60099,-5.95707
33.75401,-0.28715,-7.19832,-5.74997
33.76405,-0.05028,-6.67997,-5.58418
33.77409,0.36212,-6.38025,-5.33578
33.78412,0.7443,-6.49786,-5.01002
33.79416,1.00542,-6.69119,-4.94058
33.8042,0.95858,-6.61383,-5.36735
33.81424,0.41824,-6.55338,-6.00226
33.82428,-0.32441,-6.43935,-6.83694
33.83431,-0.69941,-6.01064,-6.8561
33.84435,-0.58254,-5.52537,-6.22897
33.85439,-0.21922,-5.31543,-5.53345
33.86443,-0.13333,-5.12868,-5.01525
33.87446,-0.2665,-5.08573,-4.76192
33.8845,-0.45071,-5.098,-4.76042
33.89454,-0.54603,-5.05296,-5.01091
33.90458,-0.46433,-4.90288,-5.63535
33.91461,-0.2252,-4.47626,-5.94914
33.92465,0.31125,-4.00789,-5.79846
33.93469,0.56518,-3.79661,-5.29223
33.94473,0.31334,-4.25884,-4.85514
33.95476,-0.03472,-4.72585,-4.61437
33.9648,-0.26486,-4.90018,-4.54734
33.97484,-0.33384,-5.06,-4.65223
33.98488,-0.23254,-5.0389,-5.21981
33.99491,0.01915,-4.56529,-5.47629
34.00495,0.1429,-4.17624,-5.15127
34.01499,-0.05941,-3.96734,-4.89075
34.02503,-0.19692,-3.69455,-4.93415
34.03507,-0.17702,-3.56482,-4.94298
34.0451,-0.33983,-3.65819,-4.75099
34.05514,-0.50383,-3.5922,-4.69503
34.06518,-0.56054,-3.46755,-4.82821
34.07522,-0.6192,-3.4077,-4.66061
34.08525,-0.90621,-3.49194,-4.36179
34.09529,-1.02891,-3.67734,-4.12835
34.10533,-0.9906,-3.85212,-3.92185
34.11537,-0.87164,-3.84239,-3.83791
34.1254,-0.73038,-3.8804,-3.88564
34.13544,-0.64284,-3.86933,-4.06311
34.14548,-0.61905,-3.6522,-4.19329
34.15552,-0.81328,-3.34635,-4.01059
34.16555,-1.01813,-3.08044,-3.72313
34.17559,-1.05779,-3.05291,-3.61824
34.18563,-1.02517,-3.18115,-3.8421
34.19567,-1.0325,-3.42999,-4.00266
34.20571,-1.10822,-3.52935,-3.95223
34.21574,-1.14383,-3.38974,-3.92425
34.22578,-1.25711,-2.88247,-3.9241
34.23582,-1.3635,-2.35679,-4.11159
34.24586,-1.33148,-2.42099,-4.49137
34.25589,-1.42141,-2.97001,-4.52474
34.26593,-1.70512,-3.35996,-4.9762
34.27597,-1.93272,-3.54252,-5.69775
34.28601,-2.04076,-3.39408,-6.06047
34.29604,-1.82199,-2.92931,-6.36199
34.30608,-1.18124,-2.4961,-6.77978
34.31612,-0.41554,-2.39839,-7.44986
34.32616,0.18705,-2.81244,-8.30923
34.33619,0.43021,-3.27781,-9.03093
34.34623,0.59122,-3.531,-9.67676
34.35627,0.77557,-3.45109,-9.96586
34.36631,1.18648,-2.75064,-10.0974
34.37634,1.57419,-2.02968,-10.32784
34.38638,1.96594,-2.00125,-10.93013
34.39642,2.3327,-2.57272,-11.94557
34.40646,2.68854,-2.96627,-13.12516
34.4165,2.98422,-3.11291,-14.02972
34.42653,2.98482,-3.13596,-14.24655
34.43657,2.72744,-3.02941,-14.121
34.44661,2.34437,-2.81004,-14.00458
34.45665,1.99527,-2.74196,-13.957
34.46668,1.98958,-3.0366,-14.285
34.47672,2.14431,-3.52337,-14.85961
34.48676,2.20895,-3.71116,-15.47387
34.4968,2.13129,-3.76039,-15.82088
34.50683,1.85162,-4.004,-15.77539
34.51687,1.57389,-4.2123,-15.95272
34.52691,1.29392,-4.15214,-16.37828
34.53695,1.27791,-3.87726,-16.87748
34.54698,1.53932,-3.65206,-17.21985
34.55702,1.87825,-3.68722,-17.29886
34.56706,1.86598,-4.01867,-17.13964
34.5771,1.49338,-4.48075,-16.91219
34.58713,0.94122,-4.82716,-16.6813
34.59717,0.46433,-4.9976,-16.62294
34.60721,0.18585,-4.99969,-16.8676
34.61725,0.15877,-4.88881,-17.38819
34.62728,0.33923,-4.75563,-17.84683
34.63732,0.54214,-4.59477,-18.14191
34.64736,0.66379,-4.39126,-18.125
34.6574,0.60603,-4.24043,-17.55025
34.66744,0.51775,-4.23609,-17.01035
34.67747,0.24092,-4.29909,-16.58508
34.68751,-0.10265,-4.45755,-16.31933
34.69755,-0.44427,-4.71403,-16.19902
34.70759,-0.69312,-5.0151,-16.0624
34.71762,-0.73861,-5.08723,-15.814
34.72766,-0.61411,-4.871,-15.32379
34.7377,-0.35135,-4.61767,-14.90271
34.74774,-0.05103,-4.40309,-14.64788
34.75777,0.22072,-4.22996,-14.5747
34.76781,0.25364,-4.1496,-14.50692
34.77785,0.13557,-4.05308,-14.01536
34.78789,-0.12914,-3.97782,-13.37057
34.79792,-0.45819,-3.75336,-12.84998
34.80796,-0.80086,-3.67704,-12.48412
34.818,-1.08203,-3.75231,-12.01425
34.82804,-1.15864,-3.77715,-11.44593
34.83807,-1.01589,-3.72328,-10.81416
34.84811,-0.70853,-3.5925,-9.90661
34.85815,-0.33923,-3.31432,-9.05771
34.86819,0.00868,-3.05904,-8.15345
34.87823,0.33444,-3.07206,-7.38162
34.88826,0.58284,-3.26883,-6.72427
34.8983,0.6801,-3.42431,-6.16597
34.90834,0.82615,-3.22529,-6.01498
34.91838,1.04672,-2.75378,-5.73336
34.92841,1.22044,-2.38433,-5.16205
34.93845,1.44176,-2.17334,-4.59836
34.94849,1.66577,-1.8974,-4.12461
34.95853,1.75719,-1.74148,-3.93382
34.96856,1.83456,-1.76423,-3.90808
34.9786,1.70811,-1.96579,-3.96435
34.98864,1.46196,-2.1485,-3.89956
34.99868,1.26623,-2.20476,-3.62243
35.00871,1.08831,-2.28108,-3.27961
35.01875,0.98611,-2.41051,-3.07984
35.02879,0.93613,-2.497,-2.89668
35.03883,0.83363,-2.57302,-2.67522
35.04887,0.70928,-2.79284,-2.35799
35.0589,0.56144,-3.12862,-2.03866
35.06894,0.59077,-3.28754,-1.898
35.07898,0.75986,-3.24968,-2.00529
35.08902,0.8459,-3.16394,-2.12949
35.09905,0.91563,-3.12533,-2.25863
35.10909,0.93823,-3.13506,-2.24067
35.11913,0.92521,-3.17187,-2.1072
35.12917,0.96067,-3.23636,-2.00604
35.1392,0.92087,-3.40216,-2.05662
35.14924,0.81148,-3.58621,-2.22945
35.15928,0.70255,-3.71311,-2.37205
35.16932,0.52687,-3.92873,-2.478
35.17935,0.11328,-4.19629,-2.50059
35.18939,-0.25379,-4.57577,-2.41455
35.19943,-0.39789,-4.85275,-2.52229
35.21009,-0.3114,-4.95869,-2.73807
35.22013,-0.13093,-4.94388,-2.80526
35.23017,-0.09203,-4.85694,-3.0776
35.24021,-0.16999,-4.75399,-3.32345
35.25024,-0.27189,-4.59358,-3.47503
35.26028,-0.39459,-4.43825,-3.52262
35.27032,-0.52972,-4.20482,-3.51394
35.28036,-0.54932,-3.9636,-3.53773
35.2904,-0.50323,-3.79331,-3.49703
35.30043,-0.41928,-3.73211,-3.61973
35.31047,-0.37245,-3.62422,-3.91991
35.32051,-0.3313,-3.45004,-4.33006
35.33055,-0.20979,-3.22574,-4.64565
35.34058,-0.12674,-3.06174,-4.92487
35.35062,-0.13961,-2.96462,-4.97485
35.36066,-0.27713,-2.87125,-5.00134
35.3707,-0.56862,-2.86616,-5.22759
35.38073,-0.80266,-2.88516,-5.64014
35.39077,-0.84306,-3.03405,-6.16941
35.40081,-0.68863,-3.22349,-6.627
35.41085,-0.7208,-3.26644,-6.94139
35.42088,-0.92895,-3.39408,-7.17632
35.43092,-1.13276,-3.31866,-7.25862
35.44096,-1.31846,-3.34395,-7.45659
35.451,-1.25157,-3.41593,-7.78669
35.46104,-0.85832,-3.51259,-8.23127
35.47107,-0.58718,-3.44496,-8.90658
35.48111,-0.52807,-3.37822,-9.74665
35.49115,-0.68325,-3.38735,-10.33861
35.50119,-0.7657,-3.35068,-10.67111
35.51122,-0.63222,-3.32929,-10.81192
35.52126,-0.10804,-3.03196,-10.99193
35.5313,0.7039,-2.58678,-11.73383
35.54134,1.29706,-2.22032,-12.4916
35.55137,1.52675,-2.13368,-12.98151
35.56141,1.61115,-2.02834,-13.24742
35.57145,1.68297,-1.8178,-13.39092
35.58149,1.77261,-1.65424,-13.4828
35.59152,1.97372,-1.59783,-13.74571
35.60156,2.09493,-1.52705,-13.99905
35.6116,1.9821,-1.5465,-14.25448
35.62164,1.74462,-1.66681,-14.65132
35.63168,1.62521,-1.63404,-14.94191
35.64171,1.68312,-1.46929,-15.07374
35.65175,1.78188,-1.20413,-15.21829
35.66179,1.90249,-1.13111,-15.33381
35.67183,1.92359,-1.25546,-15.3404
35.68186,1.83815,-1.34539,-15.32289
35.6919,1.76767,-1.19531,-15.22443
35.70194,1.68537,-1.07859,-14.93084
35.71198,1.76064,-0.94586,-14.70818
35.72201,1.83366,-0.83992,-14.61496
35.73205,1.83336,-0.83393,-14.72913
35.74209,1.65335,-1.00137,-14.82729
35.75213,1.35228,-1.26833,-14.69995
35.76216,1.02592,-1.3849,-14.54073
35.7722,0.73203,-1.47842,-14.43778
35.78224,0.59571,-1.54576,-14.36446
35.79228,0.50982,-1.64482,-14.3067
35.80232,0.40133,-1.81166,-14.25328
35.81235,0.30586,-1.98823,-14.24281
35.82239,0.25857,-2.12231,-14.17128
35.83243,0.21039,-2.29095,-14.0179
35.84247,0.05462,-2.44253,-14.01566
35.8525,-0.14799,-2.54788,-14.09077
35.86254,-0.37873,-2.69378,-14.26166
35.87321,-0.65287,-2.87439,-14.5334
35.88324,-0.80909,-3.02807,-14.70743
35.89328,-0.88765,-3.07281,-14.6992
35.90332,-0.95828,-3.04887,-14.52727
35.91336,-1.08158,-3.23068,-14.29952
35.92339,-1.29706,-3.45708,-14.19387
35.93343,-1.64975,-3.66807,-14.19552
35.94347,-1.87182,-3.78972,-14.12953
35.95351,-1.81735,-3.83731,-13.82636
35.96354,-1.60995,-3.82534,-13.40109
35.97358,-1.50087,-3.79885,-13.14896
35.98362,-1.63599,-3.83237,-13.16557
35.99366,-1.89501,-3.86289,-13.25819
36.0037,-2.05333,-3.89896,-13.22048
36.01373,-1.9619,-3.92604,-12.96505
36.02377,-1.77365,-3.85511,-12.65545
36.03381,-1.6312,-3.73765,-12.46526
36.04385,-1.63105,-3.55,-12.26505
36.05388,-1.5908,-3.52097,-12.08114
36.06392,-1.57898,-3.66672,-11.76032
36.07396,-1.59544,-3.75231,-11.20277
36.084,-1.4874,-3.69216,-10.41178
36.09403,-1.06123,-3.56242,-9.51112
36.10407,-0.62429,-3.54925,-8.74377
36.11411,-0.27608,-3.46576,-8.21421
36.12415,0.07048,-3.23397,-8.03988
36.13418,0.29194,-2.97839,-8.20732
36.14422,0.57281,-2.55207,-8.32763
36.15426,0.70255,-2.27569,-8.1554
36.1643,0.82585,-2.06126,-7.72714
36.17433,0.87373,-1.90758,-7.37713
36.18437,0.84126,-1.81346,-7.2278
36.19441,1.09595,-1.73236,-6.98867
36.20445,1.52496,-1.63853,-6.62371
36.21449,1.7322,-1.59813,-6.30782
36.22452,1.74058,-1.87735,-6.1504
36.23456,1.42305,-2.05452,-6.23824
36.2446,0.87643,-2.11303,-6.51073
36.25464,0.64793,-2.42757,-6.67997
36.26467,0.6388,-2.81887,-6.41407
36.27471,0.56039,-2.83877,-6.08322
36.28475,0.22296,-2.83174,-5.92565
36.29479,-0.23179,-3.05994,-5.80699
36.30482,-0.52538,-3.48207,-5.55979
36.31486,-0.50099,-3.64487,-5.45324
36.3249,-0.24855,-3.40036,-5.52223
36.33494,0.21069,-3.18159,-5.59091
36.34497,0.49306,-3.24684,-5.59869
36.35501,0.51251,-3.50272,-5.55694
36.36505,0.43365,-3.82369,-5.37902
36.37509,0.38158,-4.09603,-5.09516
36.38512,0.37379,-4.15768,-4.82686
36.39516,0.55665,-4.10606,-4.98278
36.4052,0.88316,-3.93113,-5.18689
36.41524,1.08278,-3.95597,-5.07212
36.42527,1.00123,-4.19359,-4.85394
36.43531,0.87942,-4.4375,-4.71029
36.44535,0.72634,-4.71897,-4.67258
36.45539,0.61591,-4.93161,-4.84781
36.46543,0.65885,-4.89674,-5.23313
36.47546,0.6825,-4.68171,-5.62742
36.4855,0.60439,-4.68605,-5.74653
36.49554,0.46792,-4.9973,-5.83242
36.50558,0.23044,-5.25048,-5.95034
36.51561,0.11043,-5.36855,-6.16896
36.52565,0.13033,-5.43274,-6.31246
36.53569,0.25289,-5.43349,-6.33371
36.54573,0.28087,-5.44456,-6.26727
36.55576,0.11253,-5.63535,-6.39551
36.5658,-0.09726,-5.87193,-6.71289
36.57584,-0.17418,-6.02246,-6.90967
36.58588,-0.1236,-6.12661,-7.03626
36.59592,0.03621,-6.08082,-7.08773
36.60595,0.24481,-5.99598,-6.99616
36.61599,0.23523,-6.07155,-6.9363
36.62603,0.07048,-6.16582,-6.97955
36.63606,-0.12166,-6.36035,-6.92628
36.6461,-0.17986,-6.57163,-6.7919
36.65614,-0.25798,-6.64107,-6.73878
36.66618,-0.30541,-6.59034,-6.8561
36.67622,-0.24331,-6.52091,-7.13741
36.68625,-0.20022,-6.47691,-7.36022
36.69629,-0.13662,-6.38788,-7.22959
36.70633,-0.00254,-6.34793,-7.10883
36.71637,0.11926,-6.2565,-7.10868
36.7264,0.12405,-6.18273,-7.10225
36.73644,0.13841,-6.13978,-7.19428
36.74648,0.14724,-6.10267,-7.42307
36.75652,0.12061,-6.14816,-7.50537
36.76655,0.09741,-6.22208,-7.56643
36.77659,0.04953,-6.26203,-7.49056
36.78663,-0.0428,-6.27685,-7.30755
36.79667,-0.16445,-6.22971,-7.07262
36.80671,-0.35075,-6.22762,-7.06215
36.81674,-0.47525,-6.35301,-7.27209
36.82678,-0.43455,-6.38698,-7.49295
36.83682,-0.3307,-6.32099,-7.61206
36.84686,-0.31828,-6.30079,-7.52034
36.85689,-0.40028,-6.4196,-7.31563
36.86693,-0.44697,-6.47572,-7.07921
36.87697,-0.51161,-6.44968,-6.9384
36.88701,-0.42901,-6.39566,-6.92538
36.89704,-0.27294,-6.4419,-7.06858
36.90708,-0.26576,-6.45372,-7.1449
36.91712,-0.37215,-6.47886,-7.23184
36.92716,-0.51386,-6.46794,-7.2456
36.93719,-0.55141,-6.46434,-7.26535
36.94723,-0.46597,-6.49891,-7.30845
36.95727,-0.47151,-6.44489,-7.49146
36.96731,-0.51715,-6.31785,-7.65187
36.97734,-0.50099,-6.16567,-7.76305
36.98738,-0.37529,-6.10117,-7.7406
36.99742,-0.28237,-6.13589,-7.68479
37.00746,-0.30601,-6.16911,-7.73477
37.0175,-0.38173,-6.16223,-7.72818
37.02753,-0.30825,-6.1516,-7.5555
37.03757,-0.14455,-6.12287,-7.35454
37.04761,-0.17283,-6.01558,-7.16974
37.05765,-0.34147,-5.83227,-7.0795
37.06768,-0.39938,-5.74219,-7.10973
37.07772,-0.40223,-5.76853,-7.31683
37.08776,-0.35629,-5.84859,-7.48562
37.0978,-0.27952,-5.94091,-7.52617
37.10783,-0.17448,-5.87268,-7.45614
37.11787,-0.04654,-5.60887,-7.22615
37.12791,0.07497,-5.3262,-6.95964
37.13795,0.123,-5.15397,-6.92792
37.14798,0.16969,-5.12524,-7.07876
37.15802,0.19902,-5.27443,-7.16614
37.16806,0.11088,-5.28595,-7.19024
37.1781,-0.0407,-5.16474,-7.05137
37.18814,-0.2071,-5.0169,-6.9167
37.19817,-0.28686,-4.74636,-7.00753
37.20821,-0.25962,-4.584,-7.37339
37.21825,-0.15996,-4.58983,-7.68254
37.22829,-0.05462,-4.87699,-7.75198
37.23832,0.03846,-5.07391,-7.42292
37.24836,0.13198,-5.02693,-7.03057
37.2584,0.12555,-4.87953,-6.77888
37.26844,0.16475,-4.67109,-6.813
37.27847,0.14949,-4.67019,-6.91999
37.28851,0.03098,-4.84272,-7.13607
37.29855,-0.09008,-4.97635,-7.23318
37.30859,-0.19617,-5.03456,-7.11183
37.31862,-0.45325,-4.99011,-7.04224
37.32866,-0.59571,-4.94388,-7.04389
37.3387,-0.62938,-5.03276,-7.10779
37.34874,-0.46941,-5.22175,-7.00573
37.35878,-0.2068,-5.08633,-6.94274
37.36881,0.2472,-4.83135,-6.78517
37.37885,0.77946,-4.67273,-6.53482
37.38889,1.18767,-4.73244,-6.53826
37.39893,1.16268,-4.77344,-6.74716
37.40896,0.93299,-5.01002,-7.04628
37.419,0.63551,-5.39937,-7.33434
37.42904,0.46118,-5.62503,-7.48008
37.43908,0.68773,-5.58492,-7.08774
37.44911,0.79847,-5.45833,-6.55906
37.45915,0.84171,-5.42631,-6.21385
37.46919,0.79847,-5.27383,-5.99493
37.47923,0.43126,-5.49993,-6.27071
37.48926,0.08619,-6.47198,-7.04958
37.4993,-0.2068,-7.32371,-7.64873
37.50934,-0.3111,-7.67267,-8.04721
37.51938,0.0006,-7.46796,-7.65067
37.52941,0.07796,-7.23812,-6.98403
37.53945,-0.07213,-7.28301,-6.46958
37.54949,-0.1447,-7.30561,-6.17105
37.55953,-0.39848,-7.63167,-6.33551
37.56957,-0.68549,-8.0716,-6.81091
37.5796,-0.84575,-8.09554,-7.56223
37.58964,-0.25648,-7.64169,-7.52542
37.59968,0.46881,-7.21493,-6.8329
37.60972,0.68235,-7.37205,-5.6756
37.61975,0.39504,-7.86899,-5.07795
37.62979,-0.34866,-8.2983,-5.00627
37.63983,-1.04058,-8.61972,-5.54916
37.64987,-1.02038,-8.87411,-6.49502
37.6599,-0.54917,-8.86408,-7.24755
37.66994,0.08395,-8.36429,-7.23752
37.67998,0.79203,-7.888,-6.65827
37.69002,1.26593,-7.77667,-5.60228
37.70005,1.21072,-8.02357,-4.93864
37.71009,0.56638,-8.40604,-4.68815
37.72013,-0.73682,-8.84538,-4.61587
37.73017,-1.86284,-9.31569,-4.62006
37.74021,-2.50314,-9.66659,-4.93879
37.75024,-2.47052,-9.63277,-5.52372
37.76028,-1.96773,-9.23907,-6.14068
37.77032,-1.02442,-8.67165,-6.0301
37.78036,0.09263,-8.25461,-5.43978
37.79039,1.04238,-7.99155,-4.96752
37.80043,1.33312,-7.87393,-4.58879
37.81047,1.22254,-7.866,-4.34174
37.82051,1.13964,-8.134,-4.13718
37.83054,1.06886,-8.68571,-4.42493
37.84058,0.81119,-9.01162,-4.7911
37.85062,0.93763,-9.13762,-4.67917
37.86066,1.36978,-9.08779,-4.60195
37.87069,2.02699,-8.86079,-4.9946
37.88073,2.50089,-8.67689,-5.47674
37.89077,2.90147,-8.53413,-5.68758
37.90081,3.34874,-8.59324,-5.42706
37.91085,3.44077,-8.8177,-5.21083
37.92088,2.85434,-9.15558,-5.33817
37.93092,2.2519,-9.50528,-5.64358
37.94096,1.71664,-9.95599,-6.04521
37.951,1.2375,-10.3862,-6.25754
37.96103,0.94616,-10.64627,-6.30184
37.97107,0.77782,-10.7163,-6.233
37.98111,0.41524,-10.67979,-6.12856
37.99115,-0.09382,-10.76568,-5.90156
38.00118,-0.57192,-10.95198,-5.56368
38.01122,-1.07754,-11.07453,-5.01765
38.02126,-1.4042,-11.06675,-4.66016
38.0313,-1.38939,-10.95482,-4.70086
38.04133,-1.01335,-10.6316,-5.00957
38.05137,-0.56294,-10.1785,-5.35553
38.06141,-0.22491,-9.87339,-5.4715
38.07145,-0.01571,-9.81892,-5.26979
38.08149,0.0606,-9.97813,-4.75159
38.09152,0.02813,-10.05041,-4.37959
38.10156,-0.14156,-9.88506,-4.16831
38.1116,-0.25723,-9.7875,-4.09588
38.12164,-0.3925,-9.80411,-4.31091
38.13167,-0.49979,-9.6431,-4.64625
38.14171,-0.43679,-9.31883,-4.80576
38.15175,-0.40417,-9.13193,-4.65822
38.16179,-0.47974,-9.06235,-4.43257
38.17182,-0.55082,-8.9178,-4.28876
38.18186,-0.75926,-8.80034,-4.44723
38.1919,-0.88286,-8.71968,-4.6226
38.20194,-0.80789,-8.57872,-4.69338
38.21197,-0.56802,-8.36354,-4.62784
38.22201,-0.27683,-8.16064,-4.40862
38.23205,-0.2077,-8.00202,-4.23849
38.24209,-0.35479,-7.99559,-4.18596
38.25213,-0.60903,-8.14388,-4.24148
38.26216,-0.92326,-8.36429,-4.14825
38.2722,-1.10911,-8.4427,-3.89327
38.28224,-1.12677,-8.45931,-3.66388
38.29228,-1.08637,-8.43058,-3.60836
38.30231,-1.00167,-8.39647,-3.9838
38.31235,-0.86146,-8.35666,-4.29505
38.32239,-0.82346,-8.37058,-4.30343
38.33243,-0.93015,-8.48146,-4.40817
38.34246,-1.11226,-8.60566,-4.58026
38.3525,-1.23301,-8.67359,-4.79199
38.36254,-1.21581,-8.72193,-5.04787
38.37258,-1.0732,-8.64711,-5.23133
38.38261,-0.98462,-8.56675,-5.41464
38.39265,-0.99973,-8.54251,-5.65615
38.40269,-1.0322,-8.56301,-5.78334
38.41273,-1.06722,-8.58815,-5.72873
38.42277,-1.00078,-8.55673,-5.63371
38.4328,-0.93898,-8.43477,-5.59615
38.44284,-0.82675,-8.35651,-5.57056
38.45288,-0.63386,-8.29396,-5.63775
38.46292,-0.46522,-8.28109,-5.62323
38.47295,-0.27623,-8.26808,-5.59944
38.48299,-0.1851,-8.2166,-5.50921
38.49303,-0.1257,-8.13445,-5.47105
38.50307,-0.06644,-8.08238,-5.51893
38.5131,-0.08559,-8.1153,-5.59794
38.52314,-0.08724,-8.14777,-5.61844
38.53318,0.05237,-8.06232,-5.3681
38.54322,0.14575,-8.01264,-5.20918
38.55325,0.08305,-8.06158,-5.23672
38.56329,-0.00045,-8.13954,-5.30211
38.57333,-0.01407,-8.10811,-5.26784
38.58337,0.05941,-8.0722,-5.15771
38.5934,0.05746,-8.0499,-5.21831
38.60344,-0.03846,-8.08073,-5.3696
38.61348,-0.22461,-8.19505,-5.35792
38.62352,-0.30481,-8.26448,-5.21981
38.63356,-0.29299,-8.20328,-5.14723
38.64359,-0.24256,-8.11141,-5.2433
38.65363,-0.1465,-8.05245,-5.40551
38.66367,-0.02963,-7.9706,-5.50128
38.67371,0.14724,-7.86869,-5.41898
38.68374,0.25004,-7.85882,-5.19377
38.69378,0.22161,-7.79552,-5.16594
38.70382,0.12195,-7.74285,-5.23148
38.71386,0.05342,-7.75572,-5.25752
38.7239,0.09158,-7.67611,-5.00912
38.73393,0.13168,-7.64289,-4.71433
38.74397,0.19034,-7.60413,-4.49362
38.75401,0.32651,-7.47066,-4.53537
38.76404,0.46911,-7.35259,-4.69413
38.77408,0.74879,-7.2878,-4.73708
38.78412,1.08876,-7.1006,-4.67872
38.79416,1.37322,-6.90952,-4.59387
38.8042,1.53857,-6.80776,-4.6057
38.81423,1.58032,-6.73489,-4.75369
38.82427,1.54082,-6.68237,-5.10025
38.83431,1.47468,-6.70855,-5.52956
38.84435,1.53423,-6.70691,-5.85906
38.85438,1.71021,-6.57732,-6.27206
38.86442,1.76527,-6.55128,-6.75255
38.87446,1.78263,-6.82527,-7.07726
38.8845,1.69105,-7.30456,-7.10988
38.89453,1.48411,-7.81826,-7.08654
38.90457,1.22119,-8.42849,-7.16749
38.91461,1.04282,-9.01252,-7.67761
38.92465,1.06841,-9.4369,-8.4243
38.93468,1.35377,-9.98367,-9.07088
38.94472,2.03537,-10.80758,-9.19867
38.95476,3.0143,-11.65602,-8.95372
38.9648,3.63754,-12.25038,-8.67838
38.97484,3.46172,-12.60861,-8.59084
38.98487,2.53441,-12.84369,-8.487
38.99491,1.23466,-13.28079,-8.64606
39.00495,0.1655,-13.6685,-9.0233
39.01499,-0.39863,-13.52544,-9.44587
39.02502,-0.73173,-12.80883,-9.90376
39.03506,-1.20428,-12.33358,-10.00836
39.0451,-1.76527,-12.27747,-9.51635
39.05514,-1.89441,-11.89065,-8.81545
39.06517,-1.64646,-11.34986,-8.71205
39.07521,-1.43113,-11.03248,-9.2283
39.08525,-1.31427,-10.86489,-9.12475
39.09529,-1.0099,-10.5918,-8.09435
39.10532,-0.74639,-10.12508,-7.05586
39.11536,-0.62414,-9.25733,-6.00556
39.1254,-0.46298,-8.71654,-5.58073
39.13544,-0.67771,-8.80198,-5.77841
39.14548,-1.29422,-8.78118,-5.60991
39.15551,-2.36353,-8.68871,-5.1004
39.16555,-2.75618,-8.49972,-4.73977
39.17559,-2.26252,-7.85553,-5.14334
39.18563,-1.53019,-6.9381,-6.54036
39.19566,-0.18615,-5.473,-7.83084
39.20633,-0.18615,-5.473,-7.83084
39.21637,-0.29583,-6.17973,-6.53333
39.2264,-1.18139,-7.01905,-5.2439
39.23644,-2.39944,-7.207,-4.49826
39.24648,-3.61928,-7.12185,-4.09349
39.25652,-4.42239,-6.95516,-3.82683
39.26655,-4.38663,-6.5239,-3.40201
39.27659,-3.77087,-5.87657,-3.48641
39.28663,-2.75692,-5.12045,-4.42523
39.29667,-1.45897,-4.4191,-4.78676
39.3067,-0.47869,-4.35176,-4.72032
39.31674,-0.04639,-4.45815,-5.16669
39.32678,-0.08874,-4.35011,-5.75701
39.33682,-0.75836,-4.4375,-5.72693
39.34685,-2.30442,-4.76551,-5.5119
39.35689,-3.62632,-5.33069,-4.79155
39.36693,-3.94804,-5.68802,-3.99368
39.37697,-3.37597,-5.60797,-3.63949
39.38701,-2.18561,-5.31887,-3.70563
39.39704,-0.98851,-4.9735,-4.14736
39.40708,-0.15532,-4.50544,-4.89764
39.41712,0.29045,-4.05099,-5.49769
39.42716,0.6183,-3.60522,-5.61276
39.43719,0.69417,-3.42715,-5.02139
39.44723,-0.01541,-3.83027,-4.00969
39.45727,-0.96516,-4.50634,-3.36625
39.46731,-1.60456,-5.04892,-3.17845
39.47734,-1.84309,-5.23432,-3.16902
39.48738,-1.68402,-5.06912,-3.27392
39.49742,-1.32998,-4.66271,-3.32166
39.50746,-0.8887,-4.17848,-3.12668
39.51749,-0.50907,-3.83746,-2.93634
39.52753,-0.25124,-3.60297,-2.48099
39.53757,-0.21982,-3.47698,-1.90968
39.54761,-0.5574,-3.59534,-1.67519
39.55765,-0.90621,-3.83207,-1.63629
39.56768,-1.13844,-3.90419,-1.57568
39.57772,-1.33327,-4.01807,-1.54441
39.58776,-1.37397,-4.25195,-1.35871
39.59779,-1.37517,-4.41296,-1.09415
39.60783,-1.38056,-4.38004,-1.10163
39.61787,-1.22074,-4.20242,-1.26174
39.62791,-1.19531,-3.90734,-1.3623
39.63795,-1.3002,-3.56347,-1.51403
39.64798,-1.45912,-3.39722,-1.80927
39.65802,-1.7958,-3.3037,-2.12755
39.66806,-2.16032,-3.20269,-2.43251
39.6781,-2.15852,-3.00098,-2.70605
39.68813,-1.93466,-2.62345,-3.12443
39.69817,-1.671,-2.38103,-3.68527
39.70821,-1.47692,-2.28931,-4.16052
39.71825,-1.3017,-1.76707,-4.6642
39.72828,-0.886,-1.21311,-5.06583
39.73832,-0.53136,-1.18917,-5.19766
39.74836,-0.23029,-1.18303,-5.47958
39.7584,-0.23044,-1.24334,-6.02202
39.76844,-0.52014,-1.08457,-6.41511
39.77847,-0.14964,-0.97459,-7.30172
39.78851,0.58419,-0.81208,-8.35726
39.79855,1.10657,-0.19603,-9.67647
39.80858,1.48022,0.57296,-10.89287
39.81862,1.53798,0.40477,-11.87883
39.82866,1.52181,-0.54019,-12.47574
39.8387,1.69016,-1.22419,-13.21749
39.84874,1.78503,-1.25426,-14.22814
39.85877,1.61594,-1.2577,-15.25181
39.86944,1.99572,-0.77542,-16.80595
39.87948,1.99572,-0.77542,-16.80595
39.88951,1.92135,-1.44864,-17.74911
39.89955,1.72008,-2.19503,-18.71637
39.90959,1.84264,-2.68644,-19.62527
39.91963,2.03148,-3.20778,-20.07643
39.92966,2.05303,-3.87038,-20.5228
39.9397,1.95083,-4.30896,-21.30825
39.94974,1.78188,-4.57936,-22.22537
39.95978,1.54187,-5.08065,-23.00858
39.96981,1.58915,-5.49035,-23.91523
39.97985,1.78144,-5.53973,-24.93546
39.98989,2.01532,-5.35059,-25.75158
39.99993,2.21134,-5.19317,-25.75368
40.00996,2.12545,-5.22879,-24.61359
40.02,1.64452,-5.43723,-22.98059
40.03004,0.84785,-5.60991,-21.79337
40.04008,0.14186,-5.81761,-21.08184
40.05012,-0.30107,-5.86445,-20.72182
40.06015,-0.59586,-5.56263,-20.28143
40.07019,-0.94646,-5.15142,-19.37119
40.08023,-1.32265,-4.86068,-17.97537
40.09027,-1.5082,-4.6036,-16.63521
40.1003,-1.47468,-4.38274,-15.3404
40.11034,-1.19695,-4.30313,-14.33364
40.12038,-0.83199,-4.37989,-13.80182
40.13042,-0.58419,-4.24013,-13.41277
40.14045,-0.35763,-4.1092,-13.112
40.15049,-0.45071,-4.02211,-12.8603
40.16053,-0.49021,-3.68019,-12.84504
40.17057,-0.32277,-3.37971,-12.51853
40.1806,-0.20321,-3.34246,-12.18274
40.19064,-0.40821,-3.03435,-12.04448
40.20068,-0.77827,-2.36308,-11.90666
40.21072,-0.74145,-2.04435,-11.49666
40.22075,-0.39774,-1.72996,-10.81386
40.23079,-0.00943,-1.34988,-10.0763
40.24083,0.38143,-1.13695,-9.7441
40.25087,0.63357,-0.55067,-9.00803
40.26091,0.80071,-0.07991,-7.87004
40.27094,0.8037,0.05297,-6.47108
40.28098,0.44996,-0.05028,-5.10189
40.29102,-0.0217,-0.06883,-4.02121
40.30106,-0.27518,-0.01347,-3.28125
40.31109,-0.45789,-0.01721,-2.43146
40.32113,-0.67861,-0.16729,-1.58975
40.33117,-0.5776,-0.21189,-0.71991
40.34121,-0.0826,-0.11298,0.39983
40.35124,0.41435,-0.32112,1.40195
40.36128,0.77707,-0.51236,2.04585
40.37132,0.91593,-0.65122,2.41994
40.38136,0.82585,-1.08397,2.94367
40.3914,0.65511,-1.43293,3.48745
40.40143,0.44697,-1.48949,4.09334
40.41147,0.25992,-1.31816,4.52923
40.42151,0.16939,-1.53199,4.11399
40.43155,0.36946,-1.68971,2.82022
40.44158,0.73831,-1.63464,1.9188
40.45162,0.96651,-1.60187,1.7738
40.46166,1.04282,-1.46031,1.96519
40.4717,1.01589,-1.33761,2.49251
40.48173,0.83962,-1.32429,3.06233
40.49177,0.69477,-1.60127,2.91344
40.50181,0.39848,-1.66427,1.94768
40.51185,0.02095,-1.67654,0.82316
40.52188,-0.34177,-1.71649,0.02334
40.53192,-0.66649,-1.4461,0.03112
40.54196,-0.89394,-1.12198,0.40043
40.552,-1.12572,-0.82361,0.44308
40.56204,-1.3834,-0.43904,0.25753
40.57207,-1.19231,-0.54962,0.08724
40.58211,-1.07589,-0.59481,0.0838
40.59215,-1.1365,-0.2478,-0.42901
40.60219,-1.29077,0.12195,-1.45298
40.61222,-1.46046,0.42048,-2.21209
40.62226,-1.67355,0.76914,-2.73373
40.6323,-1.99317,0.87089,-3.02822
40.64234,-1.89292,0.5996,-2.87035
40.65237,-1.90324,0.56608,-3.36924
40.66241,-1.53857,1.4883,-5.49754
40.67245,-0.82091,2.24621,-8.38569
40.68249,-0.11866,2.65068,-10.76433
40.69252,0.27144,2.99964,-13.18996
40.70256,0.24975,3.0333,-15.82463
40.7126,0.06928,2.17932,-17.61324
40.72264,-0.14156,1.0123,-18.62584
40.73268,-0.48498,0.11148,-19.31911
40.74271,-0.70479,-0.48079,-20.80412
40.75275,-1.25486,-0.99733,-23.13233
40.76279,-1.9182,-2.16526,-25.41385
40.77282,-2.29694,-3.60507,-26.5514
40.78286,-2.74196,-4.69443,-27.01243
40.7929,-2.79987,-5.28954,-27.18332
40.80294,-2.35964,-5.69057,-27.14965
40.81298,-1.8983,-5.95318,-27.40523
40.82301,-1.52855,-6.09564,-27.62879
40.83305,-1.56566,-6.32593,-27.55083
40.84309,-2.14236,-6.79489,-27.11164
40.85313,-2.66953,-7.37264,-26.26753
40.86316,-2.87095,-7.46976,-25.53461
40.8732,-3.15436,-7.27523,-25.15498
40.88324,-3.56197,-7.13652,-24.81351
40.89328,-3.8207,-6.81809,-24.15585
40.90331,-4.05847,-6.2767,-23.29334
40.91335,-4.37002,-5.97084,-22.1956
40.92339,-4.49915,-5.87283,-20.76521
40.93343,-4.52115,-5.77167,-19.49449
40.94347,-4.61437,-5.60079,-18.33914
40.9535,-4.61288,-5.32291,-17.38056
40.96354,-4.35041,-4.97261,-16.81223
40.97358,-4.13718,-4.75369,-16.25049
40.98362,-3.99966,-4.41416,-15.06806
40.99365,-3.87606,-4.0248,-13.39691
41.00369,-3.5904,-3.34709,-12.20624
41.01373,-2.81079,-2.2905,-12.39104
41.02377,-1.8365,-1.23391,-12.94066
41.0338,-0.97205,-0.49545,-12.93048
41.04384,-0.57386,0.03053,-12.10763
41.05388,-0.85114,0.32247,-10.32709
41.06392,-1.47258,0.1462,-8.10198
41.07395,-2.04959,-0.25094,-6.48948
41.08399,-1.64078,-0.11298,-6.03623
41.09403,-0.7,0.45011,-6.34344
41.10407,-0.08095,0.93194,-6.39057
41.1141,0.28326,1.09415,-5.89677
41.12414,0.45191,0.93643,-4.92981
41.13418,0.64584,0.36916,-3.29637
41.14422,0.98731,-0.17463,-1.72787
41.15426,0.88181,-0.47375,-1.21132
41.16429,0.26067,-0.95693,-1.30619
41.17433,0.00284,-1.5697,-1.81944
41.18437,-0.02604,-1.55548,-2.63198
41.19441,0.25094,-1.29826,-3.18264
41.20444,0.65706,-1.73161,-3.33408
41.21448,0.91473,-2.22631,-3.2618
41.22452,0.66349,-2.48084,-2.90776
41.23456,0.00778,-2.92482,-2.38866
41.24459,-0.61307,-3.43807,-2.01981
41.25463,-1.07455,-3.53085,-2.25025
41.26467,-1.01424,-3.53803,-3.21033
41.27471,-0.39624,-3.87651,-4.35296
41.28475,0.31903,-3.96614,-5.14484
41.29478,0.48079,-3.93741,-5.41987
41.30482,0.11387,-4.13538,-5.22549
41.31486,-0.3735,-4.38827,-4.81908
41.3249,-0.33773,-4.55467,-4.50454
41.33493,0.21219,-4.3977,-4.40608
41.34497,0.95394,-4.05877,-4.82013
41.35501,1.54306,-3.91527,-5.3684
41.36505,1.78383,-4.03827,-5.80564
41.37508,1.80493,-4.46893,-5.93612
41.38512,1.80987,-4.6853,-5.6587
41.39516,1.89157,-4.62021,-5.32246
41.4052,2.00051,-4.86143,-4.85364
41.41523,2.00844,-5.23597,-4.44543
41.42527,1.84024,-5.42257,-4.56859
41.43531,1.67714,-5.59315,-4.7287
41.44535,1.54965,-5.99269,-4.9346
41.45539,1.30394,-6.43202,-4.79035
41.46542,0.9276,-6.67863,-4.75399
41.47546,0.55156,-6.71244,-5.11521
41.4855,0.35928,-6.71708,-5.76778
41.49553,0.54767,-6.84966,-6.04835
41.50557,0.93164,-6.87465,-5.96291
41.51561,0.81223,-6.76781,-6.22837
41.52565,0.48557,-6.8353,-6.58555
41.53569,0.21638,-7.02489,-6.73893
41.54572,-0.15577,-7.12245,-6.63403
41.55576,-0.36571,-7.20565,-6.64615
41.5658,-0.29224,-7.12634,-6.86792
41.57584,-0.00913,-6.98853,-7.24276
41.58587,0.17478,-6.87734,-7.32686
41.59591,0.1028,-6.8947,-6.95306
41.60595,-0.2267,-7.06379,-6.46045
41.61599,-0.61815,-7.08759,-6.42978
41.62603,-0.75507,-7.05152,-6.76182
41.63606,-0.59496,-7.20161,-7.25757
41.6461,-0.47061,-7.36247,-7.51884
41.65614,-0.69058,-7.4542,-7.25653
41.66617,-1.02577,-7.47275,-6.58121
41.67621,-1.24708,-7.39748,-6.0907
41.68625,-1.25666,-7.18844,-5.92056
41.69629,-1.09161,-6.94528,-6.43307
41.70633,-0.72559,-6.93271,-7.44821
41.71636,-0.53151,-7.0611,-8.16273
41.7264,-0.81762,-7.13682,-7.9486
41.73644,-1.16807,-7.17542,-7.08758
41.74648,-1.64736,-7.07561,-6.30932
41.75651,-1.91312,-6.84173,-6.236
41.76655,-1.59978,-6.58735,-6.85385
41.77659,-0.91429,-6.41736,-7.82126
41.78663,-0.17986,-6.39731,-8.3414
41.79667,-0.16774,-6.61278,-7.64319
41.8067,-0.79966,-6.88632,-6.07873
41.81674,-1.32714,-6.91805,-4.89943
41.82678,-1.57314,-6.69374,-4.55227
41.83681,-1.28254,-6.46016,-4.88776
41.84685,-0.64329,-6.35271,-5.59241
41.85689,-0.06928,-6.49382,-6.37935
41.86693,0.0413,-7.04748,-6.53961
41.87697,-0.47555,-7.7409,-5.25767
41.887,-1.06392,-8.44151,-3.25731
41.89704,-1.21132,-8.69634,-1.96354
41.90708,-0.89708,-8.54775,-1.74567
41.91712,-0.18989,-8.46305,-2.14116
41.92715,0.33668,-8.59878,-3.01265
41.93719,0.37963,-9.11233,-3.54776
41.94723,-0.03472,-9.67901,-3.35652
41.95727,-0.55336,-9.89045,-2.67208
41.9673,-0.61262,-9.82266,-2.37954
41.97734,-0.44727,-9.58339,-2.67672
41.98738,-0.1652,-9.30566,-3.50721
41.99742,0.10355,-9.05502,-4.4589
42.00745,-0.2282,-9.12804,-5.24944
42.01749,-0.7657,-9.2898,-5.73785
42.02753,-1.01185,-9.10739,-6.17914
42.03757,-0.96471,-8.79001,-6.6487
42.04761,-0.662,-8.33047,-7.21867
42.05764,-0.49545,-7.885,-7.89623
42.06768,-0.6626,-7.65441,-8.62122
42.07772,-0.93913,-7.48427,-9.01028
42.08776,-1.14383,-7.37325,-8.98798
42.09779,-1.30409,-7.29887,-9.05322
42.10783,-1.31741,-7.15178,-9.12655
42.11787,-1.07814,-6.99601,-8.90538
42.12791,-0.62698,-6.80223,-8.69619
42.13795,-0.14066,-6.53168,-8.54087
42.14798,0.17642,-6.27685,-7.92241
42.15802,0.04025,-6.01902,-7.04629
42.16806,-0.2463,-5.8827,-6.36005
42.17809,-0.12599,-5.61021,-6.06317
42.18813,0.27937,-5.02288,-6.27101
42.19817,0.55366,-4.2114,-6.62371
42.20821,0.59646,-3.45633,-6.74477
42.21825,0.7618,-3.03061,-6.57642
42.22828,1.06841,-2.86975,-6.36109
42.23832,1.23122,-2.79179,-6.32398
42.24836,1.02756,-3.17995,-5.99044
42.2584,0.62698,-3.50481,-5.69087
42.26843,0.07856,-3.50616,-5.58298
42.27847,-0.59256,-3.31866,-5.23417
42.28851,-1.21401,-3.0125,-4.64236
42.29855,-1.21027,-2.81274,-4.19703
42.30858,-0.42243,-3.13281,-3.81022
42.31862,0.59586,-3.83581,-3.32764
42.32866,1.3234,-4.18626,-3.50227
42.3387,1.50969,-4.13643,-4.55736
42.34873,1.19186,-4.03573,-5.7805
42.35877,0.86161,-3.82863,-6.56804
42.36881,0.53825,-3.68049,-6.82587
42.37885,0.93643,-4.24761,-6.02321
42.38889,2.02265,-5.44606,-4.73962
42.39892,2.34168,-5.87253,-4.29969
42.40896,1.84144,-5.6162,-4.707
42.419,1.22194,-5.16534,-5.70733
42.42904,0.75357,-5.39384,-6.36468
42.43907,0.77063,-6.05105,-6.58989
42.44911,1.33671,-6.57373,-6.26607
42.45915,2.23349,-7.35289,-5.5728
42.46919,2.52484,-7.84819,-5.52731
42.47922,2.1075,-7.24845,-6.32743
42.48926,1.16418,-7.13248,-6.74896
42.4993,0.30107,-8.34319,-5.76479
42.50934,0.11582,-9.56005,-4.15005
42.51938,-0.77348,-10.16518,-3.08179
42.52941,-1.51777,-10.55214,-3.11291
42.53945,-0.94721,-10.67814,-4.13808
42.54949,0.04669,-10.17102,-5.62024
42.55953,1.04148,-9.66494,-6.54635
42.56956,1.69554,-9.27648,-6.60306
42.5796,1.67804,-9.11727,-5.89931
42.58964,1.00751,-9.66898,-5.66393
42.59968,-0.63057,-10.8197,-6.32398
42.60971,-2.24142,-11.79159,-7.13502
42.61975,-2.60519,-11.892,-7.86974
42.62979,-2.046,-11.10072,-7.59246
42.63983,-1.37592,-10.38216,-7.1238
42.64986,-0.59092,-9.93669,-7.05796
42.6599,0.41031,-9.41729,-7.78056
42.66994,1.62207,-9.04245,-9.06041
42.67998,2.27958,-8.7957,-10.31676
42.69001,2.2519,-8.86693,-11.11403
42.70005,1.60756,-9.13313,-11.20801
42.71009,0.2487,-9.62888,-10.83032
42.72013,-0.87628,-9.98771,-10.39592
42.73017,-1.44924,-9.98038,-10.02123
42.7402,-1.47228,-9.72794,-9.86067
42.75024,-0.95603,-9.29698,-9.8466
42.76028,-0.33983,-8.78866,-9.73288
42.77032,0.24346,-8.3393,-9.83598
42.78035,0.77812,-7.87303,-9.95539
42.79039,1.11809,-7.48203,-9.51785
42.80043,1.03654,-7.30785,-8.70666
42.81047,0.89498,-7.28301,-8.03973
42.8205,0.6599,-7.13188,-8.01848
42.83054,0.57835,-6.84278,-8.19894
42.84058,0.59436,-6.54934,-8.28768
42.85062,0.59885,-6.37142,-8.22977
42.86065,0.66394,-6.26757,-8.35352
42.87069,0.62189,-6.08831,-8.82488
42.88073,0.34447,-5.87792,-9.51306
42.89077,0.37709,-5.83662,-10.01435
42.90081,0.81792,-5.66827,-10.14124
42.91084,1.21102,-5.4489,-10.15366
42.92088,1.38116,-5.52043,-10.09994
42.93092,1.47767,-5.66782,-9.8291
42.94096,1.40809,-5.78963,-9.17623
42.95099,1.09684,-5.94196,-8.62107
42.96103,0.41839,-6.16492,-8.95536
42.97107,-0.26531,-6.39581,-9.28157
42.98111,-0.81956,-6.67264,-9.39964
42.99114,-1.10642,-6.88303,-9.17727
43.00118,-1.05839,-7.0207,-8.62436
43.01122,-0.94945,-7.0385,-7.99035
43.02126,-1.11914,-7.33119,-6.772
43.03129,-1.81346,-8.18937,-5.68862
43.04133,-2.87334,-9.10979,-5.27488
43.05137,-3.73466,-10.17955,-5.38187
43.06141,-4.08032,-10.89003,-5.89991
43.07145,-3.92589,-10.82763,-6.62206
43.08148,-3.68512,-10.44291,-7.59276
43.09152,-3.8804,-10.28399,-8.5693
43.10156,-4.38109,-10.74578,-9.40981
43.1116,-4.73468,-11.48783,-9.83059
43.12163,-4.7676,-12.2655,-9.29534
43.13167,-4.62889,-12.46347,-8.41023
43.14171,-4.13778,-12.04717,-8.12682
43.15175,-3.47803,-11.44084,-8.36145
43.16178,-3.60387,-11.38428,-8.44225
43.17182,-4.82087,-11.97475,-8.45677
43.18186,-5.91368,-12.8196,-8.46141
43.1919,-5.63715,-12.93812,-7.89159
43.20256,-4.49047,-12.24814,-6.97715
43.2126,-3.25716,-10.9837,-6.27864
43.22264,-2.92571,-9.66809,-5.70523
43.23268,-3.45438,-9.06804,-5.68309
43.24271,-3.62213,-9.1065,-5.77586
43.25275,-3.46576,-9.12715,-5.97338
43.26279,-3.39677,-8.90119,-6.3578
43.27283,-3.50032,-8.57648,-6.08232
43.28286,-3.51933,-8.48385,-5.17267
43.2929,-3.27392,-8.27316,-4.31944
43.30294,-2.84207,-7.46991,-4.01298
43.31298,-2.59367,-6.25216,-3.98141
43.32301,-2.93933,-5.73112,-4.17803
43.33305,-4.03154,-6.22103,-4.54794
43.34309,-5.23522,-6.59438,-4.77643
43.35313,-5.72513,-6.46928,-4.49526
43.36316,-4.9771,-5.85622,-3.93143
43.3732,-2.98736,-4.68336,-3.73091
43.38324,-0.81418,-3.48057,-3.77221
43.39328,0.66394,-2.72026,-4.17818
43.40331,1.21431,-2.19369,-4.82536
43.41335,1.00257,-2.45062,-5.25722
43.42339,0.36437,-3.06772,-4.69458
43.43343,-0.37589,-3.62422,-3.65744
43.44347,-1.23586,-4.14062,-2.84805
43.4535,-2.0041,-4.65343,-2.54608
43.46354,-2.33061,-4.92472,-2.70994
43.47358,-2.10899,-4.76641,-3.37298
43.48362,-1.25516,-4.24163,-4.38303
43.49365,-0.28117,-3.94385,-5.08079
43.50369,0.20171,-4.38064,-5.24824
43.51373,0.22131,-5.04773,-5.17028
43.52377,-0.00239,-5.51115,-4.87639
43.53381,-0.16221,-5.82973,-4.46997
43.54384,-0.08664,-5.95468,-4.01732
43.55388,-0.19079,-6.07259,-3.67525
43.56392,-0.74475,-6.5022,-3.5292
43.57396,-1.10567,-7.02758,-3.80379
43.58399,-1.06572,-7.27957,-4.53941
43.59403,-0.72604,-7.41215,-5.29074
43.60407,-0.19363,-7.39928,-5.51968
43.61411,0.18331,-7.31623,-5.12883
43.62414,0.24556,-7.44627,-4.63622
43.63418,0.05043,-7.65636,-4.34159
43.64422,-0.19169,-7.83562,-3.99682
43.65426,-0.32726,-8.05035,-3.95582
43.66429,-0.32771,-8.26434,-3.88489
43.67433,-0.31648,-8.35861,-3.86963
43.68437,-0.2255,-8.38584,-4.09139
43.69441,-0.15996,-8.38045,-4.34907
43.70445,-0.11208,-8.21271,-4.68321
43.71448,0.09128,-8.05828,-4.75324
43.72452,0.15802,-7.99978,-4.55033
43.73456,0.07153,-8.18518,-4.19883
43.7446,-0.08275,-8.34634,-4.03932
43.75463,-0.26246,-8.35038,-4.09798
43.76467,-0.27548,-8.16872,-3.96899
43.77471,-0.27758,-7.99708,-3.76069
43.78475,-0.46403,-8.09195,-3.72972
43.79478,-0.58104,-8.30145,-3.97722
43.80482,-0.46687,-8.30788,-4.17833
43.81486,-0.33534,-8.1976,-4.16022
43.8249,-0.25423,-8.03898,-3.93996
43.83493,-0.29928,-7.84071,-3.62273
43.84497,-0.53002,-7.72938,-3.30624
43.85501,-0.88855,-7.68718,-3.20015
43.86505,-1.28778,-7.68913,-3.07834
43.87571,-1.52675,-7.77023,-2.97046
43.88575,-1.47647,-7.6375,-2.86062
43.89579,-1.34225,-7.27613,-2.57751
43.90583,-1.26189,-6.91221,-2.16885
43.91586,-1.3611,-6.63194,-1.61399
43.9259,-1.64152,-6.37441,-1.22793
43.93594,-2.03896,-6.06077,-1.16643
43.94598,-2.38118,-5.72124,-1.01634
43.95601,-2.51271,-5.22894,-0.7859
43.96605,-2.37789,-4.63607,-0.49276
43.97609,-2.28272,-4.0477,-0.32157
43.98613,-2.28901,-3.60776,-0.26456
43.99616,-2.13623,-3.32106,-0.23089
44.0062,-1.97641,-3.04842,-0.04669
44.01624,-2.15314,-2.84865,0.34641
44.02628,-2.44493,-2.70186,0.3078
44.03631,-2.75258,-2.58469,-0.14769
44.04635,-2.97225,-2.355,-0.59271
44.05639,-3.08957,-1.99871,-0.99808
44.06643,-3.05171,-1.8154,-1.34135
44.07647,-2.75588,-1.41393,-1.78862
44.0865,-2.20925,-0.7241,-2.11782
44.09654,-1.85326,0.07572,-2.06335
44.10658,-2.00125,0.87912,-2.0243
44.11662,-2.1657,1.3638,-2.81543
44.12665,-2.1271,1.40555,-4.76252
44.13669,-2.0228,1.48216,-7.14654
44.14673,-1.73535,1.58376,-9.18311
44.15677,-1.64527,1.47947,-10.37976
44.1668,-1.75031,1.69629,-10.60452
44.17684,-1.74507,1.49144,-10.35552
44.18688,-1.50476,1.45927,-10.90918
44.19692,-0.71362,1.66801,-12.63645
44.20695,0.94646,1.32908,-15.00461
44.21699,2.71024,0.67502,-17.03864
44.22703,3.59325,-0.05971,-18.40707
44.23707,3.64936,-0.68235,-19.1783
44.24711,3.46471,-1.62866,-20.05638
44.25714,3.32629,-2.7472,-21.3491
44.26718,2.71832,-3.76862,-23.07666
44.27722,2.09298,-4.55856,-24.99487
44.28726,2.26925,-5.25512,-26.94809
44.29729,2.67926,-5.63086,-28.41379
44.30733,2.6411,-5.86684,-29.08057
44.31737,1.94484,-6.4416,-29.09075
44.32741,0.61202,-7.29064,-28.68702
44.33744,-0.71676,-8.24294,-27.72426
44.34748,-1.78263,-9.11802,-26.51534
44.35752,-2.54249,-9.45261,-25.28965
44.36756,-2.56584,-9.16111,-24.15001
44.37759,-2.12111,-8.49283,-23.04269
44.38763,-1.49772,-7.61416,-22.30588
44.39767,-0.86176,-6.75329,-21.87582
44.40771,-0.34806,-6.08875,-21.43993
44.41774,-0.20755,-5.5957,-20.70805
44.42778,-0.27249,-4.92113,-19.60088
44.43782,-0.36527,-4.24971,-18.19848
44.44786,-0.48423,-4.01553,-17.08637
44.4579,-0.64778,-3.68527,-16.27698
44.46793,-0.82525,-3.44526,-15.41911
44.47797,-1.05046,-3.34635,-14.42087
44.48801,-1.15266,-3.12593,-13.32837
44.49805,-1.10687,-2.87559,-12.21746
44.50808,-1.01843,-2.53965,-11.21923
44.51812,-0.94436,-2.0855,-10.45548
44.52816,-0.74968,-1.45074,-9.46398
44.5382,-0.29853,-0.85727,-8.25551
44.54823,0.32636,-0.45669,-6.88183
44.55827,1.00452,-0.13737,-5.32022
44.56831,1.775,0.02903,-3.94086
44.57835,2.42772,0.40013,-3.02702
44.58839,2.75932,0.9493,-2.42967
44.59842,2.90477,1.35976,-1.797
44.60846,2.78491,1.4443,-0.85518
44.6185,2.34048,1.362,-0.02215
44.62854,1.73041,1.08353,0.48123
44.63857,1.44864,0.56189,0.81867
44.64861,1.71111,0.21338,1.00212
44.65865,2.08774,0.26501,1.116
44.66869,2.34946,0.42332,1.49069
44.67872,2.38837,0.4959,1.86972
44.68876,2.03522,0.46283,2.2917
44.6988,1.46645,0.29808,2.51571
44.70884,0.71602,0.02694,2.24157
44.71887,0.02723,-0.38008,2.05288
44.72891,-0.11148,-0.67591,2.24621
44.73895,0.09682,-0.59945,2.67417
44.74899,0.39699,-0.43889,3.21945
44.75902,0.82914,-0.37335,3.44152
44.76906,0.96008,-0.29643,3.49494
44.7791,0.87598,-0.29224,3.58891
44.78914,0.53645,-0.43305,3.65924
44.79918,-0.24107,-0.56967,3.39393
44.80921,-0.96516,-0.5767,2.87978
44.81925,-1.28509,-0.58254,2.24022
44.82929,-1.41378,-0.5984,1.87945
44.83933,-1.59274,-0.69926,1.94065
44.84936,-1.84698,-0.72724,2.35605
44.8594,-2.04061,-0.44173,2.35141
44.86944,-2.20521,-0.03666,1.88454
44.87948,-2.2519,0.24376,1.07769
44.88951,-2.16107,0.19064,-0.09472
44.89955,-2.42129,0.25334,-1.49114
44.90959,-2.81678,0.54648,-3.02552
44.91963,-2.81019,0.76031,-4.5014
44.92967,-2.20117,1.23451,-6.20308
44.9397,-1.08652,1.6499,-7.96072
44.94974,-0.08619,1.95846,-9.72091
44.95978,0.32651,2.14431,-12.03849
44.96982,0.19692,1.56341,-14.41294
44.97985,-0.35883,0.65422,-16.08589
44.98989,-0.78724,-0.30511,-18.07577
44.99993,-0.52328,-0.95633,-20.35371
45.00997,0.14425,-0.71976,-22.63658
45.02,0.71317,-0.40731,-24.48191
45.03004,1.1974,-1.217,-25.37225
45.04008,1.29451,-2.4994,-26.00417
45.05012,0.96052,-3.00427,-26.89287
45.06015,0.56009,-3.50736,-27.41047
45.07019,0.34207,-4.41655,-27.59138
45.08023,0.06449,-4.9982,-28.38102
45.09027,-0.49784,-5.44576,-29.20926
45.1003,-1.05569,-5.98161,-29.80182
45.11034,-1.47857,-6.24587,-29.71668
45.12038,-1.70497,-6.12601,-28.89487
45.13042,-2.12979,-6.11554,-27.86821
45.14046,-2.66924,-6.10925,-26.72333
45.15049,-3.0565,-5.89587,-25.4354
45.16053,-3.46441,-5.6349,-23.84715
45.17057,-3.93083,-5.52597,-22.1745
45.18061,-4.18641,-5.46791,-20.89539
45.19064,-4.24941,-5.16444,-19.86978
45.20068,-4.00325,-4.75758,-18.96672
45.21072,-3.79436,-4.41625,-17.88663
45.22076,-3.80424,-4.12596,-16.73038
45.23079,-4.01104,-4.08615,-15.65449
45.24083,-4.09603,-4.07777,-14.9265
45.25087,-3.85945,-3.89911,-14.49106
45.26091,-3.47174,-3.613,-14.14135
45.27095,-2.87648,-3.10229,-13.67538
45.28098,-2.13967,-2.45091,-13.06082
45.29102,-1.58616,-1.78727,-12.48905
45.30106,-1.39582,-1.25022,-12.3044
45.31109,-1.53768,-0.72425,-12.30305
45.32113,-1.68567,-0.40402,-12.03281
45.33117,-1.70751,-0.03516,-11.21025
45.34121,-1.24558,0.23433,-9.79827
45.35125,-0.58329,0.49276,-8.10662
45.36128,-0.19363,0.90246,-6.94109
45.37132,-0.02858,1.48455,-5.91727
45.38136,0.21772,1.78099,-4.78391
45.3914,0.54857,1.75285,-4.18731
45.40143,1.11884,1.95112,-4.32961
45.41147,2.01038,2.02534,-4.69937
45.42151,2.81289,2.00051,-4.57322
45.43155,3.22664,2.12321,-4.02376
45.44158,3.43553,1.58167,-3.11366
45.45162,2.82531,0.59331,-2.2896
45.46166,1.99781,-0.14096,-1.67729
45.4717,1.68238,-0.92641,-1.00093
45.48174,1.69943,-1.5893,-0.75851
45.49177,2.09792,-1.91207,-0.90142
45.50181,2.57377,-2.16795,-1.21191
45.51185,3.00068,-2.47815,-1.70826
45.52189,3.22574,-2.76216,-2.19384
45.53192,3.21676,-3.00622,-2.53426
45.54196,2.87155,-3.52082,-2.23783
45.552,2.48952,-4.28921,-1.86867
45.56204,1.99617,-5.00897,-1.98315
45.57207,1.65379,-5.39698,-2.35036
45.58211,1.84039,-5.49873,-2.85344
45.59215,2.23199,-5.50711,-3.40859
45.60219,2.52828,-5.55365,-3.6525
45.61223,2.41635,-5.8212,-3.5518
45.62226,1.94529,-6.20412,-2.92108
45.6323,1.37427,-6.66112,-2.63991
45.64234,0.96801,-7.03566,-3.08583
45.65238,0.87972,-7.05796,-3.90644
45.66241,1.13605,-6.90323,-4.55452
45.67245,1.40749,-6.85714,-4.84108
45.68249,1.41093,-6.91056,-4.79768
45.69253,1.12213,-7.02279,-4.52609
45.70256,0.89109,-7.09522,-4.43002
45.7126,0.85967,-6.97296,-4.71792
45.72264,0.9282,-6.75045,-5.05431
45.73268,1.05719,-6.58615,-5.30346
45.74271,1.19171,-6.55547,-5.67186
45.75275,1.29377,-6.70436,-6.18213
45.76279,1.15146,-6.90503,-6.24243
45.77283,0.86356,-7.16914,-6.18916
45.78286,0.47704,-7.19293,-6.359
45.7929,0.34895,-7.02399,-6.48679
45.80294,0.50787,-6.94932,-6.58091
45.81298,0.64404,-6.84936,-6.51791
45.82302,0.66035,-6.77664,-6.49846
45.83305,0.54663,-6.91161,-6.79115
45.84309,0.49321,-7.04374,-6.66396
45.85313,0.64913,-7.25473,-6.11808
45.86317,0.6382,-7.29423,-5.80519
45.8732,0.64344,-7.21373,-5.78678
45.88324,0.65227,-7.25129,-5.92565
45.89328,0.62294,-7.2887,-5.92311
45.90332,0.59301,-7.45105,-5.93837
45.91335,0.65856,-7.45614,-5.95947
45.92339,0.76166,-7.33972,-6.12033
45.93343,0.83139,-7.24261,-6.3376
45.94347,0.80849,-7.24635,-6.19021
45.95351,0.62115,-7.39524,-5.88824
45.96354,0.41135,-7.51226,-5.75925
45.97358,0.36437,-7.52647,-5.84095
45.98362,0.49994,-7.45764,-6.17285
45.99366,0.71138,-7.45031,-6.23495
46.00369,0.6617,-7.52168,-6.13484
46.01373,0.3292,-7.61057,-6.13245
46.02377,0.08469,-7.77457,-6.24991
46.03381,0.00599,-7.81886,-6.3162
46.04384,0.05477,-7.64783,-6.24213
46.05388,0.19662,-7.52497,-6.27176
46.06392,0.28715,-7.48787,-6.52255
46.07396,0.37963,-7.48936,-7.02698
46.08399,0.36781,-7.3906,-7.25578
46.09403,0.24316,-7.37953,-7.05616
46.10407,0.17358,-7.34825,-7.018
46.11411,0.22895,-7.2661,-7.0382
46.12415,0.33923,-7.27299,-7.13203
46.13418,0.42467,-7.21717,-7.09507
46.14422,0.36676,-7.09701,-6.94259
46.15426,0.37245,-7.0415,-6.9381
46.1643,0.47869,-7.10524,-7.01636
46.17433,0.47061,-7.0611,-7.02115
46.18437,0.33698,-6.97985,-6.89201
46.19441,0.19797,-6.92149,-6.71993
46.20445,0.11492,-6.68506,-6.78562
46.21448,0.10998,-6.30857,-6.96383
46.22452,0.2279,-5.98221,-7.27568
46.23456,0.27249,-5.70718,-7.71083
46.2446,0.10909,-5.35358,-8.08118
46.25463,-0.03487,-4.88088,-8.34155
46.26467,0.08604,-4.39366,-8.51947
46.27471,0.38936,-3.88339,-8.67763
46.28475,0.87164,-3.48237,-8.74572
46.29479,1.37996,-3.33812,-8.09195
46.30482,1.60801,-2.99859,-7.15238
46.31486,1.44071,-2.46348,-6.51732
46.3249,1.26025,-2.21374,-6.17779
46.33494,1.39313,-2.51047,-6.03099
46.34497,1.5064,-3.08313,-5.82614
46.35501,1.60816,-3.28155,-5.57984
46.36505,1.84144,-3.31058,-5.50592
46.37509,1.81091,-3.31657,-5.2231
46.38512,1.55099,-3.21601,-4.59627
46.39516,1.47169,-2.96986,-4.29999
46.4052,1.7741,-3.01355,-4.09887
46.41524,2.21449,-3.33213,-3.86604
46.42527,2.44628,-3.55539,-3.88175
46.43531,2.30547,-3.69889,-4.22307
46.44535,2.11363,-3.95522,-4.39201
46.45539,2.25519,-3.95806,-4.3787
46.46543,2.24187,-3.68887,-4.2729
46.47546,1.55563,-3.68887,-4.05937
46.4855,0.56174,-3.91841,-3.94205
46.49554,0.44427,-4.78586,-4.04126
46.50558,0.99195,-6.0072,-4.24238
46.51561,1.72876,-6.419,-4.47192
46.52565,2.26895,-5.97099,-4.72571
46.53569,2.59561,-5.47389,-4.88851
46.54573,2.37834,-5.52836,-4.83359
46.55576,1.70826,-5.99867,-5.13197
46.5658,1.47049,-6.73773,-5.41763
46.57584,1.92599,-7.82754,-5.68354
46.58588,2.64664,-8.47143,-5.97967
46.59591,2.951,-8.08522,-6.58989
46.60595,2.94427,-7.50956,-6.9782
46.61599,2.75872,-7.72908,-6.76108
46.62603,2.24232,-8.45198,-6.18138
46.63606,1.82678,-9.11592,-5.75776
46.6461,1.56132,-9.67123,-6.12482
46.65614,1.15071,-10.19601,-7.08923
46.66618,0.75163,-10.6738,-8.26628
46.67622,0.28371,-10.99881,-8.86752
46.68625,0.13183,-11.26352,-8.68152
46.69629,-0.03382,-11.27893,-7.81961
46.70633,-0.1218,-11.27669,-6.5646
46.71637,0.10265,-11.06899,-6.04371
46.7264,0.19019,-10.90978,-6.51642
46.73644,0.19947,-10.75086,-7.60114
46.74648,0.7657,-10.08468,-8.78044
46.75652,1.61399,-9.07268,-9.26945
46.76655,2.26267,-8.52066,-9.72585
46.77659,2.05213,-8.29142,-10.08677
46.78663,1.31606,-8.28618,-10.04921
46.79667,0.53391,-8.62706,-9.85573
46.8067,-0.1016,-8.86648,-9.29324
46.81674,-0.64554,-9.04529,-8.76846
46.82678,-0.87688,-9.22546,-8.61389
46.83682,-0.9071,-9.30866,-8.68018
46.84686,-0.88361,-9.37315,-9.22995
46.85689,-1.00751,-9.15827,-9.66419
46.86693,-1.00811,-9.0619,-9.71911
46.87697,-0.97444,-9.02928,-9.60434
46.88701,-1.33866,-9.27409,-9.70849
46.89704,-2.11917,-9.62649,-9.58638
46.90708,-2.92437,-9.73916,-9.32137
46.91712,-3.29547,-9.8472,-9.08704
46.92716,-3.04258,-9.50663,-8.90643
46.93719,-2.45391,-8.98215,-8.76098
46.94723,-1.84069,-8.64516,-8.56421
46.95727,-1.42305,-8.19011,-8.50884
46.96731,-1.14937,-7.80016,-8.39811
46.97734,-0.84051,-7.52737,-8.23635
46.98738,-0.74953,-7.27478,-8.27047
46.99742,-0.91803,-7.13098,-8.3607
47.00746,-0.82331,-6.84368,-8.18892
47.0175,-0.41165,-6.43247,-8.03329
47.02753,-0.03576,-6.06332,-7.97404
47.03757,0.04624,-5.89138,-8.08821
47.04761,0.05282,-5.91338,-8.18488
47.05765,0.16774,-5.82973,-8.02985
47.06768,0.36916,-5.69072,-7.78879
47.07772,0.49395,-5.59884,-7.56912
47.08776,0.51655,-5.57235,-7.43474
47.0978,0.36601,-5.62952,-7.37175
47.10783,0.22341,-5.68503,-7.27433
47.11787,0.27653,-5.68024,-7.15193
47.12791,0.39504,-5.63041,-7.11332
47.13795,0.44607,-5.54228,-7.32446
47.14798,0.32965,-5.59405,-7.78909
47.15802,0.23867,-5.68698,-7.85897
47.16806,0.21967,-5.66049,-7.56044
47.1781,0.24152,-5.68324,-7.54952
47.18814,0.24256,-5.67186,-7.7846
47.19817,0.32127,-5.64732,-8.00636
47.20884,0.35404,-5.70598,-8.08342
47.21888,0.35404,-5.70598,-8.08342
47.22891,0.3515,-5.65555,-7.99559
47.23895,0.21997,-5.72932,-7.92047
47.24899,0.17223,-5.79786,-7.95563
47.25903,0.1658,-5.77781,-8.06098
47.26906,0.21757,-5.80504,-8.30893
47.2791,0.20755,-5.87582,-8.68048
47.28914,0.10729,-5.95887,-8.90942
47.29918,0.18375,-5.92595,-8.78088
47.30921,0.33175,-5.90859,-8.49747
47.31925,0.39085,-5.91562,-8.27481
47.32929,0.32561,-5.92655,-8.24264
47.33933,0.30212,-5.96171,-8.08462
47.34936,0.38532,-5.97952,-7.907
47.3594,0.47435,-5.97563,-7.88096
47.36944,0.45056,-5.9882,-7.92167
47.37948,0.44547,-6.0286,-7.93723
47.38951,0.56249,-5.96994,-7.68703
47.39955,0.66828,-5.93134,-7.45973
47.40959,0.73248,-5.8643,-7.4343
47.41963,0.75118,-5.75476,-7.49654
47.42967,0.77363,-5.6786,-7.39584
47.4397,0.76824,-5.62637,-7.16585
47.44974,0.65885,-5.71286,-7.28151
47.45978,0.59571,-5.74369,-7.38821
47.46982,0.65616,-5.68608,-7.43205
47.47985,0.7651,-5.62248,-7.3511
47.48989,0.8664,-5.54063,-7.26999
47.49993,0.87433,-5.52657,-7.25308
47.50997,0.80221,-5.54273,-7.38536
47.52,0.69372,-5.52672,-7.51256
47.53004,0.57446,-5.53764,-7.58214
47.54008,0.38831,-5.65256,-7.66115
47.55012,0.25319,-5.72813,-7.73282
47.56015,0.29194,-5.71242,-7.64918
47.57019,0.36751,-5.69117,-7.62823
47.58023,0.44188,-5.64134,-7.7439
47.59027,0.46343,-5.60946,-7.91688
47.60031,0.46208,-5.60378,-8.01654
47.61034,0.49156,-5.57834,-7.96102
47.62038,0.49949,-5.62009,-7.929
47.63042,0.42213,-5.64882,-8.00292
47.64046,0.42886,-5.58522,-7.9278
47.65049,0.39115,-5.68832,-7.66983
47.66053,0.4748,-5.55096,-7.63945
47.67057,0.48587,-5.51654,-7.4949
47.68061,0.49545,-5.56906,-7.36412
47.69064,0.46941,-5.52582,-7.31503
47.70068,0.49365,-5.44681,-7.34242
47.71072,0.56309,-5.4314,-7.50208
47.72076,0.63491,-5.41269,-7.60518
47.73079,0.75881,-5.3271,-7.35753
47.74083,0.79443,-5.2867,-6.98538
47.75087,0.61845,-5.32515,-6.94827
47.76091,0.41255,-5.39593,-7.34287
47.77095,0.31214,-5.36915,-8.11275
47.78161,0.31214,-5.36915,-8.11275
47.79165,0.29673,-5.32276,-8.31132
47.80169,0.20485,-5.35598,-8.49163
47.81172,0.14859,-5.49888,-8.70173
47.82176,0.14724,-5.55066,-8.96195
47.8318,0.15323,-5.53016,-9.15079
47.84184,0.21533,-5.54796,-9.2491
47.85187,0.23852,-5.56757,-9.27529
47.86191,0.22146,-5.6159,-9.30521
47.87195,0.14664,-5.66977,-9.41789
47.88199,0.08305,-5.74309,-9.44049
47.89202,0.0621,-5.77422,-9.34981
47.90206,0.0636,-5.78978,-9.16515
47.9121,0.11043,-5.81716,-9.02868
47.92214,0.17148,-5.81911,-8.99756
47.93217,0.16729,-5.81013,-8.95282
47.94221,0.16191,-5.82898,-8.83894
47.95225,0.26441,-5.80803,-8.68616
47.96229,0.31364,-5.74713,-8.528
47.97233,0.33833,-5.72768,-8.39003
47.98236,0.39444,-5.69356,-8.24907
47.9924,0.43155,-5.65196,-8.1961
48.00244,0.43574,-5.6162,-8.15854
48.01248,0.36616,-5.62563,-8.05185
48.02251,0.25379,-5.64388,-7.98257
48.03255,0.25633,-5.62772,-7.92556
48.04259,0.31499,-5.58777,-7.91209
48.05263,0.36212,-5.52761,-7.94456
48.06266,0.45849,-5.4317,-8.04302
48.0727,0.55141,-5.37798,-8.0119
48.08274,0.6174,-5.388,-7.87797
48.09278,0.59885,-5.37334,-7.69915
48.10281,0.54438,-5.37289,-7.65441
48.11285,0.49066,-5.38216,-7.75302
48.12289,0.43874,-5.38336,-7.89054
48.13293,0.42377,-5.40237,-7.90191
48.14297,0.41809,-5.37049,-7.80121
48.153,0.4757,-5.36421,-7.74794
48.16304,0.50757,-5.35358,-7.69122
48.17308,0.50428,-5.33997,-7.7632
48.18312,0.51505,-5.35942,-7.91598
48.19315,0.56264,-5.36286,-8.01893
48.20319,0.58463,-5.35463,-8.05649
48.21323,0.5773,-5.34326,-7.92391
48.22327,0.53121,-5.3865,-7.76754
48.2333,0.48049,-5.53973,-7.70514
48.24334,0.57446,-5.45758,-7.67581
48.25338,0.58927,-5.41583,-7.58259
48.26342,0.577,-5.52776,-7.55835
48.27345,0.56354,-5.57325,-7.54428
48.28349,0.55336,-5.54647,-7.47814
48.29353,0.57416,-5.54886,-7.434
48.30357,0.65811,-5.49395,-7.46632
48.3136,0.77048,-5.44172,-7.45614
48.32364,0.82346,-5.43214,-7.39644
48.33368,0.826,-5.43858,-7.33509
48.34372,0.81223,-5.44307,-7.26042
48.35376,0.76061,-5.47883,-7.13607
48.36379,0.7434,-5.48137,-7.0831
48.37383,0.74549,-5.45848,-7.0599
48.38387,0.75702,-5.44426,-7.0183
48.39391,0.76914,-5.39803,-6.977
48.40394,0.71976,-5.39324,-7.01621
48.41398,0.7006,-5.39863,-7.19383
48.42402,0.69686,-5.34116,-7.50447
48.43406,0.61815,-5.29014,-7.85687
48.44409,0.48767,-5.3268,-8.0951
48.45413,0.29164,-5.40536,-8.30623
48.46417,0.13827,-5.48227,-8.49957
48.47421,0.0425,-5.51624,-8.63469
48.48424,0.04459,-5.50861,-8.77954
48.49428,0.13827,-5.48631,-8.98529
48.50432,0.21817,-5.42332,-9.1891
48.51436,0.2496,-5.43648,-9.40427
48.5244,0.23044,-5.44008,-9.50917
48.53443,0.19543,-5.46821,-9.42313
48.54447,0.15637,-5.50726,-9.21379
48.55451,0.18061,-5.5137,-9.08345
48.56455,0.26665,-5.47629,-9.00295
48.57458,0.37065,-5.45923,-8.94204
48.58462,0.44218,-5.44247,-8.76173
48.59466,0.47076,-5.3889,-8.6311
48.6047,0.43919,-5.39548,-8.55388
48.61473,0.40118,-5.38845,-8.49747
48.62477,0.43889,-5.36077,-8.45333
48.63481,0.51864,-5.32485,-8.33856
48.64485,0.60828,-5.26739,-8.20044
48.65488,0.68818,-5.22968,-8.12472
48.66492,0.77856,-5.22175,-8.08836
48.67496,0.80056,-5.21547,-8.06442
48.685,0.79697,-5.24749,-8.22289
48.69504,0.78769,-5.28056,-8.29232
48.70507,0.77078,-5.30076,-8.39661
48.71511,0.80819,-5.31662,-8.5042
48.72515,0.8444,-5.35463,-8.57169
48.73519,0.89618,-5.48302,-8.58067
48.74522,1.11106,-5.596,-8.52441
48.75526,1.44011,-5.67336,-8.48041
48.7653,1.78772,-5.69506,-8.67285
48.77534,2.1063,-5.69925,-8.97706
48.78537,2.29769,-5.67291,-9.23159
48.79541,2.32567,-5.64553,-9.46817
48.80545,2.26746,-5.75192,-9.64639
48.81549,2.17588,-5.80699,-10.0947
48.82552,2.19773,-5.91727,-10.34116
48.83556,2.38418,-5.81028,-10.53105
48.8456,2.71682,-5.76898,-10.57893
48.85564,2.995,-5.94795,-10.5511
48.86568,3.29577,-5.92385,-10.63205
48.87571,3.43269,-6.06302,-10.49364
48.88575,3.45902,-6.20966,-10.03515
48.89579,3.10318,-6.33685,-9.93519
48.90583,2.38193,-6.78083,-10.76643
48.91586,1.84039,-7.30157,-11.11299
48.9259,1.51388,-7.69586,-10.90604
48.93594,1.30394,-7.89488,-10.8375
48.94598,1.00691,-7.93379,-10.40071
48.95601,0.82854,-8.0707,-9.91005
48.96605,0.57386,-8.38255,-9.84361
48.97609,0.16924,-8.48415,-9.97918
48.98613,-0.16101,-8.68571,-10.73755
48.99616,-0.5363,-8.79211,-11.46359
49.0062,-0.84186,-8.64397,-11.48409
49.01624,-0.99419,-8.5464,-10.92639
49.02628,-1.12557,-8.24728,-9.83209
49.03631,-1.40585,-7.83787,-8.35831
49.04635,-1.68357,-7.73746,-6.75464
49.05639,-2.00395,-7.81467,-5.83437
49.06643,-2.16945,-7.90984,-5.76524
49.07647,-2.00514,-7.59366,-6.38369
49.0865,-1.8374,-6.71394,-7.01037
49.09654,-1.86119,-6.12571,-7.80121
49.10658,-1.99213,-6.32952,-8.57663
49.11662,-1.90982,-6.6891,-8.62676
49.12665,-1.66292,-6.67773,-8.29172
49.13669,-1.70228,-6.62775,-7.83502
49.14673,-1.99482,-6.38339,-7.40257
49.15677,-2.26252,-6.21505,-7.18829
49.1668,-2.14101,-6.30004,-7.23513
49.17684,-1.7747,-6.34598,-7.53979
49.18688,-1.22748,-6.45866,-7.75302
49.19692,-0.44891,-6.61219,-7.5582
49.20695,0.37694,-6.74087,-7.45165
49.21699,0.74669,-6.78128,-7.30082
49.22703,0.45071,-6.77784,-6.99197
49.23707,-0.29718,-6.82632,-6.62161
49.24711,-0.97339,-6.86702,-6.25246
49.25714,-1.34,-7.10809,-5.56113
49.26718,-1.3629,-7.25279,-4.72585
49.27722,-1.24334,-6.96847,-4.17848
49.28726,-1.30065,-6.45282,-4.29565
49.29729,-1.27805,-5.80803,-4.84078
49.30733,-0.92431,-5.3669,-5.31962
49.31737,-0.51026,-5.08873,-5.18225
49.32741,-0.29464,-4.89809,-4.72181
49.33744,-0.51685,-4.86936,-4.31061
49.34748,-1.02143,-4.69892,-4.17609
49.35752,-1.466,-4.26692,-4.13329
49.36756,-1.77201,-3.76728,-3.90928
49.37759,-1.99826,-3.219,-3.54282
49.38763,-2.25743,-2.75857,-3.40186
49.39767,-2.42203,-2.48847,-3.06907
49.40771,-2.29649,-2.1871,-2.24082
49.41775,-1.94783,-1.89172,-1.7533
49.42778,-1.58586,-1.78099,-1.30604
49.43782,-1.27746,-1.41467,-0.98806
49.44786,-1.04312,-0.87733,-0.72544
49.4579,-0.95065,-0.80655,-0.31289
49.46793,-1.034,-0.86865,0.07332
49.47797,-1.16298,-0.75941,0.32247
49.48801,-1.20952,-0.722,0.64658
49.49805,-1.07006,-0.89872,1.1579
49.50808,-0.98806,-1.27087,1.59768
49.51812,-1.14937,-1.70647,1.80568
49.52816,-1.38445,-1.91162,1.58002
49.5382,-1.73535,-1.95442,1.3629
49.54823,-1.96699,-1.74687,1.27402
49.55827,-1.82842,-1.23271,1.33327
49.56831,-1.44176,-0.88675,1.5881
49.57835,-1.17017,-0.99988,1.62536
49.58839,-1.30933,-1.41482,1.19486
49.59842,-1.65888,-1.53678,0.76854
49.60846,-1.89247,-1.31008,0.63012
49.6185,-1.86448,-0.62249,0.55126
49.62854,-1.53244,0.37394,-0.03681
49.63857,-0.99719,1.28569,-1.00182
49.64861,-0.44816,1.51628,-2.2709
49.65865,-0.1667,0.99629,-3.59849
49.66869,-0.23074,0.25304,-4.91156
49.67872,-0.68354,0.25678,-6.12916
49.68876,-0.79847,0.96935,-8.09779
49.6988,-0.53002,2.01427,-11.30647
49.70884,0.37709,2.90716,-14.97573
49.71887,1.90593,2.77428,-17.75615
49.72891,2.91509,1.86733,-19.41144
49.73895,3.08209,0.58329,-20.60225
49.74899,2.86361,-0.70659,-21.59705
49.75903,2.52543,-1.42664,-22.74521
49.76906,1.93018,-1.4229,-24.41098
49.7791,1.78922,-1.36709,-25.61482
49.78914,2.4581,-1.58631,-26.23895
49.79918,2.63362,-2.28048,-26.80264
49.80921,1.84144,-3.55165,-27.29599
49.81925,0.60648,-4.89105,-27.95844
49.82929,-0.45834,-6.1531,-28.27821
49.83933,-0.8251,-6.72412,-27.94961
49.84936,-0.72559,-6.64391,-27.18377
49.8594,-0.82301,-6.51582,-26.45728
49.86944,-1.19246,-6.60381,-25.8065
49.87948,-1.53872,-6.72636,-25.12026
49.88951,-1.78009,-6.52884,-24.33601
49.89955,-1.71634,-5.92999,-23.13786
49.90959,-1.5287,-5.35493,-21.71032
49.91963,-1.36978,-4.86502,-20.4598
49.92967,-1.31083,-4.38857,-19.52711
49.9397,-1.27895,-3.8807,-18.82306
49.94974,-1.15805,-3.6525,-18.03672
49.95978,-1.01454,-3.48985,-16.97654
49.96982,-0.8661,-3.19895,-15.77195
49.97985,-0.85473,-2.95998,-14.78749
49.98989,-0.79637,-2.87185,-14.26929
49.99993,-0.56997,-2.53007,-14.11322
50.00997,-0.29105,-2.09014,-13.73149
50.02,-0.32636,-1.88708,-13.01623
50.03004,-0.61621,-2.01652,-12.36396
50.04008,-0.88196,-2.33928,-11.89484
50.05012,-0.99494,-2.56958,-11.48109
50.06015,-0.81957,-2.45062,-11.05732
50.07019,-0.52687,-1.99317,-10.67126
50.08023,-0.15338,-1.64302,-10.1369
50.09027,0.11732,-1.65858,-9.2886
50.10031,0.37409,-1.74956,-8.4424
50.11034,0.59586,-1.74507,-7.71561
50.12038,1.01664,-1.46765,-6.96024
50.13042,1.63674,-1.06961,-6.01723
50.14046,1.95142,-0.70988,-4.75803
50.15049,1.87601,-0.50682,-3.52277
50.16053,1.34404,-0.68759,-2.47306
50.17057,0.68803,-0.93359,-1.58541
50.18061,0.50413,-1.01335,-1.11121
50.19064,0.70823,-0.81777,-1.072
50.20068,1.07634,-0.50278,-1.24005
50.21072,1.46705,-0.23688,-1.03459
50.22076,1.85281,-0.02574,-0.68384
50.23079,2.05707,0.05776,-0.12794
50.24083,2.07921,-0.00913,0.4971
50.25087,2.03896,-0.20006,1.05929
50.26091,1.94738,-0.29479,1.47273
50.27095,1.83575,-0.29045,1.66981
50.28098,1.58406,-0.4145,1.36455
50.29102,1.34913,-0.42692,1.0111
50.30106,1.19216,-0.31978,0.99599
50.3111,1.12079,-0.1426,1.33462
50.32113,1.1335,0.09756,1.95711
50.33117,1.09595,0.16146,2.51092
50.34121,1.05255,0.07198,2.76875
50.35125,0.98102,-0.0214,2.82441
50.36128,0.93673,-0.17313,2.86317
50.37132,0.69537,-0.30451,2.7442
50.38136,0.33773,-0.52343,2.30711
50.3914,-0.20994,-0.618,1.47947
50.40143,-0.87733,-0.54453,0.79248
50.41147,-1.3632,-0.48812,0.26217
50.42151,-1.71664,-0.39474,-0.07916
50.43155,-1.87795,-0.15712,-0.02813
50.44159,-1.61205,0.02289,0.06464
50.45162,-1.01858,0.15488,-0.36242
50.46166,-0.66439,0.23523,-1.47722
50.4717,-0.60633,0.26815,-2.82755
50.48174,-0.53241,0.44532,-4.21948
50.49177,-0.50727,0.82316,-5.57161
50.50181,-0.52822,1.05524,-6.77679
50.51185,-0.41135,0.85802,-8.01773
50.52189,-0.74594,0.57191,-9.05786
50.53192,-1.20847,0.2876,-9.98382
50.54196,-1.42096,0.01332,-11.25125
50.552,-1.38355,-0.29075,-13.71279
50.56204,-1.37906,-0.89154,-17.17675
50.57207,-1.60067,-1.65619,-20.63727
50.58211,-2.24741,-2.2287,-23.76365
50.59215,-3.15062,-2.84775,-26.17236
50.60219,-3.87487,-3.89387,-27.64106
50.61223,-4.73947,-5.06748,-28.77995
50.62226,-5.72439,-6.22388,-30.07506
50.6323,-6.57074,-7.43579,-31.08407
50.64234,-6.84757,-8.31641,-31.68517
50.65238,-6.87271,-8.63604,-31.68232
50.66241,-7.21433,-8.95027,-30.95568
50.67245,-7.73716,-9.28591,-29.93964
50.68249,-8.28469,-9.59057,-28.64288
50.69253,-8.64486,-9.56469,-27.16686
50.70256,-8.66581,-9.16665,-25.66614
50.7126,-8.46485,-8.62272,-24.5259
50.72264,-8.19475,-7.75691,-23.37788
50.73268,-7.85358,-6.76961,-22.02351
50.74271,-7.42921,-5.98655,-20.09289
50.75275,-6.86193,-5.27248,-18.07488
50.76279,-6.2366,-4.66361,-16.25319
50.77283,-5.75656,-4.26183,-14.82505
50.78287,-5.53839,-3.97752,-14.10304
50.7929,-5.56397,-3.72373,-14.12624
50.80294,-5.38336,-3.46336,-13.81604
50.81298,-4.81893,-3.24085,-13.05184
50.82302,-4.1704,-3.03345,-12.25502
50.83305,-3.4487,-2.78775,-11.5803
50.84309,-2.95998,-2.3737,-11.066
50.85313,-2.67507,-2.10106,-10.52895
50.86317,-2.23903,-2.26641,-9.75443
50.8732,-1.86344,-2.57721,-9.13373
50.88324,-1.65604,-2.42877,-9.08345
50.89328,-1.57404,-1.99901,-9.19314
50.90332,-1.56282,-1.52211,-8.68302
50.91335,-1.26728,-1.10073,-7.25428
50.92339,-0.76914,-1.10792,-5.40955
50.93343,-0.57162,-1.14084,-3.95313
50.94347,-0.48348,-0.93643,-3.3872
50.95351,-0.40761,-0.9909,-3.74932
50.96354,-0.02933,-0.94975,-4.58774
50.97358,0.88915,-0.53466,-5.34191
50.98362,1.6927,0.19288,-5.13137
50.99366,2.16541,0.67187,-4.09528
51.00369,2.64619,0.6626,-2.63242
51.01373,2.82441,0.24241,-1.53663
51.02377,2.57885,-0.28671,-1.4262
51.03381,2.49341,-0.59526,-1.8368
51.04384,2.93589,-0.65481,-1.86942
51.05388,3.40156,-0.71272,-1.5676
51.06392,3.76683,-1.27117,-0.96396
51.07396,3.90509,-1.78413,-0.44742
51.08399,3.74304,-2.16555,-0.09951
51.09403,3.52741,-2.44313,0.1878
51.10407,3.32779,-2.83518,0.22999
51.11411,3.14568,-3.3453,0.03292
51.12415,3.10079,-3.74034,-0.38981
51.13418,3.0743,-3.96255,-0.84381
51.14422,3.10318,-4.38199,-1.26264
51.15426,3.05291,-4.8514,-1.60112
51.1643,2.97465,-4.9551,-2.00335
51.17433,2.91539,-4.9551,-2.48997
51.18437,2.79538,-5.04877,-3.01954
51.19441,2.56464,-5.19257,-3.37747
51.20507,1.55204,-5.62862,-4.0661
51.21511,1.55204,-5.62862,-4.0661
51.22515,1.3632,-6.03878,-4.59567
51.23519,1.06931,-6.14651,-5.08364
51.24522,0.70539,-5.97578,-5.33682
51.25526,0.65721,-5.73995,-5.10893
51.2653,0.82465,-5.62218,-4.93744
51.27534,0.97848,-5.60542,-5.28236
51.28537,1.16598,-5.41838,-6.04745
51.29541,1.19291,-4.96348,-7.05107
51.30545,0.94047,-4.31465,-7.84086
51.31549,0.82196,-3.71206,-8.28678
51.32553,1.59035,-3.78119,-8.39093
51.33556,2.42383,-4.47611,-7.87393
51.3456,1.59529,-4.5641,-6.94498
51.35564,0.23777,-4.34084,-5.82794
51.36568,-0.69357,-4.42149,-4.75982
51.37571,-0.85623,-3.91841,-4.22771
51.38575,-0.14709,-3.34275,-4.77015
51.39579,1.59843,-3.73959,-5.593
51.40583,3.36325,-4.23624,-6.20308
51.41586,4.08196,-3.96704,-6.72771
51.4259,3.75456,-3.6314,-6.79489
51.43594,2.65951,-3.81097,-5.76838
51.44598,1.07769,-4.47057,-4.1303
51.45601,-0.11806,-4.78586,-3.24474
51.46605,0.19258,-5.26964,-3.22963
51.47609,1.61668,-6.07304,-4.15603
51.48613,3.14658,-6.57732,-5.17656
51.49616,4.29879,-6.16282,-6.65393
51.5062,4.85918,-5.44202,-7.2899
51.51624,4.21813,-5.25737,-6.43337
51.52628,2.76276,-5.82509,-5.07855
51.53631,1.00871,-6.6906,-4.1511
51.54635,0.21533,-7.6402,-4.19584
51.55639,0.59241,-8.54969,-4.73768
51.56643,1.70886,-9.53551,-5.34924
51.57647,2.71667,-10.05804,-5.70688
51.5865,2.6411,-9.62828,-6.50355
51.59654,1.90728,-8.79719,-6.37681
51.60658,1.33851,-8.50929,-5.44277
51.61662,0.89289,-8.78298,-4.86711
51.62665,0.26291,-8.94249,-5.46072
51.63669,0.41435,-8.96853,-6.89814
51.64673,0.98447,-8.85316,-7.81467
51.65677,1.22838,-8.59863,-8.39871
51.6668,0.99763,-8.40484,-7.89742
51.67684,0.48587,-8.53712,-6.40224
51.68688,-0.06644,-9.35175,-4.74471
51.69692,-0.13258,-10.26424,-3.67001
51.70695,0.49769,-10.31242,-3.59878
51.71699,1.28898,-9.81069,-3.09181
51.72703,2.28721,-9.48044,-1.97507
51.73707,3.15705,-9.1867,-1.07649
51.74711,3.28544,-9.19748,-1.07096
51.75714,3.08179,-9.34621,-1.9188
51.76718,2.66265,-9.44378,-2.82246
51.77722,2.43625,-9.83942,-3.75127
51.78726,2.50164,-9.81129,-5.26395
51.79729,2.45675,-9.30177,-6.99376
51.80733,2.16989,-9.09527,-7.57091
51.81737,1.84099,-9.14375,-7.02144
51.82741,1.10552,-9.12326,-6.23136
51.83744,-0.22745,-9.5994,-5.64029
51.84748,-1.77141,-10.42869,-5.5517
51.85752,-3.27811,-11.03712,-6.1308
51.86756,-4.42942,-11.43994,-7.63017
51.87822,-5.04608,-11.42977,-9.28382
51.88826,-4.89988,-11.33191,-10.23626
51.8983,-3.99263,-11.14082,-10.79007
51.90833,-2.75857,-10.42076,-10.99956
51.91837,-1.70572,-9.8689,-10.95976
51.92841,-0.99808,-9.7643,-11.10326
51.93845,-0.90246,-9.52024,-11.38727
51.94849,-1.1353,-9.15064,-11.3551
51.95852,-1.55563,-9.01073,-10.47358
51.96856,-2.03582,-9.064,-9.30312
51.9786,-1.89591,-8.74602,-8.28648
51.98864,-1.25561,-8.22932,-7.49011
51.99867,-0.82166,-7.96566,-7.56702
52.00871,-0.80116,-7.85134,-8.1551
52.01875,-0.78949,-7.55191,-8.72866
52.02879,-0.64479,-7.20176,-9.0634
52.03882,-0.61875,-6.87495,-9.63502
52.04886,-0.79862,-6.49337,-10.01734
52.0589,-0.75791,-6.12212,-9.66345
52.06894,-0.48857,-5.93104,-9.1885
52.07897,-0.0633,-5.70613,-8.71055
52.08901,0.27025,-5.59181,-8.41786
52.09905,0.3916,-5.68174,-8.07415
52.10909,0.48976,-5.61605,-7.58468
52.11913,0.54079,-5.54303,-6.95007
52.12916,0.65601,-5.57654,-6.42574
52.1392,0.90306,-5.49514,-6.07304
52.14924,1.07455,-5.28864,-6.02665
52.15928,1.05704,-5.25018,-6.11898
52.16931,0.97594,-5.34146,-6.20996
52.17935,0.93434,-5.34476,-6.22148
52.18939,0.86161,-5.34356,-6.20173
52.19943,0.74639,-5.48018,-6.12167
52.20946,0.61142,-5.54781,-6.1745
52.2195,0.64778,-5.53629,-6.39461
52.22954,0.81762,-5.44486,-6.62999
52.23958,0.83228,-5.40147,-6.98838
52.24961,0.66978,-5.52866,-7.59456
52.25965,0.45101,-5.69117,-8.29277
52.26969,0.41869,-5.73336,-8.80258
52.27973,0.44368,-5.71586,-9.09363
52.28977,0.45505,-5.67979,-9.23563
52.2998,0.40253,-5.80803,-9.23249
52.30984,0.28027,-5.99882,-9.09647
52.31988,0.20022,-6.09728,-8.97841
52.32992,0.19857,-6.11,-8.97826
52.33995,0.23284,-6.12167,-8.90853
52.34999,0.31574,-6.08666,-8.4834
52.36003,0.38996,-6.0925,-7.97957
52.37007,0.394,-6.1332,-7.66414
52.3801,0.42288,-6.10087,-7.50043
52.39014,0.37679,-6.01498,-7.54159
52.40018,0.23523,-5.99987,-7.89084
52.41022,0.19228,-6.01169,-8.17994
52.42025,0.33863,-5.90096,-8.04227
52.43029,0.56099,-5.74279,-7.73028
52.44033,0.68624,-5.58373,-7.67805
52.45037,0.68579,-5.52716,-7.88964
52.4604,0.55935,-5.57984,-8.14792
52.47044,0.43754,-5.60168,-8.18144
52.48048,0.53301,-5.49784,-8.0915
52.49052,0.64778,-5.37827,-8.06023
52.50056,0.62923,-5.28325,-8.04182
52.51059,0.66319,-5.36017,-7.99678
52.52063,0.73622,-5.32126,-8.06068
52.53067,0.75986,-5.2216,-8.03165
52.54071,0.72469,-5.39997,-7.88231
52.55074,0.65541,-5.50173,-7.75542
52.56078,0.54079,-5.52013,-7.82844
52.57082,0.44038,-5.56487,-8.0514
52.58086,0.31828,-5.56637,-8.16004
52.5909,0.22116,-5.5954,-8.08746
52.60093,0.23463,-5.61814,-7.92855
52.61097,0.34207,-5.56068,-7.88875
52.62101,0.48767,-5.50532,-8.01399
52.63105,0.54064,-5.50337,-7.98346
52.64108,0.5779,-5.49739,-7.88725
52.65112,0.53675,-5.53734,-7.97778
52.66116,0.44442,-5.56532,-8.06951
52.6712,0.37185,-5.57939,-8.10392
52.68123,0.27892,-5.60557,-8.0321
52.69127,0.22999,-5.60273,-7.96267
52.70131,0.20201,-5.64657,-8.11215
52.71135,0.30466,-5.58403,-8.41696
52.72138,0.51101,-5.451,-8.73869
52.73142,0.71138,-5.34954,-8.89266
52.74146,0.85278,-5.22819,-8.75155
52.7515,0.84111,-5.21412,-8.53892
52.76153,0.72664,-5.30016,-8.54266
52.77157,0.68295,-5.31034,-8.66177
52.78161,0.75492,-5.27128,-8.6079
52.79165,0.92805,-5.19407,-8.50241
52.80169,1.07066,-5.14215,-8.33152
52.81172,1.09475,-5.16684,-8.115
52.82176,1.04267,-5.21173,-8.03315
52.8318,0.91982,-5.29193,-8.01833
52.84184,0.69148,-5.42795,-7.95743
52.85187,0.6394,-5.46791,-7.80345
52.86191,0.7229,-5.36286,-7.64124
52.87195,0.86057,-5.30046,-7.51824
52.88199,0.89603,-5.25797,-7.62568
52.89202,0.79862,-5.26126,-7.84475
52.90206,0.77303,-5.29014,-7.85717
52.9121,0.79742,-5.28595,-7.79732
52.92214,0.79368,-5.27547,-7.82171
52.93217,0.79203,-5.26156,-7.93618
52.94221,0.7853,-5.2213,-8.00875
52.95225,0.8477,-5.12075,-8.04601
52.96229,0.89947,-5.07496,-8.17096
52.97233,0.8691,-5.11491,-8.28528
52.98236,0.95574,-5.11372,-8.41966
52.9924,1.04567,-5.00852,-8.60686
53.00244,1.08562,-5.02468,-8.67135
53.01248,1.08338,-5.08005,-8.60207
53.02251,1.10073,-5.06763,-8.41023
53.03255,1.03624,-5.07152,-8.25985
53.04259,1.05105,-5.07496,-8.27227
53.05263,1.17017,-4.99445,-8.39991
53.06266,1.38145,-4.8927,-8.70562
53.0727,1.48051,-4.80516,-9.01701
53.08274,1.52077,-4.78736,-9.10575
53.09278,1.45657,-4.80905,-9.27125
53.10281,1.3216,-5.02648,-9.34098
53.11285,1.45567,-4.79604,-8.9588
53.12289,1.56626,-4.71837,-8.39123
53.13293,1.53618,-4.83434,-8.2389
53.14297,1.47543,-4.82267,-8.40095
53.153,1.41363,-4.80322,-8.49059
53.16304,1.36829,-4.83733,-8.34768
53.17308,1.24394,-4.90123,-8.08058
53.18312,1.16134,-4.96138,-7.91598
53.19315,1.13425,-4.96273,-7.7819
53.20319,1.17256,-4.97904,-7.63556
53.21323,1.20443,-4.93325,-7.60653
53.22327,1.15251,-4.91993,-7.66983
53.2333,1.07485,-4.9967,-7.63825
53.24334,1.03115,-4.98488,-7.69377
53.25338,1.01739,-4.91619,-7.87378
53.26342,1.01963,-4.90796,-8.01803
53.27345,1.09684,-4.90213,-7.97509
53.28349,1.17675,-4.88043,-7.90042
53.29353,1.1989,-4.85978,-8.01025
53.30357,1.18693,-4.88866,-8.2588
53.31361,1.24992,-4.85783,-8.53308
53.32364,1.4253,-4.75249,-8.63873
53.33368,1.58466,-4.65807,-8.48505
53.34372,1.69839,-4.64116,-8.27346
53.35376,1.68881,-4.63128,-8.14627
53.36379,1.66098,-4.66181,-8.04676
53.37383,1.72532,-4.69772,-7.85777
53.38387,1.96684,-4.65478,-7.62643
53.39391,2.25818,-4.55168,-7.44327
53.40394,2.46737,-4.4595,-7.27478
53.41398,2.62689,-4.40129,-7.14175
53.42402,2.73208,-4.35775,-6.96653
53.43406,2.86122,-4.26108,-6.69299
53.44409,2.95654,-4.14107,-6.46449
53.45413,3.12279,-4.01642,-6.39446
53.46417,3.41937,-3.81426,-6.57792
53.47421,3.80454,-3.67151,-6.8947
53.48425,4.22726,-3.6124,-7.27119
53.49428,4.61108,-3.4903,-7.98107
53.50432,5.04563,-3.50077,-8.97317
53.51436,5.5728,-3.65759,-9.92262
53.5244,5.97608,-3.87023,-10.97472
53.53443,6.36334,-4.2334,-12.20863
53.54447,6.62326,-4.45351,-13.96987
53.55451,6.45372,-4.99191,-15.52595
53.56455,6.17809,-5.74758,-16.31933
53.57458,5.68952,-6.72142,-16.49141
53.58462,4.94148,-7.91298,-16.22057
53.59466,4.12775,-8.90149,-15.9578
53.6047,3.2009,-9.73497,-16.23658
53.61473,2.67582,-10.42959,-16.8242
53.62477,2.38567,-10.85351,-17.20563
53.63481,2.05258,-11.00031,-17.18229
53.64485,1.76647,-10.95422,-16.07362
53.65489,1.44834,-10.9415,-14.11157
53.66492,1.07185,-11.21654,-11.7904
53.67496,0.73188,-11.2915,-9.88701
53.685,0.46403,-10.86399,-8.5262
53.69504,0.18121,-10.08812,-7.01082
53.70507,0.33998,-9.54059,-5.9038
53.71511,1.21416,-9.30013,-5.64523
53.72515,1.94005,-8.82174,-7.20071
53.73519,1.68776,-7.95144,-9.14854
53.74522,1.03639,-6.94004,-10.07794
53.75526,0.57087,-5.99912,-9.5602
53.7653,0.08365,-5.82809,-8.17784
53.77534,-0.55605,-5.73486,-7.23752
53.78537,-2.3936,-5.61276,-7.19951
53.79541,-4.49646,-6.1091,-7.07576
53.80545,-5.39878,-6.12721,-6.67503
53.81549,-4.96453,-5.50876,-5.90545
53.82553,-4.05383,-4.85589,-4.94298
53.83556,-3.08702,-3.94235,-4.01164
53.8456,-1.91506,-2.85164,-3.34859
53.85564,-1.1564,-2.12964,-2.58289
53.86568,-1.06602,-1.68133,-2.03747
53.87571,-1.20324,-1.44505,-1.99916
53.88575,-1.70991,-1.59858,-2.21329
53.89579,-2.68824,-2.08325,-2.62839
53.90583,-2.9944,-2.16615,-3.19461
53.91586,-2.67627,-1.79116,-3.62931
53.9259,-1.98225,-1.19964,-3.52172
53.93594,-1.16912,-0.67217,-2.8268
53.94598,-0.40896,-0.29254,-2.0008
53.95601,0.05387,-0.09921,-1.60292
53.96605,-0.25528,-0.19483,-1.54456
53.97609,-1.04761,-0.51445,-1.59858
53.98613,-1.76004,-1.18693,-1.67519
53.99617,-2.38148,-1.67864,-1.3231
54.0062,-2.87244,-1.9387,-1.38998
54.01624,-3.00846,-1.8784,-1.95696
54.02628,-2.68076,-1.39328,-1.88199
54.03632,-2.20985,-0.91294,-1.20728
54.04635,-2.05093,-0.55486,-0.07811
54.05639,-1.92569,-0.48168,1.04253
54.06643,-1.72068,-0.53346,1.76542
54.07647,-1.82842,-0.43784,1.72383
54.0865,-2.48249,-0.31723,1.41812
54.09654,-3.07999,-0.52957,1.33896
54.10658,-3.34231,-0.60289,1.2607
54.11662,-3.22843,-0.36197,1.17047
54.12665,-3.02896,-0.19917,1.08397
54.13669,-2.79897,0.15113,0.8694
54.14673,-2.73463,0.83169,0.73053
54.15677,-3.27422,1.44236,0.5999
54.16681,-3.62362,1.95666,0.19064
54.17684,-3.10259,2.42173,-0.9288
54.18688,-1.97836,3.0562,-2.40692
54.19692,-0.71961,3.96076,-4.11429
54.20696,0.65137,4.82087,-5.48571
54.21699,1.99766,5.45399,-6.80522
54.22703,2.6019,6.00196,-8.32778
54.23707,2.18336,5.9249,-9.61676
54.24711,2.10824,5.00792,-10.61125
54.25714,2.71293,4.16456,-12.27567
54.26718,3.20883,4.38169,-14.47295
54.27722,3.70892,4.71014,-17.20413
54.28726,4.0263,4.55287,-19.35383
54.29729,3.9419,4.05623,-21.23103
54.30733,3.60312,3.18564,-22.80986
54.31737,2.75947,1.7756,-23.91568
54.32741,1.7337,-0.12674,-25.28412
54.33745,1.11974,-1.41632,-26.58162
54.34748,1.39253,-2.37729,-27.75837
54.35752,1.89726,-3.43762,-28.6779
54.36756,1.93407,-4.417,-28.88889
54.3776,1.72278,-5.37798,-29.18203
54.38763,1.19291,-6.48051,-30.06683
54.39767,0.42243,-7.52333,-31.65374
54.40771,-0.24705,-8.1973,-32.94825
54.41775,-0.70045,-8.45722,-33.28943
54.42778,-0.57177,-8.29067,-32.99599
54.43782,-0.47974,-7.66953,-32.49006
54.44786,-0.8676,-6.92687,-31.76357
54.4579,-1.74029,-6.43921,-30.41295
54.46793,-2.40064,-5.74683,-28.80195
54.47797,-2.84341,-4.55916,-26.8191
54.48801,-3.22454,-3.60178,-24.42984
54.49805,-3.42924,-2.66101,-22.22118
54.50809,-3.65475,-1.85296,-20.18806
54.51812,-3.52008,-1.55653,-18.21613
54.52816,-3.42895,-1.17361,-16.18136
54.5382,-3.22918,-0.83917,-14.15886
54.54824,-2.98003,-0.50248,-12.65216
54.55827,-2.78386,-0.07003,-12.62582
54.56831,-2.47351,0.1664,-13.0909
54.57835,-1.9411,0.56458,-11.82481
54.58839,-1.51403,1.19082,-10.15381
54.59842,-1.03504,2.03612,-8.49897
54.60846,-0.24496,2.36233,-7.20415
54.6185,0.56114,2.60369,-6.38055
54.62854,1.18722,2.94128,-5.39892
54.63857,1.45343,2.77697,-4.41192
54.64861,1.51343,2.60594,-3.0981
54.65865,1.47662,2.52887,-1.35452
54.66869,1.70781,2.3951,0.25364
54.67873,2.56913,2.67881,1.57524
54.68876,3.53758,3.32345,2.94547
54.6988,3.92589,3.80095,4.16711
54.70884,3.62587,3.78673,4.61123
54.71888,2.86915,3.05111,4.96962
54.72891,2.17588,2.38358,5.64957
54.73895,1.96714,2.19937,6.35256
54.74899,2.19264,2.2709,7.0415
54.75903,2.60205,2.46977,7.34272
54.76906,2.8096,2.66909,7.22824
54.7791,2.72445,2.79628,6.32832
54.78914,2.28182,2.83339,5.33219
54.79918,1.83994,2.92976,5.23732
54.80921,1.41452,2.93409,5.47704
54.81925,0.98177,2.70051,5.29523
54.82929,0.71617,2.54219,4.57831
54.83933,0.74385,2.41964,3.97752
54.84936,0.67696,2.46259,3.79795
54.8594,0.38128,2.70395,3.83716
54.86944,0.1218,2.83488,3.91796
54.87948,-0.16804,2.83054,3.51858
54.88952,-0.0609,2.73074,2.40423
54.89955,0.27937,2.80855,1.2571
54.90959,0.45565,3.08164,0.3702
54.91963,0.4121,3.29427,-0.56668
54.92967,0.26815,3.2422,-2.2712
54.9397,0.2264,3.23546,-5.48541
54.94974,0.57012,3.2835,-9.63008
54.95978,1.29751,2.97375,-13.45526
54.96982,1.60591,2.35619,-16.32247
54.97985,0.86491,1.35557,-18.66535
54.98989,-0.76195,-0.19752,-20.42209
54.99993,-2.3324,-1.86478,-21.99149
55.00997,-3.5322,-2.87574,-23.76889
55.02001,-4.06939,-3.86559,-25.8692
55.03004,-3.70742,-4.92233,-27.62594
55.04008,-3.03016,-5.87657,-28.70393
55.05012,-2.83892,-6.31426,-29.22078
55.06016,-3.33303,-6.79893,-28.88829
55.07019,-4.19778,-7.6182,-28.23377
55.08023,-4.94552,-8.50735,-27.80222
55.09027,-5.18045,-9.28367,-27.08381
55.10031,-5.27113,-9.68933,-26.14169
55.11034,-5.57804,-10.00791,-24.91256
55.12038,-6.01872,-10.3443,-24.00337
55.13042,-6.26263,-10.3211,-23.83951
55.14046,-6.43651,-9.94851,-24.14852
55.15049,-6.65079,-9.66973,-24.49253
55.16053,-6.67114,-9.16186,-24.67464
55.17057,-6.4814,-8.19191,-24.13774
55.18061,-6.40344,-7.4928,-23.02175
55.19065,-6.40748,-6.99496,-22.15415
55.20068,-5.8408,-6.57268,-21.5532
55.21135,-5.14888,-5.58073,-21.1001
55.22139,-5.16519,-5.02199,-20.6247
55.23142,-5.64014,-5.02708,-19.65161
55.24146,-6.07589,-4.87235,-18.56419
55.2515,-6.35676,-4.31061,-17.84683
55.26154,-6.4003,-3.95148,-17.43233
55.27157,-5.78245,-3.41114,-17.13994
55.28161,-5.16474,-2.28272,-16.56952
55.29165,-4.49796,-1.62372,-15.86129
55.30169,-4.02899,-0.98372,-14.97723
55.31172,-3.57365,-0.28805,-14.24131
55.32176,-2.90701,0.25513,-13.12875
55.3318,-2.46693,0.60858,-11.46583
55.34184,-2.23903,0.50159,-8.97571
55.35187,-1.71215,0.4751,-7.04838
55.36191,-0.7229,0.89124,-6.47676
55.37195,0.35584,1.41782,-6.5221
55.38199,1.38699,2.09178,-6.42664
55.39202,2.31819,2.58873,-5.78813
55.40206,3.12039,2.55222,-5.2014
55.4121,3.36475,2.16795,-5.18988
55.42214,3.30549,1.87705,-4.96213
55.43218,3.18923,1.90459,-3.80229
55.44221,2.97884,1.89336,-1.99242
55.45225,3.27497,1.69749,-0.4118
55.46229,3.86514,1.60352,0.31484
55.47233,4.34084,1.41228,0.37335
55.48236,4.62934,1.06811,0.46088
55.4924,4.99879,0.46896,1.04791
55.50244,4.88223,-0.10026,2.24786
55.51248,4.38573,-0.50473,3.20988
55.52251,4.2129,-0.92626,3.4472
55.53255,4.29729,-1.15804,2.59068
55.54259,4.41491,-1.14847,1.17495
55.55263,4.58894,-1.24962,0.27324
55.56266,4.3567,-1.1965,-0.38876
55.5727,4.16905,-1.44415,-0.91997
55.58274,4.29475,-2.34707,-1.31516
55.59278,3.84584,-2.94562,-1.0747
55.60282,3.03076,-3.34844,-0.21877
55.61285,2.51152,-3.93981,0.27683
55.62289,2.23259,-4.21619,0.21742
55.63293,2.24352,-4.07972,-0.27847
55.64297,2.21808,-3.82459,-0.78979
55.653,2.21613,-3.66762,-1.11315
55.66304,2.62255,-4.13838,-1.64512
55.67308,2.74346,-5.10698,-1.99796
55.68312,1.78188,-5.66004,-0.89408
55.69315,0.78096,-5.89303,0.2071
55.70319,0.03172,-5.58507,0.17358
55.71323,-0.0811,-4.7477,-0.84007
55.72327,0.25857,-3.85377,-3.0134
55.7333,0.31678,-3.23202,-5.69087
55.74334,-0.03247,-2.1467,-8.58157
55.75338,-0.28027,-0.92356,-11.20965
55.76342,-0.05656,0.19453,-13.68855
55.77346,0.39609,1.31546,-15.76701
55.78349,0.50443,1.72637,-16.15547
55.79353,0.02289,1.55743,-14.29144
55.80357,-0.35539,1.04552,-10.8194
55.81361,-0.81807,0.95888,-7.96745
55.82364,-0.52912,0.64374,-6.42604
55.83368,0.25678,0.24226,-5.75746
55.84372,1.11405,0.55531,-6.84966
55.85376,2.18755,0.61696,-8.62466
55.86379,3.31387,0.55306,-8.76457
55.87446,5.98835,-2.10361,-6.07858
55.8845,5.98835,-2.10361,-6.07858
55.89453,6.38863,-3.73645,-5.54826
55.90457,5.58702,-5.55799,-4.94642
55.91461,3.97497,-7.2272,-4.915
55.92465,2.49536,-8.45138,-5.34012
55.93468,1.62342,-9.75727,-5.43304
55.94472,1.41437,-10.96604,-5.23313
55.95476,2.48009,-11.76122,-5.00493
55.9648,4.46399,-12.63465,-5.35628
55.97484,6.01408,-13.70306,-5.21801
55.98487,6.44938,-15.05998,-5.0995
55.99491,5.58597,-16.46448,-6.05748
56.00495,4.12686,-17.40166,-7.72519
56.01499,3.08717,-18.45301,-8.56855
56.02502,2.95534,-18.57122,-7.68569
56.03506,4.1104,-17.21715,-6.12152
56.0451,6.14681,-15.0094,-6.02785
56.05514,6.69479,-12.52841,-8.24952
56.06517,5.05775,-11.54245,-10.21007
56.07521,1.94005,-11.99929,-10.46281
56.08525,-1.62895,-12.73132,-9.39305
56.09529,-4.28308,-13.06576,-8.48999
56.10532,-4.69877,-12.4473,-8.41966
56.11536,-3.29756,-11.12436,-9.53386
56.1254,-1.23212,-9.06849,-10.56846
56.13544,0.79921,-6.94977,-10.7362
56.14547,2.61043,-5.85517,-9.83568
56.15551,2.88995,-5.68548,-9.58399
56.16555,1.816,-6.08935,-10.14378
56.17559,0.83962,-6.65603,-10.60182
56.18563,0.30376,-6.9556,-10.26798
56.19566,0.33489,-6.75,-9.44183
56.2057,0.61322,-6.52809,-8.74692
56.21574,0.21802,-6.67129,-8.40874
56.22578,-0.35644,-7.11871,-8.25177
56.23581,-0.38621,-7.33314,-8.62915
56.24585,0.0205,-6.91266,-9.16186
56.25589,0.69611,-6.23256,-9.12326
56.26593,1.52122,-5.78379,-8.31521
56.27596,2.14685,-5.44935,-7.67521
56.286,2.24905,-5.35343,-7.57885
56.29604,1.81346,-5.43828,-7.73701
56.30608,1.30903,-5.58163,-7.85523
56.31611,1.1754,-5.76988,-7.98466
56.32615,1.30723,-5.73636,-8.3387
56.33619,1.44011,-5.70568,-8.53952
56.34623,1.74103,-5.69581,-8.46141
56.35627,2.16436,-5.55574,-8.33826
56.3663,2.41979,-5.47883,-8.12023
56.37634,2.29784,-5.3247,-7.93169
56.38638,1.35706,-5.555,-8.10677
56.39642,0.49186,-6.15355,-8.08687
56.40645,0.01646,-6.51103,-7.75736
56.41649,0.10385,-6.35885,-7.94187
56.42653,0.41001,-6.03593,-8.25925
56.43657,0.54782,-5.9879,-8.78118
56.4466,0.66274,-6.02815,-9.10515
56.45664,0.85967,-6.0265,-8.71923
56.46668,0.9508,-6.08935,-8.09076
56.47672,0.78994,-6.34059,-7.73896
56.48675,0.4561,-6.44429,-7.73148
56.49679,-0.03292,-6.58615,-7.71651
56.50683,-0.37215,-6.92657,-7.93813
56.51687,-0.25798,-6.7292,-7.56253
56.5269,0.32935,-6.2565,-6.91909
56.53694,0.84321,-5.86968,-6.9176
56.54698,1.11899,-5.66588,-7.5169
56.55702,1.38445,-5.47689,-7.91224
56.56705,1.52705,-5.31498,-7.86899
56.57709,1.4464,-5.2644,-7.89219
56.58713,1.32429,-5.3871,-7.67641
56.59717,1.26773,-5.52178,-7.44312
56.60721,1.18483,-5.51609,-7.38955
56.61724,1.20204,-5.45294,-7.10629
56.62728,1.32833,-5.37783,-7.07097
56.63732,1.45193,-5.34969,-7.44716
56.64736,1.61788,-5.27173,-7.72609
56.65739,1.67145,-5.33892,-7.58363
56.66743,1.60202,-5.45399,-7.33374
56.67747,1.2589,-5.49903,-7.28466
56.68751,0.62683,-5.79217,-7.36606
56.69754,0.33938,-6.20008,-7.28032
56.70758,0.58299,-5.95722,-6.85999
56.71762,1.0319,-5.56173,-6.92613
56.72766,1.34943,-5.46791,-7.7026
56.7377,1.39328,-5.46013,-8.54296
56.74773,1.26219,-5.45205,-8.65624
56.75777,1.17196,-5.59121,-8.01025
56.76781,1.16029,-5.62293,-7.21972
56.77785,1.16388,-5.51804,-6.81764
56.78788,1.08682,-5.40476,-6.82617
56.79792,0.96037,-5.40341,-7.19413
56.80796,0.82301,-5.40192,-7.64214
56.818,0.886,-5.29642,-8.09225
56.82803,1.12153,-5.24181,-8.47069
56.83807,1.26668,-5.03336,-9.0619
56.84811,1.16672,-4.9533,-9.45799
56.85815,1.10029,-5.19422,-9.33574
56.86818,1.10253,-5.08035,-9.06864
56.87822,1.0536,-5.02513,-8.85331
56.88826,0.98282,-5.13481,-8.80183
56.8983,0.9303,-5.19482,-8.81306
56.90833,0.89169,-5.29912,-9.1454
56.91837,0.93957,-5.26395,-9.19927
56.92841,0.96741,-5.12239,-8.99412
56.93845,0.88615,-5.19003,-8.68661
56.94849,0.85293,-5.25662,-8.41756
56.95852,0.8272,-5.29912,-8.25416
56.96856,0.80595,-5.36361,-8.13475
56.9786,0.79203,-5.29732,-8.10362
56.98864,0.70749,-5.16968,-8.06547
56.99867,0.621,-5.22564,-8.0912
57.00871,0.44996,-5.34446,-8.2181
57.01875,0.38502,-5.34984,-8.23336
57.02879,0.51655,-5.25542,-8.2172
57.03882,0.68878,-5.23507,-8.34529
57.04886,0.76181,-5.18943,-8.48161
57.0589,0.84246,-5.13511,-8.52695
57.06894,0.94661,-5.0594,-8.45408
57.07897,1.03325,-5.01406,-8.17799
57.08901,1.06781,-5.0184,-7.87498
57.09905,1.04492,-5.07257,-7.76993
57.10909,1.07515,-5.09755,-7.70738
57.11912,1.12049,-5.12404,-7.83637
57.12916,1.14368,-5.142,-7.97224
57.1392,1.10867,-5.15008,-7.93663
57.14924,1.10298,-5.07077,-7.69856
57.15928,1.35093,-4.98443,-7.44836
57.16931,1.7117,-4.79274,-7.371
57.17935,1.9625,-4.55976,-7.76619
57.18939,2.04525,-4.47416,-8.39033
57.19943,2.01726,-4.42269,-8.7544
57.20946,1.81735,-4.32587,-8.98933
57.2195,1.38714,-4.49047,-8.8171
57.22954,1.03504,-4.73154,-8.47607
57.23958,0.80879,-4.80831,-8.48685
57.24961,0.67187,-4.88821,-8.68871
57.25965,0.60693,-4.95211,-8.84613
57.26969,0.52643,-4.95525,-8.83341
57.27973,0.36197,-4.99864,-8.71549
57.28977,0.19228,-5.07271,-8.54386
57.2998,0.21413,-5.13227,-8.48206
57.30984,0.26471,-5.11252,-8.51034
57.31988,0.33788,-5.03845,-8.57004
57.32992,0.6599,-4.94283,-8.53668
57.33995,0.97713,-4.81908,-8.39961
57.34999,1.06422,-4.74516,-8.36025
57.36003,0.92192,-4.85963,-8.45482
57.37007,0.79248,-4.92951,-8.69873
57.3801,0.68863,-4.8716,-8.81919
57.39014,0.66469,-4.76012,-8.70187
57.40018,0.65362,-4.63622,-8.5286
57.41022,0.48318,-4.57218,-8.46455
57.42025,0.18899,-4.59417,-8.50196
57.43029,-0.01781,-4.7893,-8.77161
57.44033,0.04758,-4.78212,-9.24282
57.45037,0.21533,-4.74276,-9.35235
57.46041,0.35015,-4.77853,-9.05068
57.47044,0.36721,-4.81309,-8.6504
57.48048,0.15847,-4.96363,-8.37312
57.49052,-0.0193,-5.14439,-8.36923
57.50056,-0.09711,-5.18015,-8.40514
57.51059,-0.02095,-5.11012,-8.2591
57.52063,0.21383,-4.98503,-8.13116
57.53067,0.37828,-4.9144,-8.18129
57.54071,0.47525,-4.86083,-8.4448
57.55074,0.56683,-4.78765,-8.69005
57.56078,0.65107,-4.71942,-8.76981
57.57082,0.71093,-4.73588,-8.79899
57.58086,0.73457,-4.74456,-8.83206
57.5909,0.75357,-4.68889,-9.00055
57.60093,0.85802,-4.59028,-9.06983
57.61097,0.98641,-4.4818,-8.84268
57.62101,1.03804,-4.42089,-8.59773
57.63105,1.01888,-4.38947,-8.65474
57.64108,1.02053,-4.44289,-8.84732
57.65112,1.03774,-4.44454,-8.89461
57.66116,1.00437,-4.48853,-8.88354
57.6712,0.91099,-4.57472,-8.76098
57.68123,0.90845,-4.64924,-8.5892
57.69127,1.00616,-4.63248,-8.54865
57.70131,1.13545,-4.57293,-8.50944
57.71135,1.24977,-4.49302,-8.36923
57.72138,1.30035,-4.4179,-8.44869
57.73142,1.29885,-4.42793,-8.55867
57.74146,1.30723,-4.5005,-8.57573
57.7515,1.33731,-4.57412,-8.55987
57.76154,1.40809,-4.73483,-8.54386
57.77157,1.55144,-4.87654,-8.7113
57.78161,1.79969,-4.95525,-8.92633
57.79165,2.14595,-4.91395,-9.023
57.80169,2.54264,-4.72017,-8.99801
57.81172,2.87768,-4.65433,-8.94369
57.82176,3.21781,-4.85365,-8.9377
57.8318,3.80858,-5.12913,-8.87755
57.84184,4.79185,-5.05057,-9.06669
57.85187,6.17195,-4.71224,-9.60584
57.86191,8.10751,-3.90075,-9.89239
57.87195,10.26379,-2.47052,-9.48059
57.88199,11.13289,-1.81316,-9.97993
57.89202,10.37886,-2.13922,-12.15491
57.90206,8.4442,-3.0366,-14.56543
57.9121,6.28044,-3.96166,-16.20605
57.92214,4.63398,-4.73109,-16.60618
57.93218,3.45573,-5.65226,-16.07153
57.94221,2.34991,-6.85415,-15.02481
57.95225,0.96397,-8.28663,-14.13043
57.96229,-0.19124,-9.5599,-13.36458
57.97233,-0.70644,-10.31617,-13.09943
57.98236,-0.4947,-10.36555,-12.85417
57.9924,-0.15547,-10.24733,-12.54262
58.00244,-0.00329,-9.88686,-11.90352
58.01248,0.06434,-9.55631,-11.03308
58.02251,0.09786,-9.45455,-10.37363
58.03255,-0.03771,-9.38632,-10.14603
58.04259,-0.5999,-9.23279,-10.60182
58.05263,-0.96202,-9.01013,-11.65288
58.06266,-1.0313,-8.56855,-12.49848
58.0727,-1.22748,-8.47113,-12.91268
58.08274,-1.23406,-8.82802,-12.11541
58.09278,-1.26563,-8.71729,-10.42136
58.10282,-1.2996,-8.06083,-8.39018
58.11285,-1.49234,-7.47964,-6.25336
58.12289,-1.78727,-7.2278,-4.44109
58.13293,-1.67893,-7.04284,-2.86137
58.14297,-1.51059,-6.67069,-1.46301
58.153,-1.77919,-6.01483,-0.60005
58.16304,-1.95487,-5.17582,0.32397
58.17308,-1.46585,-4.2723,0.3105
58.18312,-0.52433,-3.68438,-0.69432
58.19315,0.40597,-3.03645,-2.09343
58.20319,0.61112,-2.51601,-3.22634
58.21323,-0.48303,-2.48713,-3.22529
58.22327,-3.26509,-3.11516,-2.79478
58.2333,-6.49577,-4.22936,-1.95995
58.24334,-7.88904,-4.8318,-1.02262
58.25338,-6.65947,-4.04231,0.03068
58.26342,-4.12671,-2.58125,0.57715
58.27346,-1.81241,-1.3825,-0.4748
58.28349,-0.53406,-0.8254,-2.1072
58.29353,-0.22326,-0.64374,-3.54851
58.30357,-0.60992,-0.63791,-4.16591
58.31361,-1.8163,-0.93314,-3.41323
58.32364,-3.00487,-1.33836,-1.80583
58.33368,-4.01777,-1.62117,-0.24615
58.34372,-4.14855,-1.78712,0.83827
58.35376,-3.44675,-1.53423,1.41078
58.36379,-2.82157,-1.30693,0.85279
58.37383,-2.45451,-1.07814,0.33893
58.38387,-1.99198,-0.84321,0.19887
58.39391,-1.44685,-0.79757,0.36437
58.40394,-0.97504,-0.88675,0.82271
58.41398,-0.72499,-0.71138,1.47647
58.42402,-0.85548,-0.48961,2.14027
58.43406,-1.49473,-0.48527,2.50868
58.4441,-2.34482,-0.5384,2.48937
58.45413,-2.77353,-0.46328,2.55821
58.46417,-2.46917,-0.01631,2.34243
58.47421,-2.32208,0.79832,1.93736
58.48425,-2.229,1.05614,1.29107
58.49428,-1.92584,1.10762,0.33653
58.50432,-1.38026,1.78398,-0.92985
58.51436,-0.4757,2.85718,-2.10061
58.5244,0.37769,3.81561,-2.77802
58.53443,1.34958,4.84437,-4.11623
58.54447,1.8974,5.33638,-6.01304
58.55451,1.81256,4.78287,-7.79178
58.56455,1.72068,3.89596,-8.72013
58.57458,1.39103,3.0363,-9.95419
58.58462,0.90591,2.69692,-11.59647
58.59466,1.2803,2.55671,-13.93829
58.6047,2.52917,2.45645,-17.62566
58.61474,3.14239,2.21284,-21.76808
58.62477,2.05752,1.10986,-23.89189
58.63481,0.78335,-1.00542,-24.05784
58.64485,0.23807,-2.9519,-25.43001
58.65489,0.95065,-3.17875,-29.22901
58.66492,2.32402,-3.04737,-34.00155
58.67496,3.56138,-3.47324,-37.16235
58.685,3.59385,-4.77464,-37.2427
58.69504,2.34048,-6.78307,-35.04363
58.70507,0.78979,-8.16348,-33.55474
58.71511,-0.50203,-8.80124,-33.42021
58.72515,-0.85368,-9.03018,-34.22406
58.73519,-0.73562,-8.79555,-34.30726
58.74522,-0.68205,-8.46036,-32.01182
58.75526,-1.15715,-7.96955,-28.3255
58.7653,-1.39702,-7.39644,-25.12819
58.77534,-1.05629,-6.90817,-23.38806
58.78538,-0.44188,-5.87283,-23.31997
58.79541,0.80325,-4.32722,-23.77412
58.80545,1.89711,-2.79792,-23.07098
58.81549,2.19399,-1.65933,-21.14724
58.82553,1.70572,-0.97908,-18.57811
58.83556,0.91877,-0.59496,-15.79545
58.8456,0.59062,-0.37439,-13.82247
58.85564,0.6198,-0.29778,-13.02745
58.86568,0.67831,-0.17687,-12.45673
58.87571,0.69162,0.16849,-11.6629
58.88575,0.78979,0.6813,-10.25781
58.89579,0.99569,1.06437,-8.16019
58.90583,1.47917,1.08921,-6.04356
58.91586,2.15179,1.0102,-5.0374
58.9259,2.5585,1.12273,-4.62949
58.93594,2.92467,1.3213,-4.00355
58.94598,3.42805,1.49338,-2.97839
58.95602,3.63066,1.51733,-1.82558
58.96605,3.47503,1.52571,-0.67801
58.97609,3.2006,1.40136,0.25034
58.98613,2.75498,1.26519,0.97639
58.99617,2.71906,1.1139,1.54142
59.0062,2.69063,1.02996,2.07996
59.01624,2.35545,0.79293,2.63871
59.02628,1.80583,0.51595,3.2006
59.03632,0.87433,0.40851,3.77566
59.04635,0.04235,0.27578,4.46788
59.05639,0.15233,0.15323,5.1821
59.06643,0.90127,0.50667,5.55111
59.07647,1.64676,1.12004,5.2855
59.0865,1.97731,1.37891,4.96961
59.09654,1.88693,1.1561,4.62066
59.10658,1.79879,1.16194,4.51307
59.11662,1.84937,1.38564,4.77479
59.12666,1.62162,1.35512,5.05895
59.13669,1.22643,1.0937,4.93176
59.14673,0.94227,1.02173,4.41626
59.15677,0.79877,1.19037,3.86185
59.16681,0.49096,1.25007,3.74992
59.17684,0.15188,1.22598,3.7155
59.18688,-0.17478,1.44311,3.45513
59.19692,-0.5182,1.84458,3.23427
59.20758,-1.04223,2.5609,1.50102
59.21762,-1.04223,2.5609,1.50102
59.22766,-1.09969,2.75662,-0.17328
59.2377,-1.01335,2.97824,-1.13246
59.24773,-0.95514,3.19626,-1.01035
59.25777,-1.30424,3.42895,-0.76555
59.26781,-2.32836,3.61076,-1.07949
59.27785,-3.49269,3.39243,-1.47707
59.28789,-4.22158,3.00368,-2.23648
59.29792,-4.80456,3.19686,-4.10336
59.30796,-4.8942,3.5714,-6.60725
59.318,-3.89133,4.18028,-8.37881
59.32804,-1.86179,4.65373,-10.02647
59.33807,0.7428,4.73528,-13.08641
59.34811,2.89698,4.82836,-17.57284
59.35815,4.25225,4.74471,-22.1739
59.36819,4.4613,4.05069,-26.45997
59.37822,3.21302,2.20326,-30.02239
59.38826,0.99629,-0.04609,-31.78228
59.3983,-0.76151,-2.31444,-32.61052
59.40834,-1.60022,-4.23998,-33.87107
59.41837,-2.5618,-5.85038,-34.82022
59.42841,-3.54087,-7.29139,-34.51092
59.43845,-4.39695,-8.65968,-33.18738
59.44849,-5.3452,-9.7242,-31.49872
59.45853,-6.10896,-10.71704,-30.03676
59.46856,-6.1507,-11.67488,-29.45332
59.4786,-5.84963,-12.15342,-29.87574
59.48864,-5.78679,-11.84591,-30.1002
59.49868,-5.9047,-10.99013,-28.26954
59.50871,-6.1311,-10.58821,-25.57516
59.51875,-6.53004,-10.39218,-23.54144
59.52879,-7.00499,-9.84331,-22.18767
59.53883,-7.03731,-9.07926,-20.91994
59.54886,-6.63239,-8.24683,-19.45334
59.5589,-5.73561,-7.47709,-18.61656
59.56894,-4.69069,-6.65274,-18.2513
59.57898,-4.2533,-5.88794,-17.96654
59.58901,-4.56051,-5.44337,-17.75974
59.59905,-4.78317,-5.3075,-17.50805
59.60909,-4.67573,-5.10818,-16.90695
59.61913,-4.62754,-4.67842,-15.69025
59.62917,-4.10351,-4.09394,-14.0794
59.6392,-3.30579,-3.43987,-12.66383
59.64924,-2.85479,-2.79703,-12.09132
59.65928,-2.33509,-2.11498,-12.25906
59.66932,-1.73714,-1.38325,-12.77516
59.67935,-1.00631,-0.89558,-12.85956
59.68939,-0.3518,-0.85952,-12.54981
59.69943,-0.26965,-0.69357,-12.43952
59.70947,-0.50188,-0.18331,-11.99809
59.7195,-0.65691,-0.18166,-10.84244
59.72954,-0.72305,-0.46522,-9.88581
59.73958,-0.77228,-0.3114,-9.18057
59.74962,-0.90725,0.18989,-8.45827
59.75965,-0.90561,0.25199,-7.91254
59.76969,-0.19019,0.11791,-7.68733
59.77973,0.30062,0.01032,-7.39778
59.78977,0.41001,0.32831,-7.27568
59.7998,0.67711,0.85323,-6.99002
59.80984,1.10208,1.02562,-6.22956
59.81988,1.66173,0.99733,-5.20619
59.82992,1.8359,1.17989,-4.49212
59.83996,1.82498,1.3822,-3.74064
59.84999,2.19069,1.00766,-2.61237
59.86003,2.53441,0.16789,-1.22882
59.87007,2.5374,-0.36467,-0.07946
59.88073,2.48354,-0.45535,0.39564
59.89077,2.76411,-0.20725,0.1444
59.90081,3.26599,-0.21772,-0.30047
59.91085,3.73451,-0.7033,-0.36227
59.92088,3.94774,-1.10971,-0.52044
59.93092,3.93053,-1.38774,-0.39968
59.94096,3.94295,-2.09373,0.26875
59.951,3.96809,-2.5208,0.69058
59.96103,4.18058,-2.59247,0.44368
59.97107,4.6461,-2.82261,0.11133
59.98111,4.96168,-3.2419,-0.11178
59.99115,4.8098,-3.80992,-0.37499
60.00119,4.24492,-4.36179,-0.72454
60.01122,3.50691,-5.19078,-0.84949
60.02126,2.67358,-5.98625,-0.61815
60.0313,2.04225,-6.42604,-0.35285
60.04134,1.70886,-6.68117,-0.03382
60.05137,1.49264,-6.90622,-0.03666
60.06141,0.93942,-7.05601,-0.11148
60.07145,0.33653,-7.30351,-0.34731
60.08149,0.04714,-7.96132,-0.43664
60.09152,-0.0223,-8.62556,-0.5978
60.10156,0.15847,-8.98319,-1.27581
60.1116,0.87239,-8.919,-2.09612
60.12164,1.92973,-8.6082,-2.49311
60.13167,2.75184,-8.23575,-3.00861
60.14171,2.95415,-8.01654,-3.77326
60.15175,2.67941,-8.0508,-4.1722
60.16179,2.22481,-8.11634,-4.40743
60.17182,1.99123,-8.19445,-4.72645
60.18186,2.12111,-8.10677,-5.1013
60.1919,2.19414,-8.13385,-5.58911
60.20194,1.97656,-8.29112,-6.14427
60.21198,1.71036,-8.50017,-6.34224
60.22201,1.4051,-8.55433,-6.14607
60.23205,1.10268,-8.37761,-5.95827
60.24209,0.90172,-8.1759,-6.05928
60.25213,0.78739,-8.00905,-6.17001
60.26216,0.58972,-7.75886,-6.32533
60.2722,0.45505,-7.38656,-6.22014
60.28224,0.26127,-6.89231,-6.19111
60.29228,0.186,-6.18467,-6.22792
60.30231,0.05686,-5.29867,-5.82883
60.31235,-0.22072,-4.30552,-5.15816
60.32239,-0.45116,-3.25462,-4.08526
60.33243,-0.27234,-2.31938,-3.09106
60.34246,0.72784,-1.57209,-2.73238
60.3525,2.37954,-1.22882,-2.91509
60.36254,3.6317,-0.30616,-3.85616
60.37258,4.54659,0.58733,-5.4516
60.38262,4.9147,1.04238,-6.69329
60.39265,4.82132,1.09415,-7.58244
60.40269,4.28293,0.62294,-7.96042
60.41273,3.35128,0.03367,-8.08701
60.42277,2.8711,-0.08903,-8.00097
60.4328,3.03824,-0.29509,-7.92975
60.44284,3.07505,-0.82555,-7.21897
60.45288,2.8681,-1.24514,-6.46569
60.46292,2.97061,-1.75106,-6.34658
60.47295,2.97914,-2.15912,-6.87181
60.48299,2.52184,-2.55506,-7.92556
60.49303,1.38983,-2.99904,-9.69906
60.50307,0.1435,-4.00864,-11.53032
60.5131,-0.78171,-5.3283,-11.94707
60.52314,-1.96654,-6.44534,-11.32188
60.53318,-2.0665,-7.67731,-10.50216
60.54322,-1.64078,-8.74362,-9.72345
60.55326,-1.8157,-9.01806,-8.98559
60.56329,-2.69946,-8.92513,-8.52605
60.57333,-4.29565,-9.71417,-8.70158
60.58337,-5.19183,-11.60095,-8.70966
60.59341,-4.96557,-13.12591,-8.13086
60.60344,-4.66391,-13.63019,-7.62658
60.61348,-4.68785,-13.31101,-7.3921
60.62352,-4.63577,-13.30308,-6.68431
60.63356,-5.05521,-13.76112,-5.80355
60.64359,-5.94121,-14.12699,-5.5348
60.65363,-6.53797,-14.56587,-6.02157
60.66367,-6.24812,-14.5334,-7.07726
60.67371,-5.58657,-14.1412,-8.19505
60.68374,-5.01436,-13.29171,-9.69981
60.69378,-4.56889,-12.18694,-11.0853
60.70382,-4.22891,-11.00465,-11.71228
60.71386,-3.47818,-9.9512,-11.56788
60.72389,-2.7032,-9.19179,-10.77331
60.73393,-1.84668,-8.96509,-9.76804
60.74397,-1.08098,-8.7957,-8.78208
60.75401,-0.75148,-8.26463,-8.10632
60.76405,-0.94152,-7.81827,-8.0731
60.77408,-1.58601,-7.64124,-8.67359
60.78412,-2.43445,-7.47709,-9.37839
60.79416,-2.82501,-7.2251,-9.95614
60.8042,-2.58858,-7.11901,-10.41762
60.81423,-2.01711,-7.06379,-10.77436
60.82427,-1.32624,-6.77409,-10.84663
60.83431,-0.81373,-6.22896,-10.69295
60.84435,-0.50997,-5.70778,-10.45877
60.85438,-0.46896,-5.36975,-10.19017
60.86442,-0.48303,-5.18315,-9.45156
60.87446,-0.37993,-5.37408,-8.4662
60.8845,-0.46133,-5.49679,-8.02881
60.89453,-0.64434,-5.55724,-8.13759
60.90457,-0.88496,-5.79068,-8.69365
60.91461,-0.9927,-5.7413,-9.30207
60.92465,-1.0129,-5.38486,-9.46787
60.93469,-0.9695,-5.05281,-9.30866
60.94472,-0.85503,-4.86636,-8.86902
60.95476,-0.73128,-4.87684,-8.43806
60.9648,-0.62219,-4.95046,-8.13789
60.97483,-0.58613,-5.0377,-7.88381
60.98487,-0.68369,-5.15322,-8.07968
60.99491,-0.83333,-5.29074,-8.61763
61.00495,-0.94526,-5.139,-9.06026
61.01499,-0.96292,-4.82491,-9.09437
61.02502,-0.98761,-4.60929,-9.12296
61.03506,-1.01125,-4.50065,-8.81859
61.0451,-0.94376,-4.57801,-8.2166
61.05514,-0.92416,-4.81294,-7.94621
61.06517,-0.94706,-4.94358,-7.81228
61.07521,-1.01365,-5.01959,-7.98945
61.08525,-1.04163,-5.12853,-8.51258
61.09529,-0.94152,-4.99894,-8.89236
61.10533,-0.75612,-4.58564,-8.80827
61.11536,-0.50218,-4.26258,-8.59788
61.1254,-0.39699,-4.11863,-8.43447
61.13544,-0.41584,-4.1297,-8.23067
61.14548,-0.61277,-4.34503,-8.37821
61.15551,-0.88107,-4.73932,-8.82263
61.16555,-0.97564,-4.90647,-9.08899
61.17559,-0.91952,-4.67109,-9.14361
61.18563,-0.77827,-4.45067,-9.11188
61.19566,-0.6593,-4.34458,-9.12849
61.2057,-0.5969,-4.19973,-9.11652
61.21574,-0.599,-4.17594,-9.23578
61.22578,-0.49336,-4.20961,-9.12236
61.23581,-0.16804,-4.08615,-8.56795
61.24585,0.13677,-4.3154,-8.37851
61.25589,0.25857,-4.93265,-8.43881
61.26593,0.19588,-4.70491,-8.6932
61.27597,0.00658,-4.18521,-8.76652
61.286,-0.28102,-4.15364,-8.71355
61.29604,-0.42392,-4.48195,-8.50361
61.30608,-0.43245,-4.72211,-8.59354
61.31611,-0.32007,-4.71688,-8.99217
61.32615,0.08559,-4.35341,-8.79076
61.33619,0.47181,-3.91542,-8.27571
61.34623,0.71332,-3.99173,-8.04482
