t,ax,ay,az
0.0,0.20934,-1.28539,-9.61691
0.01004,0.32142,-1.28209,-9.67183
0.02008,0.33444,-1.33237,-9.77597
0.03011,0.31678,-1.3418,-9.83568
0.04015,0.27129,-1.32414,-9.82146
0.05019,0.23733,-1.30813,-9.76894
0.06023,0.22072,-1.28254,-9.67871
0.07026,0.18226,-1.30454,-9.57531
0.0803,0.18765,-1.31816,-9.60883
0.09034,0.20904,-1.28943,-9.61332
0.10038,0.19902,-1.26997,-9.58728
0.11041,0.18121,-1.2164,-9.57082
0.12045,0.164,-1.22329,-9.60314
0.13049,0.1845,-1.26578,-9.58085
0.14053,0.24137,-1.27327,-9.58369
0.15056,0.2457,-1.26578,-9.66614
0.1606,0.21189,-1.2586,-9.6395
0.17064,0.19962,-1.26339,-9.58893
0.18068,0.19737,-1.27491,-9.61287
0.19071,0.205,-1.26668,-9.68006
0.20075,0.21967,-1.22314,-9.76625
0.21079,0.2056,-1.19441,-9.77837
0.22083,0.19947,-1.19605,-9.76355
0.23086,0.22116,-1.22015,-9.74186
0.2409,0.21428,-1.22538,-9.72375
0.25094,0.18839,-1.21311,-9.71492
0.26098,0.20485,-1.22029,-9.76385
0.27101,0.17971,-1.23107,-9.83553
0.28105,0.14186,-1.2387,-9.85453
0.29109,0.11118,-1.25202,-9.79363
0.30113,0.09502,-1.23705,-9.6618
0.31117,0.1667,-1.30185,-9.6392
0.3212,0.21383,-1.33567,-9.72644
0.33124,0.18226,-1.29676,-9.8086
0.34128,0.11866,-1.24813,-9.80336
0.35131,0.10101,-1.24319,-9.83478
0.36135,0.11657,-1.24409,-9.84181
0.37139,0.13886,-1.24124,-9.80201
0.38143,0.13288,-1.18363,-9.75847
0.39147,0.1049,-1.17091,-9.58953
0.4015,0.19947,-1.27431,-9.45769
0.41154,0.3708,-1.44505,-9.47311
0.42158,0.51371,-1.54591,-9.43061
0.43224,0.5167,-1.51748,-9.35295
0.44228,0.44308,-1.50161,-9.39515
0.45232,0.41913,-1.41467,-9.62319
0.46236,0.39908,-1.44325,-9.85049
0.47239,0.34132,-1.37547,-10.04158
0.48243,0.16999,-1.42201,-10.07061
0.49247,0.02409,-1.51673,-9.81308
0.50251,0.07572,-1.45597,-9.5391
0.51254,0.16879,-1.45059,-9.33335
0.52258,0.26815,-1.74298,-9.34622
0.53262,0.42063,-1.84623,-9.46982
0.54266,0.49575,-1.95172,-9.61062
0.5527,0.57955,-1.91057,-9.83224
0.56273,0.57266,-1.7949,-10.03993
0.57277,0.42377,-1.74118,-10.15201
0.58281,0.3518,-1.81615,-9.92756
0.59284,0.26217,-1.7765,-9.65791
0.60288,0.19812,-1.65155,-9.53371
0.61292,0.19543,-1.7153,-9.45964
0.62296,0.48004,-1.93122,-9.5388
0.633,0.73188,-2.07502,-9.54763
0.64303,0.87284,-2.08131,-9.55047
0.65307,0.8652,-2.12859,-9.65043
0.66311,0.78485,-2.08116,-9.6621
0.67315,0.69716,-2.0454,-9.58818
0.68318,0.62429,-2.11094,-9.44198
0.69322,0.61636,-2.13608,-9.35295
0.70326,0.66499,-2.10316,-9.27169
0.7133,0.70898,-2.16286,-9.22815
0.72333,0.74744,-2.22212,-9.38078
0.73337,0.74744,-2.25369,-9.49106
0.74341,0.67457,-2.28078,-9.4164
0.75345,0.65481,-2.29215,-9.34277
0.76348,0.64673,-2.31385,-9.26092
0.77352,0.63596,-2.3529,-9.206
0.78356,0.65511,-2.32686,-9.27858
0.7936,0.662,-2.25249,-9.38886
0.80363,0.61441,-2.19892,-9.54882
0.81367,0.5981,-2.17528,-9.68709
0.82371,0.59047,-2.20955,-9.75263
0.83375,0.59182,-2.21164,-9.73303
0.84378,0.60214,-2.20177,-9.60225
0.85382,0.62279,-2.2305,-9.4149
0.86386,0.61636,-2.23828,-9.39245
0.8739,0.64509,-2.21389,-9.41894
0.88393,0.63731,-2.18007,-9.43345
0.89397,0.6403,-2.188,-9.50109
0.90401,0.61965,-2.17244,-9.50737
0.91405,0.57476,-2.17438,-9.53715
0.92408,0.54902,-2.16152,-9.57022
0.93412,0.53825,-2.16855,-9.55616
0.94416,0.52253,-2.17394,-9.56409
0.9542,0.54034,-2.15224,-9.60778
0.96423,0.52672,-2.11887,-9.61781
0.97427,0.45595,-2.13189,-9.61317
0.98431,0.45834,-2.14595,-9.57726
0.99435,0.4751,-2.13937,-9.48852
1.00438,0.44517,-2.1476,-9.42732
1.01442,0.42946,-2.16062,-9.45755
1.02446,0.45669,-2.13922,-9.49944
1.0345,0.46283,-2.16406,-9.50947
1.04453,0.47016,-2.17079,-9.42537
1.05457,0.47016,-2.14401,-9.45051
1.06461,0.45191,-2.11603,-9.52054
1.07465,0.44966,-2.13697,-9.54882
1.08469,0.47689,-2.17004,-9.59895
1.09472,0.4543,-2.15239,-9.58758
1.10476,0.42078,-2.13308,-9.60898
1.1148,0.38173,-2.14101,-9.66375
1.12484,0.38292,-2.15987,-9.60524
1.13487,0.39744,-2.15179,-9.53566
1.14491,0.40432,-2.16391,-9.50348
1.15495,0.4127,-2.1473,-9.52294
1.16499,0.43395,-2.16241,-9.62723
1.17502,0.42751,-2.17109,-9.59701
1.18506,0.42332,-2.15792,-9.58354
1.1951,0.38023,-2.13862,-9.60314
1.20514,0.35584,-2.13922,-9.57755
1.21517,0.38592,-2.13129,-9.55661
1.22521,0.39804,-2.11962,-9.55212
1.23525,0.40522,-2.12216,-9.51082
1.24529,0.42392,-2.12874,-9.54433
1.25532,0.41465,-2.16062,-9.48388
1.26536,0.43096,-2.15942,-9.44752
1.2754,0.44457,-2.15284,-9.40951
1.28544,0.46058,-2.16571,-9.37674
1.29547,0.46073,-2.16451,-9.39859
1.30551,0.44472,-2.147,-9.4131
1.31555,0.43111,-2.10854,-9.44198
1.32559,0.42078,-2.14461,-9.48134
1.33562,0.42602,-2.16152,-9.50229
1.34566,0.40387,-2.14984,-9.49495
1.3557,0.40881,-2.14206,-9.50079
1.36574,0.40522,-2.13353,-9.51067
1.37577,0.41854,-2.1473,-9.52937
1.38581,0.40492,-2.15553,-9.52683
1.39585,0.40761,-2.13937,-9.48508
1.40589,0.40956,-2.12874,-9.46787
1.41593,0.41943,-2.14057,-9.53117
1.42596,0.39534,-2.14116,-9.56199
1.436,0.37619,-2.14281,-9.62035
1.44604,0.42153,-2.11947,-9.59955
1.45608,0.42781,-2.1057,-9.62125
1.46611,0.39549,-2.14939,-9.63786
1.47615,0.37305,-2.17408,-9.58189
1.48619,0.38741,-2.17618,-9.52204
1.49623,0.39639,-2.15718,-9.49286
1.50626,0.3708,-2.16735,-9.46637
1.5163,0.37978,-2.16615,-9.44812
1.52634,0.38427,-2.1482,-9.46458
1.53638,0.3699,-2.15029,-9.51142
1.54641,0.36137,-2.1482,-9.56364
1.55645,0.36182,-2.16511,-9.60329
1.56649,0.34985,-2.1485,-9.60434
1.57653,0.3497,-2.147,-9.57052
1.58656,0.36182,-2.15598,-9.50378
1.5966,0.36901,-2.15912,-9.50438
1.60664,0.37155,-2.16855,-9.49825
1.61668,0.37529,-2.17064,-9.48253
1.62671,0.38217,-2.1874,-9.44557
1.63675,0.38262,-2.19698,-9.44572
1.64679,0.42751,-2.2106,-9.48044
1.65683,0.44981,-2.20117,-9.53581
1.66686,0.4127,-2.18411,-9.49032
1.6769,0.3925,-2.15837,-9.44961
1.68694,0.40701,-2.16541,-9.59521
1.69698,0.34671,-2.20701,-9.68589
1.70701,0.31828,-2.19773,-9.65282
1.71705,0.35105,-2.17423,-9.60913
1.72709,0.36197,-2.16945,-9.54882
1.73713,0.34402,-2.22197,-9.4969
1.74717,0.34447,-2.26237,-9.51171
1.7572,0.33953,-2.19339,-9.50034
1.76724,0.36452,-2.20521,-9.36671
1.77728,0.45729,-2.28556,-9.40622
1.78732,0.44712,-2.23394,-9.44378
1.79735,0.41165,-2.18995,-9.34711
1.80739,0.41794,-2.13952,-9.36731
1.81743,0.44397,-2.10361,-9.44857
1.82747,0.45056,-2.09223,-9.51486
1.8375,0.50817,-2.08445,-9.60808
1.84754,0.48737,-2.04315,-9.65297
1.85758,0.36871,-1.99811,-9.62484
1.86762,0.31394,-1.98449,-9.59027
1.87765,0.36871,-1.96818,-9.5174
1.88769,0.31798,-1.9806,-9.52907
1.89773,0.26142,-1.9203,-9.68679
1.90777,0.2487,-1.86927,-9.60823
1.9178,0.37993,-1.78338,-9.37016
1.92784,0.37769,-1.89336,-9.26616
1.93788,0.27249,-2.26671,-9.37435
1.94792,0.44368,-2.04435,-9.42238
1.95795,0.58613,-1.95681,-9.2711
1.96799,0.50278,-2.01981,-9.48343
1.97803,0.28566,-1.88903,-9.75637
1.98807,0.15428,-1.85506,-9.74844
1.9981,0.09711,-1.84458,-9.80066
2.00814,0.09397,-1.78937,-10.01375
2.01818,0.38502,-1.73325,-10.20603
2.02822,0.1233,-1.7943,-9.82042
2.03825,0.03576,-1.77156,-9.35325
2.04829,0.17687,-1.61998,-9.4351
2.05833,0.03516,-1.77291,-9.60614
2.06837,-0.1034,-1.82124,-9.40143
2.07841,-0.11986,-1.72802,-9.19044
2.08844,-0.21503,-1.79685,-9.41744
2.09848,-0.13632,-1.80074,-9.59955
2.10852,-0.10534,-1.79251,-9.61915
2.11856,-0.13647,-1.77395,-9.67841
2.12859,-0.09337,-1.70602,-9.75757
2.13863,-0.05552,-1.68357,-9.79588
2.14867,-0.0841,-1.72517,-9.87309
2.15871,-0.12779,-1.76946,-9.87952
2.16874,-0.24915,-1.75495,-9.69008
2.17878,-0.31514,-1.76692,-9.39919
2.18882,-0.24301,-1.78832,-9.37599
2.19886,-0.19617,-1.80987,-9.4752
2.20889,-0.16236,-1.80298,-9.48747
2.21893,-0.14126,-1.77246,-9.58025
2.22897,-0.13856,-1.77814,-9.68155
2.23901,-0.18196,-1.77665,-9.68679
2.24904,-0.15547,-1.73535,-9.66345
2.25908,-0.15712,-1.72757,-9.55915
2.26912,-0.13797,-1.75734,-9.47386
2.27916,-0.0835,-1.79879,-9.49495
2.2892,-0.03038,-1.81391,-9.47056
2.29923,0.03097,-1.83097,-9.55092
2.30927,0.02888,-1.78742,-9.69053
2.31931,-0.00509,-1.79116,-9.72839
2.32934,-0.05881,-1.78967,-9.73856
2.33938,-0.09143,-1.75794,-9.79962
2.34942,-0.11238,-1.77336,-9.83089
2.35946,-0.15293,-1.77021,-9.70729
2.3695,-0.13063,-1.73086,-9.63487
2.37953,-0.13572,-1.7349,-9.59342
2.38957,-0.15398,-1.76917,-9.5798
2.39961,-0.14186,-1.76034,-9.5569
2.40965,-0.11088,-1.73475,-9.51246
2.41968,-0.07796,-1.72128,-9.5159
2.42972,-0.11836,-1.71006,-9.54613
2.43976,-0.09158,-1.66891,-9.54583
2.4498,-0.08874,-1.66292,-9.59566
2.45983,-0.1034,-1.64736,-9.6226
2.46987,-0.07287,-1.59813,-9.60284
2.47991,-0.08215,-1.60681,-9.63756
2.48995,-0.09292,-1.59828,-9.64803
2.49998,-0.04205,-1.62072,-9.64025
2.51002,-0.02439,-1.67564,-9.6841
2.52006,-0.04684,-1.70467,-9.61107
2.5301,-0.05911,-1.68836,-9.60239
2.54013,-0.06449,-1.67639,-9.54493
2.55017,-0.0627,-1.68178,-9.49226
2.56021,-0.04549,-1.67699,-9.496
2.57025,-0.07976,-1.68657,-9.50423
2.58028,-0.11836,-1.69001,-9.57591
2.59032,-0.14021,-1.70063,-9.66883
2.60036,-0.13168,-1.74163,-9.64115
2.6104,-0.09367,-1.70512,-9.54613
2.62043,-0.07587,-1.68851,-9.54793
2.63047,-0.09532,-1.70931,-9.5789
2.64051,-0.1037,-1.70093,-9.56334
2.65055,-0.10445,-1.67819,-9.57232
2.66059,-0.09457,-1.64078,-9.52728
2.67062,-0.14694,-1.6728,-9.56319
2.68066,-0.17552,-1.71545,-9.6018
2.6907,-0.15098,-1.68432,-9.62649
2.70074,-0.05417,-1.65379,-9.65387
2.71077,0.04339,-1.62641,-9.73722
2.72081,-0.03965,-1.61474,-9.78031
2.73085,-0.12076,-1.6083,-9.75113
2.74089,-0.16191,-1.59184,-9.69682
2.75092,-0.18016,-1.62836,-9.60868
2.76096,-0.15712,-1.61654,-9.48149
2.771,-0.11776,-1.60097,-9.45126
2.78104,-0.08604,-1.55503,-9.56618
2.79107,-0.09083,-1.55683,-9.71387
2.80111,-0.11971,-1.55324,-9.8053
2.81115,-0.1239,-1.51658,-9.82146
2.82119,-0.08888,-1.4856,-9.79348
2.83122,-0.05791,-1.47109,-9.74889
2.84126,-0.07856,-1.47363,-9.76311
2.8513,-0.06973,-1.47662,-9.82266
2.86134,-0.06584,-1.50416,-9.84645
2.87137,-0.0621,-1.52855,-9.8276
2.88141,-0.07317,-1.51119,-9.85244
2.89145,-0.06584,-1.53004,-9.84316
2.90149,-0.06659,-1.53947,-9.764
2.91152,-0.0422,-1.57015,-9.76894
2.92156,-0.01511,-1.57868,-9.76026
2.9316,-0.00838,-1.60172,-9.68679
2.94164,-0.12001,-1.58496,-9.71806
2.95168,-0.17867,-1.59334,-9.53177
2.96171,-0.16894,-1.59244,-9.39889
2.97175,-0.1251,-1.59618,-9.45126
2.98179,-0.11283,-1.59738,-9.4577
2.99183,-0.11133,-1.5893,-9.4984
3.00186,-0.12225,-1.5697,-9.55182
3.0119,-0.13408,-1.53798,-9.65222
3.02194,-0.16804,-1.50491,-9.73752
3.03198,-0.15128,-1.47498,-9.83867
3.04201,-0.10071,-1.48934,-9.90257
3.05205,-0.06958,-1.5067,-9.84885
3.06209,-0.05028,-1.53708,-9.91214
3.07213,-0.07332,-1.5673,-9.95883
3.08216,-0.09622,-1.57509,-9.92651
3.0922,-0.08469,-1.56252,-9.92022
3.10224,0.04833,-1.58765,-9.97963
3.11228,0.18405,-1.70108,-10.0739
3.12231,0.32067,-1.80747,-10.20139
3.13235,0.50772,-1.86538,-10.41912
3.14239,0.63102,-1.95442,-10.69071
3.15243,0.64853,-1.98524,-11.01782
3.16246,0.60573,-1.97522,-11.35839
3.1725,0.61441,-2.03432,-11.28253
3.18254,0.79592,-2.10106,-10.58013
3.19258,1.26982,-2.10196,-10.88733
3.20261,1.30993,-2.35574,-11.10999
3.21265,1.13156,-2.1479,-11.36961
3.22269,1.03115,-1.95741,-11.72351
3.23273,0.79637,-1.92509,-11.92402
3.24277,0.52657,-2.11603,-12.22973
3.2528,0.56548,-1.89007,-11.8507
3.26284,0.54154,-1.51314,-11.22866
3.27288,0.31379,-1.58736,-11.07558
3.28292,0.04878,-1.67295,-10.92325
3.29295,-0.29583,-1.61863,-10.87192
3.30299,-0.63746,-1.65888,-10.93207
3.31303,-0.74879,-1.71724,-10.82703
3.32307,-0.56787,-1.68612,-10.57339
3.3331,-0.40088,-1.76333,-10.30015
3.34314,-0.42557,-2.04944,-10.24464
3.35318,-0.43155,-2.1488,-10.20379
3.36322,-0.51341,-2.14805,-10.31766
3.37325,-0.49769,-2.13293,-10.40834
3.38329,-0.36631,-2.02265,-10.50142
3.39333,-0.23882,-2.06006,-10.74024
3.40337,-0.04609,-2.17917,-10.91367
3.4134,0.22984,-2.28048,-11.10027
3.42344,0.3114,-2.38448,-11.2948
3.43348,0.20545,-2.42772,-11.37171
3.44352,0.07736,-2.4346,-11.25589
3.45355,-0.09607,-2.32193,-11.26053
3.46359,-0.18181,-2.14236,-11.40672
3.47363,-0.30257,-2.02879,-11.51806
3.48367,-0.37694,-2.00185,-11.61457
3.4937,-0.37005,-2.0008,-11.41286
3.50374,-0.44592,-1.98105,-11.01078
3.51378,-0.7654,-1.95083,-11.01288
3.52382,-0.85982,-1.8561,-10.99387
3.53386,-0.61935,-1.65335,-11.07154
3.54389,-0.53061,-1.47872,-11.31859
3.55393,-0.45939,-1.4865,-11.25005
3.56397,-0.21278,-1.59843,-11.03547
3.57401,-0.02394,-1.78054,-10.78678
3.58404,0.17612,-2.12635,-10.41149
3.59408,0.38322,-2.22212,-10.23656
3.60412,0.23718,-2.07547,-10.64896
3.61416,-0.28401,-1.76677,-11.40343
3.62419,-0.65796,-1.54695,-11.81568
3.63423,-0.64135,-1.48859,-11.7889
3.64427,-0.58733,-1.61025,-11.36423
3.65431,-0.37828,-1.79191,-10.87252
3.66434,-0.31529,-1.87765,-10.59374
3.67438,-0.51041,-1.8175,-10.53643
3.68442,-0.681,-1.95142,-10.72617
3.69446,-0.76585,-2.11004,-10.83915
3.70449,-0.84396,-2.25923,-10.83257
3.71453,-0.78769,-2.34467,-10.6527
3.72457,-0.45774,-2.36457,-10.25751
3.73461,-0.07661,-2.4138,-9.71477
3.74464,0.18435,-2.57796,-9.18461
3.75468,0.39714,-2.71158,-8.75949
3.76472,0.56159,-2.85823,-8.51498
3.77476,0.49829,-2.89624,-8.24219
3.78479,0.46597,-2.84087,-8.08672
3.79483,0.62474,-2.80975,-8.30354
3.80487,0.74594,-2.78087,-8.79271
3.81491,0.8257,-2.74181,-9.1472
3.82495,0.79877,-3.19087,-9.21678
3.83498,0.63237,-3.37178,-8.59608
3.84502,0.59571,-3.25342,-9.39425
3.85506,0.17807,-2.94517,-9.48418
3.8651,-0.30795,-2.6411,-9.0025
3.87513,-0.57296,-2.72655,-9.08285
3.88517,-0.45639,-2.77443,-8.58441
3.89521,0.1022,-2.57541,-8.24982
3.90525,-0.07332,-2.61447,-7.59171
3.91528,0.07976,-2.40782,-7.29019
3.92532,0.1658,-2.26895,-7.03267
3.93536,0.22176,-2.05722,-6.95022
3.9454,0.05522,-1.75375,-6.69643
3.95543,-0.36422,-1.71574,-6.47886
3.96547,-0.60304,-1.74852,-6.53004
3.97551,-0.68295,-1.64975,-6.77724
3.98555,-0.67322,-1.29811,-7.31099
3.99558,-0.50862,-0.97923,-7.95548
4.00562,-0.55411,-0.57985,-8.51348
4.01566,-0.73023,-0.25079,-8.75395
4.0257,-0.81687,-0.35165,-8.45677
4.03573,-0.83228,-0.50592,-7.63391
4.04577,-0.51849,-0.55935,-7.03806
4.05581,-0.27743,-0.70868,-6.95097
4.06585,-0.30332,-0.69103,-6.40748
4.07588,-0.24107,-0.73487,-6.26622
4.08592,-0.19782,-0.80655,-6.52555
4.09596,-0.19423,-0.96531,-6.78607
4.106,-0.12704,-1.1335,-7.34736
4.11603,-0.00823,-1.20533,-7.71876
4.12607,0.09562,-1.27536,-7.68374
4.13611,0.15248,-1.44924,-7.54907
4.14615,0.13497,-1.60606,-7.52064
4.15619,0.06958,-1.69599,-7.60503
4.16622,0.07407,-1.82139,-7.74509
4.17626,0.14709,-1.99452,-7.99005
4.1863,0.23179,-2.03402,-8.05215
4.19634,0.27129,-2.03328,-8.30249
4.20637,-0.04369,-2.34751,-7.95279
4.21641,-0.31125,-2.52454,-7.12066
4.22645,-0.23224,-2.59202,-6.94782
4.23649,-0.20665,-2.60908,-6.84547
4.24652,-0.29913,-2.68899,-6.66187
4.25656,-0.39594,-2.7879,-6.57792
4.2666,-0.43545,-2.88397,-6.74327
4.27664,-0.48079,-2.85658,-6.8751
4.28667,-0.46911,-2.77144,-6.91849
4.29671,-0.42692,-2.72729,-6.77469
4.30675,-0.37918,-2.64829,-6.69449
4.31679,-0.47315,-2.61088,-6.53467
4.32682,-0.58538,-2.46184,-6.02576
4.33686,-0.63431,-2.39121,-5.76913
4.3469,-0.83647,-2.42787,-5.51519
4.35694,-1.01993,-2.33973,-5.45863
4.36697,-1.12797,-2.16122,-5.62383
4.37701,-1.21596,-1.8799,-5.60812
4.38705,-1.35961,-1.56132,-5.22714
4.39709,-1.39911,-1.24678,-4.45471
4.40712,-1.72323,-1.45193,-3.93203
4.41716,-1.85461,-1.81675,-3.71894
4.4272,-1.55593,-1.92928,-3.32974
4.43724,-1.24947,-1.95741,-3.00158
4.44727,-0.98851,-1.78278,-3.25566
4.45731,-1.0946,-1.34689,-3.69814
4.46735,-1.41602,-0.949,-4.40369
4.47739,-1.70183,-0.44532,-4.87639
4.48743,-1.54246,-0.07781,-5.11476
4.49746,-1.06841,0.03681,-4.98937
4.5075,-0.68848,-0.00539,-4.34563
4.51754,-0.21982,-0.05133,-4.22143
4.52758,-0.06449,0.10056,-4.05503
4.53761,-0.01407,0.45086,-4.68889
4.54765,0.11387,0.90187,-5.66752
4.55769,0.4558,1.3412,-6.36873
4.56773,0.76495,1.50655,-6.72636
4.57776,0.78096,1.45612,-7.25368
4.5878,0.67636,1.2806,-7.95429
4.59784,0.30825,1.17376,-8.0927
4.60788,-0.44532,1.1992,-8.28543
4.61791,-0.94466,1.2598,-9.26361
4.62795,0.14994,1.04417,-9.76774
4.63799,1.63359,0.93942,-9.04739
4.64803,2.7062,1.4259,-9.64848
4.65806,3.37253,1.88094,-11.32173
4.6681,3.20943,2.01726,-12.37997
4.67814,2.4771,2.29978,-12.84325
4.68818,1.83246,2.80675,-13.74706
4.69821,1.299,2.75184,-16.09098
4.70825,0.94885,2.44643,-18.07936
4.71829,0.94885,2.09373,-18.77922
4.72833,1.16972,2.00903,-18.67911
4.73836,1.19022,1.74747,-18.70455
4.7484,1.02906,1.24094,-18.73059
4.75844,1.06362,1.09924,-18.80196
4.76848,0.96292,1.35856,-19.20165
4.77851,0.38651,1.4666,-19.92829
4.78855,-0.04594,1.09295,-20.63488
4.79859,-0.18046,0.4733,-20.9961
4.80863,-0.45879,0.05088,-21.15457
4.81867,-0.70674,-0.02634,-21.37558
4.8287,-1.10762,0.02364,-21.66154
4.83874,-1.6291,0.06779,-21.82824
4.84878,-2.13039,-0.05118,-21.9056
4.85882,-2.44313,-0.2885,-21.59151
4.86885,-2.54953,-0.25304,-20.86921
4.87889,-2.23424,-0.02559,-20.10217
4.88893,-1.652,0.29583,-19.53938
4.89897,-1.20787,0.68863,-19.46411
4.909,-0.94152,1.09026,-19.49613
4.91904,-1.19112,1.47707,-19.32031
4.92908,-1.61953,1.71859,-18.82651
4.93912,-1.87421,1.85266,-18.11573
4.94915,-1.94963,1.9405,-17.36933
4.95919,-1.87137,2.02071,-16.46597
4.96923,-1.5465,2.15882,-15.69579
4.97927,-1.01828,2.39944,-15.50515
4.9893,-0.36661,2.80211,-15.33531
4.99934,-0.20889,2.87065,-15.10203
5.00938,-0.36152,2.45495,-14.59984
5.01942,-0.41794,2.06006,-13.89849
5.02945,-0.30631,1.51448,-12.93632
5.03949,-0.25049,1.00018,-11.65587
5.04953,-0.45116,0.66379,-10.37497
5.05957,-0.52104,0.56264,-9.54748
5.0696,-0.24331,0.67816,-9.22366
5.07964,0.17957,1.09071,-8.74288
5.08968,0.51415,1.20114,-8.2781
5.09972,0.60828,1.19321,-7.64259
5.10975,0.89603,1.26189,-6.8124
5.11979,1.09131,1.22404,-5.87941
5.12983,1.11869,1.28419,-4.99146
5.13987,1.06018,1.26953,-4.54794
5.14991,0.87029,1.17047,-4.23654
5.15994,0.62399,0.85039,-4.0034
5.16998,0.30092,0.5357,-3.76354
5.18002,0.0627,0.36931,-3.7375
5.19006,-0.07901,0.15323,-3.3049
5.20009,-0.12974,0.02499,-2.54758
5.21013,0.17403,-0.09382,-1.64482
5.22017,0.37724,-0.1254,-0.91204
5.23021,0.38801,-0.23179,-0.46148
5.24024,0.56413,-0.34985,-0.24481
5.25028,0.64284,-0.38876,-0.21189
5.26032,0.45639,-0.46926,-0.24989
5.27036,0.23149,-0.65646,-0.36107
5.28039,-0.07287,-0.82181,-0.47779
5.29043,-0.47645,-1.04447,-0.6391
5.30047,-0.70449,-1.29975,-0.64763
5.31051,-0.71871,-1.5905,-0.34402
5.32054,-0.54932,-1.81914,-0.1028
5.33058,-0.37724,-1.96055,-0.12001
5.34062,-0.22835,-2.01816,-0.20366
5.35066,-0.15697,-2.05467,-0.32741
5.36069,-0.05312,-2.08296,-0.9475
5.37073,0.17582,-2.19533,-1.54606
5.38077,0.17717,-2.1054,-1.88184
5.39081,-0.03831,-2.05078,-1.85805
5.40084,-0.36886,-2.06769,-1.76842
5.41088,-0.93883,-1.89381,-1.76303
5.42092,-1.30963,-1.67474,-1.99841
5.43096,-1.37532,-1.53513,-2.45361
5.44099,-1.19321,-1.4051,-2.88352
5.45103,-0.68908,-1.10852,-3.00577
5.46107,-0.019,-0.93703,-2.73298
5.47111,0.71078,-0.93538,-2.81483
5.48114,1.02442,-1.0108,-3.35488
5.49118,0.99838,-0.62953,-3.77925
5.50122,0.77273,0.03157,-4.0239
5.51126,0.54094,0.28162,-4.17923
5.5213,0.39325,0.51116,-4.50888
5.53133,0.34043,0.94317,-5.33398
5.54137,0.14605,1.2601,-6.53542
5.55141,-0.39011,1.3641,-8.01698
5.56145,-0.68938,1.41662,-9.47954
5.57148,-0.62534,1.04402,-11.14232
5.58152,-0.40657,0.64688,-12.60308
5.59156,-0.11447,0.49425,-13.26253
5.6016,-0.0425,0.63012,-13.61642
5.61163,-0.24735,1.33058,-13.38987
5.62167,-0.44113,2.04121,-13.33301
5.63171,0.01197,2.45361,-14.32182
5.64175,0.63835,2.48069,-15.77584
5.65178,1.41677,2.52319,-17.04582
5.66182,2.12845,2.6218,-17.5498
5.67186,2.20521,2.46139,-17.40315
5.6819,1.86179,1.96534,-17.46346
5.69193,1.61324,1.68926,-17.91252
5.70197,1.31921,1.47632,-18.45466
5.71201,0.81044,1.05599,-19.04333
5.72205,0.24526,0.88885,-19.67465
5.73208,-0.05133,0.94302,-19.92589
5.74212,-0.20171,0.93224,-19.9425
5.75216,-0.50024,1.01559,-20.09633
5.7622,-0.7235,1.21042,-20.23624
5.77223,-0.8863,1.37951,-20.12865
5.78227,-0.82869,1.3201,-19.89567
5.79294,-0.22087,1.6089,-19.41727
5.80297,-0.22087,1.6089,-19.41727
5.81301,-0.13093,1.80583,-19.75575
5.82305,-0.18615,1.94334,-19.63245
5.83309,-0.43051,1.94005,-19.4083
5.84312,-0.62339,1.99168,-19.21886
5.85316,-0.67322,2.09178,-18.73014
5.8632,-0.72484,2.11049,-17.95591
5.87324,-0.75687,1.91282,-17.18723
5.88327,-0.70449,1.68507,-16.67247
5.89331,-0.85039,1.53364,-16.13138
5.90335,-1.12318,1.28614,-15.5864
5.91339,-1.42156,1.01454,-15.17295
5.92343,-1.53408,0.89827,-14.72135
5.93346,-1.40136,0.9288,-14.26525
5.9435,-1.17361,1.0108,-13.90522
5.95354,-0.97369,1.09834,-13.69289
5.96358,-0.88226,1.06377,-13.59742
5.97361,-0.9306,0.96591,-13.42324
5.98365,-0.98581,0.64913,-13.38748
5.99369,-0.65392,0.58823,-13.47576
6.00373,-0.39235,0.64464,-13.26971
6.01376,-0.29913,0.73457,-12.99588
6.0238,-0.16744,0.99898,-12.5742
6.03384,-0.04549,1.17944,-12.01814
6.04388,-0.00943,1.23242,-11.28986
6.05391,-0.123,1.26384,-10.34579
6.06395,-0.24436,1.19935,-9.38198
6.07399,-0.13827,1.00467,-8.80094
6.08403,0.11118,0.92745,-8.62676
6.09406,-0.0015,0.88451,-8.60895
6.1041,-0.09622,0.71467,-8.63708
6.11414,-0.00673,0.67606,-8.37432
6.12418,0.05791,0.82076,-7.96012
6.13421,0.12809,0.71931,-7.50657
6.14425,0.41629,0.51939,-6.75838
6.15429,0.79024,0.3503,-5.64074
6.16433,1.25546,0.04624,-4.34159
6.17436,1.66352,-0.13647,-3.36086
6.1844,1.734,-0.27533,-2.83174
6.19444,1.62117,-0.52837,-2.65771
6.20448,1.38295,-0.7416,-2.95549
6.21451,1.43906,-1.10462,-3.5943
6.22455,1.55803,-1.38415,-4.13224
6.23459,1.48785,-1.60082,-3.89896
6.24463,1.45313,-1.75211,-3.51214
6.25467,1.18229,-1.77844,-3.26165
6.2647,0.62968,-1.73385,-3.15601
6.27474,0.28476,-1.75749,-3.56347
6.28478,0.19767,-1.82618,-4.17803
6.29481,0.11283,-1.86299,-4.82731
6.30485,-0.00658,-1.75719,-5.31154
6.31489,-0.1429,-1.62611,-5.76943
6.32493,-0.3714,-1.55204,-6.09788
6.33496,-0.57715,-1.58721,-6.12272
6.345,-0.56817,-1.7735,-6.11389
6.35504,-0.40223,-1.88379,-6.24153
6.36508,-0.391,-1.99168,-6.40419
6.37512,-0.66304,-2.33345,-6.51537
6.38515,-1.14533,-2.62629,-6.67548
6.39519,-1.4265,-2.85479,-7.2456
6.40523,-1.56132,-3.03854,-7.80884
6.41527,-1.65544,-3.17336,-8.03614
6.4253,-1.64227,-3.26539,-8.17695
6.43534,-1.68282,-3.40515,-8.01923
6.44538,-1.6321,-3.42865,-7.79133
6.45542,-1.53364,-3.37433,-7.66369
6.46545,-1.53154,-3.26599,-8.06741
6.47612,-1.53154,-3.26599,-8.06741
6.48616,-1.52211,-3.10902,-8.34125
6.49619,-1.38265,-2.9742,-8.63379
6.50623,-1.23376,-2.99185,-9.11607
6.51627,-1.13605,-3.00158,-9.48253
6.52631,-1.09445,-2.96821,-9.49944
6.53634,-1.23825,-3.0131,-9.29698
6.54638,-1.42694,-3.01969,-9.00519
6.55642,-1.35213,-2.84656,-8.66896
6.56646,-1.23212,-2.66879,-8.47652
6.57649,-1.17765,-2.50598,-8.45363
6.58653,-1.12782,-2.30936,-8.64905
6.59657,-1.05285,-2.03387,-8.89566
6.60661,-0.90396,-1.66158,-9.19927
6.61665,-0.68878,-1.47543,-9.46413
6.62668,-0.61381,-1.73595,-9.50992
6.63672,-0.71617,-1.93511,-9.30447
6.64676,-0.7853,-1.95891,-8.70951
6.6568,-0.78679,-1.98614,-8.06532
6.66683,-0.53061,-1.80702,-7.93349
6.67687,-0.15487,-1.43562,-8.20987
6.68691,0.11911,-0.96516,-8.41981
6.69694,0.36886,-0.3928,-8.51692
6.70698,0.60259,0.16071,-8.57842
6.71702,0.83767,0.55381,-8.86827
6.72706,1.28733,0.72589,-8.87022
6.73709,1.98345,0.73248,-8.88129
6.74713,2.38702,0.6183,-8.60102
6.75717,2.17962,0.38562,-7.75332
6.76721,1.41183,0.23792,-7.06454
6.77725,0.39804,-0.02424,-6.36439
6.78728,-0.31588,0.1233,-5.79127
6.79732,-0.20815,0.75941,-5.67396
6.80736,0.7627,1.35153,-5.90874
6.8174,1.7331,1.86433,-6.35152
6.82743,2.05782,1.72802,-7.11048
6.83747,1.60352,0.67965,-8.08746
6.84751,0.95155,-0.1456,-8.45931
6.85755,0.8474,-0.58613,-7.76724
6.86758,1.3002,-1.10058,-7.0596
6.87762,1.73026,-1.71679,-6.41691
6.88766,2.09986,-1.70976,-6.9146
6.8977,2.11677,-1.42425,-5.72783
6.90773,1.41707,-1.56745,-4.7085
6.91777,0.70689,-2.31385,-4.82132
6.92781,0.19393,-2.94756,-5.95962
6.93785,-0.05013,-3.0767,-7.75198
6.94788,0.35344,-2.82725,-8.85121
6.95792,0.94571,-2.32432,-9.14989
6.96796,1.11016,-2.7065,-9.94551
6.978,0.52583,-3.00652,-9.66988
6.98803,0.13497,-3.29951,-9.42507
6.99807,0.03307,-3.7568,-9.48448
7.00811,-0.63746,-4.16756,-8.88802
7.01815,-1.63554,-4.4797,-8.03165
7.02818,-1.82184,-5.03097,-7.7843
7.03822,-1.30858,-5.29119,-7.37519
7.04826,-0.89468,-5.19198,-7.36965
7.0583,-0.9083,-5.06344,-8.07564
7.06833,-1.31516,-4.96931,-9.38392
7.07837,-1.84294,-4.84063,-10.66677
7.08841,-2.29484,-4.51053,-11.27175
7.09845,-2.60414,-4.09184,-11.83738
7.10848,-2.12455,-3.81187,-12.55011
7.11852,-1.94888,-3.75351,-13.57722
7.12856,-1.75719,-3.55434,-14.04514
7.1386,-1.42679,-3.29442,-13.47457
7.14864,-1.21985,-3.16603,-13.01757
7.15867,-1.18962,-3.03794,-12.89966
7.16871,-1.2191,-2.81004,-12.72967
7.17875,-1.28958,-2.60459,-12.7394
7.18879,-1.42979,-2.37295,-12.74628
7.19882,-1.33447,-2.12695,-12.59425
7.20886,-0.90621,-1.80852,-12.16314
7.2189,-0.51131,-1.46929,-11.96996
7.22894,-0.35659,-1.24184,-11.84606
7.23897,-0.59526,-1.22523,-11.9731
7.24901,-0.84186,-1.36679,-12.12992
7.25905,-1.19471,-1.54037,-12.25293
7.26909,-1.30708,-1.81765,-12.39373
7.27912,-1.48485,-2.33061,-11.53452
7.28916,-1.61953,-2.78206,-10.41852
7.2992,-1.52211,-3.08283,-9.85693
7.30924,-1.53184,-3.21766,-9.29594
7.31927,-1.58167,-3.10004,-9.0821
7.32931,-1.37263,-2.92586,-9.35968
7.33935,-1.11779,-2.63826,-10.0558
7.34939,-1.2396,-2.33509,-10.57893
7.35942,-1.31561,-2.17423,-10.47658
7.36946,-1.18079,-2.02939,-9.98412
7.3795,-0.95678,-1.95247,-9.6814
7.38954,-0.804,-1.78862,-9.2304
7.39957,-0.72604,-1.33477,-9.26197
7.40961,-0.67801,-1.03744,-9.98337
7.41965,-0.66544,-0.63446,-10.28759
7.42969,-0.66559,-0.34566,-11.01004
7.43972,-0.49889,-0.22401,-11.539
7.44976,-0.33564,-0.09711,-11.92342
7.4598,-0.31648,0.186,-12.21387
7.46984,-0.39235,0.49695,-12.63271
7.47987,-0.5785,0.66843,-13.1723
7.48991,-0.73532,0.50293,-13.54355
7.49995,-0.85877,0.10729,-13.67867
7.50999,-0.89094,-0.21428,-13.49357
7.52003,-0.96845,-0.48094,-12.9049
7.53006,-0.99135,-0.68953,-12.03445
7.5401,-0.88181,-0.77138,-11.36812
7.55014,-0.75941,-0.73397,-11.04071
7.56018,-0.73008,-0.58912,-10.87312
7.57021,-0.7039,-0.47944,-10.7956
7.58025,-0.66215,-0.47839,-10.82658
7.59029,-0.6174,-0.51326,-10.80324
7.60033,-0.58508,-0.43949,-10.66422
7.61036,-0.58014,-0.331,-10.35522
7.6204,-0.54274,-0.20291,-10.03709
7.63044,-0.46238,-0.16131,-9.8261
7.64048,-0.39564,-0.1872,-9.73093
7.65051,-0.38068,-0.06539,-9.64115
7.66055,-0.38696,0.00658,-9.55915
7.67059,-0.36751,0.00958,-9.34397
7.68063,-0.40672,-0.03097,-9.1668
7.69066,-0.46971,-0.07213,-9.12565
7.7007,-0.45669,-0.13946,-9.16336
7.71074,-0.42692,-0.19842,-9.1454
7.72078,-0.44981,-0.17687,-9.1861
7.73081,-0.42318,-0.13692,-9.16815
7.74085,-0.36766,-0.11028,-9.20421
7.75089,-0.27444,-0.04325,-9.44872
7.76093,-0.23643,0.0612,-9.77627
7.77096,-0.25259,0.06599,-10.09844
7.781,-0.23927,0.01631,-10.30599
7.79104,-0.22895,0.08694,-10.43992
7.80108,-0.26486,0.11103,-10.41448
7.81111,-0.31723,0.01242,-10.22234
7.82115,-0.3102,-0.10998,-9.98128
7.83119,-0.25603,-0.24795,-9.6199
7.84123,-0.16954,-0.29179,-9.26182
7.85127,-0.17104,-0.27429,-9.20316
7.8613,-0.16221,-0.31693,-9.22291
7.87134,-0.23029,-0.40148,-9.18625
7.88138,-0.33414,-0.51879,-9.08555
7.89142,-0.38083,-0.56473,-9.07762
7.90145,-0.28222,-0.50847,-9.32841
7.91149,-0.26351,-0.39459,-9.59641
7.92153,-0.38547,-0.31155,-9.76221
7.93157,-0.36152,-0.27638,-9.92771
7.9416,-0.29494,-0.3102,-10.09186
7.95164,-0.2897,-0.33923,-10.10622
7.96168,-0.3087,-0.36093,-9.90032
7.97172,-0.24436,-0.33803,-9.69337
7.98175,-0.13976,-0.41016,-9.4978
7.99179,-0.00314,-0.46448,-9.44153
8.00183,-0.02424,-0.41554,-9.6202
8.01187,-0.07018,-0.41943,-9.70714
8.0219,-0.00165,-0.4356,-9.75667
8.03194,0.04788,-0.47704,-9.76954
8.04198,0.02649,-0.45684,-9.72076
8.05202,0.02469,-0.43051,-9.71238
8.06205,0.02783,-0.41046,-9.82865
8.07209,-0.03861,-0.42632,-9.94058
8.08213,-0.06928,-0.44397,-9.90077
8.09217,-0.05327,-0.39714,-9.87099
8.1022,-0.04429,-0.34791,-9.96736
8.11224,-0.07033,-0.28506,-10.07151
8.12228,-0.07437,-0.22416,-10.20543
8.13232,-0.07347,-0.15487,-10.29073
8.14235,-0.06225,-0.13018,-10.33023
8.15239,-0.04265,-0.16176,-10.21426
8.16243,-0.00658,-0.13527,-10.13032
8.17247,0.06375,-0.09562,-10.18239
8.18251,0.10445,-0.08769,-10.20528
8.19254,0.1878,-0.07856,-10.3232
8.20258,0.26755,-0.05581,-10.42061
8.21262,0.33579,-0.08185,-10.3862
8.22266,0.42392,-0.12599,-10.22085
8.23269,0.55156,-0.16924,-10.12658
8.24273,0.81178,-0.25169,-10.14693
8.25277,1.20773,-0.32397,-10.43094
8.26281,1.56222,-0.5146,-11.13019
8.27284,1.91237,-0.96037,-11.70839
8.28288,2.13832,-1.5688,-12.55923
8.29292,2.56524,-1.8778,-13.20238
8.30296,2.64006,-0.89962,-14.39858
8.31299,3.42865,1.22194,-15.88059
8.32303,4.18297,2.87349,-16.7042
8.33307,4.26512,3.10917,-17.73684
8.34311,2.71622,2.25953,-17.83037
8.35314,2.34557,1.38235,-19.00637
8.36318,1.57509,0.5984,-19.37238
8.37322,1.47124,0.7036,-17.74897
8.38326,1.59274,0.69058,-15.77614
8.39329,1.52107,0.4133,-13.51497
8.40333,1.31576,0.19662,-11.66575
8.41337,0.9086,-0.16236,-10.30524
8.42341,0.6415,-0.5384,-8.83984
8.43344,0.65227,-1.15805,-7.30815
8.44348,0.63805,-1.93691,-6.98688
8.45352,0.55022,-2.47067,-7.59935
8.46356,0.67801,-2.78506,-9.47416
8.47359,0.03741,-2.9311,-11.91519
8.48363,0.05492,-2.63557,-13.28498
8.49367,0.6409,-2.39749,-13.06306
8.50371,0.63132,-2.24905,-11.63432
8.51375,0.06494,-2.50433,-9.77373
8.52378,-0.25004,-2.82546,-8.33197
8.53382,-0.30077,-2.76605,-8.14507
8.54386,-0.24421,-2.49491,-8.63918
8.5539,-0.11672,-2.21209,-9.78824
8.56393,-0.0196,-2.40438,-10.90364
8.57397,0.26995,-2.19399,-11.39924
8.58401,1.42724,-2.29454,-13.26971
8.59405,2.94532,-2.35305,-14.23922
8.60408,4.30283,-2.16017,-14.4502
8.61412,4.24417,-2.23334,-14.56064
8.62416,3.39363,-2.45795,-14.71746
8.6342,1.73909,-2.56943,-14.17293
8.64423,0.31484,-2.26881,-13.09045
8.65427,-0.61232,-1.92913,-11.09039
8.66431,-1.91147,-1.86074,-8.85555
8.67435,-3.58801,-1.9839,-6.81988
8.68438,-4.58819,-1.79834,-5.89033
8.69442,-4.4408,-1.70018,-7.27224
8.70446,-4.06371,-1.86089,-8.51303
8.7145,-4.03154,-1.44819,-9.32033
8.72453,-4.09349,-1.33177,-9.26272
8.73457,-3.83791,-1.45927,-8.83775
8.74461,-3.4074,-1.33282,-8.26164
8.75465,-2.83533,-1.31921,-7.58408
8.76468,-2.71847,-0.95244,-6.41422
8.77472,-2.52962,-0.63042,-4.43107
8.78476,-1.81615,-0.87089,-3.59669
8.7948,-1.753,-1.00646,-2.87813
8.80483,-1.43143,-0.74774,-2.84611
8.81487,-1.02921,-0.30197,-3.78194
8.82491,-0.47076,-0.09607,-5.00298
8.83495,-0.08739,0.10834,-5.70897
8.84499,-0.29898,0.07183,-5.79068
8.85502,-0.82331,-0.0413,-5.48512
8.86506,-1.39806,-0.20545,-5.04817
8.8751,-1.8166,-0.1872,-4.63892
8.88514,-2.09238,-0.04489,-4.57397
8.89517,-2.09837,-0.29553,-4.64999
8.90521,-1.68836,-0.7211,-4.74202
8.91525,-1.15041,-1.23406,-4.96258
8.92529,-0.86027,-1.6291,-5.13092
8.93532,-0.67112,-1.70976,-5.42571
8.94536,-0.80969,-1.68701,-5.85921
8.9554,-1.43682,-1.44206,-6.06526
8.96544,-1.9393,-1.02606,-6.03773
8.97547,-1.86852,-0.89453,-5.78978
8.98551,-1.78622,-1.02951,-5.3485
8.99555,-1.61998,-1.21341,-5.3871
9.00559,-1.46809,-1.45074,-5.70014
9.01562,-1.33626,-1.44744,-5.5945
9.02566,-1.0515,-1.3626,-5.66199
9.0357,-0.79188,-1.20398,-5.55275
9.04574,-0.71901,-1.09714,-5.32815
9.05577,-0.54333,-1.39133,-5.26709
9.06581,-0.42003,-1.80179,-4.9129
9.07585,-0.38128,-2.01263,-4.30073
9.08589,-0.48931,-2.21224,-3.78598
9.09593,-0.8893,-2.4786,-3.62736
9.10596,-1.17151,-2.61207,-3.63949
9.116,-1.24947,-2.51316,-3.83491
9.12604,-1.32669,-2.35245,-4.02675
9.13608,-1.41033,-2.23379,-4.06072
9.14611,-1.5483,-2.07398,-4.15184
9.15615,-1.68312,-1.68761,-4.36687
9.16619,-1.83725,-1.15909,-4.54644
9.17623,-2.05004,-0.98611,-4.6663
9.18626,-2.1883,-1.26713,-4.53357
9.1963,-2.25085,-1.51059,-4.43705
9.20634,-2.15762,-1.48126,-4.21933
9.21637,-1.89546,-1.30245,-4.12536
9.22641,-1.65933,-1.031,-4.91934
9.23645,-1.26938,-0.67606,-5.6771
9.24649,-0.89753,-0.186,-5.74653
9.25653,-0.56144,-0.15039,-5.9466
9.26656,-0.17178,-0.44891,-6.2963
9.2766,0.36452,-0.58299,-6.70122
9.28664,0.44951,-0.5152,-6.59632
9.29668,0.09352,-0.14156,-6.98643
9.30671,-0.13393,0.32157,-8.02073
9.31675,0.24945,0.49755,-9.13104
9.32679,0.79562,0.27189,-10.14872
9.33683,1.49742,-0.0633,-10.64387
9.34686,1.82782,-0.02274,-9.78346
9.3569,2.16885,0.25394,-9.95569
9.36694,1.78563,0.10145,-11.2945
9.37698,0.97429,0.5797,-11.85085
9.38701,0.84545,1.07335,-12.39927
9.39705,1.33432,1.12542,-13.61268
9.40709,2.05183,0.95005,-14.61825
9.41713,2.57526,0.78096,-15.41971
9.42717,2.67417,0.38083,-15.62546
9.4372,2.70186,-0.05537,-15.66272
9.44724,2.39046,-0.49934,-15.54076
9.45728,2.05677,-0.58972,-15.31451
9.46732,2.25055,-0.68489,-16.1646
9.47735,2.48054,-0.81957,-17.84024
9.48739,2.53591,-0.86745,-18.99186
9.49743,2.73927,-0.95903,-19.62871
9.50747,3.10842,-1.08128,-20.00071
9.5175,3.11156,-1.24498,-20.51621
9.52754,2.41949,-1.46405,-21.25557
9.53758,1.47109,-1.77036,-22.13035
9.54762,0.59137,-2.00709,-22.91281
9.55765,-0.00928,-2.07338,-23.26386
9.56769,-0.24825,-2.0834,-23.32671
9.57773,-0.29374,-1.96878,-22.84023
9.58777,-0.17014,-1.86074,-22.17375
9.5978,-0.19154,-1.70692,-21.29119
9.60784,-0.48752,-1.51807,-20.33455
9.61788,-0.77093,-1.33447,-19.23726
9.62792,-0.96037,-1.06123,-18.22137
9.63795,-1.0756,-0.52942,-17.4048
9.64799,-1.23152,0.03861,-16.31409
9.65803,-0.98925,0.65736,-16.12435
9.66807,-0.63731,0.80685,-16.3907
9.6781,-0.65616,0.84515,-16.32816
9.68814,-0.71886,0.73143,-15.86233
9.69818,-0.55291,1.28614,-14.9286
9.70822,-0.65152,1.67025,-13.85764
9.71825,-1.02412,1.50371,-13.34812
9.72829,-1.36185,1.51508,-12.8603
9.73833,-1.57209,1.75495,-12.32759
9.74837,-1.66307,1.68043,-12.01755
9.75841,-1.70123,1.41901,-11.4392
9.76844,-1.65544,1.41288,-10.3428
9.77848,-1.43188,1.08143,-9.17847
9.78852,-1.17091,0.15502,-7.76634
9.79918,-1.17091,0.15502,-7.76634
9.80922,-0.88166,-0.11208,-7.73477
9.81926,-0.56698,-0.21264,-7.91718
9.8293,-0.58134,-0.17328,-7.95608
9.83933,-0.62997,-0.00898,-7.54548
9.84937,-0.54797,0.08335,-6.92523
9.85941,-0.45191,0.05641,-6.44504
9.86945,-0.38442,-0.06464,-6.18048
9.87948,-0.49126,-0.20336,-6.00945
9.88952,-0.58613,-0.19288,-5.74728
9.89956,-0.4941,-0.249,-5.63221
9.9096,-0.23164,-0.32367,-5.85502
9.91963,0.1037,-0.43036,-6.02246
9.92967,0.34252,-0.49635,-5.96007
9.93971,0.39609,-0.57132,-5.65032
9.94975,0.28326,-0.6825,-5.37289
9.95978,0.34072,-0.81597,-5.26455
9.96982,0.81193,-0.78036,-5.60393
9.97986,1.21685,-0.49036,-5.7389
9.9899,1.51643,-0.30541,-5.55081
9.99993,1.53992,-0.27459,-5.06179
10.00997,1.46046,-0.45879,-4.39411
10.02001,1.239,-0.69252,-3.29711
10.03005,1.31412,-0.78829,-2.22601
10.04008,1.51014,-1.32983,-1.74133
10.05012,1.50775,-1.71305,-1.68986
10.06016,1.33133,-1.76273,-1.80343
10.0702,0.91848,-1.99796,-2.31325
10.08023,0.52957,-2.08041,-2.91419
10.09027,0.39699,-1.90504,-3.22304
10.10031,0.3105,-1.87182,-2.96582
10.11035,0.18989,-1.89681,-2.38058
10.12039,0.10654,-1.84623,-1.97881
10.13042,0.07766,-1.76737,-1.90893
10.14046,-0.14979,-1.78488,-2.25459
10.1505,-0.39355,-1.92284,-2.84281
10.16054,-0.63776,-2.10001,-3.28589
10.17057,-0.96187,-2.06739,-3.71505
10.18061,-1.36709,-1.84563,-4.03752
10.19065,-1.71515,-1.60995,-4.1273
10.20069,-1.97507,-1.43802,-4.05024
10.21072,-1.99242,-1.36305,-4.06655
10.22076,-1.80074,-1.23765,-4.12222
10.2308,-1.65993,-0.99913,-4.31166
10.24084,-1.60187,-0.98132,-4.68455
10.25087,-1.58751,-0.97309,-5.20679
10.26091,-1.81166,-0.87329,-5.4706
10.27095,-1.76123,-0.5577,-5.62488
10.28099,-1.60202,-0.83827,-5.82419
10.29102,-1.45627,-1.06392,-6.15998
10.30106,-1.31846,-0.64449,-6.46913
10.3111,-1.03699,-0.40971,-7.20191
10.32114,-1.01828,-0.33175,-8.17425
10.33117,-1.02202,-0.05192,-9.05457
10.34121,-0.69507,0.1245,-9.35744
10.35125,-0.18735,0.19812,-8.88009
10.36129,0.23508,0.54857,-8.40215
10.37132,0.43829,0.74789,-8.15091
10.38136,0.58269,0.73322,-8.54775
10.3914,0.54513,1.06033,-9.6413
10.40144,0.23972,1.23541,-10.86085
10.41147,0.17208,1.33297,-11.60978
10.42151,0.50922,1.41572,-11.94108
10.43155,1.05315,1.41662,-12.16045
10.44159,1.41991,1.76049,-12.24095
10.45162,1.47019,2.19264,-12.4304
10.46166,1.7753,2.47785,-13.59592
10.47233,1.7753,2.47785,-13.59592
10.48237,1.48186,2.44957,-14.35668
10.4924,1.33791,2.50628,-14.88744
10.50244,1.59648,2.76949,-14.76968
10.51248,1.96085,2.67776,-14.63411
10.52252,2.47456,2.40079,-14.45559
10.53255,2.64395,2.17842,-14.43255
10.54259,2.49715,1.8178,-14.65805
10.55263,2.20386,1.75166,-15.04397
10.56267,1.89187,1.67519,-15.5662
10.5727,2.02744,1.70722,-15.9394
10.58274,2.18082,1.86419,-16.19453
10.59278,1.96893,1.94544,-16.75866
10.60282,1.68537,2.05617,-17.57284
10.61285,1.43981,1.98195,-18.35949
10.62289,1.21147,1.82633,-18.91494
10.63293,0.93733,1.53648,-19.29218
10.64297,0.77901,1.21865,-19.30445
10.653,0.65451,0.92715,-19.08044
10.66304,0.56099,0.8058,-18.76141
10.67308,0.45161,0.9481,-18.56539
10.68312,0.36691,1.10373,-18.38567
10.69315,0.20306,1.16807,-18.05348
10.70319,-0.00898,1.24184,-17.59469
10.71323,-0.19483,1.25217,-17.20982
10.72327,-0.32142,1.15131,-16.7003
10.7333,-0.44532,1.02666,-16.09053
10.74334,-0.5565,0.86326,-15.69743
10.75338,-0.65481,0.81373,-15.39113
10.76342,-0.81403,0.82615,-15.15934
10.77345,-0.91818,0.83857,-15.02855
10.78349,-1.05704,0.86491,-14.80365
10.79353,-1.16448,0.89184,-14.42716
10.80357,-1.11824,0.96636,-13.81305
10.8136,-0.87777,0.83992,-13.28288
10.82364,-0.53091,0.77797,-12.72802
10.83368,-0.26695,0.61037,-12.17751
10.84372,-0.05013,0.55501,-11.88272
10.85376,0.1863,0.56952,-11.75508
10.86379,0.27937,0.63117,-11.71647
10.87383,0.16056,0.94526,-11.63567
10.88387,0.12046,1.1362,-11.53107
10.89391,0.23239,1.33118,-11.27385
10.90394,0.33549,1.28075,-10.70552
10.91398,0.69237,1.31621,-9.97544
10.92402,0.99344,1.35078,-9.28681
10.93406,1.13769,1.24678,-8.66791
10.94409,1.21715,1.26025,-8.1527
10.95413,1.25082,1.21775,-7.66504
10.96417,1.00542,1.05315,-7.1642
10.97421,1.1145,0.89678,-6.3994
10.98424,1.6529,0.77452,-5.64987
10.99428,1.63314,0.536,-4.84691
11.00432,1.45642,0.30616,-3.96016
11.01436,1.5703,0.03891,-3.28021
11.02439,1.53558,-0.06375,-2.7475
11.03443,1.11824,-0.11762,-2.79433
11.04447,0.8073,-0.13093,-3.21751
11.05451,0.51954,-0.07138,-3.63963
11.06454,0.29853,-0.04205,-4.03258
11.07458,0.37125,-0.1013,-4.31001
11.08462,0.64614,-0.30017,-4.38004
11.09466,1.00377,-0.20695,-4.42194
11.10469,1.12976,-0.1242,-4.56514
11.11473,0.86954,-0.13527,-4.67857
11.12477,0.394,-0.2065,-4.90347
11.13481,0.14769,-0.46029,-5.01076
11.14484,-0.09786,-0.785,-5.14978
11.15488,-0.21668,-1.11585,-5.54662
11.16492,-0.0811,-1.27656,-6.04386
11.17496,-0.14859,-1.20758,-6.69957
11.185,-0.34521,-1.29242,-7.21358
11.19503,-0.29883,-1.41228,-7.38207
11.20507,-0.30017,-1.4639,-7.41649
11.21511,-0.49725,-1.51942,-7.3086
11.22515,-0.50129,-1.54067,-7.13472
11.23518,-0.41629,-1.57733,-7.07935
11.24522,-0.45535,-1.62447,-7.33149
11.25526,-0.54872,-1.71126,-7.87752
11.2653,-0.56997,-1.80238,-8.71385
11.27533,-0.62713,-1.83815,-9.49974
11.28537,-0.72425,-1.86404,-10.02362
11.29541,-0.74864,-1.7536,-10.22204
11.30545,-0.84964,-1.54291,-10.22878
11.31548,-0.86655,-1.4452,-10.08034
11.32552,-0.89723,-1.30065,-10.013
11.33556,-0.93523,-1.27252,-10.06507
11.3456,-0.98985,-1.26758,-10.09306
11.35563,-1.04881,-1.29377,-10.07121
11.36567,-1.04627,-1.26234,-9.93294
11.37571,-0.97085,-1.20758,-9.76595
11.38575,-0.87164,-1.14682,-9.56244
11.39578,-0.72933,-1.02876,-9.39769
11.40582,-0.58957,-0.92551,-9.17802
11.41586,-0.37903,-0.85458,-9.05382
11.4259,-0.27818,-0.83992,-8.88039
11.43593,-0.22491,-0.9511,-8.74811
11.44597,-0.28341,-1.11136,-8.5898
11.45601,-0.44936,-1.16119,-8.35756
11.46605,-0.46911,-1.11779,-8.29172
11.47608,-0.38487,-0.9713,-8.33481
11.48612,-0.09397,-0.75178,-8.3806
11.49616,0.20575,-0.37454,-8.36474
11.5062,0.34028,0.08155,-8.31252
11.51624,0.42587,0.34177,-8.39063
11.52627,0.45954,0.45131,-8.58097
11.53631,0.44412,0.61696,-8.78597
11.54635,0.42093,0.65212,-8.70622
11.55639,0.62414,0.47585,-8.51034
11.56642,0.53406,0.44996,-7.96162
11.57646,0.04489,0.4769,-7.21552
11.5865,-0.5375,0.27503,-6.49667
11.59654,-0.91459,-0.11612,-6.28194
11.60657,-0.88047,-0.37365,-6.45177
11.61661,-0.67831,-0.69043,-6.72397
11.62665,-0.07617,-1.12004,-7.09477
11.63669,0.82585,-1.4226,-7.37953
11.64672,1.32654,-1.53693,-7.56253
11.65676,1.28539,-1.5293,-7.65815
11.6668,1.07874,-1.27701,-7.73118
11.67684,0.74175,-0.70973,-7.97314
11.68687,0.03906,-0.23299,-8.14029
11.69691,-0.72829,0.13856,-8.13176
11.70695,-0.92356,0.00329,-8.16692
11.71699,-0.50967,-0.66394,-7.85627
11.72702,-0.11642,-1.3644,-7.53859
11.73706,-0.02409,-1.97492,-7.0816
11.7471,0.10071,-2.06694,-6.47751
11.75714,0.53495,-1.56267,-6.00675
11.76717,1.04941,-0.82765,-5.61186
11.77721,1.66217,-0.00733,-5.40401
11.78725,2.80645,0.81388,-5.29448
11.79729,3.5298,1.18184,-5.61051
11.80733,3.12219,0.83677,-6.76482
11.81736,1.93811,0.17582,-8.9609
11.8274,0.87882,-0.20396,-10.93567
11.83744,0.46807,-0.26306,-12.11451
11.84748,0.68534,-0.33803,-12.88499
11.85751,1.27626,-0.49844,-13.1084
11.86755,2.0219,-0.54049,-12.52751
11.87759,2.28392,-0.77408,-11.65422
11.88763,1.71395,-1.62671,-11.26143
11.89766,0.65062,-2.72266,-11.43112
11.9077,-0.15368,-3.02657,-11.83304
11.91774,-0.517,-2.8904,-11.99989
11.92778,-0.58912,-2.94202,-12.04972
11.93781,-0.29329,-2.97973,-12.25427
11.94785,0.48108,-2.8069,-12.32759
11.95789,1.25785,-2.36757,-12.11017
11.96793,1.55084,-1.99916,-11.67547
11.97796,1.12872,-2.49027,-11.39924
11.988,0.75911,-3.7161,-10.74637
11.99804,1.59888,-5.04847,-10.66392
12.00808,1.99467,-5.40147,-10.86953
12.01811,1.89127,-4.75369,-11.27175
12.02815,1.71739,-3.71745,-11.78665
12.03819,1.70916,-2.57736,-12.49474
12.04823,2.00305,-1.54516,-13.42384
12.05826,1.9824,-0.93224,-13.09164
12.0683,1.72652,-0.45535,-12.32385
12.07834,1.86778,-0.24271,-11.23838
12.08838,1.84069,-0.60454,-9.7851
12.09842,1.20832,-1.24304,-8.73809
12.10845,0.35479,-1.72188,-8.56406
12.11849,-0.2074,-1.71589,-9.17817
12.12853,-0.13827,-1.45193,-9.83957
12.13857,-0.09652,-1.20907,-10.80817
12.1486,-0.20485,-1.09116,-11.48109
12.15864,-0.27249,-0.96337,-11.67263
12.16868,-0.46088,-0.91668,-11.43291
12.17872,-0.60633,-1.01499,-11.14695
12.18875,-0.65781,-1.06407,-10.89227
12.19879,-0.68818,-0.99344,-10.63759
12.20883,-0.73008,-0.79128,-10.49259
12.21887,-0.8652,-0.77228,-10.38605
12.2289,-1.12153,-0.99644,-10.22549
12.23894,-1.43966,-1.32788,-10.18119
12.24898,-1.6095,-1.50221,-10.3452
12.25902,-1.49024,-1.33851,-10.49139
12.26905,-1.31098,-0.98671,-10.87132
12.27909,-1.09744,-0.54992,-11.30527
12.28913,-0.8067,-0.16086,-11.67847
12.29917,-0.55501,-0.11926,-11.9749
12.3092,-0.5375,-0.30975,-12.09192
12.31924,-0.7443,-0.60229,-11.92612
12.32928,-0.93119,-0.91339,-11.63358
12.33932,-1.1157,-1.23646,-11.107
12.34935,-1.31711,-1.57643,-10.46057
12.35939,-1.38624,-1.76034,-9.84421
12.36943,-1.20279,-1.85386,-9.59686
12.37947,-0.76929,-1.87182,-9.94013
12.38951,-0.48782,-1.49308,-10.31213
12.39954,-0.21877,-1.01828,-10.93567
12.40958,0.04025,-0.56114,-11.2535
12.41962,0.2273,-0.19109,-11.38054
12.42966,0.32591,0.06075,-11.66694
12.43969,0.30616,0.20141,-11.70196
12.44973,0.1857,0.26306,-11.49711
12.45977,0.00973,0.26291,-11.30901
12.46981,-0.09442,0.34222,-10.96769
12.47984,-0.05237,0.46103,-10.5707
12.48988,0.09203,0.41046,-10.2195
12.49992,0.20889,0.33773,-9.75443
12.50996,0.17552,0.40612,-9.45246
12.51999,0.11552,0.62982,-9.4336
12.53003,0.11627,0.77288,-9.46997
12.54007,0.1046,0.77198,-9.43899
12.55011,0.09756,0.68744,-9.25673
12.56014,0.15083,0.63237,-9.12251
12.57018,0.24526,0.68594,-9.13523
12.58022,0.44981,0.8242,-9.58234
12.59026,0.50757,0.71527,-9.7845
12.60029,0.46582,0.42991,-9.50483
12.61033,0.28775,0.04863,-9.22127
12.62037,0.11193,-0.31948,-8.88294
12.63041,0.12974,-0.51251,-8.67719
12.64044,0.20785,-0.4329,-8.8349
12.65048,0.23209,-0.18585,-9.20945
12.66052,0.24765,0.09098,-9.4149
12.67056,0.22999,0.31334,-9.65522
12.6806,0.22984,0.38098,-9.89539
12.69063,0.32771,0.34058,-10.1173
12.70067,0.40447,0.25304,-10.45159
12.71071,0.40642,0.24316,-10.57444
12.72075,0.36078,0.2077,-10.41448
12.73078,0.30032,0.17313,-10.25062
12.74082,0.27309,0.10579,-10.07241
12.75086,0.21578,0.10834,-9.96197
12.7609,0.21787,0.23643,-9.93698
12.77093,0.2276,0.3521,-9.89718
12.78097,0.30421,0.44353,-9.94686
12.79101,0.41794,0.53825,-10.02602
12.80105,0.52942,0.66289,-10.00716
12.81108,0.54797,0.71946,-9.94013
12.82112,0.53361,0.69656,-9.92097
12.83116,0.53615,0.68295,-9.86217
12.8412,0.51849,0.66634,-9.89628
12.85123,0.48273,0.61636,-9.97185
12.86127,0.44412,0.51849,-9.91873
12.87131,0.40387,0.46807,-9.87997
12.88135,0.40657,0.42811,-9.84795
12.89138,0.49395,0.40058,-9.84151
12.90142,0.5559,0.35913,-9.89568
12.91146,0.56578,0.32082,-9.86531
12.9215,0.48094,0.25543,-9.63786
12.93153,0.32681,0.19722,-9.42477
12.94157,0.28671,0.18824,-9.36208
12.95161,0.38547,0.21278,-9.44692
12.96165,0.4965,0.29763,-9.55975
12.97169,0.56503,0.37574,-9.62903
12.98172,0.55755,0.37439,-9.69996
12.99176,0.48737,0.34881,-9.63696
13.0018,0.48243,0.29658,-9.59731
13.01184,0.51445,0.23493,-9.62349
13.02187,0.51236,0.22954,-9.65836
13.03191,0.50937,0.24211,-9.72779
13.04195,0.49904,0.19109,-9.74201
13.05199,0.44532,0.11432,-9.73871
13.06202,0.35569,0.00524,-9.73752
13.07206,0.31289,-0.06958,-9.72001
13.0821,0.3301,-0.05163,-9.73213
13.09214,0.37035,0.07841,-9.74814
13.10217,0.44203,0.15936,-9.76355
13.11221,0.56443,0.13841,-9.68993
13.12225,0.66753,0.01272,-9.59521
13.13229,0.67771,-0.07916,-9.59581
13.14232,0.66364,-0.08425,-9.6018
13.15236,0.70898,-0.10879,-9.70744
13.1624,0.82106,-0.18376,-9.82655
13.17244,0.90561,-0.19857,-9.75547
13.18247,0.86476,-0.04654,-9.42867
13.19251,0.71901,0.17358,-9.27065
13.20255,0.53181,0.36886,-9.37764
13.21259,0.52134,0.52179,-9.6226
13.22262,0.69611,0.64015,-10.21456
13.23266,1.06976,0.6801,-11.23853
13.2427,1.3813,0.77033,-12.18304
13.25274,1.64871,0.88122,-12.91792
13.26278,1.68193,0.88735,-13.63184
13.27281,1.52989,0.71347,-13.74302
13.28285,1.32594,0.3307,-13.78207
13.29289,1.1787,0.04504,-13.6275
13.30293,1.28015,-0.15024,-13.44898
13.31296,1.39313,-0.13393,-13.34019
13.323,1.34524,-0.29269,-13.1919
13.33304,1.24783,-0.49246,-12.93273
13.34308,1.10223,-0.67217,-12.57958
13.35311,1.05315,-0.78664,-12.29423
13.36315,1.04028,-0.81552,-12.08084
13.37319,0.95409,-0.71826,-12.03161
13.38323,0.75522,-0.49171,-12.11676
13.39326,0.48123,-0.15398,-12.00498
13.4033,0.00823,-0.00703,-11.69268
13.41334,-0.32681,-0.20411,-11.11329
13.42338,-0.32591,-0.46298,-10.83735
13.43341,-0.34102,-0.59451,-11.12406
13.44345,-0.40791,-0.59017,-11.21968
13.45349,-0.53106,-0.56862,-10.97188
13.46353,-0.89019,-0.63401,-10.68308
13.47356,-1.23242,-0.6825,-10.16907
13.4836,-1.34943,-0.74295,-9.80007
13.49364,-1.23661,-0.85024,-9.95748
13.50368,-1.19575,-0.89319,-10.35851
13.51371,-1.22927,-0.82794,-10.6542
13.52375,-0.99255,-0.67292,-10.73036
13.53379,-0.53331,-0.50473,-10.85486
13.54383,-0.16864,-0.35659,-11.09099
13.55387,-0.0217,-0.36527,-11.17628
13.5639,0.00524,-0.1857,-11.24497
13.57394,0.06943,0.17927,-11.32278
13.58398,0.00464,0.25887,-11.49621
13.59402,-0.07302,0.22461,-11.88197
13.60405,-0.2475,0.41495,-12.08384
13.61409,-0.79263,0.48363,-11.74131
13.62413,-1.10567,0.17523,-11.46853
13.63417,-1.36125,0.02469,-11.21938
13.6442,-1.75001,0.06644,-11.30871
13.65424,-1.77755,-0.02245,-11.33774
13.66428,-1.30574,-0.42288,-11.20337
13.67432,-0.95229,-1.11974,-11.33176
13.68435,-0.75537,-1.68627,-11.37874
13.69439,-0.51445,-1.49353,-10.92803
13.70443,-0.38173,-0.81642,-10.68757
13.71447,-0.13393,-0.49051,-9.86501
13.7245,-0.00509,-0.42288,-9.48942
13.73454,0.02215,-0.38352,-9.57576
13.74458,-0.09532,-0.14784,-9.18775
13.75462,-0.14664,-0.05043,-9.13463
13.76465,-0.03262,0.19094,-9.15288
13.77469,-0.04489,-0.07108,-9.05487
13.78473,-0.21323,-0.6412,-8.87605
13.79539,-0.53989,-0.27967,-8.12831
13.80543,-0.53989,-0.27967,-8.12831
13.81547,-0.94406,-0.20845,-8.06741
13.82551,-1.10911,0.18151,-7.75347
13.83554,-1.41303,0.41225,-7.38925
13.84558,-1.91761,0.08844,-7.1235
13.85562,-2.19788,-0.21832,-7.1018
13.86566,-2.03732,0.13512,-7.19592
13.8757,-1.95397,0.86416,-7.09148
13.88573,-2.02325,1.3837,-6.75135
13.89577,-2.28407,1.23197,-6.63882
13.90581,-2.25145,1.03983,-6.71753
13.91585,-1.91521,1.16343,-6.51687
13.92588,-1.5902,1.46061,-6.233
13.93592,-1.40525,1.55159,-6.45043
13.94596,-1.31277,1.51284,-6.78427
13.956,-1.41632,1.24708,-6.57208
13.96603,-1.5679,0.94197,-6.28568
13.97607,-1.76108,0.65706,-6.09055
13.98611,-1.90638,0.37335,-5.89048
13.99615,-1.74073,0.24825,-6.06586
14.00618,-1.41767,0.23059,-6.24498
14.01622,-1.09056,0.23373,-6.22941
14.02626,-0.82331,0.17582,-5.97787
14.0363,-0.74804,0.02589,-5.60213
14.04633,-0.64988,-0.01766,-5.35792
14.05637,-0.58763,-0.17044,-5.19003
14.06641,-0.5776,-0.31005,-5.16579
14.07645,-0.5363,-0.32022,-5.09471
14.08648,-0.49635,-0.38173,-4.85275
14.09652,-0.59586,-0.54917,-4.59178
14.10656,-0.67816,-0.66065,-4.44304
14.1166,-0.69028,-0.77213,-4.40847
14.12663,-0.61651,-0.92282,-4.35191
14.13667,-0.30616,-0.91728,-4.5213
14.14671,-0.04729,-0.84201,-4.73034
14.15675,-0.10579,-0.87269,-4.64714
14.16679,-0.30556,-0.93434,-4.40967
14.17682,-0.61232,-0.95693,-4.16651
14.18686,-0.8471,-0.95409,-4.05892
14.1969,-1.08098,-0.8878,-4.30762
14.20694,-1.13725,-0.71332,-4.83135
14.21697,-1.22628,-0.24511,-5.31737
14.22701,-1.41048,0.63731,-6.19919
14.23705,-1.60232,1.38924,-7.35454
14.24709,-1.62491,1.5685,-8.38345
14.25712,-1.35332,1.27805,-8.41846
14.26716,-1.08397,0.90097,-7.87543
14.2772,-0.93075,0.8483,-7.19966
14.28724,-0.81957,0.95708,-6.7096
14.29727,-0.94915,1.1148,-6.64226
14.30731,-1.27327,1.38056,-7.03476
14.31735,-1.67669,1.55429,-7.82934
14.32739,-1.58795,1.34225,-8.51692
14.33742,-1.08682,1.05225,-8.58845
14.34746,-0.74624,0.99808,-8.4252
14.3575,-0.76061,1.04716,-8.30489
14.36754,-0.85982,0.89947,-8.23381
14.37757,-1.23451,0.58823,-7.9064
14.38761,-1.46675,0.27773,-7.60159
14.39765,-1.3002,0.01003,-7.33449
14.40769,-1.10732,0.00374,-7.01277
14.41772,-0.9086,0.18854,-7.16929
14.42776,-0.83872,0.23493,-8.05065
14.4378,-0.77737,0.11836,-9.07013
14.44784,-0.72051,0.1863,-9.69083
14.45787,-0.99419,0.30691,-10.23312
14.46791,-1.56641,0.29718,-10.61245
14.47858,-1.80927,0.18375,-10.98849
14.48862,-1.50176,0.38352,-11.7042
14.49865,-1.02756,0.8239,-13.13384
14.50869,-0.76435,1.12049,-14.85243
14.51873,-0.49814,1.27312,-16.16834
14.52877,-0.2261,1.49039,-16.77512
14.5388,-0.66155,1.35392,-16.5354
14.54884,-1.58107,1.01275,-15.9572
14.55888,-2.05108,0.94586,-15.07464
14.56892,-2.05812,0.88122,-14.86859
14.57895,-1.8974,0.87014,-15.81071
14.58899,-1.70437,1.03893,-17.72966
14.59903,-1.2613,1.18079,-20.08002
14.60907,-1.10597,1.54441,-22.1516
14.6191,-1.42485,1.88873,-23.19143
14.62914,-1.63599,1.80852,-23.27628
14.63918,-1.65275,1.33387,-22.72531
14.64922,-1.52286,0.80864,-21.69162
14.65925,-1.2785,0.38472,-20.38094
14.66929,-1.13246,0.02753,-19.27003
14.67933,-1.29392,-0.23134,-18.40872
14.68937,-1.49623,-0.18136,-17.75525
14.6994,-1.56895,-0.0404,-17.47662
14.70944,-1.55279,0.12629,-17.20578
14.71948,-1.58317,0.26246,-16.7865
14.72952,-1.7346,0.34596,-16.14036
14.73955,-1.89471,0.4139,-15.67753
14.74959,-2.20521,0.51999,-15.47881
14.75963,-2.63572,0.75148,-15.13539
14.76967,-2.90985,0.8884,-14.88849
14.7797,-2.65083,0.93254,-14.48447
14.78974,-2.14101,0.96397,-13.91315
14.79978,-1.81136,0.96277,-13.41396
14.80982,-1.88932,0.88316,-13.14716
14.81985,-2.14266,0.83288,-12.71201
14.82989,-2.28422,0.78904,-12.21312
14.83993,-2.08595,0.73008,-11.92477
14.84997,-1.84653,0.68235,-11.86895
14.86,-1.65365,0.86296,-11.78561
14.87004,-1.37682,1.2583,-11.85758
14.88008,-1.10298,1.63644,-11.98657
14.89012,-0.87777,1.88109,-12.03909
14.90015,-0.78275,1.99811,-11.69553
14.91019,-0.86745,1.84817,-10.95871
14.92023,-0.99748,1.55369,-9.99534
14.93027,-0.95663,1.31187,-8.73554
14.9403,-0.67816,1.06093,-7.27194
14.95034,-0.31888,0.85084,-6.09175
14.96038,0.17178,1.00422,-5.34865
14.97042,0.62339,1.15251,-5.50756
14.98046,0.62953,1.39851,-5.64463
14.99049,0.43275,1.71724,-5.4926
15.00053,0.42318,1.65754,-5.38037
15.01057,0.35958,1.43996,-4.69219
15.02061,0.49186,1.18289,-3.95762
15.03064,0.58568,0.85473,-3.43119
15.04068,0.56728,0.54693,-2.90641
15.05072,0.66514,0.47704,-2.30981
15.06076,0.85757,0.3105,-1.36574
15.07079,0.96576,0.07661,-0.2689
15.08083,1.03205,-0.03921,0.48363
15.09087,1.14009,-0.10684,0.56533
15.10091,1.09834,0.02664,0.12839
15.11094,0.74998,0.18316,-0.3524
15.12098,0.36272,0.06973,-1.10388
15.13102,0.06195,-0.13797,-2.09957
15.14106,-0.09442,-0.39519,-2.71966
15.15109,-0.33579,-0.70315,-2.73597
15.16113,-0.43993,-0.889,-2.36772
15.17117,-0.32397,-1.04821,-1.88214
15.18121,-0.01182,-0.96097,-1.7771
15.19124,0.41539,-0.79263,-1.77844
15.20128,0.87957,-0.62608,-1.81226
15.21132,1.02651,-0.60678,-1.87212
15.22136,0.86251,-0.73098,-1.9185
15.2314,0.57865,-0.69911,-1.91701
15.24143,0.42063,-0.4766,-2.08774
15.25147,0.26231,-0.27084,-2.24786
15.26151,0.13512,-0.08125,-2.64125
15.27155,0.31334,0.19573,-3.05949
15.28158,0.58867,0.52598,-3.43044
15.29162,0.74729,0.58059,-3.71011
15.30166,0.9095,0.35285,-3.94609
15.3117,0.81253,0.27324,-3.8388
15.32173,0.35255,0.42961,-3.80932
15.33177,-0.63506,0.50039,-4.19584
15.34181,-1.47992,0.32022,-5.03471
15.35185,-1.70497,0.12644,-6.16327
15.36188,-1.3204,0.05731,-7.64334
15.37192,-0.50922,0.02933,-8.99172
15.38196,-0.01437,0.03876,-9.65237
15.392,-0.04579,-0.13871,-9.61212
15.40203,-0.49141,-0.58972,-9.17204
15.41207,-0.82316,-0.49934,-9.16007
15.42211,-0.92207,-0.33534,-10.06926
15.43215,-0.82675,-0.17029,-11.72785
15.44218,-0.77512,0.06315,-13.7933
15.45222,-0.79113,0.31693,-15.67858
15.46226,-0.43126,0.61022,-16.88496
15.4723,-0.11597,1.08038,-17.7346
15.48233,-0.09936,1.43607,-18.42877
15.49237,-0.2059,1.43338,-18.90701
15.50241,-0.45625,1.32235,-19.07849
15.51245,-0.62953,0.9493,-19.09301
15.52248,-0.38846,0.5975,-19.33961
15.53252,-0.11926,0.26022,-19.30894
15.54256,-0.0639,0.16161,-18.70814
15.5526,-0.20051,0.17957,-17.91267
15.56264,-0.22431,0.2888,-17.57449
15.57267,-0.00673,0.46926,-17.82229
15.58271,0.19393,0.72769,-18.50299
15.59275,0.23538,0.84994,-19.03465
15.60279,0.03412,0.79757,-19.13805
15.61282,-0.27488,0.58598,-18.87708
15.62286,-0.53286,0.34147,-18.45181
15.6329,-0.50248,0.47136,-18.3957
15.64294,-0.53421,0.71796,-18.68061
15.65297,-0.70524,0.69567,-19.04049
15.66301,-0.86401,0.60035,-19.27736
15.67305,-1.14952,0.46328,-19.06533
15.68309,-1.31591,0.34581,-18.63287
15.69312,-1.17316,0.32471,-18.02939
15.70316,-1.01365,0.40163,-17.42904
15.7132,-0.95978,0.51715,-16.92371
15.72324,-0.92671,0.63746,-16.48333
15.73327,-0.99943,0.68863,-16.10415
15.74331,-1.08188,0.66334,-15.66451
15.75335,-1.06452,0.50682,-15.27336
15.76339,-1.11031,0.27743,-15.13869
15.77343,-0.98791,0.26082,-15.24059
15.78346,-0.97908,0.50742,-15.36733
15.7935,-1.18124,0.77961,-15.24762
15.80354,-1.36709,1.03564,-14.96705
15.81358,-1.43473,1.20144,-14.43359
15.82361,-1.4847,1.17795,-13.64785
15.83365,-1.41512,1.13036,-12.84639
15.84369,-1.08996,1.16448,-12.26774
15.85373,-0.72006,1.43383,-12.08324
15.86376,-0.40986,1.8386,-12.02817
15.8738,0.01197,2.08176,-11.68355
15.88384,0.48602,2.13308,-10.94883
15.89388,0.72559,2.08071,-9.7649
15.90391,0.73038,1.89411,-8.40125
15.91395,0.62863,1.69674,-6.89814
15.92399,0.61755,1.58047,-5.48811
15.93403,0.50712,1.52181,-4.49975
15.94406,0.45161,1.42006,-3.89836
15.9541,0.66005,1.46301,-3.78
15.96414,1.10837,1.43443,-3.99143
15.97418,1.39896,0.90007,-4.22756
15.98421,1.53558,1.24708,-4.18596
15.99425,2.05168,1.29212,-4.26258
16.00429,2.33614,0.9276,-4.45127
16.01433,2.45002,0.54139,-4.335
16.02436,2.48847,0.31199,-3.70129
16.0344,2.41859,0.15443,-2.93155
16.04444,2.19653,-0.12525,-2.4765
16.05448,1.87945,-0.435,-2.36831
16.06452,1.58167,-0.75193,-2.57137
16.07455,1.24484,-1.10163,-2.92063
16.08459,0.96681,-1.38325,-3.51274
16.09463,0.73143,-1.53842,-4.2132
16.10467,0.52942,-1.6502,-4.87459
16.1147,0.30541,-1.86,-5.37917
16.12474,0.00643,-2.03522,-5.8203
16.13478,-0.309,-2.07622,-6.11823
16.14482,-0.62878,-2.03956,-6.41107
16.15485,-0.78066,-1.96833,-6.62161
16.16489,-0.85338,-1.96669,-6.69808
16.17493,-0.83977,-1.91581,-6.81046
16.18497,-0.70075,-1.93047,-6.95815
16.195,-0.5993,-1.9833,-6.99885
16.20504,-0.59481,-1.95053,-7.10719
16.21508,-0.60858,-1.75076,-7.2468
16.22512,-0.56758,-1.5893,-7.44672
16.23516,-0.41913,-1.5495,-7.71621
16.24519,-0.36018,-1.48785,-7.96626
16.25523,-0.5351,-1.47573,-8.12023
16.26527,-0.69567,-1.44146,-8.21017
16.2753,-0.68399,-1.41273,-8.26628
16.28534,-0.73293,-1.35811,-8.38973
16.29538,-0.87254,-1.23945,-8.57857
16.30542,-0.97175,-1.07275,-8.6293
16.31546,-1.03819,-0.86805,-8.66028
16.32549,-1.07036,-0.62758,-8.74602
16.33553,-1.03025,-0.48498,-8.83281
16.34557,-0.96232,-0.45639,-8.98424
16.35561,-0.83408,-0.48542,-9.16545
16.36564,-0.72844,-0.41928,-9.31
16.37568,-0.6825,-0.3105,-9.45979
16.38572,-0.80804,-0.17074,-9.60883
16.39576,-1.07096,0.0196,-9.66165
16.40579,-1.19575,0.21727,-9.76774
16.41583,-1.07664,0.33968,-9.76625
16.42587,-0.66649,0.27728,-9.75622
16.43591,-0.04863,0.04654,-9.73288
16.44594,0.20575,0.04534,-9.40218
16.45598,0.03816,0.16161,-9.01447
16.46602,-0.20396,0.38337,-8.58202
16.47606,-0.14096,0.42662,-8.20628
16.48609,-0.17912,0.40148,-8.39198
16.49613,-0.66783,0.4124,-9.08854
16.50617,-0.55141,0.11298,-9.46712
16.51621,-0.43634,-0.0838,-9.76146
16.52624,-0.12854,-0.16685,-9.7649
16.53628,-0.0425,-0.3702,-9.44004
16.54632,-0.15682,-0.65975,-8.82862
16.55636,-0.09292,-0.97893,-8.11649
16.56639,-0.04594,-1.04672,-7.47395
16.57643,-0.04474,-0.83692,-7.17842
16.58647,0.1251,-0.62833,-7.13487
16.59651,0.1224,-0.63701,-7.25398
16.60655,-0.22371,-0.62234,-7.6194
16.61658,-0.4121,-0.41674,-8.38749
16.62662,-0.32905,-0.31559,-9.0646
16.63666,-0.36362,-0.68115,-9.54478
16.6467,0.01631,-0.40088,-9.90421
16.65673,0.681,-0.01047,-10.06163
16.66677,0.60903,-0.09801,-10.22055
16.67681,0.08948,-0.3512,-10.10667
16.68685,-0.42362,-0.60454,-9.5816
16.69688,-0.83677,-0.89154,-9.12625
16.70692,-1.26758,-1.18782,-8.714
16.71696,-1.53079,-1.23286,-8.34589
16.727,-1.16882,-1.25187,-8.18084
16.73703,-0.53615,-1.20758,-8.31042
16.74707,-0.23792,-1.04612,-8.64471
16.75711,-0.01317,-0.86311,-9.23459
16.76715,0.21189,-0.70105,-9.73632
16.77719,0.15847,-0.49889,-10.05864
16.78722,-0.11088,-0.34222,-10.0329
16.79726,-0.45295,-0.48707,-10.14199
16.8073,-0.66484,-0.93389,-10.1803
16.81733,-1.06527,-1.56042,-10.17386
16.82737,-1.49593,-2.06979,-9.95554
16.83741,-1.39118,-2.01756,-9.60329
16.84745,-0.94077,-1.62462,-9.2488
16.85749,-0.34746,-1.17121,-8.92573
16.86752,0.12121,-0.86924,-8.74542
16.87756,0.38756,-0.8058,-8.80902
16.8876,0.40552,-0.93224,-8.82293
16.89764,0.17223,-1.07934,-8.95237
16.90767,0.01541,-1.12138,-9.44887
16.91771,0.01915,-1.08442,-10.00776
16.92775,-0.24885,-1.14278,-10.55334
16.93779,-0.56758,-1.2393,-10.91487
16.94782,-0.51954,-1.25067,-10.84169
16.95786,-0.21159,-1.16897,-10.49124
16.9679,0.1242,-0.86356,-9.9943
16.97794,0.50353,-0.47435,-9.46697
16.98797,0.77153,-0.11253,-9.32182
16.99801,0.84216,0.18615,-9.39949
17.00805,0.74415,0.25887,-9.46802
17.01809,0.50503,0.06345,-9.35624
17.02812,0.19243,-0.18061,-9.29683
17.03816,-0.03831,-0.413,-9.28666
17.0482,-0.23014,-0.6183,-9.19388
17.05824,-0.39145,-0.88795,-9.09856
17.06828,-0.6611,-1.33342,-9.05726
17.07831,-0.75013,-1.61908,-9.18131
17.08835,-0.37963,-1.39776,-9.62304
17.09839,-0.11268,-1.01514,-10.4254
17.10843,-0.03771,-0.8046,-11.05059
17.11846,-0.08814,-0.80445,-11.58599
17.1285,-0.74026,-0.76989,-11.84277
17.13854,-0.92311,-0.82914,-11.69642
17.14858,-0.73352,-1.07754,-11.27085
17.15861,-0.3904,-1.34285,-10.65285
17.16865,-0.04938,-1.56117,-10.27367
17.17869,-0.23867,-1.61728,-10.80847
17.18873,-0.42692,-1.49967,-11.48229
17.19876,-0.52298,-1.33192,-11.73832
17.2088,-0.681,-0.98357,-12.26699
17.21884,-0.9071,-0.72155,-12.81691
17.22888,-1.15296,-0.38951,-13.47472
17.23891,-1.47169,-0.11851,-14.27004
17.24895,-1.92165,-0.10205,-14.56243
17.25899,-2.4355,-0.32696,-14.24685
17.26903,-2.68016,-0.52942,-13.70336
17.27906,-2.68644,-0.64883,-13.21435
17.2891,-2.62285,-0.76106,-12.95413
17.29914,-2.33928,-0.71706,-12.93692
17.30918,-1.87661,-0.68025,-12.87392
17.31922,-1.59633,-0.70838,-12.60966
17.32925,-1.53857,-0.82809,-12.24604
17.33929,-1.55429,-0.91444,-11.66814
17.34933,-1.53244,-0.84545,-11.13229
17.35936,-1.51643,-0.69701,-10.62173
17.3694,-1.49937,-0.62893,-10.08932
17.37944,-1.41363,-0.58104,-9.58085
17.38948,-1.261,-0.63147,-9.26272
17.39952,-1.13261,-0.63027,-8.93007
17.40955,-0.96651,-0.64105,-8.76128
17.41959,-0.8031,-0.66993,-8.6311
17.42963,-0.73367,-0.62399,-8.56556
17.43967,-0.6816,-0.45969,-8.566
17.4497,-0.63207,-0.34177,-8.65339
17.45974,-0.66903,-0.27264,-8.79211
17.46978,-0.67157,-0.20396,-8.92484
17.47982,-0.60394,-0.1031,-9.20241
17.48985,-0.54498,0.09472,-9.49376
17.49989,-0.49635,0.31933,-9.66913
17.50993,-0.48946,0.31409,-9.80411
17.51997,-0.46911,0.17448,-9.79064
17.53,-0.48632,0.11821,-9.65911
17.54004,-0.45355,0.09622,-9.49406
17.55008,-0.33085,0.05417,-9.41639
17.56012,-0.1435,-0.00254,-9.50289
17.57015,-0.07063,-0.05701,-9.54613
17.58019,-0.11253,-0.01137,-9.59925
17.59023,-0.11178,0.03636,-9.71971
17.60027,-0.11612,0.02768,-9.72076
17.6103,-0.15069,-0.08574,-9.6416
17.62034,-0.17717,-0.21757,-9.51695
17.63038,-0.18435,-0.22535,-9.59177
17.64042,-0.18091,-0.14575,-9.68275
17.65046,-0.20815,-0.13318,-9.67033
17.66049,-0.37828,-0.1845,-9.69023
17.67053,-0.44801,-0.10445,-9.63098
17.68057,-0.34985,0.03367,-9.65447
17.69061,-0.28626,0.08155,-9.91394
17.70064,-0.23314,0.03816,-10.1975
17.71068,-0.25603,-0.03906,-10.3847
17.72072,-0.26022,0.05028,-10.39802
17.73076,-0.20231,0.16789,-10.22145
17.74079,-0.13033,0.1447,-9.98397
17.75083,-0.12255,0.01272,-9.86606
17.76087,-0.18316,-0.05581,-9.96721
17.77091,-0.17747,-0.02933,-10.01255
17.78094,-0.12136,0.07796,-10.07914
17.79161,-0.10026,0.20156,-10.1764
17.80165,-0.22281,0.21293,-10.22055
17.81168,-0.36063,0.15308,-10.16159
17.82172,-0.36512,0.15113,-10.1369
17.83176,-0.32202,0.21323,-10.13451
17.8418,-0.27339,0.30586,-10.17985
17.85183,-0.25364,0.32771,-10.29776
17.86187,-0.30736,0.22595,-10.2189
17.87191,-0.36646,0.14545,-10.0733
17.88195,-0.30302,0.08664,-9.87429
17.89198,-0.14096,-0.01062,-9.67751
17.90202,-0.05701,-0.09771,-9.65836
17.91206,0.03741,-0.19827,-9.64399
17.9221,0.13632,-0.28715,-9.63397
17.93213,0.17912,-0.36841,-9.59372
17.94217,0.19064,-0.41315,-9.4773
17.95221,0.17089,-0.49186,-9.32796
17.96225,0.16655,-0.48662,-9.32257
17.97228,0.11612,-0.42931,-9.4565
17.98232,0.16999,-0.34447,-9.69726
17.99236,0.23673,-0.28985,-9.9922
18.0024,0.27414,-0.22625,-10.24165
18.01244,0.30137,-0.13123,-10.52252
18.02247,0.33743,-0.07976,-10.79426
18.03251,0.40896,-0.04669,-10.94195
18.04255,0.5366,-0.02379,-11.01438
18.05259,0.70569,-0.10909,-10.98639
18.06262,0.89618,-0.30765,-10.92579
18.07266,1.03145,-0.49111,-11.01542
18.0827,1.01185,-0.65676,-11.05358
18.09274,0.86101,-0.71033,-11.13244
18.10277,0.886,-0.54468,-11.14651
18.11281,0.97908,-0.59062,-11.20516
18.12285,1.08757,-0.66245,-11.08485
18.13289,0.93733,-0.5779,-10.92848
18.14292,0.29494,-0.50293,-10.94255
18.15296,-0.4754,-0.49051,-11.01258
18.163,-0.77812,-0.19932,-11.12346
18.17304,-0.51954,0.39998,-11.27564
18.18307,-0.18375,0.77378,-11.32158
18.19311,-0.07976,0.85727,-11.33595
18.20315,-0.1221,0.90007,-11.28986
18.21319,0.06479,0.86161,-11.3958
18.22322,0.47899,0.63805,-11.29779
18.23326,0.66035,0.16206,-11.09458
18.2433,0.7238,-0.33653,-10.59509
18.25334,0.89917,-0.60573,-9.9301
18.26337,1.18169,-0.64584,-9.84226
18.27341,1.29691,-0.70943,-9.96257
18.28345,1.10313,-0.83109,-10.21636
18.29349,0.91354,-1.00811,-10.43992
18.30352,0.81448,-1.17391,-10.60691
18.31356,0.73263,-1.15236,-10.78737
18.3236,0.58463,-1.0135,-11.07647
18.33364,0.47824,-0.77527,-11.31245
18.34368,0.46582,-0.53002,-11.539
18.35371,0.52598,-0.39968,-11.82167
18.36375,0.48049,-0.40387,-12.35857
18.37379,0.22356,-0.42138,-12.9049
18.38383,-0.09023,-0.37245,-13.10436
18.39386,-0.31035,-0.23792,-12.86584
18.4039,-0.50727,-0.37245,-12.11675
18.41394,-0.97459,-0.58987,-10.88838
18.42398,-1.57209,-0.63731,-9.67721
18.43401,-1.80882,-0.47615,-9.24207
18.44405,-1.70916,-0.04788,-9.5165
18.45409,-1.59469,0.25783,-9.95539
18.46413,-1.8588,-0.45071,-10.13181
18.47479,-1.8588,-0.45071,-10.13181
18.48483,-1.6324,-0.21668,-9.95898
18.49487,-1.20847,0.13318,-9.49136
18.5049,-0.87284,0.30361,-9.10275
18.51494,-0.5182,0.11283,-8.70996
18.52498,-0.48961,-0.63386,-7.9893
18.53502,-0.73068,-1.15879,-7.7213
18.54505,-0.6819,-1.25307,-8.08716
18.55509,-0.17882,-1.20159,-8.62362
18.56513,0.51356,-1.19695,-9.33469
18.57517,1.00542,-1.29152,-9.82386
18.5852,0.98297,-1.59678,-9.9518
18.59524,0.56264,-1.93272,-10.0347
18.60528,0.01885,-2.21464,-10.06552
18.61532,-0.2475,-2.42652,-10.3015
18.62535,-0.38532,-2.56015,-10.70926
18.63539,-0.3518,-2.53187,-11.22402
18.64543,-0.23538,-2.4367,-11.49142
18.65547,-0.30182,-2.42533,-11.37575
18.6655,-0.52493,-2.66834,-11.00615
18.67554,-0.72425,-2.86975,-10.68068
18.68558,-0.5987,-2.88935,-10.34939
18.69562,-0.38831,-2.90731,-9.97933
18.70566,-0.26142,-2.93739,-9.90391
18.71569,-0.14335,-2.64484,-10.01973
18.72573,0.22176,-2.21987,-10.2412
18.73577,0.58957,-1.81555,-10.62472
18.74581,0.55695,-1.55937,-11.28627
18.75584,0.28895,-1.37831,-11.84322
18.76588,0.05701,-1.24364,-12.02009
18.77592,-0.04624,-1.08517,-11.98043
18.78596,0.00314,-1.02711,-11.56908
18.79599,-0.19498,-0.88122,-10.82089
18.80603,-0.54528,-0.67008,-9.87967
18.81607,-0.89349,-0.56847,-8.88443
18.82611,-1.39343,-0.41854,-8.16318
18.83614,-1.90713,-0.21937,-7.95683
18.84618,-2.25893,-0.20096,-8.33092
18.85622,-2.28975,-0.38756,-8.87216
18.86626,-1.88349,-0.48034,-9.09019
18.87629,-1.26803,-0.30002,-8.90134
18.88633,-0.79802,0.21338,-8.33691
18.89637,-0.39265,0.60873,-7.31743
18.90641,-0.0832,0.70943,-6.24797
18.91644,0.03232,0.66304,-5.86205
18.92648,-0.25603,0.56817,-5.98296
18.93652,-0.59242,0.39609,-6.32952
18.94656,-0.63312,0.25528,-6.96039
18.95659,-0.4142,0.20007,-7.38222
18.96663,-0.04594,0.19243,-7.87228
18.97667,0.11402,0.12031,-8.23321
18.98671,0.19004,-0.13333,-7.88201
18.99675,0.3699,-0.37305,-7.20266
19.00678,0.41135,-0.48258,-6.59632
19.01682,0.32232,-0.58239,-6.10791
19.02686,0.40866,-0.82809,-5.94301
19.0369,0.41554,-1.14847,-5.89737
19.04693,0.28835,-1.36709,-6.01947
19.05697,0.05432,-1.47797,-6.39342
19.06701,-0.24526,-1.55204,-6.53707
19.07705,-0.4537,-1.693,-6.41871
19.08708,-0.4118,-1.78607,-6.39551
19.09712,-0.2677,-1.83441,-6.51851
19.10716,-0.14305,-1.91895,-6.55024
19.1172,0.01272,-1.92793,-6.49771
19.12723,0.12824,-1.99183,-6.51597
19.13727,0.19902,-1.99781,-6.6252
19.14731,0.09726,-1.93197,-6.75733
19.15735,-0.21069,-2.00709,-6.958
19.16738,-0.52044,-2.05827,-7.12006
19.17742,-0.75806,-2.09493,-7.1036
19.18746,-0.83333,-2.09298,-6.93466
19.1975,-0.86939,-2.00814,-6.75479
19.20753,-0.80415,-1.9625,-6.5869
19.21757,-0.62115,-1.98015,-6.42035
19.22761,-0.49874,-1.99721,-6.46479
19.23765,-0.64554,-1.92943,-6.77769
19.24768,-0.97324,-1.70916,-7.18919
19.25772,-1.27596,-1.48396,-7.51705
19.26776,-1.53798,-1.31561,-7.8452
19.2778,-1.74283,-1.16014,-7.86854
19.28784,-1.87256,-0.98252,-7.4922
19.29787,-1.66232,-0.82405,-6.92448
19.30791,-1.03415,-0.3108,-6.41332
19.31795,-0.98267,-0.77961,-6.16701
19.32799,-1.27177,-1.17271,-5.70209
19.33802,-1.08951,-0.78679,-5.14708
19.34806,-1.00556,-0.64928,-5.23896
19.3581,-1.06407,-0.82046,-6.0494
19.36814,-1.35392,-0.89648,-6.97596
19.37817,-1.78159,-0.84545,-7.39509
19.38821,-2.20536,-0.6813,-7.21687
19.39825,-2.45974,-0.48183,-6.84442
19.40829,-2.46184,-0.14949,-6.61144
19.41832,-2.03881,0.53406,-6.71424
19.42836,-1.30693,1.18902,-7.12889
19.4384,-0.90995,1.53813,-7.7433
19.44844,-1.09161,1.73759,-8.15001
19.45847,-1.47094,1.82693,-8.30803
19.46851,-1.83231,1.86613,-8.17231
19.47855,-2.05273,1.84234,-7.69272
19.48859,-2.15912,1.53259,-7.12619
19.49862,-2.23813,0.98207,-7.05646
19.50866,-2.22017,0.69686,-7.29588
19.5187,-2.07622,0.94002,-7.75602
19.52874,-1.52047,1.56267,-8.29157
19.53877,-0.69926,2.36218,-8.92588
19.54881,-0.23762,2.7059,-9.54987
19.55885,-0.67726,2.85733,-10.26349
19.56889,-0.7416,3.00502,-11.01333
19.57893,-0.42841,2.83399,-11.16715
19.58896,-0.34462,2.6652,-11.13169
19.599,-0.13078,2.55611,-11.17269
19.60904,0.17717,2.66071,-11.29001
19.61907,0.33893,2.75333,-11.52629
19.62911,0.68579,2.83713,-11.86252
19.63915,1.19082,3.1171,-12.48142
19.64919,1.58361,3.44406,-13.0668
19.65923,2.14161,3.29562,-13.80661
19.66926,2.70874,2.62539,-15.01538
19.6793,2.45301,2.15972,-15.89331
19.68934,2.11154,1.89711,-16.09502
19.69938,1.91431,1.57568,-15.76507
19.70941,1.89486,1.25666,-15.25346
19.71945,2.14131,1.06318,-15.39636
19.72949,2.55491,0.63521,-16.05357
19.73953,2.96642,0.2677,-17.0958
19.74956,2.93754,0.01586,-17.70916
19.7596,2.46543,-0.18001,-18.12096
19.76964,1.99302,-0.24002,-18.76725
19.77968,1.63344,-0.40761,-19.27647
19.78971,1.17884,-0.4356,-19.72897
19.79975,0.86161,-0.42826,-19.86065
19.80979,0.62369,-0.54064,-19.63006
19.81983,0.22655,-0.5996,-19.21676
19.82986,-0.31184,-0.54543,-18.7864
19.8399,-0.66454,-0.48498,-18.2727
19.84994,-0.67666,-0.34551,-17.71051
19.85998,-0.58538,-0.11432,-17.37472
19.87002,-0.41614,0.12674,-17.07829
19.88005,-0.28072,0.38292,-16.72634
19.89009,-0.53106,0.57581,-16.39998
19.90013,-0.94601,0.62384,-16.07527
19.91017,-1.46181,0.65661,-15.62845
19.9202,-1.86568,0.67442,-15.04486
19.93024,-2.18516,0.82136,-14.54178
19.94028,-2.21673,1.09804,-14.19417
19.95032,-2.13982,1.23406,-13.90073
19.96035,-2.21703,1.12138,-13.80601
19.97039,-2.44074,1.02906,-13.76441
19.98043,-2.59711,1.0126,-13.54535
19.99047,-2.72939,0.97489,-13.31535
20.0005,-2.8708,1.13395,-13.12127
20.01054,-2.68914,1.34853,-12.9248
20.02058,-2.43864,1.56865,-12.74643
20.03062,-2.15987,1.6713,-12.51389
20.04065,-1.78203,1.88977,-12.01814
20.05069,-1.32938,1.95038,-11.32472
20.06073,-1.24304,1.78563,-10.61769
20.07077,-1.2797,1.17944,-9.91155
20.0808,-1.1968,1.08757,-9.28456
20.09084,-0.90486,1.11764,-8.00082
20.10088,-0.6611,0.9071,-6.67608
20.11092,-0.3925,0.79173,-5.48497
20.12096,-0.0841,0.48079,-4.83494
20.13099,0.33264,0.24376,-4.53237
20.14103,0.55501,0.14335,-4.27395
20.15107,0.744,0.03891,-4.34742
20.16111,0.65646,0.10071,-4.54524
20.17114,0.54423,-0.05701,-4.75623
20.18118,0.52014,-0.53989,-5.0172
20.19122,0.4112,-0.8884,-5.2662
20.20126,0.25259,-0.95364,-5.1628
20.21129,0.13692,-0.91713,-4.96527
20.22133,0.20381,-0.88541,-4.34847
20.23137,0.41105,-0.91518,-3.57469
20.24141,0.68429,-0.95544,-3.32839
20.25144,0.86311,-1.08502,-3.31762
20.26148,0.85578,-1.0509,-3.23906
20.27152,0.73427,-0.83617,-3.24863
20.28156,0.58733,-0.70045,-3.34844
20.29159,0.56563,-0.7024,-3.3257
20.30163,0.53615,-0.68145,-3.20015
20.31167,0.37409,-0.52268,-3.20973
20.32171,0.30885,-0.3714,-3.24399
20.33174,0.35464,-0.2903,-3.20329
20.34178,0.2475,-0.23762,-3.31717
20.35182,0.07392,-0.24346,-3.54252
20.36186,-0.01526,-0.40522,-3.62497
20.3719,-0.08559,-0.56578,-3.5702
20.38193,-0.23373,-0.63042,-3.29337
20.39197,-0.2885,-0.69297,-3.02852
20.40201,-0.29703,-0.86745,-2.98018
20.41205,-0.44053,-1.01783,-3.10678
20.42208,-0.63267,-1.16343,-3.22768
20.43212,-0.78141,-1.10762,-3.14987
20.44216,-0.92132,-0.9686,-3.16663
20.4522,-0.89408,-0.7835,-3.20703
20.46223,-0.60274,-0.62863,-3.29502
20.47227,-0.35718,-0.50937,-3.74543
20.48231,-0.04758,-0.33773,-4.28203
20.49235,0.21099,-0.11118,-4.685
20.50238,0.28401,-0.10579,-5.02049
20.51242,0.69791,0.59586,-5.55889
20.52246,1.24962,1.01828,-6.07199
20.5325,1.18034,0.72799,-6.12826
20.54253,0.83483,0.3078,-6.72067
20.55257,0.31155,0.09307,-7.07202
20.56261,-0.20246,-0.12016,-7.2254
20.57265,-0.3099,-0.39789,-7.37938
20.58268,-0.23373,-0.4332,-7.37698
20.59272,0.33848,-0.3708,-7.20146
20.60276,0.8447,-0.28401,-7.11512
20.6128,1.35482,-0.29553,-7.28256
20.62283,1.61639,-0.39923,-7.90999
20.63287,1.18244,-0.34701,-8.9172
20.64291,0.80385,-0.10789,-10.01315
20.65295,1.23017,0.07407,-11.02904
20.66299,1.93721,0.04773,-11.89918
20.67302,2.34108,0.13437,-12.57001
20.68306,2.3116,0.11417,-12.88859
20.6931,2.15957,-0.0401,-12.98525
20.70314,2.32088,-0.00389,-13.17709
20.71317,2.6441,-0.1046,-13.17604
20.72321,2.70066,-0.36901,-13.09299
20.73325,2.50748,-0.51805,-13.5829
20.74329,2.36143,-0.54708,-14.31029
20.75332,2.42338,-0.46373,-14.79676
20.76336,2.63886,-0.32397,-15.21859
20.7734,2.5404,-0.23747,-15.90348
20.78344,2.05527,-0.40716,-16.99644
20.79347,1.68238,-0.65721,-18.46363
20.80351,1.43712,-0.6418,-19.8002
20.81355,1.08532,-0.46118,-20.4791
20.82359,0.78156,-0.31095,-20.7284
20.83362,0.47001,-0.20201,-20.89794
20.84366,0.06404,-0.02125,-20.94986
20.8537,-0.23194,0.08425,-21.09082
20.86374,-0.42512,0.11432,-21.39683
20.87378,-0.6002,0.15981,-21.66738
20.88381,-0.5785,0.30302,-21.76554
20.89385,-0.45056,0.69701,-21.62697
20.90389,-0.27219,1.1751,-21.30705
20.91393,-0.0018,1.48919,-20.625
20.92396,0.38741,1.6737,-19.47518
20.934,0.73038,1.73819,-18.19623
20.94404,1.02068,1.5676,-16.87299
20.95408,1.10956,1.29392,-15.61229
20.96411,0.93164,1.08532,-14.60298
20.97415,0.60379,1.06093,-13.96283
20.98419,0.16789,1.22433,-14.00398
20.99423,-0.08499,2.36906,-14.17756
21.00426,-0.37035,1.26788,-12.42845
21.0143,-1.02726,-0.09098,-11.87285
21.02434,-0.97025,0.03546,-12.47499
21.03438,-0.50233,-0.04429,-12.34286
21.04441,-0.07961,-0.02274,-12.33448
21.05445,0.35748,0.10819,-12.19995
21.06449,0.76585,0.5372,-11.40478
21.07453,1.20997,0.90231,-10.3027
21.08456,1.61549,1.07425,-9.15947
21.0946,2.13293,1.15386,-8.24413
21.10464,2.44478,1.21955,-7.68838
21.11468,2.39061,1.26369,-7.43295
21.12471,2.34722,1.20787,-7.32701
21.13475,2.26447,1.03789,-7.28122
21.14479,2.16765,0.93553,-7.60189
21.15483,1.9622,0.86655,-7.99409
21.16486,1.54067,0.60394,-8.40963
21.1749,1.34629,0.51475,-8.39931
21.18494,1.44266,0.42347,-7.94725
21.19498,1.48725,0.22101,-7.13726
21.20502,1.46854,0.13662,-6.37336
21.21505,1.86239,0.08215,-5.54737
21.22509,2.60744,-0.24421,-4.69518
21.23513,2.94562,-0.70554,-4.45052
21.24517,2.69827,-1.26593,-4.59836
21.2552,2.15463,-1.82229,-4.70221
21.26524,1.4642,-2.23663,-4.53701
21.27528,0.84725,-2.42503,-4.212
21.28532,0.33354,-2.32447,-4.11414
21.29535,-0.21458,-1.81705,-4.46788
21.30539,-0.58508,-1.13291,-4.60959
21.31543,-0.74879,-0.87643,-4.51397
21.32547,-0.80221,-0.94092,-4.79963
21.3355,-0.61187,-0.78724,-5.49813
21.34554,-0.5176,-0.6204,-6.10955
21.35558,-0.67771,-0.59616,-6.57298
21.36562,-0.9089,-0.413,-6.51073
21.37565,-1.06288,-0.21024,-6.18961
21.38569,-1.02756,-0.28386,-5.91098
21.39573,-0.86431,-0.36152,-5.79531
21.40577,-0.89977,-0.47061,-5.72888
21.4158,-1.12273,-0.66155,-5.80699
21.42584,-1.25217,-0.87568,-5.99089
21.43588,-1.26578,-1.08383,-6.33925
21.44592,-1.02756,-1.21117,-6.9381
21.45596,-0.6611,-1.25501,-7.60279
21.46599,-0.36706,-1.23481,-8.1117
21.47603,-0.2873,-1.24079,-8.4665
21.48607,-0.35195,-1.27282,-8.58336
21.49611,-0.51326,-1.22628,-8.66372
21.50614,-0.58284,-1.16583,-8.88623
21.51618,-0.56428,-1.12258,-9.01133
21.52622,-0.57326,-1.10073,-9.07777
21.53626,-0.85264,-1.0928,-9.15588
21.54629,-1.30035,-1.09385,-9.01492
21.55633,-1.54845,-1.17017,-8.76876
21.56637,-1.51643,-1.24618,-8.70981
21.57641,-1.19949,-1.25381,-8.69454
21.58644,-0.73562,-0.99689,-8.74422
21.59648,-0.25049,-0.74056,-8.81066
21.60652,-0.13452,-0.93209,-8.99816
21.61656,-0.05596,-0.71751,-9.26362
21.62659,0.04025,-0.34686,-9.45904
21.63663,0.0823,0.05806,-9.64893
21.64667,0.11028,0.43664,-9.92292
21.65671,0.09412,0.71153,-10.28549
21.66674,0.07482,0.98162,-10.47059
21.67678,0.0428,1.22942,-10.45907
21.68682,0.15218,1.36844,-10.489
21.69686,0.42856,1.403,-10.49453
21.70689,0.48513,1.30589,-10.41178
21.71693,0.04384,1.07455,-10.3654
21.72697,-0.65781,0.96127,-10.33951
21.73701,-1.08323,0.99105,-10.41912
21.74704,-0.886,0.99569,-10.39667
21.75708,-0.3524,0.87807,-9.92965
21.76712,-0.09622,0.68923,-9.16919
21.77716,-0.18091,0.42033,-8.51977
21.78719,-0.4971,0.11866,-8.08567
21.79723,-0.98297,-0.06868,-7.93663
21.80727,-1.32998,-0.33429,-7.7837
21.81731,-1.22493,-0.45595,-7.7216
21.82734,-0.79143,0.08963,-8.77325
21.83738,-0.19707,0.2665,-9.10874
21.84742,-0.13422,0.09891,-9.3751
21.85746,-0.44263,0.01571,-9.33664
21.8675,-0.83333,0.05971,-9.27244
21.87753,-0.9921,0.20231,-9.12281
21.88757,-0.38951,0.23433,-8.85002
21.89761,0.66544,0.07422,-8.6284
21.90765,1.33731,-0.23493,-8.64112
21.91768,1.00975,-0.50548,-9.01911
21.92772,0.05671,-0.71617,-9.50977
21.93776,-0.87628,-1.01185,-9.79258
21.9478,-1.54276,-1.20847,-9.62364
21.95783,-1.43892,-1.19979,-9.49032
21.96787,-0.45999,-1.03654,-9.15273
21.97791,0.34551,-0.83692,-8.84568
21.98795,0.62144,-0.86386,-8.84014
21.99798,0.37424,-1.16523,-9.29279
22.00802,-0.32247,-1.49428,-9.69906
22.01806,-1.18812,-1.77979,-9.89868
22.0281,-1.70811,-1.80628,-10.18448
22.03813,-1.49518,-1.49982,-10.34116
22.04817,-0.65511,-1.1977,-10.39353
22.05821,-0.09352,-1.0102,-10.18314
22.06825,-0.01975,-1.00811,-9.81623
22.07828,-0.2906,-1.24768,-9.51366
22.08832,-0.47495,-1.72577,-9.23473
22.09836,-0.43978,-2.22212,-9.12565
22.1084,-0.51041,-2.41171,-9.18206
22.11843,-0.57865,-2.22421,-9.40368
22.12847,-0.51056,-1.86089,-9.67766
22.13851,-0.3527,-1.52645,-9.87324
22.14855,-0.15981,-1.1992,-9.79468
22.15858,-0.07242,-1.05988,-9.6431
22.16862,-0.33938,-1.23795,-10.23207
22.17866,-0.8866,-1.39013,-10.75984
22.1887,-1.10777,-1.35901,-10.66228
22.19874,-0.84695,-1.23735,-10.46895
22.20877,-0.37095,-1.10029,-10.1984
22.21881,0.02424,-1.0135,-9.79573
22.22885,0.32756,-1.07679,-9.23698
22.23889,0.42886,-1.1772,-8.70143
22.24892,-0.11492,-1.50161,-8.89685
22.25896,-0.8254,-1.89411,-9.22426
22.269,-1.10507,-2.03223,-9.62529
22.27904,-1.19276,-1.90713,-10.16832
22.28907,-1.18872,-1.69899,-10.54661
22.29911,-1.04567,-1.46974,-10.35073
22.30915,-0.82959,-1.20922,-9.68918
22.31919,-0.64224,-1.02352,-8.74018
22.32922,-0.40896,-0.84321,-8.00875
22.33926,-0.32172,-0.66888,-8.31506
22.3493,-0.42587,-0.84545,-9.17847
22.35934,-0.78679,-1.43877,-9.36492
22.36937,-1.43203,-1.79595,-10.67066
22.37941,-1.51299,-1.74448,-11.69478
22.38945,-1.01739,-1.35736,-11.75388
22.39949,-0.46822,-0.9065,-11.53212
22.40952,-0.32681,-0.75447,-11.26158
22.41956,-0.77243,-0.7419,-10.68278
22.4296,-0.9291,-0.7636,-9.60404
22.43964,-0.52283,-0.98357,-8.80378
22.44967,-0.63297,-1.28344,-8.29905
22.45971,-0.9077,-1.74717,-8.05035
22.46975,-1.2818,-2.21239,-8.01309
22.47979,-1.40599,-2.87364,-8.04796
22.48982,-1.1751,-3.42535,-8.17844
22.49986,-0.63357,-3.80873,-8.6938
22.5099,-0.1049,-3.61465,-9.24132
22.51994,0.71272,-3.13087,-9.68649
22.52998,0.97294,-2.83758,-8.56062
22.54001,0.48318,-2.11947,-8.17755
22.55005,0.30736,-1.797,-9.68021
22.56009,0.40447,-1.44415,-9.81249
22.57013,0.23493,-0.93718,-9.99654
22.58016,-0.00943,-0.68863,-10.88748
22.5902,0.05073,-0.76405,-11.37306
22.60024,0.17059,-0.95125,-11.16506
22.61028,0.39011,-1.09355,-10.7359
22.62031,0.63267,-1.09146,-10.32559
22.63035,-0.17927,-0.89932,-10.54466
22.64039,-0.56922,-0.73936,-10.66078
22.65043,-0.5149,-0.59945,-10.5484
22.66046,-0.48333,-0.50578,-10.61873
22.6705,-0.5375,-0.42707,-11.05957
22.68054,-0.44053,-0.25034,-11.48469
22.69058,-0.43365,-0.11253,-11.75164
22.70061,-0.48931,-0.00509,-12.12289
22.71065,-0.65003,0.02723,-12.28121
22.72069,-0.81986,0.21593,-12.4298
22.73073,-0.91982,0.46702,-12.34361
22.74077,-1.1974,0.40791,-12.05301
22.7508,-1.18468,0.33683,-11.68894
22.76084,-1.13141,0.19453,-11.14127
22.77088,-1.28509,-0.10983,-10.77615
22.78092,-1.48231,-0.29254,-10.48167
22.79095,-1.59349,-0.4112,-10.1767
22.80099,-1.5504,-0.43844,-10.15531
22.81103,-1.43278,-0.41405,-10.39637
22.82107,-1.23017,-0.39055,-10.51683
22.8311,-1.07664,-0.3943,-10.51982
22.84114,-1.03609,-0.40297,-10.37677
22.85118,-1.01514,-0.44831,-10.17491
22.86122,-0.89992,-0.44921,-9.90062
22.87125,-0.69387,-0.46403,-9.7851
22.88129,-0.51296,-0.52927,-9.55526
22.89133,-0.4341,-0.72305,-9.33529
22.90137,-0.41988,-0.92835,-9.5792
22.9114,-0.33279,-1.00676,-9.619
22.92144,-0.2053,-0.91219,-9.47281
22.93148,-0.15398,-0.85772,-9.27529
22.94152,-0.15158,-0.9285,-9.04305
22.95155,-0.14709,-1.04282,-8.85466
22.96159,-0.23209,-1.14982,-8.80228
22.97163,-0.3922,-1.17376,-8.99053
22.98167,-0.54034,-1.06826,-9.27903
22.9917,-0.65392,-0.81852,-9.50752
23.00174,-0.74968,-0.54962,-9.69801
23.01178,-0.84216,-0.34387,-9.9289
23.02182,-0.8058,-0.23688,-10.1158
23.03185,-0.66529,-0.20964,-10.36225
23.04189,-0.49949,-0.3322,-10.60811
23.05193,-0.54199,-0.47615,-10.6943
23.06197,-0.62384,-0.52732,-10.62726
23.07201,-0.74145,-0.50398,-10.51324
23.08204,-0.90905,-0.42078,-10.44575
23.09208,-1.00302,-0.30167,-10.40355
23.10212,-1.04686,-0.2484,-10.45623
23.11216,-1.0114,-0.18361,-10.5282
23.12219,-0.826,-0.0199,-10.44276
23.13223,-0.69552,0.06075,-10.344
23.14227,-0.56099,0.03442,-10.35013
23.15231,-0.41001,-0.0633,-10.35657
23.16234,-0.34117,-0.16999,-10.22369
23.17238,-0.39295,-0.16939,-9.98173
23.18242,-0.4537,-0.15009,-9.86321
23.19246,-0.48827,-0.12914,-9.74709
23.20249,-0.48812,-0.09682,-9.69487
23.21253,-0.51415,-0.05148,-9.73722
23.22257,-0.44008,-0.05716,-9.79468
23.23261,-0.34342,-0.0431,-9.77298
23.24264,-0.30361,0.06419,-9.82416
23.25268,-0.31574,0.20725,-9.98247
23.26272,-0.38352,0.28296,-10.04173
23.27276,-0.41569,0.2879,-9.98203
23.28279,-0.37843,0.23343,-9.84556
23.29283,-0.34506,0.07856,-9.65896
23.30287,-0.20156,-0.06165,-9.75263
23.31291,-0.16595,-0.13557,-9.76864
23.32294,-0.16505,-0.01317,-9.87084
23.33298,-0.23688,0.23523,-10.16309
23.34302,-0.29942,0.52732,-10.22758
23.35306,-0.43395,0.59735,-10.10548
23.36309,-0.32292,0.25663,-10.177
23.37313,-0.38771,-0.04594,-10.2379
23.38317,-0.29015,0.167,-10.12313
23.39321,-0.14605,0.249,-10.0136
23.40324,-0.12644,0.15428,-10.1586
23.41328,-0.1239,0.08649,-10.17192
23.42332,-0.03591,-0.03561,-10.13166
23.43336,0.10145,-0.17104,-10.22908
23.44339,0.25139,-0.22999,-10.24808
23.45343,0.39579,-0.25693,-10.20005
23.46347,0.44338,-0.2698,-10.25841
23.47351,0.47046,-0.23508,-10.31676
23.48355,0.51415,-0.15996,-10.25571
23.49358,0.43395,-0.19318,-10.31721
23.50362,0.33878,-0.26576,-10.57025
23.51366,0.25364,-0.34132,-10.53269
23.5237,0.09307,-0.25244,-10.38799
23.53373,-0.07153,-0.36093,-10.62592
23.54377,-0.33609,-0.2478,-10.94614
23.55381,-0.51954,-0.05133,-11.12406
23.56384,-0.59182,-0.05207,-11.17568
23.57388,-0.55007,-0.05013,-11.18017
23.58392,-0.48692,-0.05821,-11.26681
23.59396,-0.48976,-0.04744,-11.4775
23.604,-0.48004,-0.03262,-11.52763
23.61403,-0.4959,0.05851,-11.46344
23.62407,-0.55171,0.12764,-11.44982
23.63411,-0.55261,0.16056,-11.52419
23.64415,-0.53495,0.13991,-11.65901
23.65418,-0.47465,0.20156,-11.47137
23.66422,-0.43051,0.37379,-11.6008
23.67426,-0.41554,0.25379,-11.43366
23.6843,-0.52957,0.02274,-11.13004
23.69433,-0.63686,-0.01272,-10.91861
23.70437,-0.6608,0.02484,-10.60811
23.71441,-0.58119,0.02858,-10.45413
23.72445,-0.56354,0.04818,-10.47927
23.73448,-0.52957,-0.21727,-10.45862
23.74452,-0.81538,-0.50173,-10.4486
23.75456,-0.83468,-0.53106,-10.14019
23.7646,-0.80505,-0.43515,-9.79483
23.77463,-0.76929,-0.30541,-9.65357
23.78467,-0.80206,-0.23358,-9.62783
23.79471,-1.25277,-0.63446,-9.846
23.80475,-0.93628,-0.6174,-10.23177
23.81478,-0.53914,-0.40776,-10.11326
23.82482,-0.26426,-0.20979,-10.2216
23.83486,-0.06434,-0.03172,-10.34445
23.8449,0.05611,0.04205,-10.27367
23.85493,0.0223,0.00105,-10.24359
23.86497,-0.19528,-0.1854,-10.30509
23.87501,-0.62025,-0.51969,-10.54197
23.88505,-0.96082,-0.7633,-10.93402
23.89508,-1.06018,-0.80969,-11.11733
23.90512,-1.03474,-0.86146,-11.15055
23.91516,-1.14697,-0.96935,-11.21324
23.9252,-1.27372,-1.12348,-11.19918
23.93524,-1.37038,-1.21536,-11.32757
23.94527,-1.27925,-1.16059,-11.49576
23.95531,-1.08667,-1.05001,-11.69373
23.96535,-1.06871,-0.95843,-12.09476
23.97539,-1.17391,-0.96471,-12.32116
23.98542,-1.35706,-1.03654,-12.20923
23.99546,-1.27761,-0.95125,-11.82212
24.0055,-1.05749,-1.02636,-11.72246
24.01554,-1.09191,-0.93299,-11.59048
24.02557,-1.01514,-0.60184,-11.397
24.03561,-0.80116,-0.28566,-11.40179
24.04565,-0.90935,-0.04953,-11.69852
24.05569,-1.10462,-0.07706,-12.13561
24.06572,-1.47483,-0.63761,-12.52227
24.07576,-1.59125,-1.07664,-12.6963
24.0858,-1.37906,-1.62836,-12.29812
24.09584,-1.22688,-2.23334,-11.61876
24.10587,-0.78769,-2.56045,-10.60781
24.11591,-0.4109,-2.71338,-9.44153
24.12595,-0.33534,-2.68614,-8.59429
24.13599,-0.31798,-2.4795,-8.26134
24.14602,-0.03995,-1.98883,-8.41786
24.15606,0.31289,-1.55922,-8.74542
24.1661,0.52209,-1.06961,-8.89521
24.17614,0.54992,-0.54408,-8.78522
24.18617,-0.00569,-0.16281,-8.72163
24.19621,-0.58553,0.0401,-8.92229
24.20625,-0.60932,0.19109,-9.4782
24.21629,-0.34462,0.28626,-10.26499
24.22632,-0.17104,0.43664,-10.84409
24.23636,0.11283,0.73158,-10.9412
24.2464,0.67427,1.1371,-11.00704
24.25644,1.22104,1.31726,-10.4471
24.26647,1.39836,1.384,-9.34442
24.27651,1.03564,1.31891,-8.29202
24.28655,0.29733,1.38804,-7.60054
24.29659,-0.40866,1.46136,-7.18021
24.30662,-0.74729,1.48321,-6.71484
24.31666,-0.92117,1.33956,-6.62371
24.3267,-1.29272,0.99479,-6.88109
24.33674,-1.52196,0.80325,-7.16076
24.34677,-1.36754,0.80909,-7.26954
24.35681,-0.86939,0.58493,-7.26685
24.36685,-0.35853,0.86012,-7.16764
24.37689,-0.15024,1.29272,-6.85445
24.38692,-0.17313,1.45552,-6.24782
24.39696,-0.20695,1.62671,-5.84559
24.407,-0.1046,1.9212,-5.73052
24.41704,-0.05133,1.87212,-5.75297
24.42708,-0.03127,1.67459,-5.91323
24.43711,-0.17971,1.29975,-5.99239
24.44715,-0.3102,0.7841,-5.98835
24.45719,-0.34177,0.39953,-6.07978
24.46723,-0.33055,0.19857,-6.12452
24.47726,-0.2677,0.0844,-6.05778
24.4873,-0.24286,0.02664,-5.98745
24.49734,-0.13273,0.07078,-5.73905
24.50738,0.01616,0.02559,-5.43888
24.51741,0.07871,-0.11806,-5.35059
24.52745,0.06,-0.20186,-5.4073
24.53749,0.02978,-0.25199,-5.4507
24.54753,-0.04684,-0.29793,-5.35493
24.55756,-0.16849,-0.2903,-5.22819
24.5676,-0.29075,-0.3316,-5.05416
24.57764,-0.37095,-0.43724,-4.92412
24.58768,-0.49829,-0.61486,-4.94238
24.59771,-0.61666,-0.76181,-5.19647
24.60775,-0.62324,-0.83423,-5.47225
24.61779,-0.57356,-0.76989,-5.66752
24.62783,-0.50578,-0.61277,-5.65495
24.63786,-0.39265,-0.44278,-5.30615
24.6479,-0.35584,-0.2083,-4.912
24.65794,-0.47151,-0.04354,-4.74531
24.66798,-0.69462,-0.01137,-4.88327
24.67801,-0.9517,-0.12884,-5.23881
24.68805,-1.09969,-0.2288,-5.62742
24.69809,-1.17376,-0.15293,-5.91098
24.70813,-1.20997,0.0603,-5.92625
24.71816,-1.10208,0.36078,-6.06915
24.7282,-1.01813,0.62982,-6.10013
24.73824,-1.07604,0.71691,-5.86549
24.74828,-1.23271,0.67786,-5.59076
24.75831,-1.28284,0.63446,-5.45235
24.76835,-1.04791,0.76884,-5.42736
24.77839,-0.86057,1.06258,-5.49754
24.78843,-0.95035,1.33088,-5.70763
24.79846,-1.0114,1.34195,-5.82928
24.8085,-1.1166,1.13081,-6.07319
24.81854,-1.36604,0.98761,-6.90952
24.82858,-1.53259,0.92461,-7.98511
24.83861,-1.14862,0.82331,-8.93845
24.84865,-0.61381,0.80655,-9.4342
24.85869,-0.39759,0.72529,-9.32018
24.86873,-0.2668,0.59541,-8.70592
24.87876,-0.24391,0.30167,-8.19326
24.8888,-0.14664,-0.04863,-8.43223
24.89884,0.08185,-0.31364,-9.20316
24.90888,0.10415,-0.57341,-10.19406
24.91892,0.06345,-0.72006,-11.34208
24.92895,0.06449,-0.68474,-12.46227
24.93899,-0.07706,-0.56548,-13.10721
24.94903,-0.14784,-0.30721,-13.15359
24.95906,-0.09592,0.05088,-13.26627
24.9691,0.12046,0.49141,-13.72207
24.97914,-0.06928,1.18663,-14.52772
24.98918,-0.63551,2.02549,-15.61394
24.99922,-0.46193,2.03791,-16.67412
25.00925,0.02753,1.68851,-17.42036
25.01929,0.30631,1.80762,-17.85745
25.02933,0.39669,1.81914,-18.21568
25.03936,0.22505,1.68716,-18.53501
25.0494,-0.24989,1.80403,-18.85314
25.05944,-0.27743,1.63464,-19.68153
25.06948,0.10849,1.01484,-20.31241
25.07951,0.23254,0.92252,-20.82282
25.08955,0.13707,0.96606,-21.24585
25.09959,0.13527,0.84336,-21.80025
25.10963,0.24122,0.84261,-22.09549
25.11967,0.42811,1.15715,-22.04297
25.1297,0.56997,1.37203,-21.94735
25.13974,0.59601,1.27581,-21.57954
25.14978,0.47495,1.16448,-20.76222
25.15982,0.25902,1.1555,-19.70338
25.16985,0.11148,1.22015,-18.48698
25.17989,0.0618,1.15909,-17.27476
25.18993,-0.04354,0.96786,-16.31693
25.19997,-0.33878,0.85278,-15.55588
25.21,-0.54708,0.9701,-14.92485
25.22004,-0.79727,1.13036,-14.54672
25.23008,-0.96636,1.28988,-14.27258
25.24012,-0.95768,1.35168,-13.78447
25.25015,-0.95349,1.24558,-13.33885
25.26019,-1.04507,0.89019,-12.98899
25.27023,-1.03759,0.52209,-12.85821
25.28027,-1.06422,0.35883,-13.0264
25.2903,-0.93568,0.58433,-13.3999
25.30034,-0.69387,0.93883,-13.78671
25.31038,-0.56219,1.60052,-13.93799
25.32042,-0.44921,2.33599,-14.29533
25.33045,-0.72844,2.09792,-14.56438
25.34049,-1.14847,1.93018,-14.24415
25.35053,-1.18229,1.57838,-13.58784
25.36057,-0.80595,1.33626,-12.29587
25.3706,-0.33055,1.35557,-10.30629
25.38064,-0.12046,1.38295,-8.07863
25.39068,-0.2276,1.29422,-5.87522
25.40072,-0.09203,1.24588,-4.40458
25.41075,0.72514,1.45059,-3.66373
25.42079,1.31412,1.39328,-3.84359
25.43083,1.53528,1.51927,-4.69338
25.44087,1.40914,1.63913,-5.40057
25.4509,1.1338,1.86209,-6.11988
25.46094,0.98506,1.8787,-6.586
25.47098,0.6801,1.63584,-6.01558
25.48102,0.09876,1.14458,-4.66286
25.49105,-0.28177,0.58179,-3.22708
25.50109,-0.27818,0.35015,-1.91985
25.51113,-0.07317,0.47704,-1.06781
25.52117,0.23314,0.48782,-0.73996
25.53121,0.52657,0.30122,-0.9918
25.54124,0.64509,0.07512,-1.57119
25.55128,0.66679,-0.17762,-2.19054
25.56132,0.57596,-0.42332,-2.97255
25.57136,0.38427,-0.54633,-3.54342
25.58139,0.10804,-0.66484,-3.83985
25.59143,-0.30152,-0.72948,-3.62048
25.60147,-0.67442,-0.9083,-2.97749
25.6115,-1.03235,-1.13141,-2.40408
25.62154,-1.29721,-1.22613,-2.22526
25.63158,-1.36948,-1.23451,-2.34048
25.64162,-1.36859,-1.23631,-2.54189
25.65165,-1.34464,-1.12498,-2.79987
25.66169,-1.18064,-1.05495,-2.92272
25.67173,-0.81582,-1.01903,-3.06323
25.68177,-0.49754,-1.0732,-3.25133
25.69181,-0.40223,-1.05435,-3.37732
25.70184,-0.35075,-1.11839,-3.2627
25.71188,-0.38876,-1.30304,-2.98422
25.72192,-0.61366,-1.20653,-2.90207
25.73196,-0.89319,-0.85144,-3.27691
25.74199,-1.02307,-0.45684,-3.78508
25.75203,-1.05629,-0.06464,-4.26377
25.76207,-0.9502,0.23673,-4.6437
25.77211,-0.60229,0.34806,-4.88163
25.78214,-0.11013,0.15353,-4.9548
25.79218,0.48842,-0.17074,-5.04533
25.80222,0.86401,-0.37978,-5.36286
25.81226,0.65885,-0.45639,-5.81462
25.82229,0.09906,-0.28117,-6.14367
25.83233,-0.51386,0.12091,-6.3367
25.84237,-0.98671,0.27414,-6.31366
25.85241,-0.9891,0.17343,-6.34179
25.86244,-0.43769,-0.07796,-6.82452
25.87248,0.10415,-0.23343,-7.76874
25.88252,0.24346,-0.20755,-8.60267
25.89256,0.24421,0.10759,-8.87426
25.90259,0.01212,0.45999,-8.54984
25.91263,-0.28057,0.61262,-8.25221
25.92267,-0.47884,0.84665,-8.25566
25.93271,-0.34192,0.9722,-8.84672
25.94274,0.29673,0.83887,-10.09156
25.95278,0.66903,0.73367,-11.27774
25.96282,0.50757,0.993,-12.33373
25.97286,0.36736,1.46405,-13.03448
25.98289,0.39355,1.85042,-13.02476
25.99293,0.12704,2.0213,-12.85207
26.00297,-0.12794,1.87885,-12.90759
26.01301,-0.0226,1.70781,-13.21061
26.02304,0.29718,1.43054,-13.69962
26.03308,0.79862,1.36829,-14.26136
26.04312,1.43039,1.68671,-14.62513
26.05316,1.73954,2.06934,-14.98411
26.06319,1.47617,2.16077,-15.15305
26.07323,0.72694,2.00784,-15.25525
26.08327,0.01422,1.7557,-15.49991
26.09331,-0.28162,1.42769,-15.96618
26.10334,-0.15712,1.24139,-16.54618
26.11338,0.10594,1.27506,-17.07949
26.12342,0.25648,1.34764,-17.45897
26.13346,0.04369,1.46361,-17.65035
26.14349,-0.3304,1.65155,-17.82154
26.15353,-0.66409,1.77994,-17.96055
26.16357,-0.98327,1.8172,-18.09777
26.17361,-1.09759,1.7762,-18.21209
26.18365,-1.12498,1.756,-18.21359
26.19368,-1.16463,1.73385,-18.01771
26.20372,-1.18513,1.80553,-17.76198
26.21376,-1.3017,1.90863,-17.66068
26.2238,-1.5468,1.90668,-17.62881
26.23383,-1.68477,1.97836,-17.60861
26.24387,-1.68013,2.24247,-17.39522
26.25391,-1.53064,2.34093,-17.08128
26.26395,-1.3002,2.27045,-16.61022
26.27398,-1.15984,2.21134,-15.92743
26.28402,-1.27491,2.12665,-15.23431
26.29406,-1.54336,1.95487,-14.56528
26.3041,-1.82902,1.67295,-13.94278
26.31413,-2.04689,1.34419,-13.4397
26.32417,-2.32357,0.97279,-13.06516
26.33421,-2.64514,0.85578,-12.91223
26.34425,-2.93724,1.04896,-12.78997
26.35428,-2.94158,1.43592,-12.75137
26.36432,-2.62195,1.87541,-12.66607
26.37436,-2.24711,2.13009,-12.74269
26.3844,-1.7141,2.15807,-12.83771
26.39443,-0.83079,2.21015,-12.81601
26.40447,-0.03187,2.42757,-12.59874
26.41451,0.54588,2.54399,-12.16254
26.42455,1.07006,2.50433,-11.45536
26.43458,1.57808,2.15254,-10.87506
26.44462,2.08355,2.0243,-10.33592
26.45466,2.53711,2.21344,-10.03156
26.4647,3.01161,2.30412,-10.33562
26.47473,3.25761,2.41979,-10.70702
26.48477,3.41727,2.4358,-10.86115
26.49481,3.51753,2.3535,-10.71884
26.50485,3.72568,2.31624,-10.09336
26.51488,3.91721,2.09223,-9.27544
26.52492,3.93427,1.70228,-8.48894
26.53496,3.8626,1.28209,-7.86809
26.545,3.74857,1.11944,-7.21972
26.55503,3.42999,1.04492,-6.87704
26.56507,2.98347,0.81298,-6.83589
26.57511,2.75647,0.57775,-6.72831
26.58515,2.5588,0.33444,-6.49831
26.59518,2.23708,0.0202,-6.20727
26.60522,1.95038,-0.32816,-5.96022
26.61526,1.76722,-0.61591,-5.54841
26.6253,1.72038,-0.84485,-5.12314
26.63533,1.25381,-1.30065,-4.39156
26.646,1.25381,-1.30065,-4.39156
26.65604,1.05494,-1.60097,-4.3365
26.66607,1.04642,-1.7982,-4.23789
26.67611,1.21775,-1.65469,-3.95028
26.68615,1.45942,-1.45178,-3.63185
26.69619,1.54321,-1.45268,-3.3667
26.70622,1.51463,-1.56222,-3.35188
26.71626,1.29481,-1.66696,-3.40695
26.7263,0.98866,-1.82408,-3.62707
26.73634,0.70764,-1.91835,-4.02061
26.74637,0.42332,-2.16705,-4.44813
26.75641,0.09846,-2.48354,-4.96258
26.76645,-0.1049,-2.85359,-5.32126
26.77649,-0.22161,-3.2618,-5.56787
26.78652,-0.38292,-3.60297,-5.56517
26.79656,-0.4139,-3.74663,-5.60498
26.8066,-0.35733,-3.70084,-5.88959
26.81664,-0.36182,-3.63979,-6.12886
26.82667,-0.38981,-3.6124,-6.35436
26.83671,-0.39534,-3.60267,-6.69643
26.84675,-0.32412,-3.59834,-6.85475
26.85679,-0.15502,-3.61165,-7.11632
26.86683,0.03083,-3.60417,-7.51914
26.87686,0.01317,-3.45528,-7.72175
26.8869,-0.03472,-3.20599,-8.00157
26.89694,-0.0835,-2.98332,-8.43702
26.90698,-0.16131,-2.81588,-8.69559
26.91701,-0.30421,-2.69422,-8.80288
26.92705,-0.34162,-2.54369,-8.95267
26.93709,-0.31648,-2.41605,-9.09886
26.94713,-0.26635,-2.2712,-9.17234
26.95716,-0.17268,-2.05452,-9.24042
26.9672,-0.28296,-1.96504,-9.26511
26.97724,-0.38307,-1.85341,-9.22606
26.98727,-0.41569,-1.77919,-9.21932
26.99731,-0.48602,-1.7768,-9.45949
27.00735,-0.50757,-1.81495,-9.69547
27.01739,-0.41779,-1.73684,-9.69412
27.02743,-0.23373,-1.47603,-9.57845
27.03746,-0.07976,-1.24139,-9.47012
27.0475,0.11328,-1.08742,-9.30925
27.05754,0.29075,-0.96696,-9.08181
27.06758,0.3301,-0.96546,-8.84987
27.07761,0.19603,-1.14892,-8.78403
27.08765,0.06075,-1.42365,-8.71429
27.09769,-0.05148,-1.51613,-8.58396
27.10773,-0.10385,-1.302,-8.59324
27.11776,-0.02589,-0.98641,-8.66013
27.1278,0.12614,-0.64479,-8.63379
27.13784,0.39519,-0.23942,-8.44435
27.14788,0.72006,0.00718,-8.14507
27.15791,0.82585,0.04714,-7.95114
27.16795,0.83049,0.0832,-8.01175
27.17799,0.89034,0.12255,-8.02866
27.18803,0.84815,0.08918,-8.00172
27.19806,0.74789,0.08155,-8.06382
27.2081,0.90965,0.19887,-8.02117
27.21814,1.33297,0.52822,-7.61461
27.22818,1.49862,0.76435,-6.80911
27.23821,1.1974,0.70823,-6.24049
27.24825,0.74669,0.39639,-6.44399
27.25829,0.46852,-0.0208,-7.39913
27.26833,0.51236,-0.15203,-8.19415
27.27836,0.73203,0.01451,-8.44689
27.2884,0.87194,0.09008,-8.14941
27.29844,0.75896,-0.07811,-7.59186
27.30848,0.43814,-0.32875,-6.89111
27.31914,0.43814,-0.32875,-6.89111
27.32918,-0.0422,-0.32127,-7.16974
27.33922,-0.31574,-0.05522,-7.91343
27.34925,-0.29987,0.23314,-8.6519
27.35929,-0.09248,0.47615,-9.09273
27.36933,0.13318,0.59421,-9.33529
27.37937,-0.05477,0.44592,-9.4122
27.3894,-0.26366,0.31574,-9.4987
27.39944,-0.24137,0.34536,-9.41984
27.40948,-0.13153,0.52209,-9.41894
27.41952,0.24825,0.95514,-10.01764
27.42955,0.48917,1.59199,-10.94569
27.43959,0.27623,2.26477,-11.87898
27.44963,-0.03995,2.39615,-12.65395
27.45967,-0.45625,1.65499,-12.92869
27.4697,-0.77004,0.73427,-12.74538
27.47974,-0.75477,0.37095,-12.27238
27.48978,-0.73248,0.41958,-11.96637
27.49982,-0.84635,0.69537,-12.26729
27.50985,-0.69656,1.21386,-12.64677
27.51989,-0.31813,1.57344,-12.91851
27.52993,-0.23673,1.2574,-13.1503
27.53997,-0.7452,0.38427,-13.35291
27.55,-1.06886,-0.12195,-13.21076
27.56004,-0.9273,0.08499,-12.50432
27.57008,-0.59077,0.61561,-11.684
27.58012,-0.4112,0.94706,-11.01423
27.59015,-0.42527,0.91114,-10.71031
27.60019,-0.31993,0.77632,-10.91367
27.61023,-0.13856,0.61681,-11.22761
27.62027,-0.29269,0.30122,-11.46449
27.6303,-0.52253,0.02903,-11.69717
27.64034,-0.62279,-0.00584,-11.60799
27.65038,-0.69417,0.04953,-11.16775
27.66042,-0.60469,0.10101,-10.84274
27.67045,-0.34147,0.09592,-10.45159
27.68049,-0.04384,0.16804,-10.18927
27.69053,0.14395,0.28551,-10.24688
27.70057,-0.00569,0.34761,-10.26918
27.7106,-0.39923,0.25827,-10.31931
27.72064,-0.72709,0.05387,-10.38156
27.73068,-0.98402,-0.25977,-10.40759
27.74072,-1.36709,-0.77617,-10.21621
27.75076,-1.72831,-1.20758,-9.90481
27.76079,-1.89965,-1.2586,-9.76221
27.77083,-1.90653,-1.00601,-9.85947
27.78087,-1.8377,-0.60813,-10.20843
27.79091,-1.75525,-0.22057,-10.90334
27.80094,-1.91865,0.00748,-12.19008
27.81098,-1.3819,0.27892,-11.85594
27.82102,-0.59391,0.38397,-11.96547
27.83106,-0.37993,0.62369,-11.47825
27.84109,-0.35075,0.66723,-11.01886
27.85113,-0.35689,0.49605,-10.4462
27.86117,-0.41779,0.2704,-9.67033
27.87121,-0.42751,-0.1432,-9.35729
27.88124,-0.70464,-0.00898,-8.93965
27.89128,-0.85862,-0.21518,-8.77864
27.90132,-0.89723,-0.59616,-8.95357
27.91136,-0.58688,-0.47271,-9.26032
27.92139,-0.70045,-0.35434,-9.60075
27.93143,-0.92371,-0.31095,-9.93594
27.94147,-1.10911,-0.32591,-10.04532
27.95151,-1.25292,-0.43829,-10.01929
27.96154,-1.20787,-0.5366,-9.97589
27.97158,-1.30604,-0.53241,-10.15067
27.98162,-1.42275,-0.4968,-10.25736
27.99166,-1.5296,-0.47091,-10.27681
28.00169,-1.65619,-0.50578,-10.20484
28.01173,-1.82109,-0.42318,-9.90526
28.02177,-1.79401,-0.24391,-9.66165
28.03181,-1.81959,-0.10235,-9.56334
28.04184,-1.91506,-0.00853,-9.72839
28.05188,-1.89321,0.03636,-9.92801
28.06192,-1.87316,0.07377,-10.2611
28.07196,-1.81346,0.06375,-10.75535
28.08199,-1.80238,0.01437,-11.09817
28.09203,-1.73789,-0.00883,-11.25739
28.10207,-1.66068,-0.00748,-11.15982
28.11211,-1.61923,-0.09756,-10.9198
28.12215,-1.57628,-0.26606,-10.65719
28.13218,-1.43338,-0.38202,-10.39682
28.14222,-1.37801,-0.47121,-10.22549
28.15226,-1.37816,-0.5586,-10.09306
28.16229,-1.3819,-0.59137,-10.02228
28.17233,-1.36634,-0.59017,-10.01884
28.18237,-1.35018,-0.58748,-10.06403
28.19241,-1.31606,-0.66394,-10.16443
28.20245,-1.19201,-0.70794,-10.26708
28.21248,-1.20174,-0.65975,-10.31362
28.22252,-1.24184,-0.55426,-10.31946
28.23256,-1.23481,-0.4537,-10.31916
28.24259,-1.15071,-0.39893,-10.28998
28.25263,-1.00227,-0.39205,-10.18014
28.26267,-0.87463,-0.37634,-9.99759
28.27271,-0.81029,-0.27758,-9.81039
28.28274,-0.8872,-0.22116,-9.68724
28.29278,-0.90531,-0.10549,-9.5596
28.30282,-0.87403,0.03262,-9.38916
28.31286,-0.89498,0.2291,-9.36612
28.3229,-0.94481,0.43964,-9.54269
28.33293,-0.94661,0.56623,-9.67228
28.34297,-0.95379,0.59197,-9.71507
28.35301,-0.92296,0.59002,-9.64624
28.36305,-0.81178,0.63865,-9.73497
28.37308,-0.78679,0.75791,-9.89553
28.38312,-0.78335,0.79203,-9.98936
28.39316,-0.77228,0.744,-9.95135
28.4032,-0.67666,0.67546,-9.86142
28.41323,-0.54917,0.65496,-9.80261
28.42327,-0.58748,0.7015,-9.953
28.43331,-0.73218,0.79323,-9.95045
28.44335,-0.8474,0.79278,-9.74979
28.45338,-0.83184,0.67038,-9.64474
28.46342,-0.66978,0.5767,-9.5195
28.47346,-0.54393,0.56488,-9.53566
28.4835,-0.52822,0.62803,-9.66599
28.49353,-0.56009,0.66529,-9.68185
28.50357,-0.54917,0.65526,-9.52234
28.51361,-0.49291,0.57147,-9.42882
28.52365,-0.47405,0.47465,-9.39275
28.53368,-0.54708,0.39953,-9.28666
28.54372,-0.60603,0.3916,-9.37943
28.55376,-0.56159,0.39938,-9.58833
28.5638,-0.53451,0.45759,-9.83897
28.57383,-0.54363,0.50278,-9.99445
28.58387,-0.54453,0.4965,-10.14977
28.59391,-0.61501,0.5348,-10.25466
28.60395,-0.73278,0.60768,-10.20932
28.61398,-0.84216,0.64359,-10.16383
28.62402,-0.85877,0.61561,-10.08273
28.63406,-0.84081,0.6201,-9.99609
28.6441,-0.81852,0.57236,-9.87982
28.65413,-0.79488,0.54214,-9.91469
28.66417,-0.78395,0.57251,-9.95539
28.67421,-0.77692,0.65062,-9.95015
28.68425,-0.7425,0.71332,-9.99819
28.69428,-0.81717,0.81238,-9.99938
28.70432,-0.91339,0.81044,-9.9702
28.71436,-0.98536,0.74983,-9.98577
28.7244,-1.01035,0.74654,-9.94895
28.73443,-1.02666,0.77288,-9.76281
28.74447,-0.96157,0.81238,-9.61242
28.75451,-0.88002,0.83752,-9.52578
28.76455,-0.87314,0.8447,-9.51456
28.77458,-0.86999,0.81672,-9.59746
28.78462,-0.8676,0.83932,-9.62574
28.79466,-0.81807,0.87358,-9.64399
28.8047,-0.79473,0.88436,-9.51022
28.81473,-0.72859,0.89064,-9.40622
28.82477,-0.64688,0.84336,-9.43705
28.83481,-0.62369,0.79263,-9.45186
28.84485,-0.65766,0.79966,-9.48882
28.85489,-0.67726,0.81508,-9.45755
28.86492,-0.68953,0.81134,-9.48059
28.87496,-0.71467,0.79113,-9.57037
28.885,-0.74265,0.81732,-9.6205
28.89504,-0.73397,0.88331,-9.72225
28.90507,-0.69088,0.92745,-9.77163
28.91511,-0.6795,0.99314,-9.8267
28.92515,-0.69926,0.97324,-9.93145
28.93519,-0.71691,0.90052,-10.06088
28.94522,-0.69387,0.84605,-10.14094
28.95526,-0.63626,0.78111,-10.27038
28.9653,-0.62369,0.69567,-10.39054
28.97534,-0.61052,0.66903,-10.3645
28.98537,-0.61277,0.58733,-10.44725
28.99541,-0.66798,0.48228,-10.52237
29.00545,-0.71766,0.41689,-10.5104
29.01549,-0.7039,0.39235,-10.49079
29.02552,-0.63701,0.35225,-10.52775
29.03556,-0.56368,0.28985,-10.57549
29.0456,-0.49231,0.23448,-10.70492
29.05564,-0.4745,0.1652,-10.817
29.06567,-0.50009,0.18271,-10.79456
29.07571,-0.52957,0.16924,-10.82897
29.08575,-0.56114,0.13587,-10.90738
29.09579,-0.49425,0.05926,-11.02096
29.10582,-0.40552,-0.05701,-11.09308
29.11586,-0.31065,-0.18645,-11.05029
29.1259,-0.22027,-0.37858,-10.90589
29.13594,-0.02035,-0.68938,-10.82194
29.14597,-0.13408,-1.0509,-10.73979
29.15601,0.12899,-1.06392,-10.53823
29.16605,0.31933,-1.00108,-10.49498
29.17609,0.2683,-1.33462,-10.92878
29.18612,0.42707,-1.2194,-11.01782
29.19616,0.27369,-1.50131,-11.54155
29.2062,0.38517,-1.32923,-11.38114
29.21624,1.10792,-0.15697,-10.6747
29.22627,1.09939,-0.20231,-10.99328
29.23631,0.94885,-0.36167,-10.96664
29.24635,0.73652,-0.34432,-10.88045
29.25639,0.36467,-0.02035,-11.00854
29.26642,-0.20261,-0.11702,-10.23042
29.27646,-0.35135,-0.10744,-10.12149
29.2865,-0.36003,0.16355,-10.44456
29.29654,-0.21787,0.27339,-11.09099
29.30658,0.00434,0.35718,-11.70824
29.31661,0.04295,0.62638,-12.17107
29.32665,0.16924,0.90456,-12.4898
29.33669,0.00569,1.06347,-12.4925
29.34673,-0.29763,1.25935,-12.00438
29.35676,-0.56473,1.30634,-11.56579
29.3668,-0.75851,1.24484,-11.56115
29.37684,-0.97654,1.34614,-11.76226
29.38688,-1.20533,1.61309,-12.01934
29.39691,-1.26997,1.84563,-11.96397
29.40695,-1.1965,1.84473,-11.87434
29.41699,-1.488,1.45867,-12.05765
29.42703,-1.78877,1.16418,-11.80446
29.43706,-1.82154,1.17226,-11.6873
29.4471,-1.88588,1.23152,-11.87763
29.45714,-1.96684,1.18827,-11.96263
29.46718,-1.92464,0.98297,-11.83604
29.47721,-1.98779,0.90531,-11.32128
29.48725,-2.15987,1.16179,-11.09802
29.49729,-2.00963,1.63883,-11.49965
29.50733,-1.72757,2.09837,-12.21387
29.51736,-1.63719,2.3526,-12.89457
29.5274,-1.66621,2.4171,-13.04526
29.53744,-1.80179,2.20476,-12.68658
29.54748,-1.8178,1.64257,-12.48412
29.55751,-1.60322,0.94137,-12.52212
29.56755,-1.4645,0.46433,-12.30171
29.57759,-1.46675,0.11148,-11.68161
29.58763,-1.57494,-0.26546,-10.45443
29.59766,-1.76378,-0.59466,-9.29639
29.6077,-1.96983,-0.89199,-8.48191
29.61774,-1.99153,-1.07679,-7.93169
29.62778,-1.73984,-1.06392,-8.14118
29.63781,-1.38579,-0.85832,-8.80917
29.64785,-1.06602,-0.31948,-9.38692
29.65789,-0.7826,0.29538,-9.89524
29.66793,-0.71632,0.88361,-10.23102
29.67796,-0.72993,1.35721,-10.45174
29.688,-1.05958,1.57374,-10.74682
29.69804,-1.51688,1.60816,-11.11583
29.70808,-1.61399,1.49623,-11.22147
29.71812,-1.54635,1.47094,-10.70986
29.72815,-1.44131,1.66577,-9.3935
29.73819,-1.37921,1.88843,-8.01205
29.74823,-1.58945,2.24007,-7.26027
29.75827,-1.77156,2.58798,-7.16899
29.7683,-1.5673,2.66864,-7.47021
29.77834,-1.30289,2.58469,-7.74928
29.78838,-1.15924,2.47531,-7.8051
29.79842,-1.10807,2.23678,-7.49684
29.80845,-1.15251,1.86912,-6.8757
29.81849,-1.19605,1.5088,-5.93059
29.82853,-1.52421,1.27686,-5.02483
29.83857,-1.95591,1.19216,-4.44334
29.8486,-2.11079,1.09819,-4.46878
29.85864,-1.86149,0.98043,-4.60091
29.86868,-1.60097,0.98836,-4.55497
29.87872,-1.36844,0.79024,-4.2536
29.88875,-1.17705,0.35225,-3.4466
29.89879,-1.11929,-0.03382,-3.01879
29.90883,-1.08113,-0.30317,-3.25611
29.91887,-0.90052,-0.40537,-3.67031
29.9289,-0.86939,-0.54992,-4.09663
29.93894,-1.02382,-0.6174,-4.5231
29.94898,-1.0135,-0.59182,-4.78137
29.95902,-0.80221,-0.33534,-4.69533
29.96906,-0.8667,-0.03502,-4.62934
29.97909,-1.04148,-0.01885,-4.48209
29.98913,-1.14518,-0.11343,-4.21185
29.99917,-1.04327,-0.11881,-3.95193
30.00921,-0.8658,-0.15682,-3.6531
30.01924,-0.73816,-0.32426,-3.49913
30.02928,-0.84231,-0.6385,-3.65729
30.03932,-0.96935,-0.73173,-3.83611
30.04935,-1.12138,-0.71257,-3.95387
30.05939,-1.37442,-0.60169,-4.12641
30.06943,-1.62791,-0.40701,-4.22188
30.07947,-1.9595,-0.21114,-4.34592
30.0895,-2.2094,0.02319,-4.64176
30.09954,-2.15747,0.3696,-4.77883
30.10958,-1.81421,0.78485,-4.68964
30.11962,-1.39747,1.02711,-4.45875
30.12966,-1.17301,1.08652,-4.35924
30.13969,-1.23556,1.24678,-4.3579
30.14973,-1.27357,1.92524,-4.41012
30.15977,-1.65828,1.82663,-4.71179
30.16981,-2.28796,1.4244,-4.87908
30.17984,-2.27838,1.38175,-5.32455
30.18988,-1.84428,1.77455,-5.86909
30.19992,-1.17825,1.8998,-6.36454
30.20996,-0.86176,1.54351,-7.12066
30.21999,-0.96262,1.18124,-7.38536
30.23003,-1.12946,1.1151,-7.26805
30.24007,-0.81717,0.78141,-7.4325
30.25011,-0.00045,0.26411,-7.86465
30.26014,0.41629,-0.01212,-8.06158
30.27018,0.75477,-0.0627,-7.86495
30.28022,0.96262,-0.31903,-7.49999
30.29026,1.41871,-0.64733,-7.17243
30.30029,1.83007,-1.36694,-7.31174
30.31033,1.71754,-1.97342,-7.50477
30.32037,1.37831,-0.70165,-7.6399
30.33041,2.20715,-0.0422,-8.71504
30.34044,3.40022,-0.48019,-10.76882
30.35048,3.91632,-0.92446,-12.33478
30.36052,3.2003,-1.04282,-12.78204
30.37056,1.99467,-1.02247,-12.8428
30.38059,1.2372,-0.85249,-12.52646
30.39063,0.89543,-0.99135,-12.06498
30.40067,1.29811,-0.65182,-13.53517
30.41071,2.44059,0.14006,-16.4127
30.42075,3.58891,0.90441,-20.56305
30.43078,3.94071,1.46211,-23.91852
30.44082,3.6757,1.61803,-24.85795
30.45086,2.9947,1.47977,-24.97467
30.4609,2.08655,1.22194,-25.15498
30.47093,1.51837,1.00975,-25.61362
30.48097,1.28329,0.98207,-26.16129
30.49101,0.98252,0.81986,-26.53
30.50104,0.60708,0.47121,-26.13406
30.51108,0.29344,0.06644,-25.13373
30.52112,0.07362,-0.11672,-23.9275
30.53116,-0.0829,-0.05133,-22.52211
30.5412,-0.21772,0.05776,-21.29627
30.55123,-0.34895,0.05791,-20.40144
30.56127,-0.42258,0.00958,-19.75905
30.57131,-0.54513,-0.02095,-19.10468
30.58135,-0.86595,-0.03516,-18.18037
30.59138,-1.36021,-0.1254,-17.33552
30.60142,-1.71066,-0.26067,-16.54438
30.61146,-1.66547,-0.27025,-15.76552
30.6215,-1.61474,-0.27937,-15.4839
30.63153,-1.90429,-0.08529,-15.26049
30.64157,-2.26058,0.37484,-14.75008
30.65224,-2.27569,0.81687,-14.05471
30.66227,-2.2097,1.30753,-13.53337
30.67231,-2.07996,1.13141,-14.1647
30.68235,-2.31011,1.0343,-14.48672
30.69239,-2.45855,1.10717,-13.96972
30.70242,-2.1681,0.89214,-12.85671
30.71246,-1.53259,0.5354,-11.37156
30.7225,-0.80026,0.3518,-9.98382
30.73254,-0.22176,0.4763,-8.96733
30.74257,0.24945,0.59705,-8.03898
30.75261,0.46747,0.54019,-7.38117
30.76265,0.61097,0.52014,-7.16405
30.77269,0.61142,0.58194,-7.23707
30.78272,0.46328,0.63117,-7.22136
30.79276,0.23987,0.68639,-7.01112
30.8028,0.13213,0.91668,-6.46764
30.81284,0.24795,1.37412,-5.68982
30.82287,0.56578,1.72368,-4.63428
30.83291,0.88017,1.7141,-3.59699
30.84295,1.08727,1.46824,-3.11097
30.85299,1.19037,1.31442,-3.04707
30.86302,1.12393,1.26204,-3.06907
30.87306,0.88825,1.07889,-3.10139
30.8831,0.62219,0.73861,-3.10947
30.89314,0.7826,0.48363,-2.92931
30.90317,0.84231,0.38068,-2.53696
30.91321,0.87179,0.18226,-2.22586
30.92325,0.97803,-0.03397,-1.93092
30.93329,0.99584,-0.22101,-1.76198
30.94332,0.95544,-0.28012,-1.59394
30.95336,0.89708,-0.23538,-1.50655
30.9634,0.85503,-0.23269,-1.4865
30.97344,0.75118,-0.30077,-1.36305
30.98347,0.48378,-0.45191,-1.27042
30.99351,0.20201,-0.61187,-1.21311
31.00355,0.21428,-0.7015,-1.23526
31.01359,0.34222,-0.6593,-1.22553
31.02362,0.38532,-0.62249,-1.2164
31.03366,0.38202,-0.71646,-1.41198
31.0437,0.33698,-0.89229,-1.76438
31.05374,0.31229,-0.88825,-2.08116
31.06377,0.25543,-0.91354,-2.40423
31.07381,0.25663,-0.95454,-2.44433
31.08385,0.28326,-0.91638,-2.24561
31.09389,0.20246,-0.94317,-2.16735
31.10393,-0.02379,-1.06557,-2.30921
31.11396,-0.21847,-1.0955,-2.39046
31.124,-0.34506,-1.0521,-2.50882
31.13404,-0.34476,-0.96127,-2.87125
31.14408,-0.19992,-0.90112,-3.44989
31.15411,0.01466,-0.83154,-4.06491
31.16415,0.32157,-0.79502,-4.65732
31.17419,0.42003,-0.71991,-5.18195
31.18423,0.34342,-0.4938,-5.37783
31.19426,0.2288,-0.31244,-5.42481
31.2043,-0.09292,-0.3699,-5.76673
31.21434,-0.7238,-0.70524,-6.47676
31.22438,-1.22089,-0.90426,-7.5377
31.23441,-1.40884,-0.70524,-8.81994
31.24445,-1.22359,-0.31768,-9.69906
31.25449,-0.74564,0.07242,-9.81638
31.26453,-0.27204,0.48887,-9.24835
31.27456,0.05192,0.93269,-8.7113
31.2846,0.05926,1.07993,-8.67733
31.29464,-0.17657,0.86281,-8.96898
31.30468,-0.69103,0.64419,-9.95808
31.31471,-1.01918,0.52553,-11.37515
31.32538,0.15637,1.58062,-12.65021
31.33542,0.15637,1.58062,-12.65021
31.34545,1.0717,2.20506,-13.21749
31.35549,1.57045,2.43011,-14.01012
31.36553,1.54935,2.23978,-14.52308
31.37557,1.14817,1.78084,-14.80485
31.3856,1.07904,1.66726,-14.86111
31.39564,1.31876,2.07981,-15.05624
31.40568,1.43039,2.69423,-15.53657
31.41572,1.37038,3.10363,-16.21518
31.42576,1.18184,3.18638,-17.1139
31.43579,1.14054,3.29622,-17.72532
31.44583,1.28045,3.46231,-17.95936
31.45587,1.45807,3.47803,-17.9405
31.4659,1.35407,3.35877,-17.69869
31.47594,1.11854,3.40246,-17.77186
31.48598,0.94751,3.63156,-17.99856
31.49602,0.78904,3.76039,-18.13907
31.50605,0.63431,3.62362,-18.19997
31.51609,0.44682,3.49568,-18.20386
31.52613,0.33983,3.44196,-18.21
31.53617,0.30676,3.49149,-18.29559
31.54621,0.19243,3.6739,-18.36263
31.55624,0.03546,3.83297,-18.23005
31.56628,-0.05477,3.91901,-18.03672
31.57632,-0.15338,3.84359,-17.79775
31.58636,-0.29538,3.49164,-17.50386
31.59639,-0.4353,2.99993,-17.03849
31.60643,-0.60798,2.60878,-16.54992
31.61647,-0.76076,2.46902,-16.14829
31.62651,-0.94062,2.43161,-15.81999
31.63654,-1.09834,2.39615,-15.41148
31.64658,-1.18244,2.36173,-15.06207
31.65662,-1.15939,2.36502,-14.79168
31.66666,-1.1549,2.24337,-14.52592
31.67669,-1.17765,2.0433,-14.2051
31.68673,-1.258,1.91102,-13.90941
31.69677,-1.32384,1.74762,-13.65189
31.70681,-1.447,1.58347,-13.30054
31.71684,-1.64152,1.34225,-12.99797
31.72688,-1.73071,1.05824,-12.62896
31.73692,-1.69794,0.73367,-12.22644
31.74696,-1.80732,0.45295,-11.99001
31.75699,-1.90549,0.36736,-12.02682
31.76703,-1.59693,0.43021,-12.31832
31.77707,-1.06153,0.92461,-12.29991
31.78711,-0.7244,1.30394,-12.05301
31.79715,-0.49799,1.33177,-11.56579
31.80718,-0.16804,1.25351,-10.62771
31.81722,0.33728,1.49608,-9.86531
31.82726,0.72125,1.92793,-9.23488
31.8373,0.95888,2.28796,-8.56451
31.84733,1.23406,2.48862,-8.00172
31.85737,1.62387,2.37849,-7.27164
31.86741,2.01756,2.1663,-6.47437
31.87744,2.50748,2.12815,-5.81746
31.88748,3.01146,2.2091,-5.34161
31.89752,3.33378,2.28182,-5.06718
31.90756,3.46381,2.19728,-4.98907
31.9176,3.45962,1.99332,-4.85843
31.92763,3.23337,1.68342,-4.75788
31.93767,2.88397,1.47303,-4.85035
31.94771,2.5998,1.36125,-5.01944
31.95775,2.29978,1.16059,-4.789
31.96778,2.2932,0.89034,-4.37032
31.97782,2.11228,0.57655,-4.17399
31.98786,1.74837,0.23254,-4.07613
31.9979,1.49443,-0.04354,-4.22906
32.00793,1.10986,-0.09203,-4.44903
32.01797,0.83184,-0.16355,-4.75937
32.02801,0.78859,-0.24855,-4.86472
32.03805,0.74475,-0.34192,-4.79813
32.04808,0.59496,-0.55531,-4.80816
32.05812,0.36931,-0.72185,-4.75818
32.06816,0.12794,-0.7865,-4.65283
32.0782,-0.08021,-0.75163,-4.55123
32.08823,-0.20874,-0.56354,-4.48808
32.09827,-0.22491,-0.42901,-4.55736
32.10831,-0.10699,-0.51849,-4.78152
32.11835,0.08469,-0.53301,-5.13018
32.12838,0.15413,-0.3708,-5.4917
32.13842,0.21563,-0.04429,-5.93957
32.14846,0.33668,0.28177,-6.34613
32.1585,0.32007,0.51071,-6.77095
32.16853,0.10654,0.49261,-7.02997
32.17857,-0.07542,0.25887,-7.14265
32.18861,-0.15218,0.01691,-7.20415
32.19865,-0.07676,0.00628,-7.29573
32.20868,0.13378,0.23089,-7.52797
32.21872,0.30616,0.56728,-7.71127
32.22876,0.33743,0.90695,-7.87483
32.2388,0.50607,1.06467,-7.92271
32.24883,0.86341,1.09026,-7.92226
32.25887,1.09385,1.13635,-7.83098
32.26891,1.37008,1.37861,-7.85104
32.27895,1.57419,1.82408,-7.8262
32.28899,1.6707,1.99721,-7.80824
32.29902,1.29212,1.74283,-7.90341
32.30906,0.83827,1.08368,-7.92765
32.3191,0.88301,0.15592,-7.72115
32.32914,0.97414,-0.56638,-7.55835
32.33917,0.94242,-0.76016,-7.41394
32.34921,0.91144,-0.52598,-7.02115
32.35925,0.9517,-0.1013,-6.46779
32.36929,0.93239,0.37709,-6.04087
32.37932,0.83782,0.77482,-5.8616
32.38936,0.98462,0.5583,-6.17928
32.3994,1.10014,-0.16879,-7.01322
32.40944,0.8465,-0.89139,-8.32778
32.41947,0.51864,-1.24124,-9.63576
32.42951,0.2689,-1.06078,-10.46565
32.43955,0.02589,-0.17582,-10.77211
32.44959,0.26486,1.14847,-10.42465
32.45962,1.22643,2.22751,-9.87623
32.46966,1.96549,2.40079,-9.25987
32.4797,1.73654,1.61639,-9.8695
32.48974,0.81762,0.57506,-11.77842
32.49977,-0.1049,0.00314,-14.62483
32.50981,-0.75612,0.53256,-16.5598
32.51985,-0.41884,1.62207,-16.83303
32.52989,0.39624,2.59442,-15.7935
32.53992,1.1971,3.0149,-14.27333
32.54996,1.58601,2.82725,-12.66458
32.56,1.07589,1.90878,-11.46044
32.57004,0.1658,0.21144,-10.83451
32.58007,-0.55516,-1.343,-10.68383
32.59011,-1.04477,-2.2079,-11.26382
32.60015,-1.05899,-2.15239,-12.27881
32.61019,-0.19992,-1.2577,-13.08326
32.62023,0.8055,-0.11148,-13.45107
32.63026,1.1579,0.57865,-13.51317
32.6403,1.07709,0.71931,-13.12561
32.65034,0.64838,0.41719,-12.39972
32.66038,-0.06764,-0.35704,-11.58853
32.67041,-0.88211,-1.2384,-10.85621
32.68045,-0.89513,-1.94604,-10.25377
32.69049,-0.79248,-2.36891,-10.00492
32.70053,-0.79697,-2.34766,-10.37512
32.71056,-0.3491,-1.95247,-10.90843
32.7206,0.08799,-1.45313,-11.63777
32.73064,0.34836,-0.89004,-12.23332
32.74068,0.46911,-0.34506,-12.38401
32.75071,0.29494,0.16056,-12.10478
32.76075,-0.022,0.22939,-12.17661
32.77079,-0.50203,-0.29149,-12.037
32.78083,-0.8052,-1.01858,-11.43815
32.79086,-0.87912,-1.46585,-11.01782
32.8009,-0.88526,-1.51104,-10.83062
32.81094,-0.89229,-1.19052,-10.83975
32.82098,-0.78859,-0.59571,-11.0039
32.83101,-0.53929,0.04788,-11.19214
32.84105,-0.2873,0.49126,-10.98669
32.85109,-0.19977,0.65317,-10.44889
32.86113,-0.24705,0.60513,-10.11131
32.87116,-0.1839,0.61307,-9.74545
32.8812,-0.05432,0.58284,-9.42612
32.89124,0.15188,0.47764,-9.32616
32.90128,0.29883,0.3907,-9.23563
32.91131,0.26022,0.2478,-9.16171
32.92135,0.16894,0.15054,-9.38377
32.93139,0.24226,0.14545,-9.49376
32.94143,0.25753,0.21473,-9.48643
32.95147,0.18226,0.31768,-9.70654
32.9615,0.2059,0.42587,-9.98502
32.97154,0.23179,0.56398,-10.40206
32.98158,0.28177,0.79682,-10.75191
32.99162,0.31469,0.95155,-10.89362
33.00165,0.33683,0.97504,-10.98834
33.01169,0.24316,0.97923,-10.74383
33.02173,0.15308,0.93942,-10.4459
33.03177,0.1233,0.89004,-10.31228
33.0418,0.10819,0.85323,-10.14528
33.05184,0.07108,0.8263,-10.11356
33.06188,0.08844,0.79487,-10.09799
33.07192,0.17283,0.74594,-10.07061
33.08195,0.12614,0.57281,-9.9723
33.09199,0.08948,0.38876,-9.77178
33.10203,0.10639,0.29389,-9.57531
33.11207,0.17298,0.25394,-9.58997
33.1221,0.22625,0.25274,-9.7245
33.13214,0.28237,0.37783,-9.94836
33.14218,0.3108,0.55605,-10.12837
33.15222,0.35449,0.65571,-10.06537
33.16225,0.43964,0.64883,-10.00881
33.17229,0.48064,0.62025,-10.08019
33.18233,0.48991,0.703,-10.06986
33.19237,0.51999,0.78051,-10.12732
33.2024,0.46058,0.76659,-10.13091
33.21244,0.44757,0.826,-10.08498
33.22248,0.51026,0.93449,-10.17371
33.23252,0.64673,0.95663,-10.19047
33.24255,0.64838,0.93763,-10.10548
33.25259,0.5785,0.87254,-10.14049
33.26263,0.46492,0.80116,-9.92965
33.27267,0.46567,0.81059,-9.46952
33.28271,0.47929,0.83154,-9.42073
33.29274,0.55471,0.77827,-9.83224
33.30278,0.75357,0.75597,-9.99669
33.31282,0.76001,0.86161,-9.91484
33.32286,0.63401,0.78066,-9.89344
33.33289,0.5761,0.66185,-9.61541
33.34293,0.53555,0.57476,-9.32063
33.35297,0.50697,0.38666,-9.35175
33.36301,0.60858,0.36706,-9.54284
33.37304,0.68983,0.44218,-9.52398
33.38308,0.6403,0.42273,-9.395
33.39312,0.49485,0.30077,-9.16096
33.40316,0.46418,0.14814,-8.89057
33.41319,0.61321,0.1227,-8.74273
33.42323,0.60783,0.22969,-8.71549
33.43327,0.69073,0.45849,-9.16231
33.44331,0.84695,0.659,-9.56364
33.45334,0.8034,0.7036,-9.61631
33.46338,0.70195,0.66409,-9.62873
33.47342,0.72395,0.5996,-9.67826
33.48346,0.75328,0.58598,-9.42612
33.49349,0.68504,0.7434,-9.55541
33.50353,0.75926,0.97713,-10.16219
33.51357,0.79757,1.18543,-10.35537
33.52361,0.79323,1.27805,-10.40131
33.53364,0.76585,1.28868,-10.56082
33.54368,0.7443,1.21266,-10.70343
33.55372,0.83288,1.19112,-10.72468
33.56376,0.8887,1.21835,-10.55499
33.57379,0.81792,1.1546,-10.42301
33.58383,0.76839,1.03534,-10.25452
33.59387,0.73966,0.93299,-9.98472
33.60391,0.66544,0.77408,-9.77657
33.61395,0.65092,0.59406,-9.86471
33.62398,0.66813,0.49111,-9.79558
33.63402,0.58808,0.51415,-9.5804
33.64406,0.58852,0.49141,-9.65911
33.65409,0.62489,0.43724,-9.68589
33.66413,0.57745,0.3518,-9.57396
33.67417,0.55845,0.3078,-9.50737
33.68421,0.59077,0.37649,-9.43121
33.69425,0.59137,0.43904,-9.60015
33.70428,0.61905,0.50967,-9.72405
33.71432,0.68175,0.48557,-9.67108
33.72436,0.68175,0.41899,-9.71268
33.7344,0.64269,0.41869,-9.7664
33.74443,0.58508,0.45654,-9.75383
33.75447,0.59556,0.48782,-9.72929
33.76451,0.61681,0.47435,-9.69068
33.77455,0.67651,0.44562,-9.68499
33.78458,0.73966,0.44218,-9.71821
33.79462,0.70285,0.52418,-9.60733
33.80466,0.6801,0.54094,-9.55885
33.8147,0.70135,0.50218,-9.55676
33.82473,0.7033,0.43305,-9.49765
33.83477,0.73861,0.39579,-9.51695
33.84481,0.79892,0.48333,-9.49914
33.85485,0.7648,0.59242,-9.64654
33.86488,0.80161,0.62713,-9.7848
33.87492,0.80625,0.5972,-9.69068
33.88496,0.77363,0.50458,-9.78809
33.895,0.79637,0.473,-9.9313
33.90503,0.80939,0.52463,-9.83044
33.91507,0.79667,0.59556,-9.83658
33.92511,0.80924,0.61486,-9.83344
33.93515,0.82989,0.52927,-9.8068
33.94519,0.79547,0.44233,-9.85663
33.95522,0.7826,0.48887,-9.82251
33.96526,0.81597,0.53301,-9.84556
33.9753,0.80116,0.55845,-9.88102
33.98534,0.76674,0.52568,-9.77403
33.99537,0.72814,0.35359,-9.5171
34.00541,0.68025,0.28012,-9.49196
34.01545,0.69073,0.29778,-9.60045
34.02549,0.67157,0.32247,-9.7052
34.03552,0.64808,0.38053,-9.76759
34.04556,0.65107,0.40253,-9.7233
34.0556,0.6406,0.38023,-9.71836
34.06564,0.64733,0.35778,-9.72525
34.07567,0.66664,0.34147,-9.73288
34.08571,0.67606,0.34102,-9.67811
34.09575,0.64943,0.33863,-9.62155
34.10579,0.61815,0.3521,-9.67676
34.11582,0.65302,0.3696,-9.726
34.12586,0.63506,0.38921,-9.72809
34.1359,0.63297,0.40537,-9.84002
34.14594,0.66679,0.42781,-9.7435
34.15597,0.58299,0.40297,-9.64295
34.16601,0.53675,0.35883,-9.70624
34.17605,0.55905,0.33145,-9.65866
34.18609,0.61471,0.30122,-9.69637
34.19612,0.67711,0.28461,-9.8487
34.20616,0.68938,0.34162,-9.73617
34.2162,0.66933,0.30047,-9.67527
34.22624,0.69013,0.29284,-9.69891
34.23627,0.67023,0.29643,-9.59686
34.24631,0.63985,0.2469,-9.50079
34.25635,0.61277,0.19348,-9.44228
34.26639,0.55501,0.15308,-9.4339
34.27643,0.54752,0.15263,-9.5159
34.28646,0.56189,0.23269,-9.63008
34.2965,0.58778,0.30092,-9.75143
34.30654,0.63012,0.25738,-9.86695
34.31658,0.63282,0.27922,-9.81832
34.32661,0.60259,0.34387,-9.81144
34.33665,0.58583,0.35584,-9.90765
34.34669,0.59556,0.31798,-9.88326
34.35673,0.59855,0.30272,-9.93235
34.36676,0.5583,0.28012,-9.95045
34.3768,0.52613,0.25244,-9.94731
34.38684,0.53914,0.18765,-9.96063
34.39688,0.5366,0.14485,-9.93264
34.40691,0.5583,0.11073,-9.8671
34.41695,0.55126,0.09143,-9.82146
34.42699,0.56997,0.11058,-9.82326
34.43703,0.64299,0.13273,-9.92531
34.44706,0.71033,0.1025,-10.01285
34.4571,0.73412,0.05462,-10.05595
34.46714,0.79173,-0.03038,-10.16937
34.47718,0.86146,-0.11582,-10.31961
34.48721,0.89768,-0.18555,-10.34834
34.49725,0.9297,-0.29643,-10.37168
34.50729,0.99344,-0.42258,-10.37886
34.51733,1.0738,-0.55216,-10.39712
34.52736,1.15595,-0.64614,-10.44665
34.5374,1.25666,-0.74864,-10.54616
34.54744,1.30304,-0.93254,-10.612
34.55748,1.36619,-1.06213,-10.67395
34.56751,1.37412,-1.10373,-10.74248
34.57755,1.29721,-1.13231,-10.81506
34.58759,1.23795,-0.97384,-10.96933
34.59763,1.29811,-0.74879,-11.32996
34.60767,1.31412,-0.70584,-11.53796
34.6177,1.27372,-0.86281,-11.58928
34.62774,1.13665,-1.16328,-11.43456
34.63778,0.97384,-1.39881,-11.11643
34.64844,0.66903,-1.36754,-10.57833
34.65848,0.66903,-1.36754,-10.57833
34.66852,0.66723,-1.40794,-10.363
34.67856,0.71138,-1.44999,-10.14558
34.68859,0.72739,-1.4877,-10.20648
34.69863,0.67232,-1.49817,-10.61769
34.70867,0.57715,-1.45238,-10.97966
34.71871,0.42362,-1.39926,-11.21055
34.72874,0.29613,-1.31397,-11.48648
34.73878,0.14829,-1.22209,-11.59287
34.74882,-0.04744,-1.13799,-11.45625
34.75886,-0.05836,-1.00123,-11.39864
34.76889,0.02289,-0.88211,-11.42378
34.77893,-0.01736,-0.93179,-11.24661
34.78897,-0.12989,-1.12438,-10.88015
34.79901,-0.19857,-1.26938,-10.55918
34.80904,-0.25199,-1.29646,-10.21501
34.81908,-0.20979,-1.33342,-9.85857
34.82912,-0.17298,-1.3623,-9.64504
34.83916,-0.1878,-1.38475,-9.6193
34.84919,-0.22161,-1.46465,-9.84421
34.85923,-0.25588,-1.5064,-10.13211
34.86927,-0.18121,-1.64422,-10.22743
34.87931,-0.26202,-1.77755,-10.4254
34.88934,-0.31469,-1.72323,-10.653
34.89938,-0.33519,-1.55818,-10.96215
34.90942,-0.32666,-1.44924,-11.38159
34.91946,-0.10804,-1.47049,-11.86132
34.92949,0.20725,-1.54561,-11.99705
34.93953,0.44173,-1.80238,-11.81329
34.94957,0.38397,-2.16496,-11.34058
34.95961,0.09831,-2.33958,-10.75176
34.96964,-0.11702,-2.24726,-10.25871
34.97968,-0.41509,-2.09747,-10.05864
34.98972,-0.66888,-1.97896,-10.24419
34.99976,-0.69043,-1.86508,-10.62636
35.0098,-0.55396,-1.84249,-10.88045
35.01983,-0.56997,-1.89815,-11.03323
35.02987,-0.60843,-1.90997,-11.15578
35.03991,-0.44547,-1.84518,-11.24886
35.04995,-0.30601,-1.86972,-11.30542
35.05998,-0.29389,-1.89441,-11.60036
35.07002,-0.3506,-1.91716,-11.86357
35.08006,-0.28207,-2.17723,-12.02174
35.0901,-0.21368,-2.56973,-12.05929
35.10013,-0.04908,-2.89504,-11.70645
35.11017,0.23179,-2.89863,-11.01707
35.12021,0.2466,-2.80795,-10.31093
35.13025,-0.08903,-2.70395,-9.90915
35.14028,-0.50353,-2.49162,-9.73871
35.15032,-0.8049,-2.28497,-9.63502
35.16036,-0.8655,-2.22197,-9.7052
35.1704,-0.46986,-2.12036,-9.8083
35.18043,0.07512,-2.12874,-9.92022
35.19047,0.5146,-2.25594,-9.87683
35.20051,0.89214,-2.36891,-9.46084
35.21055,1.01499,-2.23035,-9.08869
35.22058,0.68878,-2.02864,-9.22067
35.23062,0.13662,-1.59903,-9.77972
35.24066,-0.05387,-1.03055,-10.2189
35.2507,0.20141,-0.77602,-10.34968
35.26073,0.50144,-0.98087,-10.26065
35.27077,0.52059,-1.48515,-9.64429
35.28081,0.28865,-1.74567,-8.07295
35.29085,0.15069,-1.78173,-6.35122
35.30088,-0.2701,-1.8781,-5.29418
35.31092,-0.6828,-1.73385,-5.19811
35.32159,-0.75372,-1.46974,-5.74519
35.33162,-0.25723,-1.20907,-6.63329
35.34166,0.06554,-1.14323,-7.26461
35.3517,-0.08305,-1.18872,-7.43205
35.36174,-0.39819,-1.19456,-7.0415
35.37178,-0.66813,-0.95768,-6.48365
35.38181,-0.98058,-0.60109,-6.28912
35.39185,-1.10807,-0.34058,-6.42005
35.40189,-1.05584,-0.18211,-6.8733
35.41193,-1.03789,-0.13273,-7.54144
35.42196,-1.14607,-0.14949,-8.06562
35.432,-1.26025,-0.2053,-8.15001
35.44204,-1.28374,-0.27159,-8.12802
35.45208,-1.18408,-0.21682,-8.09255
35.46211,-1.11525,-0.06823,-8.07474
35.47215,-1.05644,0.03352,-8.22872
35.48219,-0.97324,-0.01586,-8.56615
35.49223,-0.97489,-0.2071,-8.81201
35.50226,-0.85638,-0.32007,-8.78971
35.5123,-0.67801,-0.43545,-8.72402
35.52234,-0.69163,-0.53555,-8.61149
35.53238,-0.77871,-0.55186,-8.26568
35.54241,-0.87822,-0.58284,-7.82425
35.55245,-0.95888,-0.71123,-7.48697
35.56249,-0.84949,-0.85682,-7.28047
35.57253,-0.53615,-0.9915,-7.08399
35.58256,-0.26456,-1.1748,-7.14325
35.5926,-0.16385,-1.36859,-7.26401
35.60264,-0.13722,-1.39058,-7.14535
35.61268,-0.21787,-1.37936,-7.06813
35.62271,-0.31035,-1.43712,-6.84891
35.63275,-0.35509,-1.49353,-6.49412
35.64279,-0.39699,-1.52062,-6.11913
35.65283,-0.41105,-1.51972,-5.78125
35.66286,-0.47764,-1.51508,-5.4926
35.6729,-0.50458,-1.5884,-5.31722
35.68294,-0.44502,-1.61145,-5.18629
35.69298,-0.41824,-1.6291,-5.13197
35.70301,-0.56099,-1.62267,-5.22774
35.71305,-0.73786,-1.55548,-5.26305
35.72309,-0.86161,-1.40854,-5.27742
35.73313,-0.97579,-1.16448,-5.15008
35.74317,-1.07425,-1.02128,-4.96542
35.7532,-1.03504,-0.91279,-4.75324
35.76324,-1.01798,-0.76659,-4.50723
35.77328,-1.08487,-0.60813,-4.3344
35.78332,-1.11495,-0.6192,-4.24253
35.79335,-0.97115,-0.72095,-4.32378
35.80339,-0.8685,-0.74265,-4.51367
35.81343,-0.97594,-0.5782,-4.73902
35.82347,-1.05554,-0.37095,-4.78107
35.8335,-0.91159,-0.29194,-4.56245
35.84354,-0.71542,-0.16759,-4.36747
35.85358,-0.81044,0.08006,-4.60989
35.86362,-1.17795,0.38621,-5.0157
35.87365,-1.40719,0.46058,-5.44965
35.88369,-1.29571,0.36257,-5.93268
35.89373,-0.95484,-0.09307,-6.15011
35.90377,-0.37619,-0.40986,-6.29286
35.9138,-0.04803,-0.48034,-6.52884
35.92384,-0.20919,-0.27219,-6.78936
35.93388,-0.42542,0.1248,-6.95501
35.94392,-0.4739,0.44906,-6.7491
35.95395,-0.49755,0.47016,-6.28328
35.96399,-0.52717,0.28686,-6.28553
35.97403,-0.27429,-0.04564,-6.99855
35.98407,0.27833,-0.29434,-7.83682
35.9941,0.3934,-0.18301,-8.56271
36.00414,-0.18824,0.3301,-9.3296
36.01418,-0.75223,0.84366,-10.10727
36.02422,-0.71018,1.18648,-11.20427
36.03425,-0.24615,1.44041,-12.06498
36.04429,0.43245,1.47872,-12.6755
36.05433,0.88825,1.21341,-13.41202
36.06437,0.51266,1.04821,-13.99022
36.07441,-0.15996,1.30634,-14.32167
36.08444,-0.73786,1.83665,-14.26839
36.09448,-0.61456,2.18336,-14.23832
36.10452,0.37963,1.93137,-14.50063
36.11456,1.16523,1.50341,-15.17834
36.12459,1.51104,1.50715,-16.39938
36.13463,1.55234,1.71395,-17.58242
36.14467,1.54231,1.70737,-18.10899
36.15471,1.58137,1.53064,-18.30098
36.16474,1.526,1.45178,-18.52947
36.17478,1.59244,1.37188,-19.07071
36.18482,1.87271,1.09206,-19.86305
36.19486,1.95457,0.88391,-20.42119
36.20489,2.0448,0.79293,-20.71792
36.21493,1.9218,0.78246,-20.55063
36.22497,1.7774,0.65601,-20.29984
36.23501,1.88005,0.17313,-20.20168
36.24504,1.77021,-0.45984,-20.06206
36.25508,1.47408,-0.68384,-19.97707
36.26512,1.14114,-0.6418,-20.08047
36.27516,0.63791,-0.65182,-20.30822
36.28519,0.18765,-0.8034,-20.46668
36.29523,-0.08215,-0.83917,-20.35416
36.30527,-0.29688,-0.80595,-20.01134
36.31531,-0.45176,-0.72694,-19.60866
36.32534,-0.71676,-0.53256,-19.28694
36.33538,-1.06063,-0.29987,-19.16124
36.34542,-1.37307,-0.05267,-19.0128
36.35546,-1.79745,-0.03995,-18.79703
36.36549,-2.1904,-0.13587,-18.2082
36.37553,-2.2712,-0.04265,-17.176
36.38557,-2.00769,0.24017,-16.3521
36.39561,-1.68866,0.659,-15.82044
36.40565,-1.25247,1.1772,-15.40654
36.41568,-1.00751,1.60636,-15.16412
36.42572,-1.11495,2.043,-14.90031
36.43576,-1.35841,2.41216,-14.14135
36.4458,-1.66412,2.38373,-13.07429
36.45583,-1.89621,1.84952,-12.06064
36.46587,-2.13742,1.41123,-11.07887
36.47591,-2.41021,1.34285,-10.16383
36.48595,-2.2293,1.4467,-9.18595
36.49598,-1.86044,1.37188,-8.20149
36.50602,-1.47019,1.18648,-7.26326
36.51606,-1.04133,1.23885,-6.38174
36.5261,-0.40118,1.56311,-5.49798
36.53613,0.08051,1.71066,-5.12569
36.54617,0.20635,1.82737,-5.02528
36.55621,0.19543,2.03971,-4.9328
36.56625,0.22101,2.28766,-4.82297
36.57628,0.33564,2.50448,-4.48748
36.58632,0.50877,2.68794,-4.10291
36.59636,0.64853,2.93394,-3.60372
36.6064,0.75941,2.96911,-2.75124
36.61643,0.67726,2.7252,-2.01233
36.62647,0.93838,2.26626,-1.61519
36.63651,1.35482,1.43068,-1.24394
36.64655,1.2167,1.07889,-0.95963
36.65658,1.18722,0.81343,-0.7446
36.66662,1.19441,0.46029,-0.69956
36.67666,1.16283,0.24062,-0.5589
36.6867,1.00212,-0.04908,-0.29868
36.69673,0.83049,-0.17927,-0.00329
36.70677,0.53585,-0.39564,0.41734
36.71681,0.31334,-0.66364,0.8893
36.72685,0.22954,-0.82989,1.25262
36.73689,0.21308,-1.06632,1.40585
36.74692,0.28027,-1.2191,1.37158
36.75696,0.3093,-1.31531,1.47827
36.767,0.3081,-1.28224,1.32998
36.77704,0.32546,-1.26474,0.9496
36.78707,0.26665,-1.37098,0.48079
36.79711,0.03696,-1.4247,0.18046
36.80715,-0.33863,-1.41901,0.20426
36.81719,-0.70434,-1.5091,0.21533
36.82722,-0.96247,-1.55384,0.11672
36.83726,-1.26623,-1.30858,-0.07706
36.8473,-1.47438,-1.08233,-0.51326
36.85734,-1.4054,-0.76779,-0.96786
36.86737,-1.37158,-0.34506,-1.61549
36.87741,-1.26638,-0.03846,-2.34183
36.88745,-0.99973,0.24615,-3.2835
36.89749,-1.0126,0.64569,-4.53417
36.90752,-1.15969,1.21251,-5.95842
36.91756,-1.22149,1.74672,-7.25069
36.9276,-1.11959,2.16526,-8.16677
36.93764,-0.60469,2.57092,-8.79076
36.94767,-0.07916,2.95609,-9.1261
36.95771,0.29224,2.94876,-9.17697
36.96775,0.52238,2.72864,-9.19987
36.97779,0.76151,2.76455,-9.82446
36.98782,0.97609,2.80122,-10.9825
36.99786,0.49365,2.79762,-12.39493
37.0079,-0.22715,2.91449,-13.95311
37.01794,-0.16445,3.39588,-15.00341
37.02798,0.74744,3.82309,-15.29027
37.03801,1.68522,3.78838,-15.72976
37.04805,2.17992,3.68572,-16.34686
37.05809,2.31834,3.82474,-16.85294
37.06813,2.03417,3.91287,-17.08682
37.07816,1.80523,3.78897,-17.22763
37.0882,2.03372,3.73047,-17.26983
37.09824,2.31325,3.91632,-17.31382
37.10828,2.71892,4.22592,-17.674
37.11831,2.98991,4.49047,-18.40378
37.12835,3.10109,4.59462,-18.92706
37.13839,2.88561,4.55272,-19.20943
37.14843,2.41425,4.47312,-19.46261
37.15846,2.01517,4.56425,-19.82399
37.1685,1.71694,4.72795,-20.36403
37.17854,1.43592,4.8707,-20.82117
37.18858,1.14622,5.01585,-21.13182
37.19861,0.78814,4.95211,-21.42825
37.20865,0.4133,4.76536,-21.45728
37.21869,0.13797,4.57083,-21.14035
37.22873,0.0639,4.23699,-20.4788
37.23876,0.06838,3.78478,-19.52546
37.2488,0.02828,3.39288,-18.52947
37.25884,0.06838,3.20658,-17.71185
37.26888,0.09263,3.02612,-17.1154
37.27891,0.12046,2.85329,-16.48183
37.28895,0.12315,2.77114,-15.77375
37.29899,0.01571,2.63796,-15.12642
37.30903,-0.05866,2.4777,-14.52053
37.31907,-0.19333,2.37071,-13.95984
37.3291,-0.4733,2.21718,-13.77893
37.33914,-0.75627,2.01188,-13.81799
37.34918,-1.02592,1.89232,-13.93111
37.35922,-1.31232,1.8371,-14.1442
37.36925,-1.60831,1.80478,-14.29503
37.37929,-1.84608,1.81106,-14.20929
37.38933,-1.96788,1.87765,-13.74002
37.39937,-1.80942,1.98255,-13.13369
37.4094,-1.49668,2.14072,-12.43294
37.41944,-1.14383,2.32941,-11.84037
37.42948,-0.7627,2.58364,-11.36318
37.43952,-0.3099,2.8892,-10.80309
37.44955,0.13662,3.1397,-10.27322
37.45959,0.31199,3.34919,-9.83777
37.46963,0.63297,3.67525,-9.54942
37.47967,0.82675,3.80723,-9.28022
37.4897,0.89214,3.87786,-8.93022
37.49974,1.16298,3.77311,-8.67629
37.50978,1.53573,3.60582,-8.31835
37.51982,1.62506,3.22379,-7.85867
37.52985,1.63793,2.65831,-7.15013
37.53989,1.6523,2.13772,-6.2779
37.54993,1.72906,1.80388,-5.65166
37.55997,1.84773,1.48216,-5.22609
37.57,1.77844,1.20548,-4.67842
37.58004,1.89875,1.0334,-4.20706
37.59008,2.27329,0.86461,-3.68812
37.60012,2.28227,0.73607,-3.33093
37.61016,2.02071,0.59227,-3.38181
37.62019,1.7976,0.48602,-3.45738
37.63023,1.59184,0.24152,-3.64188
37.64027,1.48919,-0.13557,-3.69874
37.65031,1.37053,-0.51745,-3.50436
37.66034,1.20937,-0.94122,-3.45274
37.67038,1.14742,-1.25082,-3.32001
37.68042,1.02098,-1.39298,-3.16513
37.69046,0.8453,-1.47318,-3.11156
37.70049,0.63686,-1.62102,-3.13985
37.71053,0.45265,-1.84668,-3.37163
37.72057,0.3943,-2.04989,-3.83282
37.73061,0.30347,-2.01203,-4.35341
37.74064,0.2463,-1.95397,-4.81055
37.75068,0.13707,-1.97043,-5.50726
37.76072,0.0425,-1.72248,-6.27939
37.77076,0.26037,-1.21266,-7.17782
37.78079,0.35494,-0.92446,-7.87019
37.79083,0.20186,-0.99659,-8.00501
37.80087,-0.04534,-1.11824,-7.89413
37.81091,-0.24466,-1.25516,-7.721
37.82094,-0.4558,-1.62596,-7.64184
37.83098,-0.5761,-1.93212,-7.81542
37.84102,-0.61292,-2.04704,-7.99304
37.85106,-0.72948,-2.07338,-8.07115
37.86109,-0.86835,-2.12216,-8.23246
37.87113,-0.98207,-2.23199,-8.37207
37.88117,-1.1374,-2.37475,-8.48221
37.89121,-1.13755,-2.34482,-8.66013
37.90125,-0.9309,-2.15149,-8.86872
37.91128,-0.54438,-1.86733,-9.20885
37.92132,-0.06449,-1.43502,-9.67946
37.93136,0.47749,-0.80041,-10.00761
37.9414,1.27312,-0.07003,-10.36899
37.95143,1.91461,0.44218,-10.5297
37.96147,1.81361,0.49096,-10.1791
37.97151,1.06273,0.11582,-9.496
37.98155,0.38008,-0.12031,-9.06909
37.99158,0.27773,0.06779,-9.02973
38.00162,0.53361,0.3497,-9.13627
38.01166,0.85413,0.44637,-9.08989
38.0217,1.49727,0.48887,-9.02195
38.03173,2.43206,0.51101,-8.57917
38.04177,2.77219,0.84785,-8.3393
38.05181,2.68375,1.33237,-7.89802
38.06185,2.21673,1.66113,-7.34137
38.07188,1.29003,1.40914,-7.65366
38.08192,0.46537,1.25456,-7.88665
38.09196,0.39085,1.65514,-7.85986
38.102,0.46807,2.05901,-7.96626
38.11203,0.11806,1.88094,-8.0116
38.12207,-0.01661,1.23885,-7.79537
38.13211,0.31424,0.7847,-7.79762
38.14215,0.52852,0.60498,-8.02746
38.15218,0.54049,0.33788,-8.26912
38.16222,0.3078,-0.07332,-7.88186
38.17226,0.00434,-0.25842,-7.41933
38.1823,0.11866,-0.41884,-7.9061
38.19234,-0.27863,-1.22658,-8.55643
38.20237,-1.11241,-2.40153,-8.93247
38.21241,-1.60127,-3.24235,-9.33903
38.22245,-1.74238,-3.37343,-9.36507
38.23249,-1.51718,-2.58798,-9.32631
38.24252,-1.13889,-1.24394,-9.42687
38.25256,-0.84575,-0.22954,-9.59416
38.2626,-0.59571,0.07138,-9.9316
38.27264,-1.00542,-0.62758,-10.85636
38.28267,-1.60486,-1.51329,-11.90322
38.29271,-1.83216,-1.92224,-12.39777
38.30275,-2.05856,-2.02385,-11.80401
38.31279,-2.32372,-2.20985,-10.53957
38.32282,-2.16196,-2.36323,-9.37255
38.33286,-1.61429,-2.35664,-8.48969
38.3429,-1.19052,-2.49401,-8.42789
38.35294,-1.40495,-2.82366,-9.07387
38.36297,-1.84802,-2.85808,-9.91574
38.37301,-1.8781,-2.1482,-10.96095
38.38305,-1.50012,-1.14159,-11.31709
38.39309,-0.99509,-0.51805,-10.89586
38.40312,-0.9282,-0.32756,-10.70448
38.41316,-1.02188,-0.43215,-10.40101
38.4232,-1.29122,-1.10403,-10.01884
38.43324,-2.18142,-2.29305,-9.95359
38.44327,-3.17591,-3.28634,-9.87025
38.45331,-3.33408,-3.55464,-9.67617
38.46335,-2.79822,-3.06203,-9.55705
38.47339,-2.02071,-2.15433,-9.68529
38.48343,-1.41961,-1.31157,-10.15022
38.49346,-1.35991,-0.74265,-10.6729
38.5035,-1.46705,-0.38681,-11.04864
38.51354,-1.22628,-0.18136,-11.03054
38.52358,-1.19276,-0.29434,-10.83601
38.53361,-1.29661,-0.72754,-10.73231
38.54365,-1.3228,-1.19052,-10.42944
38.55369,-1.21057,-1.50057,-9.64983
38.56373,-0.79039,-1.78054,-9.04245
38.57376,-0.30332,-1.87601,-8.92424
38.5838,-0.10654,-1.75824,-9.21064
38.59384,-0.30347,-1.444,-9.71298
38.60388,-0.5996,-0.91803,-10.20319
38.61391,-0.7826,-0.55097,-10.23835
38.62395,-0.84979,-0.43679,-10.12583
38.63399,-0.7437,-0.3283,-10.21531
38.64465,-0.58733,-0.10669,-10.19765
38.65469,-0.56967,-0.03023,-10.12538
38.66473,-0.64239,-0.11417,-9.98756
38.67477,-0.69626,-0.2255,-9.81174
38.6848,-0.73158,-0.2689,-9.84226
38.69484,-0.71796,-0.15652,-10.03589
38.70488,-0.62459,0.03502,-10.28923
38.71492,-0.67546,0.14126,-10.39802
38.72495,-0.81792,0.04205,-10.51952
38.73499,-0.85548,-0.15098,-10.82389
38.74503,-0.77378,-0.16565,-11.23434
38.75507,-0.61651,-0.06614,-11.66186
38.7651,-0.54019,-0.02529,-11.78007
38.77514,-0.38188,-0.02708,-11.62205
38.78518,-0.28476,-0.08948,-11.37725
38.79522,-0.45894,-0.19049,-11.11269
38.80526,-0.76929,-0.20276,-10.76268
38.81529,-0.9716,-0.03217,-10.54347
38.82533,-1.06512,0.24436,-10.44889
38.83537,-0.98327,0.48198,-10.35432
38.84541,-0.84291,0.60618,-10.47508
38.85544,-0.72859,0.67846,-10.87835
38.86548,-0.62504,0.8037,-11.252
38.87552,-0.61321,0.97534,-11.41316
38.88556,-0.59017,1.08023,-11.5013
38.89559,-0.63237,1.08427,-11.32502
38.90563,-0.56159,0.99883,-10.95587
38.91567,-0.51401,0.87628,-10.77451
38.92571,-0.42347,0.75417,-10.71091
38.93574,-0.32247,0.66319,-10.33831
38.94578,-0.32905,0.6798,-10.19077
38.95582,-0.3319,0.65541,-10.12628
38.96586,-0.19228,0.62713,-9.88132
38.97589,-0.145,0.62234,-9.59805
38.98593,-0.28416,0.64554,-9.36971
38.99597,-0.38367,0.67995,-9.32093
39.00601,-0.26067,0.64898,-9.56843
39.01604,-0.01826,0.4766,-9.92352
39.02608,0.06225,0.23822,-9.96137
39.03612,-0.09861,0.17867,-9.61466
39.04616,-0.06075,0.22221,-9.23773
39.05619,-0.19692,0.40896,-9.09527
39.06623,-0.26755,0.63581,-9.38288
39.07627,-0.07183,0.71033,-9.93953
39.08631,0.12255,0.70734,-10.12493
39.09635,0.32292,0.75866,-10.29133
39.10638,0.5372,0.7238,-10.46805
39.11642,0.53017,0.63656,-10.28489
39.12646,0.32636,0.5366,-10.05984
39.1365,0.16266,0.50652,-9.96871
39.14653,0.0205,0.56817,-9.97724
39.15657,0.05148,0.7033,-10.02916
39.16661,0.17313,0.82136,-10.20184
39.17665,0.23822,0.85503,-10.3006
39.18668,0.19453,0.7651,-10.26589
39.19672,0.17627,0.70599,-10.15291
39.20676,0.09472,0.73023,-10.0112
39.2168,-0.0431,0.33085,-10.0956
39.22746,0.18839,0.20964,-10.05385
39.2375,0.06674,0.40372,-9.8885
39.24754,-0.26291,0.53645,-9.73378
39.25757,-0.16864,0.60932,-9.67886
39.26761,0.02454,0.61022,-9.71163
39.27765,-0.01033,0.63177,-9.91963
39.28769,-0.12121,0.73816,-10.01584
39.29772,-0.09592,0.85278,-10.0338
39.30776,-0.03921,0.80296,-9.97918
39.3178,-0.10041,0.66319,-9.86665
39.32784,-0.15353,0.52822,-9.72495
39.33787,-0.14545,0.40058,-9.60524
39.34791,-0.11732,0.32875,-9.51546
39.35795,-0.11058,0.28656,-9.51246
39.36799,-0.08784,0.20321,-9.59147
39.37802,-0.07751,0.12405,-9.54493
39.38806,-0.13363,0.12659,-9.50872
39.3981,-0.15652,0.18166,-9.57696
39.40814,-0.06165,0.25812,-9.62394
39.41818,0.02993,0.37035,-9.74874
39.42821,0.06928,0.48213,-9.83703
39.43825,0.10235,0.58658,-9.87818
39.44829,0.12031,0.64434,-9.92307
39.45833,0.11836,0.64973,-10.03634
39.46836,0.14844,0.64329,-10.06328
39.4784,0.15892,0.63656,-9.96123
39.48844,0.205,0.6186,-9.86157
39.49848,0.25139,0.67666,-9.83792
39.50851,0.28311,0.77782,-9.92412
39.51855,0.3283,0.82241,-10.02557
39.52859,0.3307,0.84994,-10.00417
39.53863,0.33848,0.84126,-9.94506
39.54866,0.32441,0.78425,-9.87144
39.5587,0.29045,0.71946,-9.79363
39.56874,0.27937,0.66918,-9.70819
39.57878,0.29254,0.63985,-9.58384
39.58881,0.30915,0.61396,-9.52024
39.59885,0.35629,0.61546,-9.57307
39.60889,0.43829,0.63776,-9.619
39.61893,0.49919,0.61172,-9.6392
39.62896,0.55052,0.56383,-9.62005
39.639,0.53211,0.50892,-9.57696
39.64904,0.55949,0.46822,-9.58204
39.65908,0.58823,0.4531,-9.65462
39.66911,0.67322,0.38158,-9.80919
39.67915,0.73532,0.33369,-9.95823
39.68919,0.68729,0.37544,-10.07226
39.69923,0.71183,0.43949,-10.21561
39.70927,0.78171,0.44263,-10.35432
39.7193,0.89079,0.41285,-10.41403
39.72934,0.9686,0.39459,-10.50576
39.73938,0.97743,0.38786,-10.62367
39.74942,0.98417,0.38921,-10.70926
39.75945,0.95244,0.40043,-10.82389
39.76949,0.82196,0.41958,-10.93462
39.77953,0.79024,0.38592,-11.11448
39.78957,0.8893,0.32681,-11.20831
39.7996,0.87358,0.29568,-10.98145
39.80964,0.85219,0.29179,-10.86324
39.81968,0.85757,0.39295,-10.83556
39.82972,0.75402,0.57446,-10.83167
39.83975,0.73801,0.76944,-11.12825
39.84979,0.86146,0.80011,-11.07857
39.85983,0.96127,0.53121,-10.62741
39.86987,1.01619,0.1049,-10.25242
39.8799,0.95633,-0.55306,-10.13451
39.88994,0.79203,-1.06617,-10.14633
39.89998,0.41674,-1.16972,-10.24449
39.91002,0.19393,-0.9707,-10.44321
39.92005,0.20366,-0.76001,-10.77645
39.93009,0.57057,-0.59032,-11.06346
39.94013,0.61815,-0.68744,-11.21983
39.95017,0.80266,-0.70494,-11.61876
39.9602,0.88226,-0.60753,-11.76032
39.97024,0.80011,-0.55112,-11.73323
39.98028,0.63342,-0.45834,-11.6867
39.99032,0.41689,-0.36706,-11.71932
40.00035,0.41854,-0.28925,-11.81643
40.01039,0.52912,-0.25154,-11.87674
40.02043,0.72335,-0.37933,-11.8926
40.03047,0.84081,-0.76405,-11.81853
40.04051,0.7021,-1.3005,-11.68281
40.05054,0.2068,-1.43383,-11.61981
40.06058,-0.26381,-1.48216,-11.18032
40.07062,-0.64554,-1.32878,-11.03547
40.08066,-0.39415,-1.13545,-10.81057
40.09069,0.07482,-1.27626,-10.96604
40.10073,0.78754,-1.56207,-11.70241
40.11077,1.18588,-1.58721,-12.00273
40.12081,0.67921,-1.22134,-11.88796
40.13084,-0.04235,-0.91833,-11.69747
40.14088,-0.49216,-0.60932,-11.12137
40.15092,-0.50922,-0.3723,-10.61664
40.16096,-0.09741,-0.35374,-10.43827
40.17099,0.26157,-0.53406,-10.1776
40.18103,0.40492,-0.97399,-9.95419
40.19107,0.18989,-1.76827,-9.98801
40.20111,-0.36482,-2.44987,-9.91753
40.21114,-0.68564,-2.36757,-9.42343
40.22118,-0.83707,-1.78323,-9.21483
40.23122,-0.63357,-1.20683,-9.81787
40.24126,-0.12989,-1.0123,-11.01542
40.25129,-0.0835,-1.13216,-12.03984
40.26133,-0.27414,-1.3014,-12.07575
40.27137,-0.37888,-1.54396,-11.47586
40.28141,-0.3521,-2.00874,-10.79306
40.29144,-0.15637,-2.45106,-10.15022
40.30148,0.05881,-2.42952,-9.80815
40.31152,-0.08978,-2.11333,-9.61885
40.32156,-0.99763,-1.65005,-9.25359
40.33159,-1.53214,-1.25441,-9.26227
40.34163,-1.57763,-1.09295,-9.86426
40.35167,-1.22912,-1.09445,-10.51967
40.36171,-0.33549,-0.93553,-10.82778
40.37175,0.91743,-0.5577,-10.97801
40.38178,1.74687,-0.09921,-11.27699
40.39182,1.54501,0.54483,-11.51716
40.40186,0.56503,1.27895,-11.73039
40.4119,-0.26426,2.15867,-11.3762
40.42193,-0.85308,2.50463,-9.78331
40.43197,-1.76557,1.93945,-8.81859
40.44201,-2.61956,1.39672,-9.62319
40.45205,-2.78895,1.41617,-10.18778
40.46208,-2.52723,1.80628,-10.10278
40.47212,-2.03402,1.94693,-10.19122
40.48216,-1.63479,1.71021,-9.8279
40.4922,-1.49593,1.33402,-8.92828
40.50223,-1.50012,1.09639,-7.97972
40.51227,-1.76034,0.65033,-7.14924
40.52231,-2.22227,0.11836,-6.87061
40.53235,-2.49925,-0.21593,-6.8353
40.54238,-2.55925,-0.43754,-6.64825
40.55242,-2.42578,-0.87688,-6.49083
40.56246,-1.97477,-1.27476,-6.44429
40.5725,-1.54276,-1.14996,-6.26323
40.58253,-1.42784,-0.87074,-5.68443
40.59257,-1.31172,-0.72664,-4.8924
40.60261,-1.27416,-0.61426,-4.30448
40.61265,-1.25037,-0.59301,-4.15514
40.62268,-1.35736,-0.4531,-4.13613
40.63272,-1.25097,-0.3913,-4.43286
40.64276,-0.97788,-0.48722,-5.02483
40.6528,-0.97624,-0.59601,-5.45968
40.66284,-1.02876,-0.61845,-5.50711
40.67287,-0.82854,-0.61426,-5.14454
40.68291,-0.62953,-0.51715,-4.70999
40.69295,-0.50159,-0.4953,-4.29729
40.70299,-0.44936,-0.57416,-3.70652
40.71302,-0.60035,-0.64389,-3.10917
40.72306,-0.76809,-0.73218,-2.74854
40.7331,-0.73786,-0.76405,-2.64978
40.74314,-0.52568,-0.76195,-2.69827
40.75317,-0.4326,-0.75971,-2.69782
40.76321,-0.28955,-0.84276,-2.74211
40.77325,0.00883,-0.86012,-2.6423
40.78329,0.08305,-0.8866,-2.51137
40.79332,-0.05552,-0.85982,-2.81947
40.80336,-0.25857,-0.81612,-3.25926
40.8134,-0.33504,-0.49979,-3.90779
40.82344,-0.37514,-0.24585,-4.46115
40.83347,-0.47944,0.10579,-4.75548
40.84351,-0.63132,0.22775,-5.15891
40.85355,-0.71527,0.16954,-5.23088
40.86359,-0.73921,0.03367,-4.94507
40.87362,-0.79921,-0.24047,-4.81115
40.88366,-0.98402,-0.36093,-4.97321
40.8937,-1.34704,-0.13258,-5.31737
40.90374,-1.60127,0.41495,-5.77751
40.91377,-1.6119,0.66798,-6.03279
40.92381,-1.47184,0.72095,-5.91143
40.93385,-1.25112,0.81343,-6.07499
40.94389,-0.95858,0.8058,-6.49547
40.95393,-0.45744,0.75791,-7.31952
40.96396,-0.3497,0.95424,-8.02895
40.974,-0.35659,1.33207,-8.53937
40.98404,-0.28057,1.80119,-9.00848
40.99408,-0.35075,2.23978,-9.06535
41.00411,0.09951,2.2504,-9.06295
41.01415,1.38086,2.18246,-9.18939
41.02419,2.36308,2.2507,-9.43764
41.03422,2.86077,2.40109,-10.26035
41.04426,2.83354,2.53232,-11.18631
41.0543,2.95669,2.44613,-11.96547
41.06434,3.24818,2.21254,-12.58048
41.07438,3.69306,1.86957,-12.63974
41.08441,3.80484,1.36006,-11.95171
41.09445,4.0275,1.01873,-11.85264
41.10449,4.4987,0.9499,-12.71097
41.11453,4.83524,1.02936,-14.42761
41.12456,4.83629,0.9309,-16.24316
41.1346,4.75444,0.40746,-17.35407
41.14464,4.64101,-0.2677,-18.17678
41.15468,4.56185,-0.30062,-19.12967
41.16471,4.56903,0.15951,-20.24043
41.17475,4.57637,0.53825,-22.31994
41.18479,4.49586,0.65571,-24.72088
41.19483,4.34114,0.473,-26.43378
41.20486,4.03124,0.15383,-26.84259
41.2149,3.46246,-0.29793,-26.20184
41.22494,3.0161,-0.99419,-25.01896
41.23498,2.57197,-1.58227,-24.14208
41.24501,2.18037,-1.90593,-23.69242
41.25505,2.06216,-1.90997,-23.34496
41.26509,1.75001,-1.89067,-23.06978
41.27513,1.33656,-2.0041,-22.75015
41.28517,0.84081,-1.98554,-21.62862
41.2952,0.64449,-1.91117,-20.71778
41.30524,0.57311,-1.73789,-20.00251
41.31528,0.24241,-1.24484,-19.12369
41.32532,-0.00838,-0.72155,-17.93721
41.33535,0.22116,-0.38202,-16.69896
41.34539,0.55141,-0.13213,-15.30778
41.35543,0.61366,-0.46477,-13.65757
41.36547,0.33085,-0.67561,-12.46481
41.3755,-0.06045,-0.51984,-11.72515
41.38554,-0.20575,-0.36751,-11.23748
41.39558,-0.1456,-0.32022,-11.12286
41.40562,-0.11163,-0.19558,-11.3325
41.41565,-0.00584,0.16415,-11.75029
41.42569,0.13018,0.47001,-11.88691
41.43573,0.15562,0.75088,-11.93854
41.44577,0.30975,0.91054,-11.8492
41.4558,0.42796,0.9511,-11.24826
41.46584,0.36871,0.88975,-10.36001
41.47588,0.19812,0.6201,-9.49555
41.48592,0.1435,0.5357,-8.45587
41.49595,0.04923,0.45834,-7.22046
41.50599,0.10564,0.44008,-6.06661
41.51603,0.31319,0.5595,-5.27473
41.52607,0.495,0.5996,-4.915
41.53611,0.73322,0.53885,-4.74636
41.54614,0.93239,0.71931,-4.54255
41.55618,1.04791,0.99404,-4.47357
41.56622,0.77662,1.00736,-4.59313
41.57625,0.47585,0.9282,-4.48464
41.58629,0.44233,0.92745,-4.2928
41.59633,0.56847,1.0123,-4.22936
41.60637,0.77033,1.14982,-4.12566
41.61641,1.10642,1.16882,-3.78329
41.62644,1.25411,1.20339,-3.45528
41.63648,1.22538,1.05539,-3.15032
41.64652,1.08891,0.81029,-2.9929
41.65656,0.8037,0.55456,-3.0556
41.66659,0.73786,0.52882,-3.30086
41.67663,0.84515,0.62025,-3.47638
41.68667,0.78231,0.49934,-3.33797
41.69671,0.61606,0.17134,-2.98198
41.70674,0.37649,-0.20485,-2.6845
41.71678,0.07227,-0.50458,-2.48773
41.72682,-0.10849,-0.70165,-2.36412
41.73686,-0.17642,-1.0931,-2.32986
41.74689,-0.26351,-1.30843,-2.32672
41.75693,-0.54049,-1.47213,-2.16945
41.76697,-0.93045,-2.1051,-2.1672
41.77701,-0.80191,-2.3345,-2.14969
41.78705,-0.61636,-2.32372,-1.94035
41.79708,-0.64479,-2.2926,-1.92853
41.80712,-0.56084,-2.12051,-2.11154
41.81716,-0.46373,-1.9827,-2.57466
41.8272,-0.4531,-1.84398,-2.93215
41.83723,-0.49814,-1.64691,-3.15631
41.84727,-0.65676,-1.62372,-3.48611
41.85731,-0.78545,-1.75764,-3.96899
41.86735,-0.89663,-1.63614,-4.4372
41.87738,-1.08023,-1.28329,-4.84901
41.88742,-1.17376,-0.8453,-5.11012
41.89746,-1.05629,-0.43051,-5.19138
41.9075,-0.74026,-0.12166,-5.16953
41.91753,-0.20815,0.1839,-5.19961
41.92757,0.27937,0.3925,-5.50367
41.93761,0.48602,0.58628,-6.15908
41.94765,0.48198,0.78754,-6.813
41.95768,0.31708,1.00931,-7.4735
41.96772,0.16969,1.17675,-8.0731
41.97776,0.05791,1.39896,-8.54386
41.9878,0.00269,1.5465,-9.03302
41.99783,0.12121,1.67998,-9.56603
42.00787,0.36227,1.74103,-10.03739
42.01791,0.43096,1.91955,-10.41792
42.02795,0.31753,2.20386,-10.80099
42.03799,0.33534,2.4584,-11.43635
42.04802,0.26426,2.51496,-12.35573
42.05806,0.1043,2.56239,-13.16826
42.0681,-0.07437,2.63362,-13.71758
42.07814,-0.24032,2.63168,-13.89236
42.08817,-0.44412,2.69976,-13.87604
42.09821,-0.73128,2.80541,-13.94189
42.10825,-0.65481,2.94113,-14.14704
42.11829,-0.21323,3.12548,-14.44946
42.12832,0.19902,3.12937,-14.88565
42.13836,0.51475,3.11695,-15.46011
42.1484,0.80909,3.11411,-15.90468
42.15844,0.87538,3.11306,-16.33758
42.16847,0.67546,3.01894,-17.06632
42.17851,0.36691,3.01056,-17.61758
42.18855,0.19348,3.08029,-18.14461
42.19859,0.17822,2.91374,-18.67687
42.20862,0.26426,2.63003,-19.06114
42.21866,0.55276,2.50134,-19.43927
42.2287,1.03564,2.41425,-19.5729
42.23874,1.41108,2.19174,-19.80962
42.24877,1.29122,1.62237,-19.52157
42.25881,1.17032,1.69914,-19.00637
42.26885,0.86924,2.03582,-18.72206
42.27889,0.57281,2.41111,-18.86032
42.28892,0.43051,2.79014,-19.17352
42.29896,0.30212,2.98303,-19.3245
42.309,0.07287,2.96043,-19.32929
42.31904,-0.20201,2.75079,-19.0559
42.32908,-0.37948,2.57152,-18.43326
42.33911,-0.67816,2.36293,-17.70886
42.34915,-1.15206,2.19922,-17.19725
42.35919,-1.42365,2.12321,-16.71422
42.36923,-1.76872,1.94679,-16.27758
42.37926,-2.06904,1.87705,-15.68187
42.3893,-1.97596,2.04899,-15.01075
42.39934,-1.60097,2.16092,-14.92919
42.40938,-0.87134,2.54743,-15.04756
42.41941,-0.00599,3.1774,-14.7815
42.42945,0.81747,3.3643,-14.47564
42.43949,1.46061,3.48701,-14.21886
42.44953,2.00993,3.86903,-13.55971
42.45956,2.35739,4.31151,-12.48397
42.4696,2.67507,3.93068,-10.5897
42.47964,3.07879,3.61943,-10.17431
42.48968,3.35772,3.47518,-9.52264
42.49971,3.67345,3.59923,-8.33437
42.50975,3.94998,3.60088,-7.20894
42.51979,3.60956,3.20015,-6.27879
42.52983,3.01475,2.73867,-5.78798
42.53986,2.73508,2.24681,-5.60991
42.5499,2.70156,1.70751,-5.39324
42.55994,2.84461,1.30843,-5.04458
42.56998,2.8304,1.01843,-4.41431
42.58001,2.55506,0.76959,-3.51723
42.59005,2.0635,0.50787,-2.60354
42.60009,1.18453,-0.0609,-2.19788
42.61013,0.50353,-0.84411,-2.16241
42.62017,0.16445,-1.27611,-2.63871
42.6302,0.13512,-1.03504,-3.44945
42.64024,0.04384,-0.87747,-3.24848
42.6509,0.04384,-0.87747,-3.24848
42.66094,-0.05716,-0.9701,-3.62722
42.67098,-0.04833,-1.18289,-3.74977
42.68102,-0.10071,-1.59274,-3.59744
42.69106,-0.29523,-1.84653,-3.54102
42.70109,-0.52852,-1.88903,-3.5702
42.71113,-0.65826,-1.88768,-3.73466
42.72117,-0.53121,-1.90967,-4.18656
42.73121,-0.35838,-1.93062,-4.79035
42.74124,-0.16146,-2.0849,-5.40476
42.75128,-0.01287,-2.04151,-5.8203
42.76132,-0.02963,-1.80089,-5.85337
42.77136,0.00599,-1.77814,-5.93552
42.78139,0.09816,-1.8187,-6.10192
42.79143,0.19363,-1.82274,-6.31022
42.80147,0.23897,-1.9417,-6.5866
42.81151,0.0413,-1.81825,-6.94663
42.82154,-0.16131,-1.64541,-7.13696
42.83158,-0.23179,-1.5076,-7.36172
42.84162,0.06165,-1.27386,-7.46497
42.85166,0.45161,-1.00736,-7.51719
42.86169,0.66708,-0.87134,-7.61132
42.87173,0.63207,-0.66858,-7.7023
42.88177,0.48213,-0.56862,-7.9471
42.89181,0.35898,-0.52702,-8.11874
42.90184,0.25723,-0.41105,-8.53159
42.91188,0.23748,-0.12659,-8.82443
42.92192,0.28356,0.09816,-9.29758
42.93196,0.2083,0.46343,-9.41265
42.94199,0.32247,0.61411,-9.35938
42.95203,-0.24391,-0.25184,-9.85708
42.96207,-0.44053,-0.26426,-9.58683
42.97211,-0.33324,0.26995,-8.99696
42.98215,-0.29598,0.78829,-8.37252
42.99218,-0.36003,1.11779,-7.82425
43.00222,-0.5797,1.16283,-7.53919
43.01226,-0.62294,0.84979,-7.41724
43.0223,-0.43515,0.34686,-7.43235
43.03233,-0.3316,-0.14964,-7.54233
43.04237,-0.38143,-0.47989,-7.62239
43.05241,-0.66005,-0.37484,-7.89039
43.06245,-1.04178,-0.03157,-8.19445
43.07248,-1.06766,0.34402,-8.26598
43.08252,-0.60977,0.73936,-8.42983
43.09256,-0.00688,0.87209,-8.49029
43.1026,0.41794,0.6394,-9.11727
43.11263,0.07317,0.56907,-9.09542
43.12267,-0.45415,0.09846,-8.73465
43.13271,-0.91129,-0.30706,-9.00878
43.14275,-0.8679,-0.52493,-9.13223
43.15278,-0.3518,-0.3708,-9.14196
43.16282,0.6005,-0.45056,-8.72208
43.17286,1.40001,-0.58688,-8.37911
43.1829,1.61504,-0.71632,-8.40529
43.19293,1.18842,-0.94496,-8.86962
43.20297,0.34043,-1.25112,-9.56888
43.21301,-0.51984,-1.36918,-10.36031
43.22305,-0.93628,-1.32714,-10.85262
43.23308,-0.82196,-1.37562,-10.71854
43.24312,-0.48258,-1.46106,-10.08902
43.25316,0.04624,-1.734,-9.1867
43.2632,0.62339,-2.11258,-8.12338
43.27323,0.77572,-2.65188,-7.38297
43.28327,0.63656,-3.01759,-7.33763
43.29331,0.31843,-3.16065,-8.32584
43.30335,-0.05836,-2.8494,-8.51498
43.31339,-0.18809,-2.05303,-8.14163
43.32405,0.20051,-1.45837,-8.71819
43.33409,0.54109,-1.444,-8.97182
43.34413,0.62474,-1.3216,-9.42208
43.35416,0.74968,-1.51029,-9.4565
43.3642,0.55126,-2.24711,-9.57471
43.37424,0.37918,-2.81932,-10.09755
43.38428,0.54618,-2.84267,-10.49109
43.39431,0.65302,-2.64918,-11.07677
43.40435,0.34491,-2.31175,-11.52928
43.41439,0.17403,-1.76123,-11.47945
43.42443,0.13782,-1.2815,-11.30228
43.43446,-0.02858,-1.04642,-11.02784
43.4445,0.10924,-1.09774,-10.62936
43.45454,0.36332,-1.24903,-10.31976
43.46458,0.28356,-1.44251,-10.1773
43.47461,0.08006,-1.62132,-10.23791
43.48465,0.00554,-1.49982,-10.77151
43.49469,0.01092,-1.18289,-11.53302
43.50473,0.18989,-0.92611,-12.27806
43.51476,0.44263,-0.71946,-12.84235
43.5248,0.55321,-0.69207,-12.97612
43.53484,0.70809,-0.63925,-12.24859
43.54488,0.50338,-0.44607,-11.4594
43.55491,-0.1028,-0.53555,-10.9849
43.56495,-0.60498,-0.66888,-10.99298
43.57499,-0.71437,-0.55037,-11.45266
43.58503,-0.68295,-0.22087,-12.08922
43.59506,-0.62953,0.22116,-12.74119
43.6051,-0.5556,0.58927,-13.06306
43.61514,-0.27967,0.56773,-12.6571
43.62518,-0.23418,0.3286,-11.84935
43.63522,-0.46029,0.18271,-11.19319
43.64525,-0.72036,0.12061,-10.61709
43.65529,-0.9689,-0.18331,-10.51114
43.66533,-1.3198,0.01227,-10.45638
43.67537,-1.28898,0.20949,-10.06433
43.6854,-1.16792,0.15742,-10.16758
43.69544,-1.03938,0.01541,-10.39802
43.70548,-0.74549,-0.03337,-10.53763
43.71552,-0.67906,-0.25798,-10.60721
43.72555,-0.79009,-0.72963,-10.52237
43.73559,-0.91174,-1.19875,-10.33263
43.74563,-1.04267,-1.55548,-9.90526
43.75567,-1.16822,-1.76079,-9.42253
43.7657,-1.27611,-1.85566,-9.12774
43.77574,-1.37936,-1.87152,-9.11188
43.78578,-1.47258,-1.81002,-9.40757
43.79582,-1.4452,-1.5489,-9.83149
43.80585,-1.38864,-1.26982,-10.33457
43.81589,-1.34434,-1.08622,-10.65465
43.82593,-1.24528,-1.02083,-10.7166
43.83597,-1.24439,-1.0099,-10.56172
43.846,-1.34105,-1.00646,-10.35791
43.85604,-1.39507,-0.83243,-10.21441
43.86608,-1.41602,-0.45176,-10.19002
43.87612,-1.50206,-0.10011,-10.48391
43.88615,-1.51538,0.14141,-10.86578
43.89619,-1.44146,0.36871,-11.17284
43.90623,-1.4238,0.50877,-11.40358
43.91627,-1.45238,0.67861,-11.59691
43.92631,-1.53079,0.86027,-11.50504
43.93634,-1.52436,0.99973,-11.15174
43.94638,-1.51733,1.04058,-10.86668
43.95642,-1.4859,0.92656,-10.65509
43.96646,-1.41841,0.79173,-10.57788
43.97649,-1.20922,0.66918,-10.43872
43.98653,-1.06437,0.59032,-10.18942
43.99657,-0.94002,0.49006,-10.04472
44.00661,-0.8242,0.38307,-9.84331
44.01664,-0.71497,0.32441,-9.62589
44.02668,-0.58029,0.35285,-9.40502
44.03672,-0.50847,0.35823,-9.31464
44.04676,-0.41539,0.3313,-9.10246
44.05679,-0.32367,0.31708,-9.06265
44.06683,-0.08634,0.29808,-9.01088
44.07687,0.04744,0.30376,-9.05906
44.08691,-0.09741,0.26396,-9.37195
44.09694,-0.03861,0.22805,-9.40547
44.10698,0.05956,0.21249,-9.22785
44.11702,0.09397,0.15832,-9.05966
44.12706,0.20919,0.12121,-9.17638
44.13709,0.16864,0.06584,-9.53985
44.14713,0.0205,0.07407,-9.73512
44.15717,0.00718,0.05956,-9.85199
44.16721,0.03187,0.03546,-9.67123
44.17724,0.04729,0.00703,-9.42073
44.18728,0.06958,-0.07602,-9.51875
44.19732,-0.04504,-0.07901,-9.77178
44.20736,-0.13482,-0.02424,-9.78824
44.21739,-0.25184,-0.06809,-9.71612
44.22743,-0.25334,0.00943,-9.55271
44.23747,-0.19872,0.17642,-9.34891
44.24751,-0.19348,0.25453,-9.39006
44.25755,-0.31918,0.25573,-9.65626
44.26758,-0.54109,0.20276,-9.82251
44.27762,-0.50802,0.17508,-9.88132
44.28766,-0.44861,0.19363,-9.87683
44.2977,-0.61441,0.13033,-9.9102
44.30773,-0.77348,0.11343,-9.96901
44.31777,-0.88331,0.10998,-9.93025
44.32781,-0.91638,0.15787,-9.86665
44.33785,-0.81807,0.25244,-9.91544
44.34788,-0.75088,0.24511,-9.91963
44.35792,-0.78575,0.19034,-9.91798
44.36796,-0.85323,0.10998,-9.99489
44.378,-0.8254,0.02005,-10.06073
44.38803,-0.73697,-0.07153,-9.93728
44.39807,-0.69103,-0.19154,-9.85738
44.40811,-0.70794,-0.29449,-9.85618
44.41815,-0.7654,-0.3726,-9.87548
44.42818,-0.81493,-0.38232,-9.94087
44.43822,-0.80071,-0.32337,-10.00657
44.44826,-0.79308,-0.28925,-10.07764
44.4583,-0.78036,-0.32082,-10.1167
44.46833,-0.75447,-0.28775,-10.09306
44.47837,-0.76345,-0.2068,-10.04622
44.48841,-0.74699,-0.13198,-9.97649
44.49845,-0.71587,-0.0633,-10.00282
44.50849,-0.6614,0.01242,-10.06567
44.51852,-0.60992,0.03846,-9.94551
44.52856,-0.56279,-0.02559,-9.52997
44.5386,-0.58748,-0.07048,-8.97302
44.54864,-0.60513,-0.03891,-8.72507
44.55867,-0.40836,0.11238,-8.80303
44.56871,-0.5176,0.30017,-9.49106
44.57875,-0.76749,0.47315,-10.0745
44.58879,-0.8673,0.56503,-10.23461
44.59882,-0.93464,0.70659,-10.20109
44.60886,-0.98207,0.77288,-10.05565
44.6189,-0.92237,0.70045,-10.04427
44.62894,-0.88047,0.65422,-10.12852
44.63897,-0.92416,0.72589,-10.20962
44.64901,-0.85982,0.81253,-10.28444
44.65905,-0.848,0.82211,-10.20154
44.66909,-0.91743,0.73293,-10.0751
44.67912,-0.98177,0.63791,-9.9729
44.68916,-1.00272,0.59421,-9.87069
44.6992,-1.07679,0.52104,-9.75966
44.70924,-1.1576,0.44203,-9.74964
44.71927,-1.12438,0.35419,-9.69801
44.72931,-1.11734,0.24645,-9.57486
44.73935,-1.05854,0.13108,-9.46982
44.74939,-0.99778,0.10759,-9.43749
44.75942,-0.93254,0.06375,-9.44348
44.76946,-0.8058,0.04893,-9.50708
44.7795,-0.72245,0.0431,-9.65537
44.78954,-0.67965,-0.03576,-9.81174
44.79957,-0.5369,-0.12644,-10.02482
44.80961,-0.35704,-0.20545,-10.14079
44.81965,-0.47809,-0.23029,-10.16802
44.82969,-0.58583,-0.11043,-10.31302
44.83973,-0.54962,-0.00105,-10.46087
44.84976,-0.54184,0.01481,-10.62981
44.8598,-0.55291,0.00314,-10.70837
44.86984,-0.62384,-0.0217,-10.66886
44.87988,-0.61845,0.01272,-10.55978
44.88991,-0.56728,0.01466,-10.44949
44.89995,-0.56368,-0.01152,-10.43378
44.90999,-0.5152,-0.0012,-10.41927
44.92003,-0.44981,0.00045,-10.33442
44.93006,-0.42452,-0.00838,-10.25227
44.9401,-0.34701,-0.02888,-10.14184
44.95014,-0.23194,-0.06943,-9.97858
44.96018,-0.19872,-0.20815,-9.90855
44.97021,-0.1441,-0.28431,-10.06073
44.98025,-0.01167,-0.32546,-10.22339
44.99029,0.06943,-0.39175,-10.42585
45.00033,0.18405,-0.43784,-10.57848
45.01036,0.23987,-0.55022,-10.45937
45.0204,0.21383,-0.71706,-10.20738
45.03044,0.21069,-0.80131,-9.8882
45.04048,0.04115,-0.848,-9.83269
45.05052,-0.2279,-0.7437,-9.85094
45.06055,-0.25199,-0.83273,-10.02512
45.07059,-0.24945,-0.98058,-10.61005
45.08063,-0.61905,-0.93868,-10.97936
45.09067,-0.91414,-1.09101,-10.79037
45.1007,-0.9092,-1.10612,-10.77361
45.11074,-1.07724,-1.02412,-10.69954
45.12078,-0.90965,-0.83198,-10.6331
45.13082,-0.6385,-0.72649,-10.99657
45.14085,-0.49755,-0.76659,-11.4371
45.15089,-0.60304,-0.86984,-11.56669
45.16093,-0.78664,-0.83498,-11.70854
45.17097,-0.93583,-0.83423,-11.17808
45.181,-1.03863,-0.97938,-10.33158
45.19104,-1.11315,-0.93763,-10.28115
45.20108,-1.15849,-0.8055,-10.35762
45.21112,-1.20623,-0.71213,-10.65569
45.22115,-1.35003,-0.72185,-11.51806
45.23119,-1.47543,-0.84904,-12.28001
45.24123,-1.43158,-1.12438,-12.60742
45.25127,-1.38939,-1.54471,-12.84534
45.2613,-1.28988,-1.8163,-13.06845
45.27134,-1.18483,-2.12231,-12.96236
45.28138,-1.37113,-2.60055,-12.74882
45.29142,-1.53753,-3.00472,-12.29452
45.30145,-1.41901,-3.09196,-11.84875
45.31149,-1.40495,-3.07296,-11.419
45.32153,-1.83216,-3.04049,-10.9403
45.33157,-2.25609,-2.9712,-10.62966
45.3416,-2.13383,-3.01265,-10.62023
45.35164,-1.76079,-3.06952,-10.93626
45.36168,-1.49952,-3.06832,-11.05148
45.37172,-1.24873,-3.01969,-10.88464
45.38176,-1.12243,-2.96477,-10.89751
45.39179,-1.14937,-2.86257,-10.90215
45.40183,-1.22927,-2.62704,-10.81625
45.41187,-1.39163,-2.28751,-10.55888
45.42191,-1.60546,-2.09163,-10.17281
45.43194,-1.68088,-2.00978,-9.89149
45.44198,-1.52496,-1.95053,-9.786
45.45202,-1.21805,-1.8181,-9.60225
45.46206,-0.949,-1.50386,-9.35115
45.47209,-0.97639,-1.16149,-9.39515
45.48213,-1.01529,-0.86715,-9.83748
45.49217,-0.99659,-0.58673,-10.0564
45.50221,-1.38594,-0.2692,-9.95434
45.51224,-1.75719,-0.03097,-9.59551
45.52228,-1.94649,0.11851,-9.05891
45.53232,-2.25534,0.17148,-8.55239
45.54236,-2.37191,0.25139,-8.06427
45.55239,-2.1455,0.52942,-7.44253
45.56243,-2.09358,0.70779,-6.90203
45.57247,-1.98449,0.70853,-6.6674
45.58251,-1.72966,0.90336,-6.43457
45.59254,-1.66382,1.33103,-6.51387
45.60258,-1.36514,1.41063,-7.12021
45.61262,-1.1166,1.3638,-7.70768
45.62266,-1.29451,1.39088,-7.91194
45.6327,-1.78563,1.3403,-7.76006
45.64273,-2.02101,1.16807,-7.50268
45.65277,-1.93212,1.07589,-7.17931
45.66281,-1.75211,1.031,-6.77275
45.67285,-1.49129,0.98432,-6.3587
45.68288,-1.22673,0.87733,-6.09758
45.69292,-0.9707,0.7865,-6.04865
45.70296,-0.82974,0.66813,-6.10776
45.713,-0.8679,0.52074,-6.15385
45.72303,-0.95409,0.44113,-6.3195
45.73307,-1.03519,0.432,-6.50415
45.74311,-1.00362,0.45176,-6.58166
45.75315,-0.95289,0.43515,-6.64675
45.76318,-0.91444,0.3702,-6.64286
45.77322,-0.91848,0.31229,-6.63613
45.78326,-0.97653,0.25259,-6.55921
45.7933,-1.06796,0.11836,-6.37202
45.80333,-1.1362,-0.00973,-6.20502
45.81337,-1.13395,-0.12001,-6.01618
45.82341,-1.16687,-0.21533,-5.81148
45.83345,-1.15775,-0.3322,-5.65121
45.84349,-1.05255,-0.51445,-5.52642
45.85352,-0.94646,-0.7443,-5.30899
45.86356,-0.83647,-0.98282,-5.11401
45.8736,-0.78829,-1.16927,-5.07541
45.88364,-0.76166,-1.25651,-5.23956
45.89367,-0.83677,-1.34794,-5.43155
45.90371,-0.99853,-1.43637,-5.6376
45.91375,-1.12812,-1.39447,-5.94974
45.92379,-1.25531,-1.12513,-6.35571
45.93382,-1.33821,-0.82705,-6.68237
45.94386,-1.28135,-0.74071,-6.79774
45.9539,-1.14338,-0.77662,-6.7696
45.96394,-0.97893,-0.79293,-6.70616
45.97397,-0.79607,-0.87852,-6.59887
45.98401,-0.82944,-0.92581,-6.92672
45.99405,-1.034,-0.86835,-7.40422
46.00409,-1.1561,-0.74235,-7.78086
46.01412,-1.22254,-0.54259,-8.11335
46.02416,-1.20249,-0.51415,-8.17066
46.0342,-1.05899,-0.61711,-7.90236
46.04424,-0.75103,-0.70554,-7.56957
46.05427,-0.53151,-0.84904,-7.30067
46.06431,-0.61247,-0.95663,-6.96653
46.07435,-1.02636,-0.92042,-6.61907
46.08439,-1.36095,-0.61172,-6.44145
46.09443,-1.33477,-0.11387,-6.38399
46.10446,-1.22329,0.37679,-6.37411
46.1145,-0.98192,0.71676,-6.64496
46.12454,-0.74385,0.80969,-7.44941
46.13458,-0.82076,0.88226,-8.49986
46.14461,-1.15565,1.24184,-9.29878
46.15465,-1.55414,1.73774,-9.75263
46.16469,-1.68567,2.17274,-9.98981
46.17473,-1.45014,2.36667,-10.27472
46.18476,-0.9716,2.22152,-10.77451
46.1948,-0.5173,1.86897,-11.26292
46.20484,-0.16266,1.69046,-11.77049
46.21488,-0.02185,1.83067,-12.02248
46.22491,0.01451,2.18007,-12.05271
46.23495,-0.15906,2.52932,-12.3475
46.24499,-0.50069,2.97554,-12.68807
46.25503,-0.52777,3.2021,-13.26777
46.26506,-0.13437,3.12862,-14.25253
46.2751,0.40163,2.77308,-15.34189
46.28514,0.72514,2.519,-16.13123
46.29518,0.93494,2.45286,-16.56024
46.30521,1.01185,2.5395,-16.73517
46.31525,1.17825,2.57422,-16.91668
46.32529,1.13605,2.42712,-17.32489
46.33533,1.04642,2.1277,-17.92853
46.34536,1.06751,1.94499,-18.59576
46.3554,1.27132,1.93781,-19.15945
46.36544,1.41632,2.01412,-19.45005
46.37548,1.49682,2.07936,-19.3857
46.38552,1.47288,2.14895,-19.10184
46.39555,1.33806,2.12276,-18.81274
46.40559,1.14398,2.04166,-18.64425
46.41563,0.96127,1.92359,-18.40528
46.42567,0.74729,1.88469,-18.21269
46.4357,0.50383,1.90549,-18.07443
46.44574,0.20845,2.00634,-17.83321
46.45578,-0.05552,2.16077,-17.45104
46.46582,-0.31798,2.28257,-17.06811
46.47585,-0.61561,2.32642,-16.62025
46.48589,-0.87134,2.28901,-16.08021
46.49593,-1.06931,2.0436,-15.55543
46.50597,-1.20039,1.61459,-15.34803
46.516,-1.42949,1.44864,-15.13315
46.52604,-1.47932,1.17585,-15.11849
46.53608,-1.4244,1.03609,-15.13629
46.54612,-1.15176,1.2173,-15.01299
46.55615,-0.89244,1.44131,-14.83372
46.56619,-0.65975,1.72128,-14.37209
46.57623,-0.36676,2.01397,-13.50554
46.58627,0.00913,2.02744,-12.57524
46.5963,0.31424,1.65679,-11.9339
46.60634,0.54124,1.11136,-11.5815
46.61638,0.57147,0.81717,-11.48633
46.62642,0.55979,0.95708,-11.43216
46.63646,0.85623,1.38564,-11.26666
46.64712,1.06437,1.69644,-9.30327
46.65716,1.06437,1.69644,-9.30327
46.6672,0.85832,1.29362,-7.98182
46.67723,0.57266,0.72679,-7.12963
46.68727,0.34701,0.12929,-6.58929
46.69731,0.28162,-0.28985,-6.20787
46.70735,0.37903,-0.26396,-6.36588
46.71738,0.53885,-0.05686,-6.74417
46.72742,0.54109,0.2698,-6.8142
46.73746,0.35389,0.58329,-7.29872
46.7475,0.27473,0.6207,-7.45195
46.75753,0.14799,0.40971,-6.87809
46.76757,0.02379,0.01347,-5.9659
46.77761,0.02903,-0.19902,-5.03276
46.78765,0.05731,-0.31693,-4.15873
46.79768,-0.02873,-0.4953,-3.46276
46.80772,-0.11313,-0.56847,-2.94636
46.81776,-0.12599,-0.66649,-2.57137
46.8278,-0.24047,-0.90815,-2.61222
46.83783,-0.35689,-1.03938,-3.06533
46.84787,-0.42377,-1.05345,-3.41293
46.85791,-0.53091,-1.09071,-3.5108
46.86795,-0.65257,-1.21536,-3.37717
46.87798,-0.66978,-1.35527,-3.03974
46.88802,-0.59346,-1.44056,-2.68225
46.89806,-0.62698,-1.48934,-2.30098
46.9081,-0.72948,-1.47902,-1.94289
46.91813,-0.80505,-1.39986,-1.82274
46.92817,-0.93509,-1.26459,-2.14416
46.93821,-1.02247,-1.10433,-2.58948
46.94825,-0.8896,-0.97085,-2.72236
46.95828,-0.62085,-0.9502,-2.5374
46.96832,-0.49784,-1.04477,-2.31564
46.97836,-0.50084,-1.19171,-2.53905
46.9884,-0.56713,-1.27042,-2.97839
46.99844,-0.72649,-1.31367,-3.427
47.00847,-0.97354,-1.49383,-3.85691
47.01851,-1.11809,-1.59214,-4.1493
47.02855,-1.09819,-1.59903,-4.3133
47.03858,-1.05539,-1.59738,-4.50065
47.04862,-1.06647,-1.55937,-4.6853
47.05866,-1.11929,-1.47318,-4.95734
47.0687,-1.2191,-1.36829,-5.36556
47.07874,-1.29197,-1.33282,-5.86834
47.08877,-1.28329,-1.25516,-6.31201
47.09881,-1.09864,-1.00556,-6.53063
47.10885,-0.8266,-0.74265,-6.60291
47.11889,-0.75836,-0.69701,-6.65004
47.12892,-0.70165,-0.63282,-6.67608
47.13896,-0.57925,-0.45235,-6.57074
47.149,-0.48213,-0.26381,-6.53961
47.15904,-0.52927,-0.03442,-6.65872
47.16907,-0.55785,0.30451,-6.93032
47.17911,-0.2677,0.74729,-7.30022
47.18915,0.29164,0.95125,-7.68868
47.19919,0.86161,1.075,-8.11754
47.20922,1.32923,1.20473,-8.21989
47.21926,1.53723,1.29556,-8.37178
47.2293,1.37741,1.2191,-8.67359
47.23934,1.02532,1.02143,-9.11832
47.24938,0.68968,1.14518,-9.9711
47.25941,0.64988,1.48845,-10.68607
47.26945,0.89783,1.77425,-10.75745
47.27949,1.35153,1.76632,-10.43169
47.28952,1.68312,1.61728,-9.75562
47.29956,1.77545,1.52885,-8.72088
47.3096,0.83677,0.79607,-8.73375
47.32026,0.83677,0.79607,-8.73375
47.3303,0.3307,0.48842,-9.56947
47.34034,-0.03127,0.38307,-10.68023
47.35038,-0.30586,0.47285,-11.78531
47.36042,-0.31618,0.56608,-12.60487
47.37045,-0.2873,0.41195,-13.49492
47.38049,-0.40746,-0.01586,-14.20794
47.39053,-0.79817,-0.49126,-14.69351
47.40057,-1.48276,-0.64269,-15.00701
47.4106,-2.14311,-0.56264,-15.32154
47.42064,-2.65263,-0.50188,-15.75175
47.43068,-2.94532,-0.47794,-16.13348
47.44072,-2.97928,-0.54842,-16.49126
47.45075,-3.19192,-0.71602,-16.98521
47.46079,-3.50571,-0.91144,-17.52511
47.47083,-3.84434,-1.07589,-17.97971
47.48087,-4.14511,-1.13141,-18.31908
47.4909,-4.23624,-1.06662,-18.54773
47.50094,-4.08107,-0.85772,-18.84835
47.51098,-3.73929,-0.558,-19.12817
47.52102,-3.41877,-0.31678,-19.1605
47.53105,-3.24534,-0.11672,-18.94741
47.54109,-3.08298,0.13617,-18.74495
47.55113,-2.99455,0.28087,-18.50059
47.56117,-2.99964,0.3087,-18.03777
47.5712,-2.96492,0.29942,-17.41093
47.58124,-2.92676,0.24166,-16.58269
47.59128,-2.869,0.18809,-15.82911
47.60132,-2.67313,0.18001,-15.25765
47.61136,-2.23603,0.17418,-14.94251
47.62139,-1.83037,0.32426,-14.88445
47.63143,-1.72203,0.67591,-14.90839
47.64147,-1.72592,1.05674,-14.85857
47.65151,-1.68193,1.31172,-14.6793
47.66154,-1.69734,1.45986,-14.2666
47.67158,-1.70422,1.50101,-13.54849
47.68162,-1.60771,1.48919,-12.70274
47.69166,-1.45612,1.38056,-11.91085
47.70169,-1.29033,1.29885,-11.30138
47.71173,-0.85204,1.37188,-11.28597
47.72177,-0.0844,1.54456,-11.82885
47.73181,0.36048,1.838,-12.18873
47.74184,0.38202,2.16541,-12.56507
47.75188,0.05567,2.11752,-12.77202
47.76192,-0.39534,1.82214,-12.56701
47.77196,-0.85129,1.5688,-12.13127
47.78199,-1.08831,1.40181,-11.6038
47.79203,-1.17451,1.26997,-11.13872
47.80207,-1.31068,1.24843,-10.74518
47.81211,-1.51987,1.01379,-10.47927
47.82214,-1.74657,0.7633,-10.18793
47.83218,-1.81959,0.65556,-10.11909
47.84222,-1.6704,0.84411,-10.22519
47.85226,-1.55892,1.14907,-10.20139
47.86229,-1.50371,1.403,-10.06253
47.87233,-1.36888,1.51014,-9.76266
47.88237,-1.11016,1.48411,-9.39829
47.89241,-0.82929,1.37068,-8.84613
47.90245,-0.56802,1.35467,-8.10243
47.91248,-0.27578,1.41333,-7.4114
47.92252,0.03382,1.40644,-6.91296
47.93256,0.43619,1.29811,-6.53213
47.9426,0.8239,1.20129,-6.20637
47.95263,1.02517,1.09909,-5.95947
47.96267,1.03983,0.95229,-5.78723
47.97271,1.01664,0.72903,-5.6554
47.98275,1.01873,0.52837,-5.58777
47.99278,1.02247,0.5381,-5.4278
48.00282,1.0331,0.46118,-5.31483
48.01286,0.99569,0.25184,-5.22101
48.0229,0.81403,0.05162,-4.98503
48.03293,0.56503,-0.22491,-4.60614
48.04297,0.3304,-0.53555,-4.3769
48.05301,0.09861,-0.85458,-4.30807
48.06305,-0.12659,-1.10492,-4.38827
48.07308,-0.26935,-1.26803,-4.53477
48.08312,-0.30616,-1.35257,-4.64879
48.09316,-0.33848,-1.34075,-4.79993
48.1032,-0.41734,-1.33492,-5.05401
48.11323,-0.48842,-1.39253,-5.4287
48.12327,-0.60304,-1.55743,-5.8019
48.13331,-0.77572,-1.86897,-6.12482
48.14335,-1.02202,-2.02145,-6.39716
48.15338,-1.15415,-1.98539,-6.61832
48.16342,-1.08936,-2.04495,-6.76467
48.17346,-1.07844,-2.22182,-6.88004
48.1835,-1.0337,-2.35455,-7.09372
48.19353,-0.97249,-2.42667,-7.22854
48.20357,-1.14338,-2.37026,-7.21163
48.21361,-1.37293,-2.35769,-7.18829
48.22365,-1.57075,-2.45421,-7.23632
48.23369,-1.6303,-2.50059,-7.39015
48.24372,-1.60187,-2.42533,-7.69811
48.25376,-1.62087,-2.29215,-8.03
48.2638,-1.60561,-2.13234,-8.37192
48.27384,-1.51343,-1.98479,-8.75455
48.28387,-1.43832,-1.8974,-9.07507
48.29391,-1.44505,-1.83845,-9.35594
48.30395,-1.48455,-1.7961,-9.55227
48.31399,-1.55219,-1.75675,-9.69322
48.32402,-1.58616,-1.64886,-9.80575
48.33406,-1.59544,-1.49608,-9.90077
48.3441,-1.57194,-1.3641,-9.93145
48.35414,-1.52975,-1.27506,-9.81548
48.36417,-1.46914,-1.27177,-9.65611
48.37421,-1.39343,-1.27237,-9.57277
48.38425,-1.23122,-1.26878,-9.55032
48.39429,-0.95633,-1.18274,-9.52024
48.40432,-0.81747,-1.08278,-9.49675
48.41436,-0.79936,-0.97489,-9.45979
48.4244,-0.67591,-0.9279,-9.52383
48.43444,-0.46418,-0.81852,-9.58144
48.44448,-0.25738,-0.63656,-9.52054
48.45451,-0.09981,-0.45445,-9.40278
48.46455,0.00105,-0.33519,-9.27364
48.47459,-0.11028,-0.39923,-9.22381
48.48463,-0.26501,-0.558,-9.31793
48.49466,-0.28132,-0.64733,-9.42956
48.5047,-0.104,-0.58359,-9.46967
48.51474,0.16191,-0.42392,-9.40592
48.52478,0.40522,-0.19662,-9.24775
48.53481,0.54408,0.10235,-9.01686
48.54485,0.56354,0.2882,-8.90568
48.55489,0.49814,0.15667,-8.97691
48.56493,0.4344,-0.11791,-9.25015
48.57496,0.50667,-0.17074,-9.50962
48.585,0.58254,0.14096,-9.66045
48.59504,0.58897,0.54543,-9.81668
48.60508,0.47899,0.79712,-9.96601
48.61511,0.29479,0.74385,-10.0953
48.62515,0.32546,0.063,-9.58219
48.63519,-0.04654,-0.55501,-8.68003
48.64523,-0.64943,-0.91683,-7.64513
48.65526,-0.47974,-0.9496,-6.89455
48.6653,-0.42048,-0.83393,-6.87854
48.67534,-0.54797,-0.8245,-7.72744
48.68538,-0.6816,-0.79607,-8.90972
48.69541,-0.82824,-0.76106,-9.92696
48.70545,-1.09625,-0.65212,-10.87536
48.71549,-1.33522,-0.56129,-11.61562
48.72553,-1.38116,-0.49276,-11.81284
48.73556,-1.31531,-0.44936,-11.43755
48.7456,-1.29347,-0.49485,-10.70492
48.75564,-1.25696,-0.6807,-10.10338
48.76568,-1.11136,-0.87777,-9.92397
48.77572,-0.98267,-1.14233,-9.78705
48.78575,-0.90486,-1.41048,-9.73767
48.79579,-0.86401,-1.59529,-9.64998
48.80583,-0.85428,-1.82902,-9.44153
48.81587,-0.8878,-2.07981,-9.08375
48.8259,-0.79532,-2.10809,-8.64995
48.83594,-0.50503,-1.98719,-8.37387
48.84598,-0.36826,-1.9631,-8.33676
48.85602,-0.45206,-2.27404,-8.72462
48.86605,-0.56847,-2.5609,-9.01492
48.87609,-0.57341,-2.6444,-9.19852
48.88613,-0.66409,-2.72281,-9.19478
48.89617,-0.81882,-2.6209,-8.96524
48.9062,-1.01619,-2.36023,-8.70307
48.91624,-1.17376,-2.19533,-8.68212
48.92628,-1.11645,-2.06006,-8.92873
48.93632,-0.84007,-1.91416,-9.38153
48.94635,-0.52538,-1.81136,-9.7869
48.95639,-0.45894,-1.76243,-10.22953
48.96643,-0.79398,-1.52556,-10.60542
48.97647,-1.03714,-1.28853,-10.84723
48.98651,-1.0717,-1.24498,-11.00824
48.99654,-0.98072,-1.18618,-11.1495
49.00658,-1.02307,-1.13964,-11.22297
49.01662,-1.02816,-1.09999,-11.10341
49.02666,-0.65571,-0.84889,-10.95332
49.03669,-0.19378,-0.54453,-10.7968
49.04673,-0.01466,-0.33264,-10.71555
49.05677,-0.14186,-0.26606,-10.6753
49.06681,-0.45939,-0.43829,-10.7374
49.07684,-0.7024,-0.75283,-10.7148
49.08688,-0.72978,-1.0108,-10.71151
49.09692,-0.57835,-1.2164,-10.66796
49.10696,-0.28745,-1.25516,-10.59449
49.11699,0.15443,-1.03355,-10.40565
49.12703,0.46343,-0.62549,-10.1369
49.13707,0.62055,-0.19797,-9.57336
49.14711,0.61456,0.01392,-8.94159
49.15714,0.32621,-0.25588,-8.51992
49.16718,-0.06015,-0.84785,-8.66761
49.17722,-0.145,-1.33207,-8.93037
49.18726,-0.03606,-1.5706,-9.11502
49.19729,0.15009,-1.50251,-9.31808
49.20733,0.38906,-1.22703,-9.47475
49.21737,0.7226,-0.85533,-9.38347
49.22741,0.93793,-0.56428,-8.97152
49.23745,1.01828,-0.47315,-8.67883
49.24748,0.70913,-0.74714,-8.62855
49.25752,0.18435,-1.35557,-8.81036
49.26756,-0.14709,-1.84174,-9.08794
49.2776,-0.08814,-1.97088,-9.21468
49.28763,0.09427,-1.89082,-9.23877
49.29767,0.29269,-1.65529,-9.23384
49.30771,0.41689,-1.31546,-9.31973
49.31775,0.38696,-0.98985,-9.41086
49.32778,0.21338,-0.73547,-9.59446
49.33782,-0.18016,-0.67053,-9.81278
49.34786,-0.51131,-0.77901,-9.99938
49.3579,-0.63791,-0.81717,-10.10084
49.36793,-0.76255,-0.74998,-10.2801
49.37797,-0.9071,-0.79787,-10.45159
49.38801,-0.99763,-0.92072,-10.32499
49.39805,-1.07814,-1.08218,-10.31257
49.40808,-1.0934,-1.16927,-10.30135
49.41812,-1.0545,-1.15879,-10.19885
49.42816,-1.03804,-0.93928,-10.09246
49.4382,-1.12258,-0.61217,-9.99744
49.44823,-1.21027,-0.45131,-10.04996
49.45827,-1.30559,-0.51176,-10.3033
49.46831,-1.53543,-0.74699,-10.66273
49.47835,-1.59289,-0.88466,-10.89167
49.48839,-1.39163,-0.89753,-11.03877
49.49842,-1.18423,-0.90501,-10.99941
49.50846,-1.03564,-0.99255,-10.83451
49.5185,-0.96576,-1.18827,-10.54302
49.52853,-1.00556,-1.36963,-10.25736
49.53857,-1.06901,-1.45044,-10.10697
49.54861,-1.09325,-1.39702,-10.05864
49.55865,-1.07545,-1.24633,-10.15171
49.56869,-1.05734,-1.08098,-10.42181
49.57872,-0.85937,-0.8887,-10.66482
49.58876,-0.70479,-0.73936,-10.90978
49.5988,-0.65706,-0.71931,-11.20816
49.60884,-0.63117,-0.77677,-11.4567
49.61887,-0.63207,-0.79039,-11.52225
49.62891,-0.62324,-0.82331,-11.33445
49.63895,-0.58404,-0.83662,-11.08904
49.64899,-0.58867,-0.74924,-10.72004
49.65902,-0.54408,-0.68983,-10.42301
49.66906,-0.51849,-0.63132,-10.30015
49.6791,-0.56787,-0.56309,-10.24449
49.68914,-0.4971,-0.53196,-10.15171
49.69917,-0.43694,-0.51236,-10.11266
49.70921,-0.43799,-0.50592,-10.11685
49.71925,-0.40851,-0.5149,-10.04607
49.72929,-0.32935,-0.49874,-9.95659
49.73932,-0.27698,-0.45849,-9.94417
49.74936,-0.29823,-0.40133,-9.91633
49.7594,-0.3304,-0.34895,-9.85992
49.76944,-0.37873,-0.31948,-9.8065
49.77947,-0.40103,-0.32187,-9.75832
49.78951,-0.46029,-0.33175,-9.62738
49.79955,-0.50173,-0.2882,-9.61242
49.80959,-0.46881,-0.21189,-9.72959
49.81963,-0.41195,-0.18211,-9.7646
49.82966,-0.51101,-0.21772,-9.76475
49.8397,-0.55381,-0.22745,-9.78046
49.84974,-0.52897,-0.22101,-9.72091
49.85978,-0.52762,-0.22221,-9.65462
49.86981,-0.58673,-0.22939,-9.66494
49.87985,-0.61097,-0.2074,-9.72001
49.88989,-0.57236,-0.14515,-9.81174
49.89993,-0.55486,-0.13213,-9.89628
49.90996,-0.59256,-0.19378,-9.98666
49.92,-0.56413,-0.27758,-9.96108
49.93004,-0.558,-0.39385,-9.84675
49.94008,-0.56039,-0.47749,-9.74335
49.95011,-0.54348,-0.51296,-9.67362
49.96015,-0.51266,-0.51969,-9.72285
49.97019,-0.46597,-0.45595,-9.81787
49.98023,-0.44188,-0.36317,-9.90242
49.99027,-0.41016,-0.28835,-9.89164
50.0003,-0.37529,-0.27758,-9.81757
50.01034,-0.42572,-0.40058,-9.73288
50.02038,-0.45116,-0.48887,-9.6196
50.03042,-0.37185,-0.47809,-9.55436
50.04045,-0.27279,-0.41899,-9.6006
50.05049,-0.22371,-0.37065,-9.73422
50.06053,-0.13572,-0.2677,-9.81967
50.07057,-0.04654,-0.17178,-9.91125
50.0806,-0.01212,-0.0627,-10.00971
50.09064,0.04684,-0.00224,-10.00731
50.10068,0.05447,-0.05402,-9.97305
50.11072,0.02349,-0.12749,-9.85633
50.12075,0.12989,-0.14425,-9.77882
50.13079,0.25648,-0.15083,-9.85887
50.14083,0.43664,-0.13961,-9.97739
50.15087,0.55067,-0.20455,-10.08872
50.1609,0.71123,-0.24585,-10.15441
50.17094,0.83184,-0.2677,-10.20035
50.18098,0.87104,-0.24301,-10.19286
50.19102,0.89304,-0.22835,-10.20813
50.20105,0.89513,-0.26606,-10.25018
50.21109,0.90097,-0.28641,-10.25541
50.22113,0.98626,-0.23942,-10.32455
50.23117,1.10881,-0.2273,-10.52686
50.24121,1.21865,-0.30571,-10.75939
50.25124,1.29152,-0.38786,-10.9204
50.26128,1.30319,-0.55516,-11.00435
50.27132,1.25501,-0.82585,-10.90409
50.28135,1.23122,-0.9484,-10.80354
50.29139,1.15266,-0.88825,-10.69699
50.30143,1.01335,-0.8456,-10.62996
50.31147,0.97654,-0.83199,-10.62367
50.3215,1.07141,-0.87972,-10.82314
50.33154,1.06512,-0.99838,-11.02126
50.34158,0.99629,-1.01424,-11.09907
50.35162,0.80864,-0.98252,-11.15952
50.36166,0.6406,-0.85638,-11.19364
50.37169,0.57775,-0.72574,-11.30692
50.38173,0.57955,-0.85174,-11.37979
50.39177,0.67561,-1.12527,-11.4187
50.40181,0.73203,-1.42799,-11.54454
50.41184,0.69821,-1.6529,-11.76466
50.42188,0.54333,-1.78592,-11.92791
50.43192,0.23388,-1.85371,-12.1
50.44196,-0.13393,-1.75016,-12.21043
50.45199,-0.3497,-1.58107,-12.06393
50.46203,-0.37499,-1.47019,-11.89948
50.47207,-0.34132,-1.4244,-12.04658
50.48211,-0.29553,-1.43098,-12.41109
50.49215,-0.25798,-1.47453,-12.90535
50.50218,-0.19543,-1.57928,-13.36593
50.51222,-0.09472,-1.68761,-13.63932
50.52226,-0.03472,-1.80777,-13.78671
50.53229,0.24196,-1.92494,-13.68182
50.54233,0.4347,-2.23484,-13.29455
50.55237,0.29299,-2.80166,-12.82424
50.56241,0.09457,-3.33961,-11.89784
50.57244,0.10624,-3.56167,-10.59449
50.58248,0.08679,-3.51843,-9.70071
50.59252,0.18405,-3.30534,-9.32257
50.60256,0.42707,-3.11635,-9.42253
50.6126,0.89319,-2.98751,-10.1574
50.62263,1.27087,-3.12024,-10.97981
50.63267,1.54321,-3.36999,-11.19589
50.64271,1.68492,-3.50227,-10.82149
50.65337,0.7039,-3.07101,-9.97065
50.66341,0.7039,-3.07101,-9.97065
50.67345,0.27803,-2.99694,-10.19526
50.68349,0.03681,-3.10289,-10.86219
50.69352,0.04519,-3.30729,-11.36183
50.70356,0.12674,-3.62078,-11.21489
50.7136,0.42273,-3.94609,-10.14588
50.72364,0.82256,-4.17115,-8.79899
50.73367,0.95559,-4.16741,-7.96326
50.74371,0.7238,-3.72777,-7.73267
50.75375,0.52927,-3.20898,-7.84086
50.76379,0.48647,-2.69333,-8.01264
50.77383,0.37499,-2.17902,-7.89249
50.78386,0.03816,-1.57314,-7.22136
50.7939,-0.13138,-0.95035,-6.73863
50.80394,-0.3491,-0.61726,-6.8754
50.81398,-0.61037,-0.41839,-7.29857
50.82401,-1.26234,-0.59361,-7.30755
50.83405,-2.02041,-1.14622,-7.16719
50.84409,-2.16361,-1.26534,-7.43774
50.85413,-2.24127,-0.75043,-7.19802
50.86416,-2.24247,0.00135,-6.34882
50.8742,-2.33794,0.42931,-6.16956
50.88424,-2.37774,0.62623,-6.11733
50.89428,-2.13742,0.52822,-5.49634
50.90431,-1.92449,0.02858,-5.20215
50.91435,-1.86688,-0.24825,-5.12554
50.92439,-1.95277,-0.05028,-4.71718
50.93443,-2.19219,0.14799,-4.47147
50.94446,-2.30547,0.27593,-4.74306
50.9545,-2.2724,0.30511,-5.12913
50.96454,-2.07697,0.34746,-5.5963
50.97458,-1.9417,0.35689,-5.74908
50.98461,-2.14191,0.28566,-5.88779
50.99465,-2.27075,0.2472,-6.01887
51.00469,-2.18037,0.31364,-5.74638
51.01473,-2.11318,0.36616,-5.4109
51.02477,-2.10046,0.30391,-5.10833
51.0348,-1.91087,0.15458,-4.71882
51.04484,-1.59394,0.13827,-4.32423
51.05488,-1.32908,0.14156,-4.15289
51.06492,-1.13455,0.13662,-4.3561
51.07495,-1.0108,0.13348,-4.71748
51.08499,-0.7835,0.09652,-5.10504
51.09503,-0.57042,-0.06479,-5.51085
51.10507,-0.46462,-0.27698,-5.779
51.1151,-0.58927,-0.4145,-5.96815
51.12514,-0.85518,-0.52942,-6.01259
51.13518,-1.06512,-0.64524,-5.8652
51.14522,-1.299,-0.87314,-5.45309
51.15525,-1.45268,-1.10223,-4.94702
51.16529,-1.39238,-1.27551,-4.51726
51.17533,-1.25127,-1.35497,-4.19449
51.18537,-1.10627,-1.2809,-4.0875
51.1954,-0.88765,-1.06736,-4.35281
51.20544,-0.62653,-0.77856,-4.75399
51.21548,-0.50368,-0.50533,-5.14334
51.22552,-0.58852,-0.28132,-5.49649
51.23555,-0.71198,-0.21518,-5.72678
51.24559,-0.79667,-0.21473,-6.19949
51.25563,-0.8049,-0.23358,-6.8528
51.26567,-0.81971,-0.17642,-7.37474
51.2757,-0.89169,0.03965,-7.7023
51.28574,-0.9701,0.30242,-7.75661
51.29578,-0.97354,0.45026,-7.54039
51.30582,-1.14548,0.61292,-6.86193
51.31586,-1.82019,1.30978,-5.83287
51.32652,-1.82019,1.30978,-5.83287
51.33656,-2.04555,1.32414,-6.86567
51.34659,-2.26761,1.63255,-8.28289
51.35663,-2.17768,1.97701,-9.7257
51.36667,-1.65978,2.21972,-10.9608
51.37671,-1.16852,2.56344,-11.63806
51.38675,-0.7452,3.00098,-11.52105
51.39678,-0.63701,2.94472,-10.32395
51.40682,-1.00182,2.45705,-10.42959
51.41686,-1.14473,2.58574,-10.74428
51.4269,-1.33686,2.76904,-11.71603
51.43693,-1.56506,2.96552,-13.60984
51.44697,-1.41183,3.00368,-15.59568
51.45701,-1.18663,2.9923,-17.22374
51.46705,-1.12961,3.14658,-18.13593
51.47708,-1.031,3.28305,-18.2929
51.48712,-0.4341,3.54836,-18.36083
51.49716,0.1875,3.27961,-18.45585
51.5072,0.46896,2.90506,-18.38118
51.51723,0.83333,2.73104,-17.68851
51.52727,1.22688,2.40692,-17.5085
51.53731,1.45418,2.23768,-17.51089
51.54735,1.59603,1.93092,-17.57299
51.55738,1.74567,1.66038,-18.43999
51.56742,2.08729,1.60935,-19.50362
51.57746,2.42144,1.7548,-20.26213
51.5875,2.55521,2.00574,-20.37151
51.59753,2.7062,2.12964,-20.01134
51.60757,2.56614,1.84129,-19.40201
51.61761,2.19608,1.3219,-18.6842
51.62765,2.09702,1.0729,-18.40692
51.63769,2.51631,1.15386,-18.26911
51.64772,2.74899,1.20024,-18.42772
51.65776,2.73433,1.44086,-18.57257
51.6678,2.57541,1.91686,-18.48189
51.67784,2.18306,2.36188,-18.28197
51.68787,1.86927,2.42563,-17.98838
51.69791,1.69674,2.4961,-17.50865
51.70795,1.49009,2.58559,-16.63566
51.71799,1.29422,2.39779,-15.65898
51.72802,1.02083,2.04555,-14.679
51.73806,0.82046,1.92224,-13.6043
51.7481,0.70823,1.7982,-12.41349
51.75814,0.83363,1.68686,-11.36602
51.76817,1.07649,1.48291,-10.63549
51.77821,1.18842,0.91069,-10.4658
51.78825,1.02098,0.3735,-10.97697
51.79829,0.63476,0.09861,-11.67667
51.80832,0.36302,0.03965,-12.21342
51.81836,0.40731,0.26486,-12.42217
51.8284,0.55201,0.52493,-12.28375
51.83844,0.49096,0.63416,-11.91849
51.84847,0.28027,0.61785,-11.40867
51.85851,0.23299,0.55695,-10.79186
51.86855,0.27399,0.51026,-10.18553
51.87859,0.25334,0.52732,-9.74201
51.88862,0.0612,0.63237,-9.73467
51.89866,-0.14096,0.60873,-9.89194
51.9087,-0.05716,0.74789,-9.7025
51.91874,-0.2665,0.68654,-9.51979
51.92878,-0.26456,0.47525,-8.93321
51.93881,-0.11447,0.15727,-8.15645
51.94885,-0.25977,-0.17957,-7.55146
51.95889,-0.45475,-0.52762,-7.2272
51.96893,-0.3524,-0.65721,-6.85804
51.97896,0.03696,-0.52418,-6.20757
51.989,0.19902,-0.35973,-5.42376
51.99904,0.17268,-0.11866,-4.69204
52.00908,0.24181,0.20411,-4.1282
52.01911,0.28805,0.37305,-3.91213
52.02915,0.25049,0.37275,-3.85481
52.03919,0.15083,0.2466,-3.70368
52.04923,-0.00868,0.04684,-3.45483
52.05926,-0.02125,-0.04803,-3.36625
52.0693,0.01018,-0.0814,-3.29427
52.07934,-0.05731,-0.09532,-3.11276
52.08938,0.00703,0.00479,-2.86167
52.09941,0.15817,0.10549,-2.63452
52.10945,0.04579,0.01077,-2.51885
52.11949,-0.15218,-0.11372,-2.32567
52.12953,-0.20635,-0.11148,-1.983
52.13956,-0.31125,-0.09831,-1.7569
52.1496,-0.42557,-0.17208,-1.77994
52.15964,-0.55231,-0.287,-1.85551
52.16968,-0.65676,-0.35629,-2.10106
52.17971,-0.53795,-0.36302,-2.40677
52.18975,-0.38816,-0.50248,-2.73358
52.19979,-0.29509,-0.80774,-3.10962
52.20983,-0.21264,-1.21865,-3.26464
52.21986,-0.07123,-1.51403,-3.12099
52.2299,0.05926,-1.57853,-2.88262
52.23994,0.01392,-1.567,-2.76859
52.24998,-0.25723,-1.53304,-2.96956
52.26002,-0.52164,-1.39223,-3.31208
52.27005,-0.75118,-1.23675,-3.70024
52.28009,-1.03504,-1.18333,-3.91168
52.29013,-1.34285,-1.2601,-4.07882
52.30017,-1.49787,-1.34629,-4.35146
52.3102,-1.43517,-1.23391,-4.72705
52.32024,-1.24843,-1.02532,-5.17417
52.33028,-0.94062,-0.80221,-5.86116
52.34032,-0.60304,-0.50907,-6.49158
52.35035,-0.33683,-0.23388,-6.53767
52.36039,-0.14201,-0.05716,-6.10222
52.37043,-0.21653,0.01107,-5.88031
52.38047,-0.29853,0.1646,-6.12122
52.3905,-0.09068,0.35539,-6.49577
52.40054,0.27982,0.59182,-6.96174
52.41058,0.40522,0.8471,-7.7647
52.42062,0.47824,1.14398,-8.59444
52.43065,0.75238,1.51942,-9.02704
52.44069,0.94721,1.79939,-9.26601
52.45073,0.89124,1.91342,-9.53745
52.46077,1.16358,1.86104,-9.78944
52.4708,1.52122,1.83306,-9.73019
52.48084,1.65619,2.08325,-9.48807
52.49088,1.63943,2.36757,-9.50214
52.50092,1.33177,2.48099,-9.96332
52.51096,0.91758,2.5618,-10.50306
52.52099,0.79383,2.847,-10.94794
52.53103,0.82705,2.92197,-11.40373
52.54107,1.1136,2.61806,-12.00647
52.55111,1.53274,2.27928,-12.65575
52.56114,1.90384,2.34033,-13.15913
52.57118,2.1901,2.65457,-13.46364
52.58122,2.19219,2.96208,-13.5835
52.59126,1.90309,3.18623,-13.66057
52.60129,1.54591,3.2621,-13.85869
52.61133,1.23436,3.17965,-13.91405
52.62137,1.16852,2.99679,-13.68406
52.63141,1.47677,2.92542,-13.70247
52.64144,2.00155,2.89384,-14.02673
52.65148,2.3951,2.87843,-14.44766
52.66152,2.38537,2.93649,-14.77567
52.67156,2.38552,3.08643,-15.08167
52.68159,2.44478,3.40815,-15.30942
52.69163,2.35889,3.67989,-15.40863
52.70167,2.27823,3.81546,-15.672
52.71171,2.27225,3.82369,-15.81056
52.72174,2.31564,3.73675,-15.69564
52.73178,2.34482,3.58008,-15.64536
52.74182,2.28512,3.42865,-15.85874
52.75186,2.17573,3.33393,-16.1441
52.7619,2.11393,3.26868,-16.40851
52.77193,1.97537,3.17681,-16.69806
52.78197,1.76991,3.05605,-16.91907
52.79201,1.62581,3.00278,-16.84261
52.80205,1.51254,2.94711,-16.64299
52.81208,1.36874,2.89025,-16.56398
52.82212,1.19635,2.74914,-16.48393
52.83216,0.96935,2.67956,-16.42871
52.8422,0.67906,2.56943,-16.26426
52.85223,0.37769,2.38777,-16.0404
52.86227,0.13303,2.29873,-15.75534
52.87231,-0.13587,2.26746,-15.49827
52.88235,-0.34117,2.2489,-15.34683
52.89238,-0.41884,2.26551,-15.08227
52.90242,-0.43111,2.3758,-14.73272
52.91246,-0.47405,2.49955,-14.42102
52.9225,-0.47974,2.50209,-14.06968
52.93253,-0.4956,2.45241,-13.74077
52.94257,-0.56383,2.37909,-13.57572
52.95261,-0.5354,2.4153,-13.44584
52.96265,-0.42632,2.48593,-13.24308
52.97268,-0.40821,2.52214,-12.94829
52.98272,-0.32666,2.54758,-12.54203
52.99276,-0.04729,2.51361,-11.83963
53.0028,0.47226,2.49132,-10.90394
53.01284,0.96666,2.55731,-9.9699
53.02287,1.63943,2.8696,-9.19568
53.03291,2.34497,3.06024,-8.63663
53.04295,2.73268,3.0146,-8.22887
53.05299,2.83833,2.7864,-7.84161
53.06302,2.82127,2.37729,-7.70858
53.07306,2.80077,1.82842,-7.80405
53.0831,2.68285,1.31666,-7.72699
53.09314,2.1458,0.91339,-7.32371
53.10317,1.7557,0.59137,-6.69344
53.11321,1.92673,0.81702,-6.44953
53.12325,2.1051,1.05824,-6.2758
53.13329,1.6327,0.79158,-6.21714
53.14332,0.93703,0.7425,-6.32847
53.15336,0.40312,0.7416,-6.50056
53.1634,0.51356,0.74774,-6.53078
53.17344,0.73502,0.70734,-6.44414
53.18347,0.68983,0.63416,-6.46629
53.19351,0.45385,0.59915,-6.55398
53.20355,0.21099,0.57117,-6.77245
53.21359,0.14545,0.42901,-6.96952
53.22362,0.28955,0.05941,-6.85924
53.23366,0.39669,-0.29898,-6.53019
53.2437,0.28626,-0.41659,-6.24243
53.25374,0.10819,-0.34551,-5.97742
53.26378,0.01631,-0.41749,-5.76539
53.27381,0.05986,-0.49395,-5.7205
53.28385,0.11477,-0.57955,-5.77033
53.29389,0.07168,-0.73203,-6.00795
53.30393,-0.18136,-0.90172,-6.25096
53.31396,-0.29868,-0.97369,-6.46554
53.324,-0.54363,-0.91174,-6.71618
53.33404,-0.67816,-0.85907,-6.8543
53.34408,-0.67172,-0.71467,-6.92687
53.35411,-0.89004,-0.55875,-7.05496
53.36415,-1.17406,-0.55935,-7.15148
53.37419,-1.39477,-0.73203,-7.3068
53.38423,-1.40001,-0.86969,-7.48098
53.39426,-1.41363,-0.98866,-7.68958
53.4043,-1.4443,-1.07051,-7.78998
53.41434,-1.55354,-1.03564,-7.92077
53.42438,-1.61399,-0.8691,-8.08582
53.43441,-1.63584,-0.88481,-8.24443
53.44445,-1.8172,-0.99285,-8.51857
53.45449,-1.85341,-0.7832,-8.81365
53.46453,-1.74043,-0.45714,-8.99786
53.47456,-1.97133,-0.24675,-9.00624
53.4846,-2.30487,-0.21668,-9.11757
53.49464,-2.36951,-0.3714,-9.06026
53.50468,-2.35215,-0.61277,-8.68078
53.51472,-2.31085,-0.79862,-8.15704
53.52475,-2.25938,-0.89543,-7.78774
53.53479,-2.08984,-0.95529,-7.65576
53.54483,-1.90294,-1.04971,-7.7846
53.55487,-1.72801,-1.0518,-8.08806
53.5649,-1.51553,-0.97653,-8.40769
53.57494,-1.28793,-0.9086,-8.65848
53.58498,-1.16852,-0.84426,-8.8994
53.59502,-1.21087,-0.71901,-9.11981
53.60505,-1.27895,-0.60259,-9.31928
53.61509,-1.31741,-0.60124,-9.50274
53.62513,-1.27506,-0.61217,-9.57785
53.63517,-1.19725,-0.64748,-9.4746
53.6452,-1.08487,-0.68938,-9.34217
53.65524,-1.01948,-0.71213,-9.32033
53.66528,-1.00452,-0.71063,-9.38138
53.67532,-0.95499,-0.67561,-9.4541
53.68535,-0.81493,-0.63446,-9.56334
53.69539,-0.72829,-0.50982,-9.46428
53.70543,-0.59316,-0.52238,-9.43914
53.71547,-0.54124,-0.53959,-9.4565
53.72551,-0.47181,-0.39714,-9.31734
53.73554,-0.34566,-0.10564,-9.20481
53.74558,-0.35015,0.11103,-9.22546
53.75562,-0.44353,0.15487,-9.26855
53.76566,-0.35793,0.04714,-9.30611
53.77569,-0.16685,-0.11387,-9.33649
53.78573,0.23224,-0.42707,-9.43794
53.79577,0.57985,-0.83872,-9.41624
53.80581,0.48079,-0.92132,-9.19927
53.81584,0.44607,-0.73472,-8.75215
53.82588,0.50338,-0.59361,-8.4421
53.83592,0.31364,-0.50742,-8.53682
53.84596,-0.03621,-0.7024,-8.45871
53.85599,-0.2469,-1.21356,-8.48041
53.86603,-0.51011,-1.43039,-8.78507
53.87607,-0.70419,-0.85308,-7.62015
53.88611,-0.67083,-0.37754,-7.11706
53.89615,-0.58059,-0.03068,-6.77754
53.90618,-0.23089,0.227,-6.49203
53.91622,0.11672,-0.10445,-6.44055
53.92626,0.35808,-0.84111,-6.50759
53.93629,0.40178,-1.4259,-6.57178
53.94633,0.44831,-1.8154,-6.97401
53.95637,0.65107,-1.83097,-7.68344
53.96641,0.85533,-1.40599,-8.33571
53.97645,0.6587,-0.88526,-8.92364
53.98648,0.17672,-0.47809,-9.28486
53.99652,-0.14156,-0.13991,-9.54209
54.00656,-0.41345,0.14081,-9.68694
54.0166,-0.77557,0.29389,-9.73737
54.02663,-0.96337,0.30586,-9.70639
54.03667,-0.86356,-0.12151,-9.578
54.04671,-0.55067,-0.60858,-9.5807
54.05675,0.00479,-0.66888,-9.81802
54.06678,0.54378,-0.47854,-9.92037
54.07682,0.85877,-0.31858,-9.89194
54.08686,0.76285,-0.40148,-10.20094
54.0969,0.16176,-0.84725,-10.77645
54.10693,-0.57117,-1.51314,-11.02395
54.11697,-1.00856,-1.90743,-10.90035
54.12701,-1.10986,-1.95876,-10.78752
54.13705,-0.77976,-1.63913,-10.69595
54.14708,-0.12674,-1.01604,-10.50276
54.15712,0.38981,-0.61292,-10.20977
54.16716,0.58628,-0.45654,-9.95165
54.1772,0.52149,-0.49096,-9.8288
54.18724,0.46029,-0.70449,-9.82491
54.19727,0.35329,-1.11345,-9.92591
54.20731,0.28446,-1.485,-10.21202
54.21735,0.38023,-1.67834,-10.41762
54.22739,0.49889,-2.02909,-10.27322
54.23742,0.74265,-2.19384,-10.16279
54.24746,1.0108,-2.05527,-10.25706
54.2575,1.09355,-1.64512,-10.26065
54.26754,0.80385,-1.46899,-9.7854
54.27757,0.14201,-2.01607,-9.16037
54.28761,-0.57027,-2.90372,-8.79989
54.29765,-1.10208,-3.76683,-8.62272
54.30769,-1.22404,-4.34024,-8.93501
54.31772,-0.91608,-4.63906,-9.5162
54.32776,-0.55426,-4.65642,-10.05849
54.3378,-0.13408,-4.27006,-10.37916
54.34784,0.20171,-3.92948,-10.60886
54.35787,0.32112,-3.91347,-10.75086
54.36791,0.18031,-4.16486,-10.70867
54.37795,-0.14709,-4.32483,-10.15201
54.38799,-0.42781,-4.46249,-9.38976
54.39802,-0.78395,-4.83524,-8.88354
54.40806,-1.15505,-5.31438,-8.69275
54.4181,-1.25546,-5.66348,-8.77849
54.42814,-1.10612,-5.63251,-9.13044
54.43818,-0.82929,-5.24151,-9.58339
54.44821,-0.58823,-4.99416,-10.14333
54.45825,-0.50922,-4.79529,-10.82089
54.46829,-0.47839,-4.48389,-11.15713
54.47832,-0.4543,-4.29011,-11.06286
54.48836,-0.52702,-4.34877,-10.54825
54.4984,-0.50503,-4.5017,-10.00297
54.50844,-0.29658,-4.42628,-9.50558
54.51848,-0.15727,-4.58594,-8.99397
54.52851,0.00344,-4.66271,-8.86184
54.53855,0.05133,-4.73259,-8.99936
54.54859,0.01451,-4.63936,-9.44019
54.55863,-0.13213,-4.59432,-9.80007
54.56866,-0.47241,-4.60989,-9.93788
54.5787,-0.75447,-4.70281,-10.06747
54.58874,-0.90665,-4.74172,-9.87309
54.59878,-0.97205,-4.78631,-9.44393
54.60881,-1.01514,-4.90003,-9.17204
54.61885,-1.05046,-5.08498,-9.07971
54.62889,-1.00676,-5.25482,-9.0233
54.63893,-0.98447,-5.32426,-9.03572
54.64959,-1.12168,-5.31139,-9.02405
54.65963,-1.31038,-5.23387,-9.16785
54.66967,-1.49039,-5.02438,-9.52683
54.67971,-1.69644,-4.77254,-9.72854
54.68974,-1.85266,-4.63981,-9.81937
54.69978,-1.91461,-4.51995,-9.93145
54.70982,-1.84413,-4.4583,-9.96152
54.71985,-1.73295,-4.38992,-9.86755
54.72989,-1.53768,-4.27036,-9.65058
54.73993,-1.39762,-4.24058,-9.34846
54.74997,-1.3629,-4.17309,-9.13612
54.76001,-1.2797,-4.10621,-9.17144
54.77004,-1.29062,-4.38274,-8.72836
54.78008,-1.30664,-4.59283,-8.5247
54.79012,-1.10956,-4.398,-8.52979
54.80016,-0.91249,-4.21469,-8.55044
54.81019,-1.03834,-4.0667,-8.78014
54.82023,-1.20758,-3.91272,-8.96943
54.83027,-1.28045,-3.85392,-9.17368
54.84031,-1.30738,-3.90629,-9.3109
54.85034,-1.16119,-3.83357,-9.37016
54.86038,-0.91833,-3.70907,-9.40472
