t,ax,ay,az
0.0,0.5574,-2.28676,-9.53147
0.01004,0.61935,-2.3532,-9.53611
0.02008,0.65736,-2.22975,-9.496
0.03011,0.65915,-2.08715,-9.57651
0.04015,0.60917,-1.95876,-9.67257
0.05019,0.50353,-1.87556,-9.74275
0.06023,0.37783,-1.85177,-9.76131
0.07026,0.24211,-1.89187,-9.68739
0.0803,0.24316,-1.84817,-9.57651
0.09034,0.29838,-1.82962,-9.60075
0.10038,0.32905,-1.84054,-9.78061
0.11041,0.2472,-1.88109,-10.20618
0.12045,0.07048,-1.91401,-10.43378
0.13049,-0.03337,-1.86628,-10.01435
0.14053,0.08888,-1.68492,-9.4143
0.15056,0.23493,-1.61713,-9.04215
0.1606,-0.00479,-1.65813,-8.96793
0.17064,-0.13572,-1.80882,-9.33454
0.18068,0.04699,-1.9414,-9.90317
0.19071,0.34357,-1.93541,-10.75041
0.20075,0.54378,-1.72742,-11.35166
0.21079,0.31349,-1.54291,-11.17494
0.22083,-0.23628,-1.49533,-10.25152
0.23086,-0.80131,-1.52511,-9.54823
0.2409,-1.10103,-1.92943,-9.31255
0.25094,-0.91952,-2.28766,-9.09707
0.26098,-0.56892,-2.50119,-8.99038
0.27101,-0.28087,-2.62599,-8.96374
0.28105,-0.0422,-2.61207,-9.05547
0.29109,0.08888,-2.54773,-8.84298
0.30113,0.11028,-2.7035,-8.5271
0.31116,0.22431,-2.9947,-8.45662
0.3212,0.19692,-3.12683,-8.09539
0.33124,0.29703,-2.94996,-7.65441
0.34128,0.39325,-2.765,-7.67521
0.35131,0.3943,-2.69827,-7.79791
0.36135,0.48662,-2.63063,-7.87154
0.37139,0.59885,-2.62614,-8.07445
0.38143,0.63431,-2.78715,-8.41367
0.39146,0.82585,-3.03375,-8.55792
0.4015,1.42949,-3.19267,-8.40739
0.41154,1.77665,-3.31492,-8.74377
0.42158,1.90578,-3.49344,-9.80605
0.43161,1.95965,-3.65445,-10.64477
0.44165,1.76273,-3.46576,-10.50531
0.45169,1.71859,-2.95445,-9.81144
0.46173,1.61818,-2.57077,-9.2705
0.47176,1.56775,-2.46109,-8.84044
0.4818,1.44999,-2.55237,-8.8572
0.49184,1.29197,-2.71293,-9.01926
0.50188,1.25995,-2.75468,-9.07941
0.51191,1.2999,-2.79777,-9.33439
0.52195,1.25726,-2.90761,-9.73737
0.53199,1.13021,-2.95968,-10.18074
0.54203,0.9918,-2.90881,-10.40161
0.55206,0.86326,-2.75782,-10.32365
0.5621,0.71781,-2.59068,-10.09904
0.57214,0.66574,-2.41081,-9.79603
0.58218,0.63102,-2.30726,-9.5813
0.59221,0.5987,-2.30128,-9.53117
0.60225,0.58,-2.32881,-9.48014
0.61229,0.57895,-2.38567,-9.36043
0.62233,0.56713,-2.46378,-9.21453
0.63236,0.49949,-2.56928,-9.10964
0.6424,0.44727,-2.71607,-8.98424
0.65244,0.48198,-2.78625,-8.97422
0.66248,0.48842,-2.81753,-9.04006
0.67251,0.47241,-2.73104,-9.08809
0.68255,0.40103,-2.67223,-9.21618
0.69259,0.28177,-2.73508,-9.38063
0.70263,0.24226,-2.77009,-9.58534
0.71266,0.25768,-2.79373,-9.69831
0.7227,0.26905,-2.81917,-9.66644
0.73274,0.29733,-2.82396,-9.62394
0.74278,0.34162,-2.82456,-9.60344
0.75281,0.38277,-2.80541,-9.61885
0.76285,0.40597,-2.78835,-9.62948
0.77289,0.35329,-2.80137,-9.69951
0.78293,0.32531,-2.79658,-9.77957
0.79296,0.35778,-2.71757,-9.7646
0.803,0.42123,-2.63632,-9.73363
0.81304,0.44203,-2.62823,-9.64414
0.82308,0.44218,-2.65038,-9.58893
0.83311,0.43545,-2.64589,-9.56095
0.84315,0.41061,-2.64559,-9.56858
0.85319,0.36766,-2.62345,-9.59297
0.86323,0.42841,-2.55746,-9.52892
0.87326,0.45849,-2.52768,-9.50678
0.8833,0.44816,-2.57182,-9.65911
0.89334,0.45879,-2.60429,-9.70909
0.90338,0.47869,-2.54698,-9.61616
0.91341,0.47016,-2.52169,-9.45859
0.92345,0.47495,-2.58349,-9.35235
0.93349,0.50413,-2.61537,-9.32033
0.94353,0.50159,-2.63033,-9.30087
0.95356,0.49111,-2.63781,-9.32033
0.9636,0.51386,-2.62105,-9.33948
0.97364,0.52762,-2.60384,-9.32751
0.98368,0.54049,-2.61956,-9.29115
0.99371,0.52762,-2.66011,-9.25539
1.00375,0.5149,-2.67866,-9.26676
1.01379,0.50368,-2.6619,-9.23309
1.02383,0.53825,-2.63168,-9.25344
1.03386,0.50712,-2.6013,-9.41909
1.0439,0.46612,-2.55072,-9.56918
1.05394,0.45789,-2.4587,-9.53775
1.06398,0.49605,-2.41261,-9.29953
1.07401,0.56099,-2.56464,-8.99831
1.08405,0.52493,-2.83593,-9.24072
1.09409,0.5592,-2.98751,-9.56633
1.10413,0.55291,-2.88382,-9.90107
1.11416,0.49725,-2.62734,-10.04412
1.1242,0.4736,-2.32477,-9.60584
1.13424,0.49066,-2.08131,-8.92244
1.14428,0.38023,-2.19279,-8.52755
1.15431,0.41524,-2.59786,-8.44734
1.16435,0.62414,-2.88382,-8.6516
1.17439,0.67337,-2.9519,-9.0643
1.18443,0.65586,-2.82725,-9.50049
1.19446,0.56578,-2.65697,-9.85887
1.2045,0.4115,-2.58619,-10.07959
1.21454,0.30032,-2.54818,-10.10069
1.22458,0.29643,-2.45825,-9.94417
1.23461,0.27294,-2.47291,-9.76281
1.24465,0.16041,-2.55521,-9.6847
1.25469,0.16715,-2.55416,-9.75607
1.26473,0.27339,-2.53067,-9.68634
1.27476,0.33309,-2.52828,-9.44049
1.2848,0.11462,-2.5585,-9.22576
1.29484,-0.00419,-2.63796,-8.99517
1.30488,0.03561,-2.65906,-8.84762
1.31491,0.16939,-2.61881,-8.85451
1.32495,0.31379,-2.53321,-8.96703
1.33499,0.43844,-2.478,-9.19343
1.34503,0.51775,-2.42039,-9.42881
1.35506,0.5987,-2.33869,-9.51321
1.3651,0.51984,-2.30442,-9.54329
1.37514,0.44592,-2.21179,-9.51546
1.38518,0.57416,-2.06934,-9.42657
1.39521,0.65586,-2.02879,-9.2717
1.40525,0.61307,-2.1482,-9.23997
1.41529,0.67247,-2.33046,-9.52623
1.42533,0.68235,-2.40572,-9.97305
1.43536,0.60558,-2.32686,-10.02153
1.4454,0.61711,-2.14909,-9.50707
1.45544,0.60124,-2.04585,-9.17563
1.46548,0.54079,-2.1904,-9.35953
1.47551,0.46223,-2.41755,-9.61586
1.48555,0.53899,-2.42218,-9.72196
1.49559,0.4739,-2.33704,-9.76924
1.50563,0.30421,-2.21823,-9.62843
1.51566,0.23703,-2.13967,-9.41026
1.5257,0.14515,-2.147,-9.28845
1.53574,0.09936,-2.19444,-9.43645
1.54578,0.27728,-2.20222,-9.60988
1.55581,0.42048,-2.19249,-9.7016
1.56585,0.31648,-2.13997,-9.71642
1.57589,0.3078,-2.03358,-9.60808
1.58593,0.27653,-1.96414,-9.53251
1.59596,0.18181,-1.9616,-9.51246
1.606,0.16924,-1.99961,-9.53476
1.61604,0.18765,-2.0023,-9.55526
1.62608,0.21533,-1.96414,-9.55511
1.63611,0.26665,-1.94544,-9.59551
1.64615,0.3081,-1.9628,-9.6615
1.65619,0.27892,-1.97013,-9.60494
1.66623,0.26546,-1.94858,-9.5367
1.67626,0.21847,-1.90638,-9.59027
1.6863,0.1046,-1.9613,-9.77463
1.69634,0.0808,-2.00993,-9.849
1.70638,0.01601,-2.01487,-9.75413
1.71641,0.01526,-1.97013,-9.6618
1.72645,0.04684,-1.88469,-9.5789
1.73649,0.02589,-1.95741,-9.63801
1.74653,-0.02783,-2.07039,-9.61197
1.75656,-0.09876,-2.15478,-9.46772
1.7666,-0.13497,-2.18396,-9.49525
1.77664,-0.11387,-2.21254,-9.63127
1.78668,-0.05731,-2.10989,-9.55526
1.79671,-0.11013,-2.07128,-9.56693
1.80675,-0.14859,-2.08625,-9.67811
1.81679,-0.1465,-2.10061,-9.71462
1.82683,-0.09562,-2.07892,-9.71986
1.83686,-0.06345,-2.09418,-9.6226
1.8469,-0.04175,-2.1277,-9.44947
1.85694,0.00943,-2.15598,-9.28965
1.86698,0.04579,-2.17004,-9.26915
1.87701,0.07482,-2.17154,-9.3745
1.88705,0.11821,-2.18695,-9.42253
1.89709,0.09876,-2.17962,-9.58908
1.90713,0.08993,-2.22092,-9.69637
1.91716,0.09622,-2.17184,-9.63307
1.9272,0.13931,-2.12575,-9.52578
1.93724,0.14964,-2.15493,-9.45066
1.94728,0.08829,-2.2094,-9.48448
1.95731,0.06105,-2.27359,-9.48283
1.96735,0.08305,-2.23155,-9.42103
1.97739,0.09173,-2.1669,-9.40278
1.98743,0.11103,-2.15014,-9.44303
1.99746,0.10654,-2.17633,-9.50782
2.0075,0.12046,-2.19488,-9.54314
2.01754,0.11088,-2.22825,-9.49346
2.02758,0.1034,-2.23544,-9.45321
2.03761,0.0814,-2.20147,-9.38542
2.04765,0.05013,-2.14954,-9.39634
2.05769,0.07392,-2.14595,-9.42103
2.06773,0.07033,-2.14939,-9.45455
2.07776,0.06853,-2.15733,-9.55376
2.0878,0.1031,-2.14281,-9.58563
2.09784,0.1462,-2.11273,-9.59027
2.10788,0.15577,-2.11094,-9.55631
2.11791,0.20785,-2.14101,-9.4746
2.12795,0.26366,-2.16331,-9.41026
2.13799,0.27189,-2.17004,-9.37584
2.14803,0.28925,-2.16346,-9.37524
2.15806,0.28835,-2.14371,-9.41984
2.1681,0.27967,-2.12889,-9.43734
2.17814,0.26157,-2.15747,-9.44647
2.18818,0.28237,-2.17229,-9.42956
2.19821,0.27638,-2.16391,-9.43615
2.20825,0.27533,-2.14146,-9.36522
2.21829,0.29419,-2.09104,-9.32048
2.22833,0.30062,-2.05108,-9.4538
2.23836,0.31439,-2.05138,-9.60464
2.2484,0.33833,-2.05856,-9.67392
2.25844,0.31484,-2.10944,-9.68051
2.26848,0.3301,-2.15493,-9.52443
2.27851,0.33728,-2.14027,-9.38048
2.28855,0.35659,-2.08475,-9.40098
2.29859,0.36108,-2.0852,-9.37076
2.30863,0.40881,-2.16421,-9.46069
2.31866,0.44158,-2.2106,-9.59416
2.3287,0.36826,-2.10286,-9.69801
2.33874,0.27249,-2.06201,-9.73093
2.34878,0.21264,-2.04794,-9.68604
2.35881,0.0814,-2.03492,-9.74141
2.36885,0.12644,-2.09672,-9.86516
2.37889,0.1878,-2.16705,-9.76894
2.38893,0.13961,-2.15987,-9.6425
2.39896,0.12659,-2.10974,-9.53027
2.409,0.09936,-1.99213,-9.37225
2.41904,0.09248,-1.90953,-9.35938
2.42908,0.06464,-1.89456,-9.36761
2.43911,-0.19827,-1.89007,-9.50468
2.44915,0.04953,-1.84892,-8.87905
2.45919,0.21189,-2.04106,-9.11951
2.46923,0.0006,-2.15433,-9.26212
2.47926,-0.02679,-2.14161,-9.41206
2.4893,-0.16984,-1.77201,-9.3932
2.49934,-0.17044,-1.60786,-9.34427
2.50938,0.53002,-1.72308,-9.62903
2.51941,0.23867,-1.72008,-9.46503
2.52945,0.14231,-1.60771,-9.37973
2.53949,0.20276,-1.85132,-9.4761
2.54953,-0.05836,-1.9613,-9.55436
2.55956,-0.14275,-1.93751,-9.56768
2.5696,-0.041,-1.92254,-9.5382
2.57964,-0.05028,-1.8995,-9.32676
2.58968,-0.19483,-2.09388,-9.57561
2.59971,-0.09637,-2.07024,-9.78091
2.60975,-0.15188,-1.86254,-10.16608
2.61979,-0.16939,-1.61683,-10.6512
2.62983,-0.0829,-1.38086,-10.33278
2.63986,-0.24062,-1.50251,-9.98008
2.6499,-0.42213,-1.64586,-9.77642
2.65994,-0.43051,-1.62207,-9.59985
2.66998,-0.37005,-1.65903,-9.58863
2.68001,-0.28775,-1.77515,-9.68305
2.69005,-0.26157,-1.7741,-9.71866
2.70009,-0.26112,-1.77874,-9.6633
2.71013,-0.24675,-1.79146,-9.54897
2.72016,-0.24825,-1.7117,-9.54194
2.7302,-0.21159,-1.57718,-9.48388
2.74024,-0.15921,-1.53079,-9.36896
2.75028,-0.14949,-1.71814,-9.35923
2.76031,-0.12465,-1.81735,-9.46278
2.77035,-0.1025,-1.80657,-9.46443
2.78039,-0.15862,-1.76602,-9.53401
2.79043,-0.23418,-1.66397,-9.77193
2.80046,-0.24735,-1.62477,-10.03814
2.8105,-0.17867,-1.57209,-10.19735
2.82054,-0.12061,-1.50386,-10.03619
2.83058,-0.06779,-1.47692,-9.81563
2.84061,-0.03472,-1.51927,-9.66928
2.85065,-0.01856,-1.56012,-9.51126
2.86069,0.03412,-1.66247,-9.43016
2.87073,0.12914,-1.71545,-9.49271
2.88076,0.13243,-1.65065,-9.7028
2.8908,0.1251,-1.45133,-9.9298
2.90084,0.11552,-1.20817,-9.91439
2.91088,0.19752,-0.6828,-9.71941
2.92091,0.10086,-0.90815,-9.99639
2.93095,-0.02005,-1.92599,-10.26948
2.94099,0.30915,-1.82752,-10.05071
2.95103,0.29164,-1.35168,-9.94043
2.96106,0.07452,-1.42006,-10.01539
2.9711,0.09741,-1.52481,-10.00791
2.98114,0.1438,-1.32384,-10.00178
2.99118,0.08619,-1.12213,-10.41283
3.00121,0.03397,-1.25142,-10.80728
3.01125,0.2481,-1.34255,-10.61843
3.02129,0.42826,-1.47213,-10.06253
3.03133,0.4133,-1.85206,-9.50513
3.04136,0.3518,-2.1253,-9.20451
3.0514,0.29075,-2.03447,-9.16007
3.06144,0.2493,-1.93437,-9.03183
3.07148,0.22116,-2.03821,-9.13986
3.08151,0.24615,-2.28287,-8.74183
3.09155,0.1248,-2.41081,-8.51333
3.10159,0.22012,-2.38193,-8.51498
3.11163,0.39115,-2.18097,-8.86932
3.12166,0.29449,-1.98674,-8.94309
3.1317,0.37574,-1.84518,-8.58202
3.14174,0.0621,-1.76094,-9.24805
3.15178,0.15054,-1.66113,-9.28786
3.16181,0.16744,-1.55234,-9.34173
3.17185,-0.00404,-1.58885,-9.54254
3.18189,-0.01466,-1.6113,-9.67811
3.19193,-0.06719,-1.62447,-9.71791
3.20196,-0.02304,-1.52196,-9.71148
3.212,0.03277,-1.33985,-9.69023
3.22204,0.06823,-1.27476,-9.67826
3.23208,0.09517,-1.30589,-9.71672
3.24211,0.07841,-1.3418,-9.80949
3.25215,0.10968,-1.33148,-9.86276
3.26219,0.13812,-1.34419,-9.81578
3.27223,0.13961,-1.34539,-9.682
3.28226,0.02319,-1.35721,-9.69278
3.2923,0.01586,-1.34554,-9.7465
3.30234,0.04339,-1.14173,-9.75308
3.31238,0.06285,-0.95499,-9.81069
3.32241,0.06075,-1.04297,-9.87608
3.33245,0.03262,-1.18034,-9.94462
3.34249,0.123,-1.13725,-9.9319
3.35253,0.16939,-1.17959,-9.87144
3.36256,0.15592,-1.29257,-9.76685
3.3726,0.13602,-1.24768,-9.69278
3.38264,0.13393,-1.16837,-9.68514
3.39268,0.11836,-1.13051,-9.71896
3.40271,0.13452,-1.08667,-9.81787
3.41275,0.0392,-1.19426,-9.89763
3.42279,0.05971,-1.19336,-9.80635
3.43282,0.19917,-1.04597,-9.55032
3.44286,0.24047,-1.13186,-9.41385
3.4529,0.23254,-1.18169,-9.53371
3.46294,0.28237,-1.12961,-9.7221
3.47297,0.2897,-1.04627,-9.75637
3.48301,0.23044,-1.13455,-9.56708
3.49305,0.2472,-1.18199,-9.46488
3.50309,0.24361,-1.19246,-9.44842
3.51312,0.21653,-1.20593,-9.60808
3.52316,0.29718,-1.10313,-9.85304
3.5332,0.33279,-1.04163,-9.91633
3.54324,0.2686,-1.06976,-9.86501
3.55327,0.26231,-1.11136,-9.78974
3.56331,0.27354,-1.20563,-9.68963
3.57335,0.21099,-1.20608,-9.64833
3.58339,0.14664,-1.17825,-9.59641
3.59342,0.05656,-1.2803,-9.49555
3.60346,0.03516,-1.26803,-9.6202
3.6135,0.14799,-1.17106,-9.81338
3.62354,0.20381,-1.07051,-9.86157
3.63357,0.19363,-1.07664,-9.86112
3.64361,0.15413,-1.09984,-9.78495
3.65365,0.11687,-1.13246,-9.63636
3.66369,0.13183,-1.19336,-9.5816
3.67372,0.1224,-1.2176,-9.52967
3.68376,0.0826,-1.21206,-9.54179
3.6938,0.04265,-1.21745,-9.55616
3.70384,0.05402,-1.19291,-9.64295
3.71387,0.1637,-1.13964,-9.71896
3.72391,0.17642,-1.15071,-9.6808
3.73395,0.12405,-1.16403,-9.58025
3.74399,0.04429,-1.16942,-9.53865
3.75402,0.05342,-1.15311,-9.53865
3.76406,-0.01167,-1.11151,-9.61826
3.7741,-0.13303,-1.15595,-9.70699
3.78414,-0.20964,-1.24738,-9.62349
3.79417,-0.14275,-1.28733,-9.52488
3.80421,-0.03038,-1.08547,-9.36193
3.81425,0.00898,-0.78201,-9.3733
3.82429,-0.03292,-0.55396,-9.39904
3.83432,-0.0425,-0.75911,-9.50423
3.84436,0.00239,-0.83483,-9.71373
3.8544,-0.02993,-1.04642,-9.69846
3.86444,0.11283,-1.03474,-9.78884
3.87447,0.25753,-0.9294,-9.95748
3.88451,0.38038,-0.81807,-10.04607
3.89455,0.3943,-0.88915,-10.08124
3.90459,0.17388,-0.93957,-10.24539
3.91462,0.05387,-0.90231,-10.55843
3.92466,0.23448,-1.06407,-10.58521
3.9347,0.63536,0.00599,-10.86953
3.94474,0.61785,-0.45146,-10.7576
3.95477,0.07706,-1.10103,-10.34325
3.96481,-0.18555,-1.0123,-10.39966
3.97485,-0.2906,-0.88496,-10.634
3.98489,-0.16086,-0.85967,-10.62756
3.99492,-0.0609,-0.89633,-10.36615
4.00496,-0.04504,-0.83962,-10.09096
4.015,-0.09008,-0.88585,-9.57666
4.02504,-0.10759,-0.98162,-9.042
4.03507,-0.13063,-0.98417,-8.9389
4.04511,-0.20216,-0.93628,-9.31165
4.05515,-0.27174,-0.96621,-9.49765
4.06519,-0.23493,-0.99868,-9.44767
4.07522,-0.08694,-0.9719,-9.18146
4.08526,0.08036,-0.88316,-8.92813
4.0953,0.20859,-0.77078,-9.00968
4.10534,0.21533,-0.71826,-9.38063
4.11537,0.19064,-0.7015,-9.5186
4.12541,0.25244,-0.67112,-9.21319
4.13545,0.26321,-0.73652,-8.97736
4.14549,0.12974,-0.81373,-9.19628
4.15552,0.04145,-0.85353,-9.56843
4.16556,0.01661,-0.81373,-9.73168
4.1756,0.08888,-0.73816,-9.68664
4.18564,0.21653,-0.65212,-9.48897
4.19567,0.30242,-0.59152,-9.33589
4.20571,0.33354,-0.62893,-9.46892
4.21575,0.26995,-0.65077,-9.74186
4.22579,0.07347,-0.61067,-10.04353
4.23582,-0.07003,-0.55007,-10.22803
4.24586,-0.10175,-0.51026,-10.23162
4.2559,-0.07422,-0.58299,-10.06702
4.26594,0.1013,-0.55381,-9.83942
4.27597,0.11253,-0.58852,-9.66195
4.28601,-0.0223,-0.82286,-9.45365
4.29605,-0.15128,-0.9481,-9.43989
4.30609,-0.22969,-0.89723,-9.62589
4.31612,-0.19558,-0.81867,-9.69397
4.32616,0.01392,-0.72469,-9.56289
4.3362,0.25408,-0.66215,-9.43645
4.34624,0.30736,-0.64329,-9.53251
4.35627,0.18765,-0.70285,-9.82835
4.36631,0.0624,-0.73891,-9.98457
4.37635,0.0416,-0.76375,-9.9093
4.38639,0.10115,-0.7217,-9.77822
4.39642,0.18091,-0.69372,-9.79752
4.40646,0.15547,-0.6813,-9.87069
4.4165,0.04399,-0.68923,-10.05191
4.42654,-0.07826,-0.70285,-10.13466
4.43657,-0.08006,-0.62773,-10.05131
4.44661,-0.03038,-0.62339,-9.953
4.45665,-0.01466,-0.65302,-9.93773
4.46669,-0.03232,-0.65332,-9.89643
4.47672,-0.06719,-0.65691,-9.91349
4.48676,-0.11058,-0.68459,-9.89419
4.4968,-0.11447,-0.66813,-9.9307
4.50684,-0.09622,-0.59661,-9.88835
4.51687,-0.10415,-0.60439,-9.78929
4.52691,-0.14126,-0.62803,-9.73123
4.53695,-0.17433,-0.58239,-9.71971
4.54699,-0.13378,-0.5348,-9.7224
4.55702,-0.0398,-0.58463,-9.68948
4.56706,0.06509,-0.57461,-9.69278
4.5771,0.05297,-0.49485,-9.73273
4.58714,0.03083,-0.45699,-9.77972
4.59717,0.11896,-0.32606,-9.68245
4.60721,0.16849,-0.26007,-9.62948
4.61725,0.2279,-0.44158,-9.66105
4.62729,0.21144,-0.61112,-9.58189
4.63732,0.13812,-0.65945,-9.518
4.64736,0.08829,-0.7657,-9.54673
4.6574,0.07108,-0.76195,-9.58893
4.66744,0.20934,-0.59197,-9.68395
4.67747,0.41599,-0.51086,-9.61811
4.68751,0.44308,-0.56069,-9.5602
4.69755,0.33878,-0.68818,-9.58758
4.70759,0.14365,-0.79143,-9.58309
4.71762,0.01811,-0.79233,-9.74754
4.72766,-0.01481,-0.76884,-9.98128
4.7377,-0.06704,-0.78021,-9.98232
4.74774,-0.15757,-0.86266,-9.764
4.75777,-0.33878,-0.91653,-9.47879
4.76781,-0.30676,-0.88376,-9.56843
4.77785,-0.20889,-0.807,-9.81383
4.78789,-0.07721,-0.68145,-9.94372
4.79793,0.0006,-0.66993,-9.85289
4.80796,-0.13333,-0.7015,-9.54209
4.818,-0.36078,-0.76704,-9.36223
4.82804,-0.3105,-0.77018,-9.4366
4.83807,-0.11328,-0.62578,-9.52009
4.84811,0.06838,-0.39804,-9.61885
4.85815,0.01811,-0.44158,-9.57606
4.86819,-0.10864,-0.49455,-9.55331
4.87822,-0.20949,-0.48034,-9.48194
4.88826,-0.16565,-0.35973,-9.62364
4.8983,0.03292,-0.13048,-9.87878
4.90834,0.1631,-0.07721,-9.98831
4.91838,0.1857,-0.09337,-9.8885
4.92841,0.09143,-0.14066,-9.67407
4.93845,-0.11118,-0.27473,-9.62963
4.94849,-0.24062,-0.33893,-9.72076
4.95852,-0.1462,-0.23194,-9.8668
4.96856,0.08305,-0.11537,-9.94881
4.9786,0.25184,-0.10415,-9.88326
4.98864,0.21593,-0.16251,-9.85857
4.99867,-0.01616,-0.31828,-9.85259
5.00871,-0.28805,-0.42482,-9.86351
5.01875,-0.3506,-0.44876,-9.72166
5.02879,-0.25453,-0.39519,-9.56409
5.03882,-0.05492,-0.29075,-9.7043
5.04886,0.06449,-0.21159,-9.91708
5.0589,0.05103,-0.28087,-10.06837
5.06894,-0.03636,-0.34058,-10.11371
5.07897,-0.12824,-0.38592,-9.90122
5.08901,-0.07721,-0.32681,-9.81099
5.09905,0.03038,-0.25663,-9.88326
5.10909,0.17104,-0.20156,-9.91379
5.11912,0.29703,-0.1025,-9.84047
5.12916,0.186,-0.21249,-9.8068
5.1392,-0.08903,-0.37754,-9.89209
5.14986,-0.15921,-0.38307,-9.85753
5.1599,0.0208,-0.31618,-9.8496
5.16994,0.2056,-0.2686,-9.83269
5.17998,0.30287,-0.22865,-9.74904
5.19001,0.33624,-0.25573,-9.68484
5.20005,0.2704,-0.21428,-9.75368
5.21009,0.23314,-0.16296,-9.78615
5.22013,0.27997,-0.2252,-9.74859
5.23016,0.34222,-0.19977,-9.86127
5.2402,0.32845,-0.21847,-10.02243
5.25024,0.22505,-0.29853,-10.01195
5.26028,0.01003,-0.4552,-9.75517
5.27031,-0.02319,-0.49156,-9.68873
5.28035,0.0639,-0.4552,-9.95075
5.29039,0.11672,-0.45984,-10.24389
5.30043,0.03861,-0.44083,-10.53194
5.31046,-0.17268,-0.53256,-10.71675
5.3205,-0.40941,-0.7214,-10.83002
5.33054,-0.73053,-0.91907,-10.81251
5.34058,-0.97115,-1.14757,-10.82643
5.35061,-1.04253,-1.33058,-10.96754
5.36065,-0.66708,-1.16134,-11.2122
5.37069,-0.06928,-0.84934,-11.32427
5.38073,-0.07841,-0.6394,-11.74431
5.39076,-0.33489,-0.48602,-11.96966
5.4008,-0.54693,-0.22131,-12.02622
5.41084,-0.6605,-0.19169,-12.04807
5.42088,-1.07515,-0.35958,-12.47499
5.43091,-1.91776,-0.63955,-12.68059
5.44095,-2.70994,-0.97668,-12.80733
5.45099,-3.42595,-1.03474,-13.1114
5.46103,-3.86544,-1.18992,-13.71863
5.47106,-3.79406,-0.91877,-13.33301
5.4811,-3.57754,-0.60977,-13.00949
5.49114,-3.54462,-0.52268,-13.35426
5.50118,-3.87876,-0.49919,-13.74945
5.51121,-4.49287,-0.76734,-14.4523
5.52125,-5.32351,-1.08517,-15.33007
5.53129,-5.87268,-1.18393,-15.91231
5.54133,-5.86879,-1.0753,-15.96364
5.55136,-5.64777,-0.86431,-15.91845
5.5614,-5.42631,-0.59735,-16.25319
5.57144,-5.35598,-0.18809,-16.53361
5.58148,-5.20036,-0.04848,-16.83917
5.59151,-4.81594,0.12749,-16.6005
5.60155,-4.29924,0.25004,-16.22206
5.61159,-4.06446,0.30541,-15.98953
5.62163,-4.07134,0.45415,-15.85814
5.63166,-3.64861,0.80744,-15.69579
5.6417,-2.94367,1.26878,-15.7302
5.65174,-2.36876,1.68492,-15.59284
5.66178,-2.17229,1.86523,-15.57488
5.67181,-2.2932,1.89651,-15.61289
5.68185,-2.54519,1.71395,-15.60541
5.69189,-2.55252,1.64227,-15.20124
5.70193,-2.14506,2.03223,-13.94622
5.71196,-1.59289,2.06829,-12.24305
5.722,-1.2794,1.75719,-10.74682
5.73204,-0.9089,1.55653,-9.45799
5.74208,-0.16939,1.54486,-8.49612
5.75211,0.69507,1.63255,-7.52303
5.76215,1.57254,1.66816,-6.523
5.77219,2.45331,1.72368,-5.50442
5.78223,2.74061,1.67669,-4.19434
5.79226,2.69093,1.4253,-3.20703
5.8023,2.90282,1.17091,-2.89055
5.81234,3.36789,1.41318,-3.14673
5.823,3.86918,1.85655,-3.91452
5.83304,4.1906,1.77784,-5.10204
5.84308,4.22861,1.68956,-5.68219
5.85312,3.95971,1.15386,-4.8535
5.86315,3.55389,0.30646,-3.36759
5.87319,2.99215,-0.39804,-2.5377
5.88323,2.3743,-0.96052,-2.76276
5.89327,2.07113,-1.08936,-3.1991
5.9033,2.16481,-0.97549,-3.29128
5.91334,2.34991,-1.03878,-2.80481
5.92338,2.22795,-1.38116,-2.65023
5.93342,2.07502,-1.71425,-3.25656
5.94345,1.96998,-1.90893,-4.19823
5.95349,1.83037,-2.26072,-4.78167
5.96353,1.37951,-2.74914,-4.7878
5.97357,0.77153,-3.30939,-4.73693
5.9836,0.2059,-3.88639,-4.97021
5.99364,-0.31484,-4.38693,-5.09546
6.00368,-0.68983,-4.79633,-5.10953
6.01372,-0.70629,-5.06987,-5.12284
6.02375,-0.47345,-4.95285,-4.9542
6.03379,-0.31588,-4.74456,-4.96468
6.04383,-0.49904,-4.77329,-5.34042
6.05387,-1.12887,-4.82716,-6.09773
6.0639,-1.91177,-5.11566,-7.28181
6.07394,-2.60325,-5.63056,-8.39841
6.08398,-3.27018,-6.0286,-8.90299
6.09402,-3.79032,-6.30229,-8.81216
6.10405,-4.01747,-6.39716,-8.76368
6.11409,-3.71595,-6.28792,-9.11263
6.12413,-2.91554,-6.0497,-9.02958
6.13417,-2.18621,-5.98506,-8.42684
6.1442,-1.78667,-5.89348,-7.71846
6.15424,-1.71934,-5.98012,-7.22405
6.16428,-1.73864,-6.13454,-7.00888
6.17432,-1.62866,-6.19006,-7.02713
6.18435,-1.52421,-6.09968,-7.17393
6.19439,-1.47019,-6.00196,-7.11123
6.20443,-1.55698,-5.91308,-7.03925
6.21447,-1.5679,-5.76554,-7.09073
6.2245,-1.43263,-5.49694,-7.18156
6.23454,-1.20743,-5.33338,-7.19532
6.24458,-0.99763,-5.21352,-7.0385
6.25462,-0.76614,-5.02169,-6.74791
6.26465,-0.5975,-4.74576,-6.42828
6.27469,-0.55276,-4.56365,-6.35571
6.28473,-0.7027,-4.38558,-6.31426
6.29477,-0.81433,-4.16247,-6.15744
6.3048,-0.85293,-3.83641,-5.95573
6.31484,-0.83947,-3.49224,-5.80025
6.32488,-0.63626,-2.94621,-5.51669
6.33492,-0.35524,-2.31789,-5.08723
6.34495,-0.11537,-1.75285,-4.45815
6.35499,0.22401,-1.31187,-3.76982
6.36503,0.54393,-1.2996,-3.19671
6.37507,0.4522,-1.4244,-2.73104
6.3851,0.27054,-1.41752,-2.3535
6.39514,0.19632,-1.39522,-2.09328
6.40518,-0.07078,-1.35676,-2.23618
6.41522,-0.23688,-1.20084,-2.76246
6.42525,-0.36152,-0.84545,-3.15855
6.43529,-0.31678,-0.44846,-3.33363
6.44533,-0.06719,-0.21024,-3.6766
6.45537,-0.3705,-0.48243,-3.80932
6.4654,-1.74073,-1.49847,-3.06877
6.47544,-3.15526,-2.61941,-2.40183
6.48548,-3.59115,-3.40306,-2.65188
6.49552,-3.06742,-3.70338,-3.6938
6.50555,-1.898,-3.54132,-4.31914
6.51559,-0.69971,-3.41338,-4.09199
6.52563,-0.17373,-3.21033,-3.53444
6.53567,-0.27503,-2.75558,-3.49763
6.5457,-0.04714,-2.07502,-4.69727
6.55574,0.92581,-0.93329,-6.56251
6.56578,2.28961,0.33205,-8.66447
6.57582,2.85703,1.01993,-10.78244
6.58585,1.84309,0.87343,-13.12172
6.59589,0.37604,0.24511,-14.71117
6.60593,-0.35225,-0.07063,-15.80353
6.61597,-0.10041,0.47645,-16.45729
6.626,0.49081,1.26997,-16.51864
6.63604,0.44876,1.20339,-15.63339
6.64608,-0.72036,-0.07796,-14.38646
6.65612,-2.53606,-2.09837,-14.25463
6.66615,-3.56826,-3.39318,-13.76741
6.67619,-3.46067,-4.20437,-13.24936
6.68623,-2.60609,-4.30627,-12.73207
6.69627,-1.48201,-3.27602,-12.19935
6.7063,-0.33145,-1.93706,-12.14833
6.71634,0.11298,-1.04657,-12.89397
6.72638,-0.38158,-0.88062,-13.31969
6.73642,-1.30768,-1.49937,-12.66877
6.74645,-2.0855,-2.24845,-12.02308
6.75649,-2.39585,-2.88382,-11.73982
6.76653,-2.03896,-3.24534,-11.53766
6.77657,-1.39627,-3.13446,-11.99286
6.7866,-0.41914,-2.35784,-12.44132
6.79664,1.0111,-1.17795,-12.62477
6.80668,1.51643,-0.59556,-12.27103
6.81672,1.05689,-1.0539,-12.7382
6.82675,0.46418,-1.59289,-13.84597
6.83679,0.0208,-1.84997,-14.43838
6.84683,-0.15083,-2.03447,-14.52188
6.85687,-0.12345,-2.00948,-14.35339
6.8669,-0.05492,-1.75241,-13.94413
6.87694,0.23508,-1.3641,-13.24338
6.88698,0.36556,-0.59601,-12.82364
6.89702,0.39115,0.06913,-13.04391
6.90705,0.55171,0.59092,-13.84896
6.91709,0.62788,0.90112,-14.52113
6.92713,0.7648,1.00841,-14.96152
6.93717,0.81418,0.92835,-15.21695
6.9472,0.66484,0.78814,-15.02721
6.95724,0.49769,0.58508,-14.42252
6.96728,0.47929,0.57985,-13.63303
6.97732,0.74295,0.77871,-12.67625
6.98735,0.91833,0.74654,-11.66769
6.99739,0.81148,0.42228,-10.9819
7.00743,0.50862,0.05956,-10.71794
7.01747,0.18705,-0.30077,-10.72109
7.0275,0.1248,-0.45206,-10.83616
7.03754,0.46103,-0.00913,-11.10311
7.04758,0.9303,0.49036,-11.24482
7.05762,1.33462,0.73427,-11.14935
7.06765,1.57643,0.82076,-10.72902
7.07769,1.59319,0.68519,-10.39488
7.08773,1.46091,0.46657,-10.10263
7.09777,1.18169,0.12659,-9.99205
7.1078,0.71168,-0.33279,-10.31736
7.11784,0.30975,-0.66035,-10.49139
7.12788,0.24556,-0.58,-10.61634
7.13792,0.54573,-0.22326,-10.61125
7.14795,0.93883,0.1655,-10.26439
7.15799,1.20847,0.31155,-9.76041
7.16803,1.16957,0.07437,-9.20226
7.17807,0.89738,-0.25917,-9.001
7.1881,0.5559,-0.48707,-9.07851
7.19814,0.26112,-0.67921,-9.1861
7.20818,0.07676,-0.68998,-9.50289
7.21822,0.06554,-0.52328,-9.78884
7.22825,0.21234,-0.28865,-9.8481
7.23829,0.34761,-0.17014,-9.82446
7.24833,0.39474,-0.19064,-9.56199
7.25837,0.41824,-0.25798,-9.19029
7.2684,0.39175,-0.30167,-9.07028
7.27844,0.36571,-0.32097,-9.11877
7.28848,0.33444,-0.28117,-9.15228
7.29852,0.30451,-0.27593,-9.30641
7.30856,0.19139,-0.31259,-9.45829
7.31859,0.11447,-0.2903,-9.52204
7.32863,0.08455,-0.20336,-9.52937
7.33867,0.24181,-0.14126,-9.51411
7.3487,0.54558,0.10983,-9.63576
7.35874,0.77527,0.39444,-9.91783
7.36878,0.74983,0.4136,-10.26319
7.37882,0.54289,0.30017,-10.55274
7.38885,0.25603,0.09801,-10.62352
7.39889,-0.05776,-0.23762,-10.42241
7.40893,-0.20366,-0.40612,-10.01809
7.41897,-0.19393,-0.42856,-9.57726
7.42901,-0.15054,-0.38891,-9.42388
7.43904,-0.07557,-0.39265,-9.46757
7.44908,-0.00943,-0.2692,-9.73617
7.45912,0.05746,-0.09487,-10.09276
7.46916,0.04339,-0.05282,-10.12523
7.47919,0.03621,-0.09741,-10.00687
7.48923,0.01047,-0.17478,-9.9708
7.49927,-0.10549,-0.34821,-9.78839
7.5093,-0.14889,-0.54752,-9.63696
7.51934,-0.09053,-0.54663,-9.52249
7.52938,0.05986,-0.39235,-9.46368
7.53942,0.20336,-0.26905,-9.47625
7.54945,0.25543,-0.2252,-9.45066
7.55949,0.17268,-0.26875,-9.42373
7.56953,0.06479,-0.36781,-9.59985
7.57957,-0.02933,-0.44173,-9.85289
7.5896,-0.0413,-0.47196,-9.91888
7.59964,0.00105,-0.40462,-9.91574
7.60968,0.05402,-0.34671,-9.79214
7.61972,0.1218,-0.31424,-9.6428
7.62975,0.20455,-0.2909,-9.61676
7.63979,0.29359,-0.29913,-9.64744
7.64983,0.4139,-0.30077,-9.71268
7.65987,0.53256,-0.31334,-9.79962
7.66991,0.66768,-0.23119,-9.89209
7.67994,0.86371,-0.14485,-9.89299
7.68998,1.01155,-0.16879,-9.76086
7.70002,1.1344,-0.15338,-9.83598
7.71006,1.24079,-0.09741,-9.90152
7.72009,1.28344,-0.0202,-9.74724
7.73013,1.31696,0.06419,-9.65267
7.74017,1.24843,0.0609,-9.58923
7.75021,1.08487,-0.07871,-9.63831
7.76024,0.89319,-0.28296,-9.71357
7.77028,0.76644,-0.48243,-9.69292
7.78032,0.72589,-0.57446,-9.70699
7.79036,0.78485,-0.53376,-9.81817
7.80039,0.88361,-0.38801,-10.09994
7.81043,1.01185,-0.21069,-10.44845
7.82047,1.13306,-0.03816,-10.51099
7.83051,1.23421,0.04354,-10.25781
7.84054,1.32848,-0.01691,-9.85693
7.85058,1.42904,-0.08095,-9.46488
7.86062,1.51957,-0.18106,-9.15707
7.87066,1.5492,-0.35045,-9.00759
7.88069,1.53109,-0.56533,-9.11039
7.89073,1.53738,-0.69387,-9.37854
7.90077,1.59095,-0.53017,-9.49765
7.91081,1.73071,-0.24181,-9.57307
7.92084,1.91372,0.23972,-10.0142
7.93088,2.00395,0.58044,-10.28684
7.94092,1.86643,0.50323,-10.21666
7.95096,1.60157,0.01481,-10.02766
7.96099,1.34404,-0.61965,-9.7438
7.97103,1.15849,-1.09505,-9.33679
7.98107,1.15849,-1.32654,-8.9392
7.99111,1.28643,-1.35916,-8.82952
8.00114,1.384,-1.2592,-8.85436
8.01118,1.50984,-1.18348,-9.00714
8.02122,1.60845,-0.95798,-9.48957
8.03126,1.77859,-0.44577,-9.87608
8.04129,2.16585,0.61995,-10.07974
8.05133,2.66205,1.48261,-10.04906
8.06137,2.77069,1.6909,-9.94851
8.07141,2.36368,1.43413,-10.14767
8.08144,1.64975,0.89184,-10.61784
8.09148,0.89004,0.29793,-11.0051
8.10152,0.3114,-0.25842,-11.30347
8.11156,0.01766,-0.63686,-11.34463
8.12159,-0.04908,-0.81044,-11.05059
8.13163,-0.08589,-0.62309,-10.65914
8.14167,0.19079,-0.34925,-10.42899
8.15171,0.59451,0.36197,-9.90287
8.16175,0.7452,1.09969,-9.68784
8.17178,0.69896,1.30125,-10.14333
8.18182,0.50592,1.03938,-10.65869
8.19186,0.04175,0.65885,-10.98909
8.2019,-0.45325,0.23269,-11.07752
8.21193,-0.70195,-0.1652,-10.8387
8.22197,-0.91279,-0.473,-10.32036
8.23201,-1.12572,-0.78036,-9.90197
8.24204,-1.02981,-1.06497,-9.18281
8.25208,-0.60798,-1.08667,-8.49343
8.26212,-0.04549,-0.5969,-7.64513
8.27216,0.63207,-0.00688,-7.2465
8.2822,0.98791,0.52852,-7.40691
8.29223,0.89857,0.86371,-8.04751
8.30227,0.32726,0.91713,-9.12026
8.31231,-0.45984,0.69492,-10.16458
8.32234,-1.18229,0.32412,-10.68472
8.33238,-1.57389,-0.17448,-10.62981
8.34242,-1.68881,-0.46058,-10.33143
8.35246,-1.66173,-0.43679,-10.03425
8.3625,-1.4654,-0.09532,-9.78376
8.37253,-1.25336,0.26845,-9.6814
8.38257,-1.3225,0.39893,-9.76251
8.39261,-1.84817,0.17957,-10.21067
8.40265,-2.30472,-0.23807,-10.82733
8.41268,-2.61522,-0.55246,-11.0452
8.42272,-2.77638,-0.82615,-10.95721
8.43276,-2.76276,-0.95574,-10.73306
8.44279,-2.57287,-0.84919,-10.1164
8.45283,-2.28003,-0.67112,-9.35729
8.46287,-2.16032,-0.61426,-9.1668
8.47291,-2.10465,-0.69641,-9.47206
8.48294,-2.02953,-0.6596,-9.84047
8.49298,-1.97596,-0.42751,-10.10039
8.50302,-1.84743,-0.26187,-10.08737
8.51306,-1.73864,-0.18525,-9.86606
8.5231,-1.63404,-0.20171,-9.57321
8.53313,-1.48126,-0.34671,-9.29983
8.54317,-1.38071,-0.44008,-9.12595
8.55321,-1.23466,-0.38337,-9.20107
8.56325,-0.92087,-0.17912,-9.33095
8.57328,-0.51251,0.06779,-9.40068
8.58332,-0.12166,0.25304,-9.28217
8.59336,0.06853,0.23643,-9.15498
8.6034,0.19573,0.15936,-9.1234
8.61343,0.34836,0.2701,-9.19269
8.62347,0.42587,0.36556,-9.44378
8.63351,0.31334,0.32232,-9.85349
8.64355,0.14036,0.22655,-10.13077
8.65358,0.04504,0.13647,-10.24853
8.66362,0.05971,0.05507,-10.02168
8.67366,0.27713,0.02409,-9.72959
8.6837,0.52194,0.05402,-9.63591
8.69373,0.65302,0.15847,-9.67781
8.70377,0.68893,0.20426,-9.77582
8.71381,0.68968,0.17268,-9.80904
8.72385,0.63641,0.14246,-9.76715
8.73388,0.52253,0.10953,-9.82401
8.74392,0.38786,0.12195,-10.0335
8.75396,0.41195,0.11447,-10.23387
8.764,0.5993,0.07512,-10.1993
8.77403,0.86326,0.08245,-9.87459
8.78407,1.08757,0.12136,-9.29788
8.79411,1.09984,0.09352,-9.1647
8.80415,1.02621,0.04758,-9.36537
8.81418,0.93179,0.04115,-9.6223
8.82422,0.99838,0.11762,-9.8261
8.83426,1.17959,0.34566,-9.90362
8.8443,1.35646,0.51954,-9.90855
8.85433,1.41797,0.55336,-9.90721
8.86437,1.37263,0.5592,-9.83942
8.87441,1.23152,0.50278,-9.83987
8.88445,1.06692,0.36886,-9.96392
8.89448,0.82869,0.2273,-10.00687
8.90452,0.68818,0.10026,-10.03335
8.91456,0.75058,0.0639,-9.92905
8.9246,0.84291,0.13153,-9.69547
8.93463,0.97848,0.16445,-9.47505
8.94467,1.07111,0.17942,-9.37061
8.95471,1.04013,0.15083,-9.39949
8.96475,0.96576,0.07437,-9.49705
8.97478,0.93494,0.05207,-9.64414
8.98482,0.95768,0.11836,-9.68559
8.99486,1.04043,0.2065,-9.69218
9.0049,1.12707,0.26935,-9.62649
9.01493,1.176,0.34881,-9.48074
9.02497,1.1555,0.38322,-9.38587
9.03501,1.04627,0.27877,-9.43196
9.04505,1.00931,0.18181,-9.45096
9.05508,0.98177,0.17747,-9.39305
9.06512,1.03804,0.23882,-9.56184
9.07516,1.10163,0.34207,-9.74859
9.0852,1.11585,0.39115,-9.95659
9.09523,1.04238,0.37454,-9.9292
9.10527,0.97579,0.2873,-9.85633
9.11531,0.93853,0.21608,-9.73602
9.12535,0.97115,0.24735,-9.67362
9.13538,1.05105,0.31663,-9.7462
9.14605,1.06542,0.40163,-9.86366
9.15609,1.0946,0.46298,-9.95838
9.16612,1.07739,0.45445,-10.00627
9.17616,1.08293,0.41614,-9.97888
9.1862,1.14129,0.42093,-9.94432
9.19624,1.16493,0.46403,-9.80231
9.20627,1.16209,0.46358,-9.74201
9.21631,1.1359,0.42452,-9.76715
9.22635,1.08487,0.35329,-9.78046
9.23639,1.01903,0.31244,-9.77553
9.24642,0.95873,0.30107,-9.81877
9.25646,0.98132,0.28192,-9.82431
9.2665,1.02472,0.26576,-9.69741
9.27654,1.0756,0.27429,-9.61377
9.28657,1.031,0.30601,-9.74949
9.29661,1.07185,0.34102,-9.93264
9.30665,1.23406,0.40582,-9.84241
9.31669,1.16478,0.52508,-9.57037
9.32673,1.16912,0.50937,-9.52204
9.33676,1.17885,0.41749,-9.42313
9.3468,1.03385,0.38427,-9.30686
9.35684,0.98043,0.30466,-9.34502
9.36688,0.9095,0.26531,-9.51845
9.37691,0.89842,0.35853,-9.79363
9.38695,0.99614,0.52687,-9.8897
9.39699,1.11285,0.57386,-9.82476
9.40703,1.18303,0.57087,-9.67198
9.41706,1.22957,0.54528,-9.52862
9.4271,1.3216,0.54393,-9.53117
9.43714,1.40136,0.64793,-9.62574
9.44718,1.37083,0.77393,-9.70983
9.45721,1.23795,0.75836,-9.84271
9.46725,1.10522,0.64389,-9.86965
9.47729,1.07949,0.59062,-9.71133
9.48733,1.22433,0.6183,-9.55661
9.49736,1.31292,0.59735,-9.32691
9.5074,1.30753,0.60484,-9.29683
9.51744,1.21955,0.58748,-9.45964
9.52748,1.08053,0.56877,-9.75128
9.53751,1.01754,0.60005,-10.02617
9.54755,0.99988,0.63686,-10.12807
9.55759,0.91863,0.66409,-10.13047
9.56763,0.89199,0.62354,-10.07121
9.57766,0.81418,0.49186,-9.86965
9.5877,0.7428,0.3503,-9.71043
9.59774,0.83483,0.30421,-9.59327
9.60778,0.93524,0.32127,-9.42552
9.61781,0.9894,0.3919,-9.41325
9.62785,1.01679,0.42063,-9.60658
9.63789,0.9698,0.46283,-9.74126
9.64793,0.8447,0.3934,-9.92696
9.65796,0.75896,0.34087,-10.00073
9.668,0.74998,0.31903,-9.83613
9.67804,0.83004,0.31155,-9.63621
9.68808,0.93134,0.36556,-9.62275
9.69811,1.00287,0.45639,-9.67018
9.70815,1.02397,0.50622,-9.67302
9.71819,0.90082,0.41345,-9.73243
9.72885,0.90082,0.41345,-9.73243
9.73889,0.77213,0.32456,-9.66345
9.74893,0.73457,0.27384,-9.72495
9.75897,0.79981,0.29823,-9.86067
9.769,0.92012,0.41958,-9.95165
9.77904,0.99015,0.50877,-9.96631
9.78908,0.98357,0.50233,-9.88027
9.79912,0.97803,0.49111,-9.81832
9.80915,0.95603,0.48857,-9.81084
9.81919,0.87314,0.42123,-9.7453
9.82923,0.82316,0.33459,-9.79647
9.83927,0.82301,0.32845,-9.7857
9.8493,0.82001,0.32082,-9.70056
9.85934,0.87239,0.32127,-9.64684
9.86938,0.90665,0.33758,-9.57681
9.87942,0.9276,0.36078,-9.54404
9.88945,0.88316,0.39489,-9.54808
9.89949,0.84066,0.34312,-9.57172
9.90953,0.82046,0.29374,-9.62574
9.91957,0.80789,0.35404,-9.67661
9.9296,0.84949,0.36512,-9.6633
9.93964,0.85503,0.35374,-9.61167
9.94968,0.78904,0.31574,-9.48253
9.95972,0.74579,0.25064,-9.56244
9.96975,0.73083,0.24541,-9.66375
9.97979,0.74729,0.27907,-9.64878
9.98983,0.78216,0.30496,-9.67317
9.99987,0.78769,0.33235,-9.66225
10.0099,0.76734,0.32307,-9.54194
10.01994,0.73592,0.22745,-9.42612
10.02998,0.76076,0.1839,-9.3947
10.04002,0.7832,0.22266,-9.41595
10.05005,0.81852,0.2876,-9.68844
10.06009,0.83258,0.33848,-9.86815
10.07013,0.82256,0.34207,-9.73482
10.08017,0.8251,0.31229,-9.66285
10.0902,0.81134,0.31858,-9.61182
10.10024,0.79802,0.31828,-9.62469
10.11028,0.78635,0.33983,-9.61407
10.12032,0.76854,0.33085,-9.55182
10.13035,0.77886,0.30406,-9.50483
10.14039,0.72963,0.353,-9.58698
10.15043,0.73936,0.38577,-9.80081
10.16047,0.70913,0.3726,-9.87444
10.17051,0.65691,0.31948,-9.8677
10.18054,0.56922,0.26291,-9.82371
10.19058,0.47345,0.18899,-9.72091
10.20062,0.45699,0.12944,-9.73378
10.21066,0.49081,0.14664,-9.73572
10.22069,0.59256,0.23822,-9.78226
10.23073,0.64853,0.309,-9.8255
10.24077,0.69926,0.29359,-9.7851
10.25081,0.6626,0.24496,-9.78016
10.26084,0.63282,0.23493,-9.80156
10.27088,0.57221,0.2056,-9.89718
10.28092,0.51984,0.2059,-9.97769
10.29096,0.57102,0.2258,-9.99459
10.30099,0.68938,0.34162,-9.98412
10.31103,0.79113,0.39325,-9.96826
10.32107,0.82121,0.37365,-9.92621
10.33111,0.85503,0.47061,-9.92382
10.34114,0.90067,0.60888,-9.93489
10.35118,1.09161,0.76839,-9.96257
10.36122,1.14787,0.90815,-9.42163
10.37126,1.00003,1.06437,-9.21364
10.38129,1.06766,1.07335,-9.5584
10.39133,0.95304,0.74609,-9.9904
10.40137,0.6002,0.34222,-10.61484
10.41141,0.14874,0.21907,-10.7992
10.42144,-0.14769,0.09697,-10.25077
10.43148,-0.23747,0.00479,-9.29773
10.44152,-0.04908,-0.11672,-9.17862
10.45156,-0.07183,-0.04818,-10.0938
10.46159,-0.49575,0.39055,-11.8082
10.47163,-1.02128,0.77572,-13.36294
10.48167,-1.76109,0.85114,-13.7297
10.49171,-2.84311,0.40088,-13.23126
10.50174,-3.85706,-0.11762,-13.56779
10.51178,-4.73259,-0.09293,-14.86515
10.52182,-5.4706,0.52852,-16.48183
10.53186,-5.79292,1.66053,-17.18064
10.54189,-5.60138,2.5796,-16.67053
10.55193,-4.80412,2.0249,-16.98432
10.56197,-4.30178,1.02517,-17.46705
10.57201,-4.36972,1.2378,-17.74507
10.58204,-4.76955,1.84488,-18.2721
10.59208,-5.54467,1.79535,-18.90507
10.60212,-5.65196,1.87032,-18.05512
10.61216,-5.02259,2.08056,-16.51565
10.62219,-4.24073,2.0219,-15.2349
10.63223,-4.16127,1.80313,-14.51694
10.64227,-5.08992,1.08562,-15.30404
10.65231,-5.60153,1.06677,-15.69968
10.66234,-4.98637,1.53109,-14.42342
10.67238,-4.31046,1.06722,-13.22677
10.68242,-4.16157,0.58359,-12.48726
10.69246,-4.17983,0.40522,-11.86028
10.70249,-4.0061,0.32636,-11.57163
10.71253,-3.76354,0.35165,-11.30677
10.72257,-3.34156,0.41435,-11.92043
10.73261,-2.67941,0.99629,-12.90101
10.74264,-1.94828,2.07128,-13.03972
10.75268,-1.5278,2.54773,-11.74476
10.76272,-1.37068,2.33764,-9.95748
10.77276,-1.12617,2.10061,-8.28244
10.78279,-0.64943,2.30681,-7.28137
10.79283,-0.18301,2.39271,-6.84742
10.80287,0.17493,2.69183,-7.58094
10.81291,0.9502,3.5117,-9.47625
10.82295,1.8365,4.18477,-9.90167
10.83298,1.70183,3.78254,-8.61838
10.84302,0.54603,2.66684,-6.95501
10.85306,-0.85727,1.7117,-5.46896
10.8631,-1.63733,1.27282,-5.05087
10.87313,-1.62716,1.31516,-4.95211
10.88317,-1.00631,1.42006,-4.92787
10.89321,-0.10579,1.2791,-4.63772
10.90325,0.81657,1.24124,-3.73361
10.91328,1.31247,1.32639,-3.09391
10.92332,1.44385,1.34345,-3.41054
10.93336,1.28673,1.00302,-4.44139
10.9434,0.87074,0.76839,-5.20769
10.95343,0.5589,0.85847,-5.43918
10.96347,0.33055,0.61172,-5.72633
10.97351,0.16325,0.12106,-5.7398
10.98355,0.31663,-0.309,-5.47928
10.99358,0.86146,-0.34013,-4.94058
11.00362,1.50326,-0.29673,-4.34667
11.01366,1.6927,-0.56084,-4.07044
11.0237,1.3825,-1.10627,-4.48464
11.03373,0.87613,-1.71784,-4.91619
11.04377,0.32875,-2.23289,-5.1604
11.05381,0.07931,-2.65861,-5.28804
11.06385,0.12016,-2.9326,-5.30376
11.07388,0.32247,-2.92332,-5.43199
11.08392,0.56024,-2.86885,-5.77167
11.09396,0.7446,-2.80541,-6.09938
11.104,0.74534,-2.74854,-6.47811
11.11403,0.72544,-2.59277,-6.65334
11.12407,0.52373,-2.66265,-6.59318
11.13411,0.29284,-2.87978,-6.68775
11.14415,0.10071,-3.17262,-7.04374
11.15418,-0.14216,-3.30819,-7.20864
11.16422,-0.27174,-3.32525,-7.32371
11.17426,-0.31409,-3.33797,-7.58633
11.1843,-0.40238,-3.26345,-8.04197
11.19433,-0.37394,-3.00772,-8.20268
11.20437,-0.54827,-2.93529,-8.20628
11.21441,-0.91429,-3.11082,-8.13939
11.22445,-1.06407,-3.20344,-8.22199
11.23448,-0.96082,-3.09914,-8.56675
11.24452,-0.83004,-3.01804,-8.9205
11.25456,-0.79158,-3.02627,-9.01671
11.2646,-0.67472,-2.92033,-8.84478
11.27463,-0.65242,-2.94966,-8.53802
11.28467,-0.82944,-3.22185,-8.33122
11.29471,-1.05943,-3.41144,-8.30578
11.30475,-1.10881,-3.35532,-8.49792
11.31478,-0.94601,-3.21302,-8.76338
11.32482,-0.86461,-3.2404,-9.01836
11.33486,-0.92895,-3.25028,-9.13193
11.3449,-0.96007,-3.17067,-9.30925
11.35494,-0.95244,-3.04348,-9.36477
11.36497,-1.01993,-2.97614,-9.39694
11.37501,-1.1145,-3.02388,-9.4565
11.38505,-1.25336,-3.01026,-9.59132
11.39509,-1.33537,-3.03196,-9.79932
11.40512,-1.55159,-3.12503,-9.86187
11.41516,-1.79475,-3.10633,-9.71881
11.4252,-1.86433,-3.07849,-9.52608
11.43524,-1.9221,-3.18803,-9.42852
11.44527,-1.89217,-3.16618,-9.28202
11.45531,-1.73774,-3.08104,-9.23249
11.46535,-1.57419,-3.0348,-9.32781
11.47539,-1.51179,-2.92736,-9.25583
11.48542,-1.63958,-2.92916,-9.19493
11.49546,-1.75675,-3.02118,-8.97826
11.5055,-1.72712,-3.01714,-8.6697
11.51554,-1.60007,-3.01295,-8.51288
11.52557,-1.54635,-3.10274,-8.39602
11.53561,-1.35093,-3.01654,-8.2989
11.54565,-1.02442,-2.79987,-8.24518
11.55569,-0.80236,-2.5995,-8.10377
11.56572,-0.8043,-2.53576,-7.83981
11.57576,-0.96067,-2.59187,-7.40347
11.5858,-0.94257,-2.55746,-6.95007
11.59584,-0.79757,-2.03013,-6.84607
11.60587,-0.47749,-1.50745,-6.49622
11.61591,-0.06704,-1.3406,-6.24303
11.62595,0.03472,-1.46286,-5.32186
11.63599,-0.22535,-1.72772,-4.42448
11.64603,-0.62773,-1.76557,-3.68572
11.65606,-0.87568,-1.38759,-2.72984
11.6661,-0.81538,-0.99778,-2.49685
11.67614,-0.80999,-1.01798,-1.93242
11.68618,-1.28299,-1.19755,-0.93703
11.69621,-1.56072,-1.7973,-1.06751
11.70625,-1.46899,-1.98973,-1.29571
11.71629,-1.36574,-1.30933,-1.34764
11.72633,-0.99733,-0.44906,-1.58332
11.73636,-0.42213,0.29045,-1.41378
11.7464,-0.29568,-0.12061,0.42288
11.75644,-0.68564,-1.12064,1.56371
11.76648,-1.40614,-1.734,0.91533
11.77651,-1.82408,-2.08041,-0.48737
11.78655,-1.85236,-2.34407,-1.96025
11.79659,-1.37816,-2.1277,-2.79733
11.80663,-0.29329,-1.6945,-3.44406
11.81666,0.83737,-1.19815,-4.15993
11.8267,1.31741,-0.599,-5.17192
11.83674,1.26713,-0.09263,-6.86208
11.84678,0.79637,0.05252,-8.279
11.85681,0.13767,-0.00808,-8.96075
11.86685,-0.41554,-0.34851,-8.68138
11.87689,-0.76929,-0.96606,-8.0297
11.88693,-1.0723,-1.49338,-8.46485
11.89696,-1.66068,-2.00754,-10.29252
11.907,-2.29694,-2.02669,-12.69316
11.91704,-2.89175,-1.44954,-15.06806
11.92708,-2.71532,-0.80894,-16.65033
11.93711,-2.2507,-0.25124,-17.24319
11.94715,-1.48246,-0.01915,-16.70449
11.95719,-0.24675,-0.21144,-15.43332
11.96723,0.83004,-0.05387,-14.89074
11.97726,1.04911,0.54708,-15.32917
11.9873,0.41524,0.67142,-17.4039
11.99734,-0.64449,0.40941,-19.56661
12.00738,-1.43817,0.26516,-20.77898
12.01741,-1.8582,0.00928,-21.03306
12.02745,-1.86134,-0.05447,-20.79948
12.03749,-1.75091,-0.02364,-20.45322
12.04753,-1.7952,-0.17418,-19.79945
12.05756,-2.10046,-0.54842,-18.16361
12.0676,-2.62973,-1.46376,-15.9602
12.07764,-3.27138,-2.53007,-14.05366
12.08768,-3.70712,-3.15855,-12.81691
12.09772,-3.66777,-3.21092,-12.57674
12.10775,-3.44361,-3.19102,-12.75212
12.11779,-3.24684,-2.87858,-13.07833
12.12783,-2.78012,-2.18396,-13.49851
12.13787,-2.34512,-1.45672,-13.84746
12.1479,-2.21374,-0.96816,-14.05381
12.15794,-2.07278,-0.71257,-13.80691
12.16798,-1.80313,-0.60947,-13.18786
12.17802,-1.4642,-0.74564,-12.08144
12.18805,-1.20009,-0.87718,-11.11763
12.19809,-0.82031,-0.71811,-10.40789
12.20813,-0.54124,-0.55994,-10.19107
12.21817,-0.63357,-0.47675,-10.64178
12.2282,-0.85174,-0.48976,-11.35166
12.23824,-0.85712,-0.24735,-11.85923
12.24828,-0.54244,0.09517,-11.97206
12.25832,-0.12091,0.24451,-11.65946
12.26835,0.16445,0.15473,-11.20292
12.27839,0.36152,0.0823,-10.86459
12.28843,0.58029,0.15218,-10.69879
12.29847,0.76136,0.14096,-10.50336
12.3085,0.74983,0.06015,-10.33876
12.31854,0.61651,0.12899,-10.35073
12.32858,0.49276,0.09771,-10.55813
12.33862,0.21712,-0.09248,-10.60796
12.34865,-0.08948,-0.20455,-10.77765
12.35869,-0.04564,-0.12121,-10.84918
12.36873,0.20904,0.02888,-10.49184
12.37877,0.41195,0.0395,-9.96048
12.3888,0.45639,-0.019,-9.46443
12.39884,0.32112,-0.14096,-9.36447
12.40888,0.03681,-0.23403,-9.71103
12.41892,-0.05282,-0.21129,-10.02377
12.42895,0.07033,-0.1043,-10.03694
12.43899,0.23044,-0.02858,-9.93564
12.44903,0.37948,-0.04265,-9.78316
12.45907,0.36197,-0.20336,-9.50259
12.4691,0.27069,-0.29673,-9.23713
12.47914,0.1453,-0.44846,-9.13418
12.48918,-0.05237,-0.56907,-9.19269
12.49922,-0.21772,-0.60454,-9.28516
12.50925,-0.28521,-0.49291,-9.45395
12.51929,-0.43694,-0.37365,-9.66509
12.52933,-0.45894,-0.31379,-9.67931
12.53937,-0.25049,-0.4127,-9.42298
12.5494,0.23299,-0.37469,-9.23054
12.55944,0.76136,0.00688,-9.04499
12.56948,1.11585,0.36317,-9.25793
12.57952,1.22793,0.55246,-9.71492
12.58955,1.16837,0.5577,-10.14842
12.59959,1.0105,0.35404,-10.30375
12.60963,0.87239,0.07078,-10.34983
12.61967,0.8688,0.04729,-10.0121
12.6297,1.0132,0.06569,-9.57142
12.63974,1.20578,0.05537,-9.36447
12.64978,1.26668,0.02604,-9.27828
12.65982,1.31127,-0.11238,-9.38811
12.66986,1.42081,-0.04085,-9.54867
12.67989,1.60456,0.09143,-9.5192
12.68993,1.7542,0.05911,-9.38587
12.69997,1.86224,0.01826,-9.3745
12.71001,2.07862,0.08574,-9.37016
12.72004,2.32776,0.05357,-9.39964
12.73008,2.44972,-0.07422,-9.35789
12.74012,2.49087,-0.23792,-9.41595
12.75016,2.42114,-0.48917,-9.63831
12.76019,2.27015,-1.04282,-9.84301
12.77023,2.42458,-1.48231,-9.91185
12.78027,3.02612,-1.39642,-9.67781
12.79031,3.64801,-1.09041,-9.09318
12.80034,4.23759,-0.37604,-8.82712
12.81038,4.5831,0.29015,-8.95117
12.82042,4.51846,0.59197,-9.43779
12.83046,4.2114,0.9511,-10.14932
12.84049,3.65071,1.80403,-10.40924
12.85053,4.00191,3.18504,-10.33846
12.86057,3.69725,3.21392,-11.21624
12.87061,1.31367,2.45316,-12.781
12.88064,0.67546,1.64661,-11.85968
12.89068,1.1974,0.9891,-10.16279
12.90072,1.13306,0.68175,-8.86857
12.91076,1.48007,0.36407,-8.58875
12.92079,1.83246,0.82615,-8.86588
12.93083,1.92419,1.91237,-9.49885
12.94087,1.74687,2.34258,-10.51773
12.95091,1.01739,1.9393,-11.33236
12.96094,0.01631,1.34599,-11.87015
12.97098,-0.76704,0.91114,-12.00513
12.98102,-0.96965,0.6626,-11.44069
12.99106,-0.7232,0.80909,-10.43842
13.00109,-0.24885,1.13276,-9.36612
13.01113,-0.58104,1.0102,-8.64052
13.02117,-1.8169,0.28177,-8.89715
13.03121,-3.20284,-0.50967,-9.95045
13.04124,-4.00131,-0.96771,-11.07588
13.05128,-4.30657,-0.87254,-11.4802
13.06132,-3.86813,-0.08619,-11.28357
13.07136,-3.13177,0.68399,-10.7766
13.0814,-2.95534,1.08218,-10.14932
13.09143,-3.37582,0.82151,-9.6603
13.10147,-4.09768,-0.04773,-9.3944
13.11151,-4.726,-0.77856,-9.2096
13.12155,-4.75668,-0.86984,-9.02165
13.13158,-4.48509,-0.42482,-8.82757
13.14162,-3.99607,0.26561,-8.94309
13.15229,-4.00744,1.57494,-9.03063
13.16232,-3.28335,1.58825,-8.77505
13.17236,-2.72924,0.96771,-8.7764
13.1824,-2.03073,0.89274,-8.79585
13.19244,-1.55503,1.00152,-9.12475
13.20247,-1.74313,1.35781,-9.79243
13.21251,-2.45256,1.37607,-10.57369
13.22255,-3.33452,0.88286,-10.71869
13.23259,-3.86888,0.09876,-10.11745
13.24262,-3.88549,-0.60888,-9.51755
13.25266,-3.79885,-0.90965,-9.39889
13.2627,-3.63006,-0.81463,-9.85109
13.27274,-3.42685,-0.71257,-10.12628
13.28277,-2.94726,-0.80415,-9.96601
13.29281,-2.23065,-0.8278,-9.5382
13.30285,-1.54471,-0.64748,-9.21543
13.31289,-0.98132,-0.37544,-9.00549
13.32292,-1.01993,-0.43664,-8.95656
13.33296,-1.58406,-0.82989,-9.29145
13.343,-1.91042,-1.13216,-9.77986
13.35304,-1.64048,-0.96367,-9.96108
13.36307,-0.91563,-0.57655,-9.81862
13.37311,-0.21159,-0.22057,-9.53835
13.38315,-0.01631,-0.18211,-9.29624
13.39319,-0.33579,-0.4959,-9.23234
13.40322,-0.43455,-0.58643,-9.20077
13.41326,-0.34102,-0.39444,-9.3118
13.4233,-0.32801,-0.22146,-9.83748
13.43334,-0.43545,-0.16041,-10.38859
13.44337,-0.3904,-0.164,-10.38485
13.45341,-0.34611,-0.23747,-9.99669
13.46345,-0.24152,-0.18944,-9.8906
13.47349,-0.13063,-0.07033,-9.92292
13.48352,-0.04295,-0.01302,-9.77163
13.49356,-0.11073,-0.07078,-9.73333
13.5036,-0.37664,-0.28147,-9.99938
13.51364,-0.55216,-0.36841,-10.15067
13.52367,-0.61621,-0.34282,-10.08468
13.53371,-0.52912,-0.45071,-10.01405
13.54375,-0.20859,-0.38143,-9.76999
13.55379,0.0226,-0.15637,-9.56424
13.56383,0.16894,-0.04788,-9.55122
13.57386,0.02349,-0.14006,-9.73871
13.5839,-0.19004,-0.36347,-9.85094
13.59394,-0.24406,-0.50667,-9.67602
13.60398,-0.21338,-0.50069,-9.80785
13.61401,0.04429,-0.30885,-10.04906
13.62405,0.33354,-0.07826,-10.04697
13.63409,0.40417,0.04744,-9.94402
13.64413,0.14126,0.02125,-9.9509
13.65416,-0.29733,-0.21892,-10.04008
13.6642,-0.54902,-0.4136,-10.13032
13.67424,-0.49096,-0.38592,-10.17072
13.68428,-0.19378,-0.18974,-10.04457
13.69431,0.05671,-0.01646,-9.89673
13.70435,0.07183,-0.00359,-9.85798
13.71439,0.18331,0.03397,-9.96946
13.72505,0.18331,0.03397,-9.96946
13.73509,0.25663,0.13228,-9.80351
13.74513,0.12031,0.13827,-9.75083
13.75517,-0.19378,-0.00614,-9.98307
13.7652,-0.29643,-0.19992,-10.11775
13.77524,-0.16026,-0.14859,-9.99579
13.78528,-0.11507,-0.00479,-9.76759
13.79532,-0.13213,-0.06509,-9.82042
13.80535,0.01796,-0.15443,-9.75562
13.81539,0.18675,-0.17178,-9.40757
13.82543,0.164,-0.26501,-9.09782
13.83547,-0.04699,-0.27788,-9.1665
13.8455,-0.35883,-0.30631,-9.67093
13.85554,-0.30795,-0.35704,-10.14887
13.86558,-0.09637,-0.2252,-10.15321
13.87562,0.02409,-0.10684,-9.96317
13.88565,0.13228,-0.18435,-9.79573
13.89569,0.10669,-0.25543,-9.60703
13.90573,-0.18001,-0.38322,-9.67108
13.91577,-0.48094,-0.5348,-9.81967
13.9258,-0.55815,-0.56683,-9.80426
13.93584,-0.41749,-0.47375,-9.67093
13.94588,-0.10475,-0.38502,-9.6208
13.95592,0.12869,-0.31753,-9.57905
13.96595,0.17089,-0.34312,-9.55122
13.97599,-0.04714,-0.48423,-9.59222
13.98603,-0.2475,-0.59526,-9.56454
13.99607,-0.42377,-0.60588,-9.64818
14.0061,-0.40821,-0.52852,-9.85902
14.01614,-0.1465,-0.39385,-9.94043
14.02618,0.03187,-0.43799,-9.9524
14.03622,0.20545,-0.50922,-9.91858
14.04626,0.27533,-0.48602,-9.84406
14.05629,0.29119,-0.49949,-9.77657
14.06633,0.13692,-0.55635,-9.5792
14.07637,-0.25558,-0.71317,-9.60943
14.08641,-0.29254,-0.82346,-9.78301
14.09644,-0.08021,-0.72709,-9.64953
14.10648,0.02185,-0.69447,-9.47879
14.11652,-0.10445,-0.75627,-9.59611
14.12656,-0.15428,-0.87029,-9.86621
14.13659,-0.09831,-0.78814,-9.9313
14.14663,-0.01586,-0.66933,-9.84421
14.15667,0.04758,-0.64,-9.81877
14.16671,0.0422,-0.62968,-9.90706
14.17674,-0.00509,-0.63027,-9.9325
14.18678,-0.19632,-0.76944,-9.8466
14.19682,-0.24271,-0.86416,-9.72495
14.20686,-0.1426,-0.84261,-9.57845
14.21689,0.02858,-0.80056,-9.57606
14.22693,0.03427,-0.76944,-9.66105
14.23697,-0.00224,-0.73188,-9.77538
14.24701,-0.01212,-0.62578,-9.95838
14.25704,0.02125,-0.52867,-10.08917
14.26708,0.08724,-0.54019,-10.02991
14.27712,0.0217,-0.65766,-9.73856
14.28716,-0.19094,-0.85368,-9.53386
14.29719,-0.29299,-1.00287,-9.64115
14.30723,-0.11118,-0.93479,-9.76266
14.31727,0.09996,-0.74579,-9.77687
14.32731,0.21338,-0.66933,-9.75532
14.33734,0.29643,-0.67307,-9.74739
14.34738,0.28985,-0.64105,-9.63487
14.35742,0.10669,-0.68085,-9.63247
14.36746,-0.05148,-0.82959,-9.72061
14.37749,-0.09292,-0.92296,-9.67512
14.38753,-0.10609,-0.85174,-9.66689
14.39757,0.00389,-0.81792,-9.69278
14.40761,0.11836,-0.73667,-9.71013
14.41764,0.11732,-0.72694,-9.71238
14.42768,0.05686,-0.72155,-9.73767
14.43772,0.02215,-0.79772,-9.74605
14.44776,0.06,-0.87104,-9.58189
14.4578,0.01362,-0.91728,-9.51291
14.46783,0.01047,-0.96681,-9.57411
14.47787,0.04609,-0.96367,-9.50169
14.48791,0.10295,-0.98611,-9.43241
14.49795,0.09577,-0.93778,-9.43375
14.50798,0.07347,-0.88735,-9.57336
14.51802,0.02349,-0.91473,-9.8692
14.52806,-0.03935,-0.94302,-10.08692
14.5381,0.00808,-0.91399,-10.05131
14.54813,0.08694,-0.89962,-9.93354
14.55817,0.1453,-0.89708,-9.7236
14.56821,0.13737,-0.95514,-9.55331
14.57825,0.06404,-1.04178,-9.52084
14.58828,0.01736,-1.10238,-9.48523
14.59832,0.03187,-1.11285,-9.47356
14.60836,0.07527,-1.06138,-9.46069
14.6184,0.0627,-1.04567,-9.51725
14.62843,-0.06838,-1.01963,-9.63726
14.63847,-0.16984,-0.97818,-9.78151
14.64851,-0.14096,-1.01918,-9.85753
14.65855,0.01766,-0.99778,-9.7227
14.66858,0.10654,-0.9282,-9.52698
14.67862,0.13602,-0.90755,-9.50004
14.68866,0.04609,-0.96666,-9.65776
14.6987,-0.09741,-1.02427,-9.81877
14.70873,-0.11911,-1.04657,-9.76954
14.71877,-0.00808,-0.97384,-9.67048
14.72881,0.09577,-0.91069,-9.65552
14.73885,0.19647,-0.90067,-9.69981
14.74888,0.09367,-0.90321,-9.79303
14.75892,-0.08065,-0.98626,-9.95778
14.76896,-0.10101,-1.04312,-9.97245
14.779,-0.0214,-0.9924,-9.85693
14.78903,0.09233,-0.96187,-9.75562
14.79907,0.1869,-0.91848,-9.84645
14.80911,0.25244,-0.85862,-9.96527
14.81915,0.27354,-0.82211,-9.96811
14.82918,0.2288,-0.84994,-9.85094
14.83922,0.05581,-0.93179,-9.69053
14.84926,-0.18405,-1.10238,-9.69337
14.8593,-0.20022,-1.22598,-9.65806
14.86934,-0.08874,-1.13829,-9.4987
14.87937,0.01885,-1.04058,-9.42418
14.88941,0.06434,-1.0319,-9.42118
14.89945,-0.00165,-1.06841,-9.4544
14.90949,0.0006,-1.11241,-9.56259
14.91952,0.08514,-0.99883,-9.60105
14.92956,0.1456,-0.88526,-9.59342
14.9396,0.15413,-0.91473,-9.66749
14.94964,0.11043,-0.91967,-9.79318
14.95967,0.0205,-0.89857,-9.84241
14.96971,-0.0639,-0.98102,-9.8255
14.97975,-0.05791,-1.05345,-9.72869
14.98979,0.06599,-1.00706,-9.55316
14.99982,0.19932,-0.88002,-9.56558
15.00986,0.19079,-0.83378,-9.74066
15.0199,0.04399,-0.86371,-10.01135
15.02994,-0.01601,-0.87538,-10.22519
15.03997,-0.00195,-0.87104,-10.2174
15.05001,0.09577,-0.88062,-9.97918
15.06005,0.19034,-0.88556,-9.75532
15.07009,0.13422,-0.90905,-9.66644
15.08012,0.08095,-0.93419,-9.7218
15.09016,0.06734,-0.97863,-9.76804
15.1002,0.08679,-0.97639,-9.69996
15.11024,0.16056,-0.96067,-9.56484
15.12027,0.18794,-0.91384,-9.57366
15.13031,0.17971,-0.90471,-9.64788
15.14035,0.09756,-0.96067,-9.72255
15.15039,-0.04384,-1.01993,-9.80066
15.16042,-0.0398,-1.07574,-9.82895
15.17046,0.05611,-1.02247,-9.6639
15.1805,0.03502,-1.01634,-9.53521
15.19054,0.01077,-1.08891,-9.58563
15.20057,0.0603,-1.07589,-9.61212
15.21061,0.10534,-0.98417,-9.60299
15.22065,0.0826,-0.96486,-9.66629
15.23069,0.06345,-0.9927,-9.80351
15.24073,0.08709,-1.02487,-9.76625
15.25076,0.03097,-1.02382,-9.70744
15.2608,0.03427,-1.05135,-9.68514
15.27084,0.07721,-1.04881,-9.6609
15.28088,0.0808,-1.00167,-9.6636
15.29091,0.07811,-0.95798,-9.70579
15.30095,0.10804,-0.94032,-9.73976
15.31099,0.15847,-0.91189,-9.75488
15.32103,0.08649,-0.91833,-9.82685
15.33106,0.02918,-1.00691,-9.83344
15.3411,0.02155,-1.02577,-9.77867
15.35114,-0.0018,-1.01933,-9.69682
15.36118,0.04863,-1.01469,-9.62364
15.37121,0.06898,-0.99808,-9.55825
15.38125,0.08051,-0.94795,-9.62529
15.39129,0.1227,-0.92775,-9.7242
15.40133,0.09846,-0.89768,-9.80575
15.41136,0.13647,-0.87224,-9.95195
15.4214,0.20396,-0.85608,-9.9099
15.43144,0.17223,-0.86326,-9.76685
15.44148,0.14769,-0.94496,-9.68769
15.45151,0.10819,-0.99644,-9.63816
15.46155,0.06659,-0.97668,-9.73662
15.47159,0.12704,-0.91638,-9.83792
15.48163,0.14156,-0.85353,-9.89134
15.49167,0.11028,-0.75477,-9.94267
15.5017,-0.01018,-0.763,-9.9497
15.51174,-0.03442,-0.83812,-9.94342
15.52178,0.02095,-0.86939,-9.9319
15.53182,0.09697,-0.86461,-9.96661
15.54185,0.08215,-0.84186,-9.88102
15.55189,-0.00299,-0.79248,-9.8906
15.56193,-0.1453,-0.81897,-9.93175
15.57197,-0.27533,-0.88645,-9.89928
15.582,-0.31603,-0.91638,-9.9509
15.59204,-0.15473,-0.93464,-10.05669
15.60208,-0.06015,-0.89947,-10.13645
15.61212,-0.08784,-0.81792,-10.16802
15.62215,-0.13647,-0.80924,-10.1972
15.63219,-0.08335,-0.88107,-10.20379
15.64223,-0.03666,-0.8658,-10.2801
15.65227,-0.08215,-0.78919,-10.30629
15.6623,-0.12794,-0.72694,-10.21726
15.67234,-0.13737,-0.78784,-10.02377
15.68238,-0.186,-0.97833,-9.69068
15.69242,-0.20366,-1.1148,-9.38168
15.70245,-0.19917,-1.12647,-9.21169
15.71249,-0.14216,-1.0542,-9.26077
15.72253,-0.07227,-0.93898,-9.36896
15.73257,0.03681,-0.81837,-9.52189
15.7426,0.12689,-0.76001,-9.56678
15.75264,0.17912,-0.75657,-9.46877
15.76268,0.07617,-0.81508,-9.32631
15.77272,-0.0015,-0.87583,-9.34128
15.78276,-0.0817,-0.93494,-9.36716
15.79279,-0.03232,-0.82525,-9.36986
15.80283,0.05148,-0.68175,-9.3932
15.81287,0.05896,-0.66873,-9.42702
15.82291,0.00075,-0.72784,-9.40353
15.83294,-0.1456,-0.81912,-9.40397
15.84298,-0.20964,-0.89229,-9.44019
15.85302,-0.12824,-0.86595,-9.42627
15.86306,0.01212,-0.72844,-9.46967
15.87309,0.16804,-0.59795,-9.47101
15.88313,0.29329,-0.51026,-9.51426
15.89317,0.22655,-0.52089,-9.56543
15.90321,0.07138,-0.6177,-9.68694
15.91324,-0.06419,-0.80984,-9.71642
15.92328,-0.19303,-0.94302,-9.62753
15.93332,-0.1447,-0.908,-9.57681
15.94336,0.04235,-0.75088,-9.58219
15.95339,0.10385,-0.64165,-9.622
15.96343,0.07272,-0.62159,-9.767
15.97347,-0.06509,-0.70958,-9.90466
15.98351,-0.14305,-0.7654,-9.94701
15.99354,-0.14141,-0.8272,-9.89838
16.00358,-0.12345,-0.92656,-9.75712
16.01362,-0.16879,-0.92177,-9.68305
16.02366,-0.23598,-0.86401,-9.77493
16.03369,-0.25199,-0.83632,-9.95748
16.04373,-0.17867,-0.73771,-10.09575
16.05377,-0.12794,-0.72784,-10.08602
16.06381,-0.22057,-0.81642,-9.93309
16.07384,-0.41988,-0.75986,-9.79722
16.08388,-0.52777,-0.73532,-9.81638
16.09392,-0.49291,-0.67965,-9.86815
16.10396,-0.6382,-0.55426,-10.01375
16.114,-0.72335,-0.52313,-10.22369
16.12403,-0.77228,-0.61651,-10.25811
16.13407,-0.83812,-0.63416,-10.09769
16.14411,-0.84904,-0.54678,-9.88012
16.15415,-0.85069,-0.46792,-9.90795
16.16418,-0.7018,-0.46148,-10.07375
16.17422,-0.74909,-0.41599,-10.24823
16.18426,-0.77931,-0.23852,-10.42525
16.1943,-0.78515,-0.16445,-10.51997
16.20433,-0.87284,-0.2674,-10.55304
16.21437,-1.17989,-0.41884,-10.47388
16.22441,-1.45867,-0.46208,-10.61604
16.23445,-1.65963,-0.3711,-11.00001
16.24448,-1.77156,-0.19558,-11.53197
16.25452,-1.93841,-0.20695,-11.92567
16.26456,-2.11034,-0.40297,-12.1178
16.2746,-2.3107,-0.51056,-12.15027
16.28463,-2.68809,-0.58104,-12.23587
16.29467,-3.0161,-0.71916,-12.64064
16.30471,-3.13356,-0.86221,-13.26971
16.31475,-3.24609,-0.85982,-13.88742
16.32478,-3.37358,-0.77602,-14.15766
16.33482,-3.60716,-0.82735,-14.27258
16.34486,-3.91542,-1.02038,-14.58024
16.3549,-4.3772,-1.23526,-15.20602
16.36493,-4.7275,-1.38415,-15.98025
16.37497,-4.83883,-1.39238,-16.34806
16.38501,-4.72496,-1.22793,-16.17208
16.39505,-4.52714,-1.12393,-15.67783
16.40509,-4.46578,-1.44236,-15.01748
16.41512,-4.64879,-2.06066,-14.28246
16.42516,-4.88522,-2.34766,-13.54295
16.4352,-4.78691,-2.23753,-12.964
16.44524,-4.43646,-1.89711,-13.04196
16.45527,-4.00281,-1.44116,-13.28677
16.46531,-4.12641,-0.84426,-13.74571
16.47535,-4.60884,-0.5574,-14.13537
16.48538,-4.24582,-0.64329,-13.43342
16.49542,-3.40904,-0.48587,-12.47095
16.50546,-2.65562,-0.44412,-11.64435
16.5155,-2.07981,-0.75208,-10.95183
16.52553,-1.81899,-1.0337,-10.24928
16.53557,-1.33222,-1.20159,-9.70909
16.54561,-1.0334,-0.99285,-9.37749
16.55565,-2.37969,-0.95364,-10.25885
16.56569,-3.31791,-1.48545,-11.00525
16.57572,-2.71428,-1.59394,-10.38141
16.58576,-1.63255,-1.31127,-9.13149
16.5958,-1.04926,-1.17376,-8.57169
16.60584,-1.05854,-1.42231,-9.15632
16.61587,-0.97698,-1.34719,-9.76804
16.62591,-1.04297,-0.76809,-10.42136
16.63595,-0.72006,-0.28671,-10.59419
16.64599,-0.06,0.22131,-10.4471
16.65602,-0.21877,0.46941,-10.27576
16.66606,-1.35153,-0.1465,-10.50516
16.6761,-2.26596,-0.99135,-10.22818
16.68614,-2.48728,-1.34764,-8.91765
16.69617,-2.0014,-1.60187,-7.14894
16.70621,-1.41677,-1.72876,-5.63401
16.71625,-1.04118,-1.91431,-5.48272
16.72629,-0.26471,-2.38118,-6.11644
16.73632,0.73981,-2.437,-5.99733
16.74636,1.60112,-1.91865,-5.68518
16.7564,1.79909,-1.01305,-5.57864
16.76644,0.63401,-0.20889,-5.67635
16.77648,-0.83348,-0.07138,-6.51133
16.78651,-1.15834,-0.73143,-7.93468
16.79655,-0.49784,-1.14383,-7.66504
16.80659,0.43545,-0.99255,-6.62401
16.81662,1.47558,-0.98776,-5.99942
16.82666,1.74777,-1.3816,-5.67381
16.8367,1.41976,-1.53453,-5.741
16.84674,0.64209,-1.21356,-6.44549
16.85678,0.21967,-0.80311,-6.2951
16.86681,0.37499,-0.56324,-5.81941
16.87685,0.92611,-0.33758,-5.79053
16.88689,1.5709,-0.32247,-5.61216
16.89693,1.89621,-0.52283,-5.59076
16.90696,1.91267,-0.83333,-5.58238
16.917,1.84892,-1.16762,-5.70927
16.92704,1.73146,-1.35213,-5.65106
16.93708,1.36305,-1.16957,-6.04701
16.94711,0.74998,-1.08622,-6.75838
16.95715,0.54842,-1.29526,-7.14056
16.96719,0.69701,-1.5706,-7.12185
16.97723,0.68489,-1.93646,-6.80701
16.98726,0.59331,-2.13847,-6.68566
16.9973,0.55815,-2.13862,-6.66621
17.00734,0.5782,-2.15134,-6.90802
17.01738,0.52448,-2.02909,-7.3071
17.02741,0.74534,-1.73086,-7.63915
17.03745,0.89049,-1.58586,-8.00127
17.04749,0.87613,-1.63928,-8.09839
17.05753,0.64015,-1.75675,-8.3197
17.06756,0.37724,-1.80792,-8.46051
17.0776,0.24915,-1.96025,-8.51049
17.08764,0.30481,-2.0228,-8.48475
17.09768,0.14335,-2.13937,-8.58202
17.10771,0.10325,-2.28826,-8.78956
17.11775,0.2704,-2.34183,-8.71085
17.12779,0.40133,-2.39974,-8.88788
17.13783,0.43335,-2.32118,-8.94519
17.14849,0.41016,-2.35515,-8.97616
17.15853,0.46358,-2.4358,-9.09572
17.16857,0.55426,-2.47546,-9.10814
17.1786,0.70434,-2.44882,-9.1867
17.18864,0.77138,-2.31669,-9.22261
17.19868,0.82705,-2.20222,-9.23474
17.20872,0.91069,-2.16855,-9.2304
17.21876,0.93134,-2.28212,-9.13538
17.22879,0.91877,-2.38178,-8.91047
17.23883,0.91922,-2.3315,-8.82802
17.24887,0.93344,-2.22032,-9.02913
17.25891,0.92282,-2.0234,-9.12685
17.26894,1.1359,-1.84189,-9.12415
17.27898,1.4654,-1.715,-9.09288
17.28902,1.5694,-1.68043,-9.11742
17.29906,1.44026,-1.74941,-9.19284
17.30909,1.14622,-1.84713,-9.18491
17.31913,0.84111,-1.88663,-9.18027
17.32917,0.71003,-1.90264,-9.10066
17.33921,0.79428,-1.75151,-9.03736
17.34924,0.97773,-1.58586,-9.11158
17.35928,1.10612,-1.49084,-9.15977
17.36932,0.89693,-1.52391,-9.24192
17.37936,0.65661,-1.58751,-9.29175
17.38939,0.56548,-1.66846,-9.26706
17.39943,0.58119,-1.58541,-9.11697
17.40947,0.74834,-1.49353,-9.05577
17.41951,0.66499,-1.45582,-8.94414
17.42954,0.4552,-1.55803,-8.96643
17.43958,0.1013,-1.87376,-8.91675
17.44962,-0.35748,-2.08056,-8.65669
17.45966,-0.51401,-2.01053,-8.49508
17.4697,-0.21578,-1.65724,-8.51558
17.47973,0.21817,-1.10358,-8.5657
17.48977,0.53585,-0.69821,-8.60491
17.49981,0.43305,-0.56144,-8.45722
17.50985,-0.10594,-0.82869,-8.11604
17.51988,-0.60888,-1.27581,-7.62134
17.52992,-0.90845,-1.4883,-7.09656
17.53996,-0.96591,-1.406,-6.76691
17.55,-0.80325,-1.00527,-6.49876
17.56003,-0.55456,-0.64509,-6.16672
17.57007,-0.47779,-0.69177,-5.7181
17.58011,-0.50727,-0.85982,-5.01361
17.59015,-0.31798,-0.80236,-4.26512
17.60018,0.10744,-0.73292,-3.95268
17.61022,0.59122,-0.41674,-3.97348
17.62026,0.92162,-0.11522,-3.97752
17.6303,0.92715,-0.09472,-3.82399
17.64033,0.37918,-0.51356,-3.36729
17.65037,-0.17014,-1.14622,-3.08882
17.66041,-0.65841,-1.77156,-2.98542
17.67045,-0.96696,-1.74582,-2.9929
17.68048,-0.52613,-1.2387,-3.48611
17.69052,0.12734,-0.70794,-4.41356
17.70056,0.32112,-0.51969,-4.71777
17.7106,-0.0003,-0.85443,-4.03034
17.72063,-0.42303,-1.4253,-3.4689
17.73067,-0.65197,-2.15508,-3.47638
17.74071,-0.85937,-2.49042,-3.73346
17.75075,-0.83273,-1.9408,-4.5816
17.76079,-0.61621,-1.11061,-6.01543
17.77082,-0.49515,-0.41689,-7.29663
17.78086,-0.55905,-0.36527,-7.69616
17.7909,-0.22131,-0.85877,-8.03045
17.80094,0.27803,-1.47857,-8.22244
17.81097,0.23927,-1.5064,-8.25027
17.82101,0.03367,-1.15475,-8.63529
17.83168,-0.33683,-1.03848,-9.52773
17.84171,-0.73068,-1.19321,-10.40385
17.85175,-0.84231,-1.89815,-10.72363
17.86179,-0.77422,-2.24816,-11.11089
17.87183,-0.56937,-1.73834,-11.92013
17.88186,-0.40986,-1.0099,-12.88185
17.8919,-0.01601,-0.21623,-13.894
17.90194,0.63117,0.68205,-14.51574
17.91198,1.1751,0.99569,-14.5147
17.92201,1.02382,0.30676,-13.95161
17.93205,0.1863,-0.22326,-13.92513
17.94209,-0.83034,-0.39998,-14.27902
17.95213,-1.8151,-0.61441,-14.80679
17.96216,-2.32627,-0.75627,-15.0718
17.9722,-2.11019,-0.60379,-14.96032
17.98224,-1.58631,-0.33519,-14.86111
17.99228,-0.96112,-0.13273,-14.93937
18.00231,-0.73218,0.58703,-15.486
18.01235,-0.75986,1.18872,-16.35584
18.02239,-0.87613,1.26309,-16.85877
18.03243,-1.02202,0.9285,-17.00197
18.04246,-1.13545,0.56787,-16.5996
18.0525,-1.20892,0.4353,-15.59239
18.06254,-1.53947,0.2873,-15.01045
18.07258,-1.9833,-0.00778,-14.81637
18.08261,-2.45825,-0.42931,-14.8668
18.09265,-2.76276,-0.72859,-14.9666
18.10269,-2.74121,-1.03789,-14.91872
18.11273,-2.58978,-1.24618,-14.65251
18.12276,-2.19608,-1.23242,-14.16649
18.1328,-1.45852,-0.93658,-13.66416
18.14284,-0.98013,-0.73891,-13.21644
18.15288,-0.83857,-0.85383,-13.00695
18.16292,-0.89064,-0.99659,-12.48292
18.17295,-1.04701,-1.16463,-12.23302
18.18299,-1.17361,-1.48126,-12.01485
18.19303,-1.27416,-1.69315,-11.67562
18.20307,-1.2607,-1.82648,-11.24512
18.2131,-1.13874,-1.72218,-10.94195
18.22314,-0.75687,-1.39208,-10.76538
18.23318,-0.11208,-1.09415,-10.62427
18.24322,0.52538,-0.94541,-10.44979
18.25325,0.78455,-1.04133,-10.11251
18.26329,0.61321,-1.2996,-9.77837
18.27333,0.14201,-1.53154,-9.63771
18.28337,-0.15802,-1.68193,-9.63038
18.2934,-0.08499,-1.43428,-9.87878
18.30344,0.25139,-0.9291,-10.06552
18.31348,0.60409,-0.60663,-10.11849
18.32352,0.74879,-0.52194,-10.12463
18.33355,0.69791,-0.72275,-9.99445
18.34359,0.44772,-1.02068,-9.84181
18.35363,0.32606,-1.25262,-9.56424
18.36367,0.68265,-1.06901,-9.50932
18.3737,1.19815,-0.74056,-9.60778
18.38374,1.34749,-0.56488,-9.67841
18.39378,1.12483,-0.64703,-9.78405
18.40382,0.69237,-0.88885,-9.91903
18.41385,0.47106,-1.0132,-10.02796
18.42389,0.54737,-0.94092,-10.01779
18.43393,0.74729,-0.80774,-9.93489
18.44397,1.06946,-0.67172,-9.98502
18.454,1.25441,-0.54872,-9.95255
18.46404,1.28748,-0.54782,-9.95075
18.47408,1.31816,-0.65631,-9.87384
18.48412,1.33866,-0.84201,-9.62499
18.49416,1.2812,-1.07799,-9.27379
18.50419,1.32863,-1.24738,-8.99472
18.51423,1.47079,-1.21162,-9.11502
18.52427,1.58152,-0.90067,-9.46458
18.53431,1.62701,-0.69282,-9.91663
18.54434,1.63225,-0.70015,-10.13047
18.55438,1.70377,-0.82361,-10.08153
18.56442,1.87421,-0.95858,-9.75847
18.57445,2.09463,-1.08577,-9.28456
18.58449,2.20715,-1.31831,-8.98185
18.59453,2.19698,-1.49503,-8.99262
18.60457,2.21883,-1.49189,-9.2292
18.6146,2.36577,-1.41228,-9.51201
18.62464,2.50927,-1.41437,-9.65537
18.63468,2.76904,-1.46735,-9.65402
18.64472,3.16094,-1.52331,-9.64624
18.65476,3.31058,-1.64721,-9.6196
18.66479,3.41683,-1.857,-9.537
18.67483,3.70682,-1.98,-9.32063
18.68487,4.02944,-2.14775,-9.07762
18.69491,4.24926,-2.33674,-8.82727
18.70494,4.6051,-2.28467,-8.67644
18.71498,5.02483,-2.0626,-8.67255
18.72502,5.5324,-1.53558,-9.1677
18.73506,6.14292,-0.7636,-9.34577
18.74509,6.73579,-0.03696,-9.70699
18.75513,7.06903,0.63491,-10.61529
18.76517,6.89575,0.96382,-11.32368
18.77521,6.0895,0.83827,-11.8911
18.78524,4.934,0.4935,-12.15162
18.79528,3.75321,0.06764,-12.02084
18.80532,2.72026,-0.45206,-11.59153
18.81536,1.97956,-0.9704,-10.93761
18.8254,1.32444,-1.64601,-10.21037
18.83543,0.71946,-2.27973,-9.52623
18.84547,0.19363,-2.45436,-8.74377
18.85551,0.01885,-1.84817,-8.30264
18.86555,0.24077,-0.77827,-8.67943
18.87558,0.45744,-0.00793,-9.59342
18.88562,0.16221,0.25783,-10.39054
18.89566,-0.60079,0.16146,-10.8378
18.90569,-1.72368,-0.2487,-10.81955
18.91573,-2.7249,-1.07589,-10.62008
18.92577,-3.26345,-1.92464,-10.00312
18.93581,-3.07296,-2.1865,-9.33005
18.94585,-2.31549,-1.57898,-8.86274
18.95588,-1.46211,-0.48064,-8.74931
18.96592,-1.10163,0.27099,-9.23878
18.97596,-1.16164,0.80266,-10.01839
18.986,-1.45253,1.27057,-10.89107
18.99603,-1.87795,1.28524,-11.02709
19.00607,-1.66547,0.90231,-10.04008
19.01611,-1.47812,0.0006,-8.68586
19.02615,-1.06123,0.01841,-8.51423
19.03618,-0.36018,0.89812,-8.97362
19.04622,-0.21219,1.2378,-8.75934
19.05626,-0.98402,1.00257,-8.26104
19.0663,-2.50419,0.70554,-8.796
19.07633,-4.02151,0.69387,-10.05789
19.08637,-4.9328,0.82615,-10.51698
19.09641,-4.82761,1.26025,-10.51518
19.10645,-4.06865,0.98925,-10.63804
19.11648,-3.31372,0.07063,-10.38006
19.12652,-2.91748,-0.79278,-9.8062
19.13656,-2.87379,-1.14084,-9.12131
19.1466,-3.26345,-1.21326,-8.88982
19.15664,-3.83431,-1.23586,-9.32586
19.16667,-4.18192,-1.1341,-9.71417
19.17671,-4.55826,-1.1748,-9.91095
19.18675,-4.68485,-1.1136,-9.94462
19.19678,-4.32722,-0.72859,-9.91439
19.20682,-3.6763,-0.41524,-9.80545
19.21686,-2.72819,0.21398,-9.47655
19.2269,-1.63449,1.04432,-9.26466
19.23694,-0.56279,1.89217,-9.60209
19.24697,-0.02484,2.48832,-10.15261
19.25701,-0.25768,2.79598,-10.65405
19.26705,-0.88526,2.59157,-10.8369
19.27709,-1.76647,1.95591,-10.88524
19.28712,-2.60893,1.27521,-10.74084
19.29716,-3.07191,0.87029,-10.47762
19.3072,-3.00068,0.81657,-10.27472
19.31724,-2.46289,0.82226,-10.00672
19.32727,-1.89965,0.76854,-9.81323
19.33731,-1.45163,0.59167,-9.59342
19.34735,-1.26848,0.29898,-9.31719
19.35739,-1.22508,0.05297,-9.22246
19.36742,-1.32639,-0.11073,-9.13538
19.37746,-1.3421,-0.0609,-9.18521
19.3875,-1.4461,0.11372,-9.61257
19.39754,-1.7542,0.08036,-10.00387
19.40758,-1.78877,0.00359,-10.04861
19.41761,-1.51343,-0.06764,-9.81323
19.42765,-0.92147,-0.24885,-9.48463
19.43769,-0.38861,-0.17867,-9.18281
19.44772,-0.11268,0.0826,-9.00803
19.45776,0.041,0.23987,-9.19179
19.4678,0.06614,0.3111,-9.49765
19.47784,-0.1236,0.3078,-9.70325
19.48787,-0.36437,0.26306,-9.5997
19.49791,-0.58478,0.06494,-9.54463
19.50795,-0.84111,-0.17567,-9.61152
19.51799,-1.16628,-0.31963,-9.69397
19.52803,-1.26459,-0.29344,-9.80934
19.53806,-1.14323,-0.1866,-9.95629
19.5481,-0.92566,-0.11223,-9.86755
19.55814,-0.70315,-0.03262,-9.82521
19.56818,-0.55067,0.06225,-9.70265
19.57821,-0.3904,0.23149,-9.65806
19.58825,-0.19797,0.28581,-9.69352
19.59829,-0.17208,0.3078,-9.7031
19.60833,-0.25423,0.51161,-9.76744
19.61836,-0.36736,0.64494,-9.9723
19.6284,-0.52403,0.49769,-10.08348
19.63844,-0.73427,0.34596,-10.04218
19.64848,-0.84291,0.16744,-9.80231
19.65851,-0.76704,-0.09128,-9.61975
19.66855,-0.61022,-0.20156,-9.52189
19.67859,-0.56114,-0.19872,-9.52009
19.68863,-0.67846,-0.21548,-9.60883
19.69866,-0.88765,-0.12974,-9.85783
19.7087,-0.99105,-0.04579,-9.8668
19.71874,-0.86954,-0.03726,-9.92292
19.72878,-0.73352,0.104,-9.96676
19.73881,-0.51221,0.32097,-9.97155
19.74885,-0.42931,0.48617,-10.02228
19.75889,-0.47824,0.55082,-10.12403
19.76893,-0.65781,0.47495,-10.20902
19.77897,-0.87418,0.29329,-10.24793
19.789,-0.95409,0.07093,-10.07091
19.79904,-0.86236,-0.10205,-9.82042
19.80908,-0.87314,-0.18286,-9.65028
19.81912,-0.90202,-0.18495,-9.619
19.82915,-0.88181,-0.13812,-9.80306
19.83919,-0.8275,-0.06479,-9.85678
19.84923,-0.80266,0.08948,-9.79378
19.85927,-0.83692,0.23179,-9.86546
19.8693,-0.85518,0.27159,-9.98352
19.87934,-0.90531,0.29164,-10.08303
19.88938,-0.98028,0.18226,-10.17057
19.89942,-1.00332,-0.09023,-10.07719
19.90945,-0.99329,-0.34327,-9.97769
19.91949,-1.0337,-0.36586,-9.76565
19.92953,-0.91937,-0.11043,-9.53326
19.93957,-0.60633,0.05462,-9.61871
19.9496,-0.18151,0.02933,-9.96093
19.95964,0.04429,-0.03187,-10.05475
19.96968,-0.14844,0.17792,-9.78899
19.97972,-0.56428,0.68654,-9.28816
19.98975,-0.79069,1.23855,-9.08614
19.99979,-0.72365,1.37801,-9.49735
20.00983,-0.5381,1.06258,-9.86127
20.01987,-0.36706,0.59436,-10.05819
20.02991,-0.16759,0.26291,-10.18673
20.03994,-0.13827,0.15024,-9.79064
20.04998,-0.36706,-0.02993,-9.40697
20.06002,-0.55097,-0.1438,-9.38497
20.07006,-0.6596,-0.23852,-9.51261
20.08009,-0.71317,-0.01661,-9.42986
20.09013,-0.61262,0.47555,-9.35834
20.10017,-0.71991,0.75552,-10.31422
20.11021,-0.73292,0.66978,-9.55661
20.12024,-0.15158,0.51879,-9.00354
20.13028,0.23807,0.17538,-9.84301
20.14032,0.28162,-0.06449,-10.03739
20.15036,-0.00449,0.12884,-9.76789
20.16039,-0.72065,0.30391,-10.87207
20.17043,-0.9276,0.27249,-10.779
20.18047,-0.6397,0.20126,-10.61589
20.19051,-0.26815,0.0398,-10.17356
20.20054,0.10116,-0.12764,-9.96063
20.21058,0.31993,-0.33743,-9.89808
20.22062,0.60154,-0.43784,-9.60479
20.23066,0.91623,-0.38607,-9.3519
20.24069,1.07814,-0.24331,-9.17772
20.25073,1.12423,-0.21997,-8.94713
20.26077,1.3008,-0.31334,-8.76278
20.27081,1.15595,-0.3708,-8.84852
20.28084,0.70105,-0.44532,-9.19553
20.29088,0.45759,-0.6587,-9.54014
20.30092,0.45385,-0.74983,-9.79184
20.31096,0.59047,-0.4739,-9.70759
20.321,0.72769,-0.04444,-9.84092
20.33103,0.72769,0.14724,-10.11146
20.34107,0.78709,-0.07257,-9.89733
20.35111,0.8667,-0.34686,-9.70654
20.36115,1.01544,-0.2674,-9.66584
20.37118,1.22927,0.01362,-9.69352
20.38122,1.22583,0.05252,-9.82625
20.39126,1.06647,-0.1438,-9.64729
20.4013,0.9095,-0.49395,-9.61736
20.41133,0.8474,-0.7838,-9.51321
20.42137,0.85533,-1.06183,-9.30013
20.43141,0.77123,-0.94062,-9.37195
20.44145,0.90995,-0.75717,-9.50962
20.45148,1.00272,-0.67711,-9.41625
20.46152,1.00048,-0.57281,-9.40427
20.47156,1.05644,-0.62309,-9.0034
20.4816,1.16972,-0.69567,-8.69035
20.49163,1.20713,-0.85398,-8.69783
20.50167,1.18289,-1.01305,-8.9181
20.51171,1.11839,-1.02292,-9.15887
20.52175,0.97115,-0.85069,-9.18865
20.53178,0.72903,-0.73128,-9.27095
20.54182,0.4549,-0.73966,-9.48747
20.55186,0.39699,-0.84336,-9.58534
20.5619,0.56339,-0.67831,-10.15605
20.57194,0.44772,-0.5182,-10.66512
20.58197,0.33848,-0.65137,-10.36749
20.59201,0.27518,-0.90231,-10.20484
20.60205,0.17448,-0.96621,-10.15396
20.61209,0.26501,-1.07141,-9.95359
20.62212,0.28686,-1.16134,-10.29985
20.63216,0.34611,-1.24663,-10.27337
20.6422,0.35374,-1.10433,-9.96467
20.65224,0.2478,-0.75073,-9.6407
20.66227,0.05222,-0.68384,-9.37794
20.67231,-0.18555,-0.78829,-9.16934
20.68235,-0.29957,-0.67487,-9.73108
20.69239,0.14156,-0.48273,-11.08904
20.70242,0.4546,-0.81178,-10.30285
20.71246,0.74235,-1.12617,-9.22935
20.7225,0.39055,-1.0539,-9.50109
20.73254,0.34132,-0.86401,-9.29908
20.74257,0.26845,-0.80729,-9.2503
20.75261,0.15906,-0.89648,-9.57082
20.76265,-0.15069,-1.19531,-9.88162
20.77269,-0.31244,-1.4443,-10.02258
20.78272,-0.17612,-1.48126,-10.10578
20.79276,-0.07332,-1.44146,-10.00402
20.8028,-0.01077,-1.49548,-9.89808
20.81284,-0.10879,-1.55174,-9.98173
20.82288,-0.32621,-1.67624,-9.90451
20.83291,-0.57925,-1.70452,-9.63906
20.84295,-0.63985,-1.65634,-9.46742
20.85299,-0.57102,-1.83815,-9.96826
20.86303,-0.55935,-2.40213,-9.99385
20.87306,-0.78186,-2.67836,-9.70145
20.8831,-0.82839,-2.51017,-9.22651
20.89314,-0.5357,-2.07951,-9.2066
20.90318,-0.48198,-1.89127,-9.26766
20.91321,-0.36571,-1.95516,-9.32422
20.92325,-0.14186,-1.86598,-9.47311
20.93329,0.17762,-1.56536,-9.61062
20.94333,0.39714,-1.58915,-9.63217
20.95336,0.36482,-1.76991,-9.21483
20.9634,0.76555,-1.86838,-9.03003
20.97344,0.93254,-1.75211,-8.95087
20.98348,1.25187,-1.49129,-8.87501
20.99351,1.37457,-1.92314,-9.73871
21.00355,1.01888,-2.29394,-10.04562
21.01359,1.24349,-2.04854,-10.03859
21.02363,1.02023,-1.75719,-10.20184
21.03366,0.84007,-1.4437,-10.27187
21.0437,0.73936,-1.08682,-10.62741
21.05374,0.44038,-0.92042,-10.38171
21.06378,0.12614,-1.37711,-10.46969
21.07382,0.28955,-1.59618,-10.03859
21.08385,-0.29015,-1.66831,-9.94028
21.09389,-0.23658,-1.32175,-10.00148
21.10393,-0.31214,-1.12931,-9.60015
21.11397,-0.4115,-1.22613,-9.61766
21.124,-0.30152,-1.15221,-9.40353
21.13404,-0.21039,-1.12617,-9.32766
21.14471,-0.09577,-1.17032,-9.42882
21.15474,-0.07946,-1.27162,-9.51755
21.16478,-0.09442,-1.23286,-9.60883
21.17482,-0.02185,-1.14817,-9.64414
21.18486,0.02768,-1.14907,-9.67946
21.19489,0.08769,-1.15371,-9.71447
21.20493,0.09801,-1.1971,-9.71836
21.21497,0.13078,-1.25217,-9.59716
21.22501,0.13931,-1.28374,-9.55526
21.23504,0.17403,-1.34479,-9.59671
21.24508,0.12046,-1.46286,-9.63097
21.25512,0.02948,-1.44236,-9.53356
21.26516,-0.12121,-1.32384,-9.39126
21.27519,-0.21458,-1.26863,-9.35639
21.28523,-0.36317,-1.3418,-9.43031
21.29527,-0.32097,-1.35946,-9.40397
21.30531,-0.15054,-1.27342,-9.28097
21.31534,-0.08769,-1.25082,-9.40188
21.32538,-0.07317,-1.28673,-9.69412
21.33542,0.04609,-1.22912,-9.60988
21.34546,0.20231,-1.17047,-9.76924
21.3555,0.28446,-1.14892,-9.87907
21.36553,0.33773,-1.0313,-9.88985
21.37557,0.36556,-1.09235,-9.75293
21.38561,0.57371,-1.33716,-9.4776
21.39565,0.6816,-1.47064,-9.90436
21.40568,0.6602,-1.27461,-10.0733
21.41572,0.52747,-1.03774,-10.35627
21.42576,0.30691,-0.98791,-10.47568
21.4358,0.24107,-0.92311,-10.50097
21.44583,0.0835,-0.86161,-10.44171
21.45587,-0.05881,-0.83393,-10.58851
21.46591,-0.10101,-0.68354,-10.47807
21.47595,-0.15113,-0.58748,-10.25197
21.48598,-0.26531,-0.53136,-10.24374
21.49602,-0.42243,-0.33324,-10.21127
21.50606,-0.45759,-0.30122,-9.90167
21.5161,-0.43993,-0.46762,-9.55945
21.52613,-0.34806,-0.57581,-9.24386
21.53617,-0.29374,-0.50188,-9.21019
21.54621,-0.21234,-0.38098,-9.26002
21.55625,0.08529,-0.56398,-9.29848
21.56628,0.46373,-0.81747,-9.15498
21.57632,0.67531,-0.95618,-9.10665
21.58636,0.73278,-1.02307,-9.1035
21.5964,0.55501,-0.89079,-9.35205
21.60644,0.15128,-0.59406,-9.71717
21.61647,-0.21458,-0.31439,-9.99639
21.62651,-0.40761,-0.30376,-10.17012
21.63655,-0.3916,-0.29972,-10.04487
21.64659,-0.20545,-0.25633,-10.18344
21.65662,-0.1438,-0.28102,-10.29971
21.66666,-0.17971,-0.32741,-10.25212
21.6767,-0.21219,-0.33983,-10.06747
21.68674,-0.23882,-0.32801,-9.81054
21.69677,-0.3304,-0.44607,-9.60299
21.70681,-0.42183,-0.46373,-9.43525
21.71685,-0.77482,-0.3717,-9.55391
21.72689,-1.27446,-0.1878,-9.85468
21.73692,-1.28299,-0.04339,-9.92022
21.74696,-0.90845,-0.082,-9.72869
21.757,-0.52957,-0.31738,-9.54763
21.76704,0.01571,-0.67921,-9.37165
21.77707,0.60079,-1.09011,-9.20137
21.78711,0.96771,-1.36709,-9.07193
21.79715,1.01379,-1.47438,-9.17189
21.80719,0.95663,-1.35467,-9.37749
21.81722,0.03097,-0.94122,-9.78839
21.82789,0.03097,-0.94122,-9.78839
21.83793,-0.23179,-0.6186,-9.92352
21.84796,-0.2885,-0.52149,-9.91559
21.858,-0.1869,-0.55695,-9.93459
21.86804,-0.03457,-0.5791,-9.98756
21.87808,0.03023,-0.56368,-9.93788
21.88811,0.04489,-0.51565,-9.89284
21.89815,0.03442,-0.45355,-9.86246
21.90819,0.0202,-0.44218,-9.72899
21.91823,0.00135,-0.4736,-9.5373
21.92827,-0.0205,-0.45669,-9.34008
21.9383,-0.01915,-0.44368,-9.39634
21.94834,-0.05596,-0.46178,-9.48957
21.95838,-0.06075,-0.3913,-9.63831
21.96842,-0.0823,-0.3735,-9.75413
21.97845,-0.04998,-0.36736,-9.8674
21.98849,0.06045,-0.3102,-10.19915
21.99853,0.22236,-0.47241,-9.49166
22.00857,0.07093,-0.46762,-9.53371
22.0186,0.15458,-0.37993,-9.7649
22.02864,0.18899,-0.39145,-9.55511
22.03868,0.28491,-0.32741,-9.58189
22.04872,0.30526,-0.27683,-9.78016
22.05875,0.27025,-0.1842,-10.01599
22.06879,0.16789,0.0006,-10.2385
22.07883,0.227,0.16296,-10.36181
22.08887,0.31843,0.11477,-10.26185
22.0989,0.31155,0.11283,-10.23192
22.10894,0.15069,0.07721,-10.43303
22.11898,0.1236,0.08305,-10.29866
22.12902,0.27803,0.06375,-9.83598
22.13905,0.48438,-0.12285,-9.12864
22.14909,0.41644,-0.30182,-8.9585
22.15913,0.27324,-0.31035,-9.00429
22.16917,0.24391,-0.25723,-9.20705
22.1792,0.17178,-0.2909,-9.46488
22.18924,0.1857,-0.31184,-9.75098
22.19928,0.16086,-0.44188,-9.75951
22.20932,0.27294,-0.44293,-9.41146
22.21936,0.08604,-0.45011,-9.38048
22.22939,-0.10295,-0.49515,-9.39874
22.23943,-0.14395,-0.32651,-9.53446
22.24947,-0.31768,-0.16595,-10.16129
22.25951,-0.48483,-0.06629,-10.99043
22.26954,-0.47001,0.07183,-11.8908
22.27958,-0.39923,0.15293,-12.68433
22.28962,-0.55276,0.07736,-12.87168
22.29966,-0.84725,-0.01287,-12.85013
22.30969,-1.1353,-0.11208,-12.87392
22.31973,-1.26997,-0.09203,-13.008
22.32977,-1.38235,0.08619,-13.26717
22.33981,-1.59768,0.26635,-13.83145
22.34984,-1.74762,0.48812,-14.70324
22.35988,-1.73116,0.87792,-15.30224
22.36992,-1.72727,1.12258,-15.27935
22.37996,-1.89471,1.03534,-14.95643
22.38999,-1.88828,0.81418,-14.38317
22.40003,-1.59574,0.44158,-13.76217
22.41007,-1.6933,0.0205,-13.11259
22.42011,-2.21179,-0.12614,-12.70797
22.43014,-2.51421,-0.0205,-12.74149
22.44018,-2.71383,0.06973,-12.89263
22.45022,-3.02941,-0.02499,-13.08356
22.46026,-3.16139,-0.19124,-12.863
22.4703,-3.12728,-0.39295,-12.86539
22.48033,-3.0137,-0.69941,-13.38389
22.49037,-3.10453,-0.97609,-13.63588
22.50041,-3.07056,-1.0732,-13.69708
22.51045,-2.932,-0.97324,-13.50075
22.52048,-2.70769,-0.77318,-12.79701
22.53052,-2.38029,-0.60888,-12.60338
22.54056,-2.46124,-0.70794,-12.49459
22.5506,-2.35664,-0.87987,-11.54499
22.56063,-2.21105,-0.82046,-10.55873
22.57067,-2.065,-0.76809,-9.65103
22.58071,-1.81376,-0.53106,-9.18311
22.59075,-1.72772,-0.30451,-9.40038
22.60078,-1.38026,0.28027,-10.53568
22.61082,-0.94945,1.2182,-12.40017
22.62086,-0.65841,2.34707,-13.94188
22.6309,-0.36856,3.22903,-14.71731
22.64093,-0.43904,3.24295,-15.02362
22.65097,-0.63177,2.73508,-14.19028
22.66101,-0.66215,2.03732,-12.78818
22.67105,-0.59002,1.43532,-11.22955
22.68108,-0.47211,1.19351,-9.47131
22.69112,-0.33743,1.31337,-8.03509
22.70116,-0.33803,1.38624,-7.35933
22.7112,-0.27219,1.13545,-7.103
22.72123,-0.16101,0.60558,-7.02519
22.73127,0.00943,0.08799,-6.77574
22.74131,0.15293,-0.37484,-6.58151
22.75135,0.13288,-0.5978,-6.67788
22.76139,0.41644,-0.17957,-6.5028
22.77142,0.85533,0.7027,-5.99807
22.78146,1.05524,1.63045,-5.62338
22.7915,1.11375,2.48398,-5.63326
22.80154,1.20847,3.05351,-6.1712
22.81157,1.48695,3.18189,-6.80342
22.82161,1.9402,3.08912,-7.28945
22.83165,1.99033,2.70889,-7.42472
22.84169,1.99168,2.13653,-6.86044
22.85172,2.02145,1.57,-6.07244
22.86176,1.942,0.79892,-5.60662
22.8718,2.09612,0.21383,-5.11027
22.88184,2.00051,-0.15128,-5.37768
22.89187,1.9182,-0.26441,-5.50681
22.90191,1.75136,-0.16535,-5.94076
22.91195,1.45343,-0.20874,-6.55502
22.92199,1.11884,-0.3283,-7.08968
22.93202,0.79862,-0.54229,-7.44268
22.94206,0.6385,-0.94361,-7.58004
22.9521,0.56563,-1.21386,-7.71936
22.96214,0.49605,-1.39208,-7.77008
22.97218,0.41509,-1.52481,-7.48577
22.98221,0.28506,-1.46151,-7.80031
22.99225,0.25334,-1.49802,-7.82395
23.00229,0.02289,-1.54486,-8.01758
23.01233,-0.03756,-1.66517,-8.19311
23.02236,-0.13752,-1.78996,-8.23007
23.0324,-0.20815,-1.77919,-8.31521
23.04244,-0.14216,-1.73774,-8.15106
23.05248,-0.20276,-1.64452,-7.92496
23.06251,-0.33594,-1.51463,-7.83907
23.07255,-0.41524,-1.49608,-7.92271
23.08259,-0.54049,-1.5293,-8.09554
23.09263,-0.60469,-1.567,-8.26942
23.10266,-0.61366,-1.46899,-8.20433
23.1127,-0.64988,-1.45702,-7.989
23.12274,-0.67068,-1.5275,-8.01998
23.13278,-0.64614,-1.55384,-8.17336
23.14281,-0.62578,-1.62087,-8.28035
23.15285,-0.5776,-1.68671,-8.37866
23.16289,-0.5586,-1.71155,-8.36399
23.17293,-0.55605,-1.63973,-8.23052
23.18296,-0.50488,-1.4675,-8.11156
23.193,-0.36691,-1.31337,-7.97748
23.20304,-0.2882,-1.22763,-7.74824
23.21308,-0.26606,-1.21386,-7.48188
23.22312,-0.29598,-1.20159,-7.32252
23.23315,-0.31648,-1.14428,-7.2245
23.24319,-0.37813,-1.10881,-7.20969
23.25323,-0.45954,-1.16807,-7.10898
23.26327,-0.46717,-1.24035,-6.90129
23.2733,-0.49979,-1.33372,-6.70616
23.28334,-0.56713,-1.43981,-6.53782
23.29338,-0.58433,-1.47273,-6.2969
23.30342,-0.55022,-1.47079,-6.0916
23.31345,-0.46253,-1.46959,-6.03713
23.32349,-0.40118,-1.50012,-6.08875
23.33353,-0.36272,-1.48306,-6.12601
23.34357,-0.35704,-1.46989,-6.22388
23.3536,-0.39714,-1.51119,-6.35705
23.36364,-0.39025,-1.46361,-6.35316
23.37368,-0.29538,-1.27237,-6.10132
23.38372,-0.32052,-1.10073,-5.81118
23.39375,-0.34207,-0.96367,-6.03219
23.40379,-0.18091,-0.77288,-6.53931
23.41383,-0.07362,-0.55321,-7.0792
23.42387,-0.12106,-0.49485,-7.49355
23.4339,-0.18405,-0.44517,-7.55745
23.44394,-0.08769,-0.33025,-7.25727
23.45398,0.04998,-0.33923,-6.90368
23.46402,0.09158,-0.69402,-6.74551
23.47406,0.21668,-1.26953,-6.68371
23.48409,0.17627,-2.01233,-6.47183
23.49413,-0.41884,-1.83845,-6.18617
23.50417,-0.01826,-1.31621,-6.42544
23.51421,0.4118,-0.81986,-6.5046
23.52424,0.53645,-0.88107,-6.51118
23.53428,0.45505,-0.91025,-6.49697
23.54432,0.34686,-0.87598,-6.8148
23.55436,0.36452,-0.88331,-7.3508
23.56439,0.31229,-0.99449,-7.89249
23.57443,0.16281,-1.49548,-8.59833
23.58447,-0.03711,-1.81855,-9.77687
23.59451,0.11447,-1.57389,-10.98654
23.60455,0.26815,-1.11285,-11.84591
23.61458,0.37783,-0.77258,-12.06648
23.62462,0.62668,-0.41405,-11.79459
23.63466,0.70853,-0.16191,-11.23943
23.6447,0.44667,-0.25064,-10.25347
23.65473,0.12525,-0.56608,-9.52009
23.66477,-0.03172,-0.94855,-9.64669
23.67481,-0.18226,-1.22284,-10.20588
23.68485,-0.23792,-1.1371,-10.73111
23.69488,-0.3304,-0.80655,-10.71689
23.70492,-0.06285,-0.20381,-10.97442
23.71496,0.22476,0.38397,-11.61083
23.725,0.24107,0.77138,-12.16015
23.73503,0.25543,0.85293,-12.52841
23.74507,0.21054,0.79173,-12.27417
23.75511,-0.03382,0.53645,-11.91145
23.76515,-0.26037,0.40432,-11.84561
23.77518,-0.2279,0.42737,-12.17092
23.78522,-0.09278,0.35195,-12.5519
23.79526,0.09667,0.18705,-12.82155
23.8053,0.08888,-0.08829,-12.76184
23.81534,-0.05103,-0.49051,-12.6969
23.82537,-0.17986,-0.83019,-12.50207
23.83541,-0.30691,-1.02681,-12.13172
23.84545,-0.48722,-1.1133,-12.05211
23.85549,-0.72754,-1.485,-12.24799
23.86552,-1.10642,-1.74822,-12.61385
23.87556,-1.24648,-1.63105,-13.15689
23.8856,-1.30843,-1.62955,-13.68182
23.89564,-1.31531,-1.61249,-14.54073
23.90567,-1.24932,-1.48156,-15.05818
23.91571,-1.23092,-1.19426,-14.82729
23.92575,-1.20204,-0.81971,-14.2871
23.93579,-1.08308,-0.62264,-13.7511
23.94582,-0.81627,-0.58149,-13.29171
23.95586,-0.57625,-0.65437,-12.9881
23.9659,-0.41255,-0.73352,-12.75406
23.97594,-0.33639,-0.77692,-12.58587
23.98597,-0.31768,-0.82884,-12.21207
23.99601,-0.33938,-0.75941,-11.72216
24.00605,-0.27803,-0.61112,-11.49277
24.01609,-0.19213,-0.49336,-11.46538
24.02613,-0.13422,-0.51236,-11.48918
24.03616,-0.063,-0.73352,-11.41989
24.0462,-0.00359,-0.93344,-11.22327
24.05624,0.03801,-1.07515,-10.77136
24.06628,0.00823,-1.08323,-10.55319
24.07631,0.00284,-0.96696,-10.49543
24.08635,0.02918,-0.82944,-10.3862
24.09639,0.08455,-0.744,-10.14648
24.10643,0.13827,-0.76869,-9.90092
24.11646,0.16535,-0.75477,-9.83703
24.1265,0.2258,-0.68384,-9.84137
24.13654,0.30257,-0.56024,-9.95255
24.14658,0.40941,-0.47166,-9.96272
24.15661,0.46747,-0.48722,-9.72061
24.16665,0.54767,-0.50518,-9.56543
24.17669,0.62878,-0.52717,-9.53581
24.18673,0.60274,-0.50248,-9.54837
24.19676,0.53301,-0.36721,-9.37091
24.2068,0.53181,-0.25334,-9.28456
24.21684,0.55276,-0.26665,-9.44961
24.22688,0.62758,-0.40312,-9.60569
24.23691,0.63072,-0.5158,-9.65372
24.24695,0.5785,-0.5565,-9.57262
24.25699,0.48842,-0.53346,-9.61631
24.26703,0.44457,-0.50982,-9.63561
24.27706,0.37454,-0.48108,-9.55631
24.2871,0.34372,-0.4549,-9.4963
24.29714,0.32965,-0.37754,-9.53491
24.30718,0.40507,-0.30676,-9.72061
24.31722,0.58493,-0.23164,-9.92097
24.32725,0.71287,-0.1037,-9.91469
24.33729,0.85997,0.03935,-9.76969
24.34733,1.02981,0.10564,-9.80426
24.35737,1.28658,0.14709,-9.99968
24.3674,1.47722,0.17328,-10.04831
24.37744,1.64422,0.13946,-9.9922
24.38748,1.78667,-0.05581,-9.94372
24.39752,1.87496,-0.27937,-9.99819
24.40755,1.87376,-0.4332,-10.05206
24.41759,1.88663,-0.59675,-10.10488
24.42763,1.93571,-0.81897,-10.095
24.43767,1.95157,-0.88421,-9.92935
24.4477,1.91506,-0.83139,-9.66494
24.45774,1.72936,-0.8872,-9.28486
24.46778,1.63733,-0.95633,-8.95626
24.47782,1.72532,-0.87718,-8.81829
24.48785,1.7566,-0.74819,-8.66686
24.49789,1.78667,-0.58972,-8.59967
24.50793,1.82797,-0.38696,-8.7345
24.51797,1.79879,-0.23972,-8.95222
24.528,1.72502,-0.18914,-9.19538
24.53804,1.62372,-0.29284,-9.29324
24.54808,1.45148,-0.39205,-9.1439
24.55812,1.33866,-0.3099,-8.98304
24.56816,1.24888,-0.22296,-9.0236
24.57819,1.10014,-0.25034,-9.12804
24.58823,0.87343,-0.30017,-9.28292
24.59827,0.67801,-0.34551,-9.50588
24.60831,0.61815,-0.3494,-9.72315
24.61834,0.55291,-0.3732,-9.87668
24.62838,0.5366,-0.37245,-9.9916
24.63842,0.50024,-0.33414,-9.8466
24.64846,0.51221,-0.24002,-9.71732
24.65849,0.46612,-0.20231,-9.67587
24.66853,0.36078,-0.26067,-9.70804
24.67857,0.22625,-0.38128,-9.73423
24.68861,0.11986,-0.435,-9.75951
24.69864,0.16984,-0.52657,-9.81548
24.70868,0.20964,-0.61426,-9.92741
24.71872,0.28611,-0.48737,-9.94626
24.72876,0.32412,-0.4145,-9.93085
24.73879,0.1465,-0.41031,-9.97933
24.74883,-0.05941,-0.49021,-10.05206
24.75887,-0.15951,-0.64434,-10.15501
24.76891,-0.20605,-0.74071,-10.15695
24.77894,-0.18316,-0.7624,-10.08004
24.78898,-0.05417,-0.70195,-10.12523
24.79902,-0.00614,-0.56563,-10.14737
24.80906,-0.02649,-0.51011,-10.18463
24.8191,-0.0223,-0.50009,-10.18389
24.82913,-0.05372,-0.49186,-10.21232
24.83917,-0.24556,-0.50473,-10.25197
24.84921,-0.35075,-0.53421,-10.31751
24.85925,-0.35105,-0.6816,-10.31153
24.86928,-0.40073,-0.89558,-10.23596
24.87932,-0.42707,-0.886,-10.13301
24.88936,-0.37065,-0.63446,-10.04263
24.8994,-0.32995,-0.46388,-9.87982
24.90943,-0.30691,-0.6204,-9.86276
24.91947,-0.36706,-0.81163,-9.80396
24.92951,-0.48198,-0.86924,-9.64669
24.93955,-0.49874,-0.91533,-9.49211
24.94958,-0.52373,-0.93404,-9.39574
24.95962,-0.64883,-0.95349,-9.25239
24.96966,-0.8034,-0.96531,-9.16291
24.9797,-0.80924,-1.00781,-9.3097
24.98973,-0.83797,-1.07455,-9.62993
24.99977,-0.94077,-0.93853,-10.00582
25.00981,-0.91488,-0.62908,-10.26349
25.01985,-0.7865,-0.46313,-10.09545
25.02989,-0.73218,-0.57745,-9.85064
25.03992,-0.91354,-0.89364,-9.75443
25.04996,-1.21955,-1.30005,-9.74635
25.06,-1.42575,-1.50715,-9.68978
25.07004,-1.52735,-1.31202,-9.56484
25.08007,-1.5504,-0.98357,-9.52907
25.09011,-1.49293,-0.85877,-9.682
25.10015,-1.48859,-0.93449,-10.08153
25.11019,-1.59948,-0.93823,-10.57444
25.12022,-1.72787,-0.9276,-10.91831
25.13026,-1.80298,-0.90995,-10.88165
25.1403,-1.86598,-0.96112,-10.5487
25.15096,-1.86972,-1.01335,-10.22938
25.161,-1.7156,-0.97474,-10.04891
25.17104,-1.60711,-0.89812,-9.92037
25.18108,-1.61624,-0.85503,-9.95135
25.19111,-1.63195,-0.83213,-9.98681
25.20115,-1.64257,-0.7639,-10.10203
25.21119,-1.70318,-0.6201,-10.17835
25.22123,-1.76079,-0.48767,-10.13061
25.23126,-1.77635,-0.38173,-10.02946
25.2413,-1.72787,-0.36901,-10.12343
25.25134,-1.61878,-0.39205,-10.21067
25.26138,-1.54561,-0.46896,-10.16877
25.27142,-1.53049,-0.60484,-10.00462
25.28145,-1.48291,-0.6617,-9.77657
25.29149,-1.42141,-0.65152,-9.60224
25.30153,-1.41048,-0.63087,-9.43704
25.31157,-1.40046,-0.60573,-9.42941
25.3216,-1.33103,-0.52194,-9.52473
25.33164,-1.22658,-0.47645,-9.70355
25.34168,-1.04148,-0.46941,-9.97739
25.35172,-0.93194,-0.51221,-10.12643
25.36175,-0.91459,-0.56787,-10.0751
25.37179,-0.87029,-0.62773,-9.99759
25.38183,-0.75028,-0.6418,-9.89419
25.39187,-0.6599,-0.61845,-9.73183
25.4019,-0.60498,-0.59286,-9.56858
25.41194,-0.47585,-0.56922,-9.53191
25.42198,-0.34521,-0.56683,-9.53551
25.43202,-0.25364,-0.56817,-9.54134
25.44205,-0.19438,-0.54932,-9.55855
25.45209,-0.17552,-0.54618,-9.61287
25.46213,-0.03322,-0.49859,-9.69936
25.47217,0.0431,-0.44487,-9.74275
25.48221,0.04893,-0.41884,-9.77059
25.49224,0.12704,-0.4121,-9.827
25.50228,0.17223,-0.43051,-9.83134
25.51232,0.22012,-0.41884,-9.95329
25.52236,0.30691,-0.3518,-10.02153
25.53239,0.28581,-0.38023,-9.98846
25.54243,0.25438,-0.44248,-9.92456
25.55247,0.24585,-0.48662,-9.87084
25.56251,0.27339,-0.49395,-9.85992
25.57254,0.31394,-0.46642,-9.8472
25.58258,0.27249,-0.45774,-9.76999
25.59262,0.21697,-0.49066,-9.60195
25.60266,0.15143,-0.55261,-9.44079
25.61269,0.11238,-0.59885,-9.39754
25.62273,0.0639,-0.5981,-9.42492
25.63277,0.0606,-0.52508,-9.54164
25.64281,0.08155,-0.36856,-9.75996
25.65284,0.04384,-0.26456,-9.7667
25.66288,0.01885,-0.42273,-9.83403
25.67292,-0.01766,-0.54244,-9.95853
25.68296,-0.08125,-0.50563,-9.97739
25.69299,-0.13632,-0.43604,-9.92022
25.70303,-0.1254,-0.36033,-9.89479
25.71307,-0.07482,-0.27788,-9.85753
25.72311,-0.12555,-0.33489,-9.8689
25.73315,-0.15413,-0.39459,-9.8909
25.74318,-0.14575,-0.37335,-9.89524
25.75322,-0.12869,-0.33309,-9.97918
25.76326,-0.11103,-0.25543,-10.23282
25.7733,-0.12824,-0.15652,-10.29596
25.78333,-0.13737,-0.1652,-10.20065
25.79337,-0.12824,-0.1848,-10.06477
25.80341,-0.0419,-0.17627,-9.9286
25.81345,0.03247,-0.18286,-9.84286
25.82348,0.03262,-0.20755,-9.76595
25.83415,-0.0217,-0.19528,-9.72689
25.84419,-0.01556,-0.14664,-9.69442
25.85422,-0.00988,-0.12734,-9.71926
25.86426,-0.00359,-0.16789,-9.73827
25.8743,0.01975,-0.16984,-9.76999
25.88434,0.05731,-0.11552,-9.77807
25.89437,0.05941,-0.13752,-9.70445
25.90441,0.03965,-0.19947,-9.59162
25.91445,0.03277,-0.22715,-9.55735
25.92449,-0.00209,-0.22625,-9.55556
25.93452,-0.0187,-0.22027,-9.60793
25.94456,-0.01032,-0.21174,-9.70325
25.9546,0.02379,-0.2083,-9.74156
25.96464,-0.00853,-0.24466,-9.67347
25.97468,-0.06075,-0.29957,-9.5997
25.98471,-0.06165,-0.28536,-9.58459
25.99475,-0.05477,-0.25004,-9.59357
26.00479,-0.09831,-0.24466,-9.59806
26.01483,-0.11687,-0.25573,-9.66779
26.02486,-0.10894,-0.25423,-9.69427
26.0349,-0.11836,-0.2496,-9.74006
26.04494,-0.12734,-0.23733,-9.69741
26.05498,-0.11118,-0.2894,-9.60269
26.06501,-0.04758,-0.27653,-9.52533
26.07505,0.03008,-0.21847,-9.62978
26.08509,-0.01047,-0.16595,-9.75098
26.09513,-0.12734,-0.15098,-9.81922
26.10516,-0.2466,-0.16266,-9.84002
26.1152,-0.25633,-0.16864,-9.71732
26.12524,-0.17538,-0.08709,-9.61317
26.13528,-0.07676,-0.09292,-9.6217
26.14531,-0.0413,-0.04938,-9.66434
26.15535,-0.13812,-0.04444,-9.73168
26.16539,-0.16984,-0.02185,-9.75667
26.17543,-0.19199,0.01736,-9.68873
26.18546,-0.19243,0.05851,-9.62903
26.1955,-0.1227,0.08455,-9.64639
26.20554,-0.0606,0.05492,-9.704
26.21558,-0.0404,0.02649,-9.81832
26.22562,-0.02679,0.04474,-9.88192
26.23565,-0.0811,0.00688,-9.9105
26.24569,-0.09996,-0.01302,-9.87159
26.25573,-0.0826,0.00509,-9.83972
26.26577,-0.04863,0.03023,-9.78765
26.2758,-0.05432,0.02589,-9.72315
26.28584,-0.08619,0.00793,-9.68335
26.29588,-0.08021,0.03142,-9.69337
26.30592,-0.06225,0.07347,-9.77448
26.31595,-0.04908,0.06823,-9.87967
26.32599,-0.02768,0.00853,-9.90825
26.33603,-0.03681,0.01631,-9.92067
26.34607,-0.05806,-0.00195,-9.85947
26.3561,-0.13363,0.03666,-9.73422
26.36614,-0.08859,0.05297,-9.76909
26.37618,-0.00838,-0.01077,-9.88311
26.38622,-0.01571,-0.0817,-9.93175
26.39625,-0.05552,-0.09906,-9.94013
26.40629,-0.09487,-0.11103,-9.87608
26.41633,-0.06614,-0.14066,-9.71073
26.42637,-0.08694,-0.19154,-9.65133
26.4364,-0.12195,-0.17268,-9.73378
26.44644,-0.1254,-0.13752,-9.81623
26.45648,-0.08874,-0.11402,-9.93519
26.46652,-0.07781,-0.09023,-10.01285
26.47656,-0.05896,-0.08859,-10.08976
26.48659,-0.07482,-0.12315,-10.06552
26.49663,-0.07422,-0.13707,-9.97514
26.50667,-0.11971,-0.13871,-9.82131
26.51671,-0.18854,-0.13871,-9.70759
26.52674,-0.17897,-0.10894,-9.68859
26.53678,-0.18361,-0.0633,-9.69547
26.54682,-0.17627,-0.06838,-9.71193
26.55686,-0.15652,-0.05716,-9.71432
26.56689,-0.14664,-0.09068,-9.85663
26.57693,-0.17403,-0.12016,-9.91529
26.58697,-0.25244,-0.09158,-9.91244
26.59701,-0.26486,-0.03816,-9.83508
26.60704,-0.26037,-0.03786,-9.81383
26.61708,-0.24645,-0.03741,-9.77433
26.62712,-0.24181,-0.01062,-9.78869
26.63716,-0.25827,-0.00599,-9.82087
26.64719,-0.27818,-0.01032,-9.79662
26.65723,-0.25199,-0.01826,-9.76924
26.66727,-0.24989,-0.04025,-9.7224
26.67731,-0.27937,-0.02963,-9.64175
26.68734,-0.29479,-0.07138,-9.59087
26.69738,-0.28551,-0.13108,-9.5596
26.70742,-0.26905,-0.17044,-9.54808
26.71746,-0.25438,-0.13587,-9.56858
26.7275,-0.2255,-0.08874,-9.55675
26.73753,-0.17478,-0.01407,-9.56109
26.74757,-0.15742,0.01018,-9.56783
26.75761,-0.16101,0.00374,-9.56528
26.76765,-0.19393,-0.04429,-9.5997
26.77768,-0.15188,-0.0006,-9.68859
26.78772,-0.16864,0.05896,-9.8044
26.79776,-0.17089,0.05237,-9.85184
26.8078,-0.15039,0.05596,-9.80575
26.81783,-0.12809,0.06285,-9.7453
26.82787,-0.09562,0.04549,-9.72929
26.83791,-0.09337,0.01691,-9.70639
26.84795,-0.1432,0.02215,-9.76939
26.85798,-0.13138,0.04205,-9.85468
26.86802,-0.17134,0.0208,-9.85139
26.87806,-0.17433,-0.02439,-9.82206
26.8881,-0.1444,-0.03846,-9.80111
26.89813,-0.15517,-0.03531,-9.73602
26.90817,-0.15069,-0.01362,-9.71836
26.91821,-0.15607,0.05836,-9.7854
26.92825,-0.1426,0.06749,-9.85079
26.93829,-0.18271,0.07766,-9.89164
26.94832,-0.17867,0.07931,-9.99011
26.95836,-0.15607,0.0612,-9.97813
26.9684,-0.20022,0.04594,-9.96227
26.97844,-0.19064,0.06719,-9.9702
26.98847,-0.17627,0.08051,-9.96721
26.99851,-0.167,0.08634,-9.9301
27.00855,-0.17104,0.09128,-9.84915
27.01859,-0.18121,0.07901,-9.83523
27.02862,-0.16759,0.08903,-9.91828
27.03866,-0.17104,0.09996,-9.96751
27.0487,-0.16774,0.08724,-9.94252
27.05874,-0.14769,0.06644,-9.9114
27.06877,-0.15607,0.04908,-9.83867
27.07881,-0.145,0.03157,-9.74874
27.08885,-0.14709,0.03142,-9.7028
27.09889,-0.15502,0.03965,-9.70011
27.10892,-0.16774,0.07587,-9.74889
27.11896,-0.19228,0.1028,-9.85812
27.129,-0.19692,0.09622,-9.89075
27.13904,-0.16715,0.06614,-9.81428
27.14907,-0.11851,0.04893,-9.74216
27.15911,-0.10804,0.06958,-9.73871
27.16915,-0.11762,0.06404,-9.74784
27.17919,-0.1646,0.06539,-9.77448
27.18923,-0.18346,0.12809,-9.78196
27.19926,-0.17971,0.13318,-9.82296
27.2093,-0.19528,0.15248,-9.75158
27.21934,-0.23643,0.17089,-9.68709
27.22938,-0.26157,0.23104,-9.65956
27.23941,-0.29972,0.26905,-9.7872
27.24945,-0.32636,0.29404,-9.95763
27.25949,-0.36646,0.3084,-10.12658
27.26953,-0.44846,0.31199,-10.31736
27.27956,-0.49006,0.38861,-10.38066
27.2896,-0.6204,0.38996,-10.39473
27.29964,-0.58194,0.33893,-10.44456
27.30968,-0.5782,0.47704,-10.64492
27.31971,-0.71257,0.60439,-11.00794
27.32975,-0.78889,0.66319,-11.3747
27.33979,-0.79817,0.7452,-11.58644
27.34983,-0.76704,0.83363,-11.80656
27.35986,-0.83887,0.89468,-12.11391
27.3699,-0.89034,0.96367,-12.31338
27.37994,-0.90501,0.99,-12.46661
27.38998,-0.91099,0.97938,-12.47903
27.40002,-1.0102,1.02367,-12.50237
27.41005,-1.11794,1.06303,-12.72354
27.42009,-1.14458,1.09041,-13.12486
27.43013,-1.20862,1.18678,-13.51961
27.44017,-1.27835,1.21251,-14.02508
27.4502,-1.50999,1.26968,-14.65042
27.46024,-1.64347,1.61429,-15.03918
27.47028,-1.68761,1.69554,-14.7209
27.48032,-1.93302,1.62312,-14.84809
27.49035,-1.75809,1.84698,-14.59266
27.50039,-1.63808,1.87197,-14.0803
27.51043,-1.53259,1.72517,-13.47337
27.52047,-1.43188,1.63165,-12.86824
27.53051,-1.49099,1.47139,-12.52841
27.54054,-1.60816,1.31696,-12.75735
27.55058,-1.53558,1.41632,-13.13294
27.56062,-1.35003,1.59259,-13.29171
27.57066,-1.33776,1.54261,-13.03179
27.58069,-1.29691,1.37547,-12.80793
27.59073,-0.97878,1.25321,-12.82783
27.60077,-0.68235,1.1347,-12.71336
27.61081,-0.50937,0.88406,-12.58288
27.62084,-0.30197,0.70943,-12.32759
27.63088,0.02484,0.58254,-11.98163
27.64092,0.07392,0.34866,-11.55995
27.65096,0.10549,0.18645,-11.07977
27.66099,-0.01062,0.13707,-10.57803
27.67103,-0.34222,0.21578,-9.95569
27.68107,-0.71482,0.29553,-9.5165
27.69111,-0.87777,0.47734,-9.40248
27.70114,-0.72574,0.84081,-9.5988
27.71118,-0.47465,1.16358,-10.25062
27.72122,-0.23508,1.68507,-10.83511
27.73126,-0.11298,2.21808,-10.98026
27.74129,-0.13976,2.50688,-10.88195
27.75133,-0.1052,2.67642,-10.8185
27.76137,0.04399,2.8485,-10.79231
27.77141,0.08125,2.98781,-10.61784
27.78145,-0.15847,3.0761,-10.17476
27.79148,-0.52657,3.13206,-9.84451
27.80152,-0.62144,2.90132,-9.25164
27.81156,-0.37993,1.95502,-8.66761
27.8216,-0.27803,1.32833,-8.19685
27.83163,-0.84665,1.11001,-7.35409
27.84167,-1.37068,0.92042,-6.42768
27.85171,-1.76737,0.26875,-6.30708
27.86175,-1.83381,-0.57012,-6.82273
27.87178,-1.58421,-0.52493,-6.83425
27.88182,-1.46465,-0.04729,-6.96294
27.89186,-1.529,0.63282,-6.55622
27.9019,-1.6535,1.06048,-6.2571
27.91193,-1.9194,1.11869,-5.73516
27.92197,-2.12246,0.5978,-6.10372
27.93201,-1.97252,0.26127,-7.20969
27.94205,-1.54142,0.34117,-7.62658
27.95209,-1.2782,0.29523,-7.98646
27.96212,-1.09265,0.31484,-8.47847
27.97216,-0.722,0.42901,-8.67928
27.9822,-0.53959,0.5592,-8.35232
27.99224,-0.56967,0.48243,-7.77607
28.00227,-0.65122,0.06524,-7.89084
28.01231,-0.67427,-0.17672,-7.9055
28.02235,-0.59227,-0.1221,-7.56912
28.03239,-0.5589,-0.022,-7.28466
28.04242,-0.55516,-0.063,-7.3288
28.05246,-0.34237,-0.21353,-7.46707
28.0625,-0.09248,-0.44368,-7.62553
28.07254,0.16565,-0.77303,-7.76844
28.08257,0.51221,-1.1347,-8.0933
28.09261,0.76195,-1.44116,-8.33915
28.10265,0.77018,-1.84114,-8.40095
28.11269,0.45879,-2.15224,-8.35412
28.12272,0.0404,-2.22077,-7.95758
28.13276,-0.21159,-1.89516,-7.14699
28.1428,-0.43694,-1.36215,-6.4422
28.15284,-0.23867,-1.02292,-6.39626
28.16288,0.09128,-0.84201,-6.83619
28.17291,0.44113,-0.76854,-7.47156
28.18295,0.79039,-0.71138,-8.10722
28.19299,1.12109,-0.70554,-8.50016
28.20302,1.28494,-0.82869,-8.7122
28.21306,1.3846,-1.02592,-8.86693
28.2231,1.37233,-1.14518,-8.48774
28.23314,1.02876,-1.37562,-7.90191
28.24318,0.62953,-1.65409,-7.54817
28.25321,0.44831,-1.74582,-7.32192
28.26325,0.31244,-1.66367,-7.20176
28.27329,0.07213,-1.55907,-7.20894
28.28333,-0.08215,-1.51388,-7.4515
28.29336,-0.07407,-1.5896,-7.76679
28.3034,-0.09038,-1.62836,-8.07489
28.31344,-0.07991,-1.59469,-8.40021
28.32348,-0.04085,-1.56955,-8.64591
28.33351,-0.05148,-1.44415,-8.73524
28.34355,-0.06225,-1.39313,-8.7945
28.35359,0.02005,-1.44595,-8.98619
28.36363,0.08051,-1.42515,-9.10455
28.37367,-0.03142,-1.40061,-8.92648
28.3837,-0.29254,-1.30858,-8.87486
28.39374,-0.37335,-1.17974,-8.91257
28.40378,-0.38038,-1.07126,-9.02434
28.41382,-0.46852,-1.05958,-9.14465
28.42385,-0.4962,-1.00975,-9.19478
28.43389,-0.49979,-0.94272,-9.25972
28.44393,-0.4962,-0.94691,-9.34936
28.45397,-0.53765,-0.96471,-9.49421
28.464,-0.53331,-1.0732,-9.54209
28.47404,-0.54603,-1.21311,-9.51441
28.48408,-0.56309,-1.32609,-9.37195
28.49412,-0.70015,-1.4663,-9.20122
28.50415,-0.88406,-1.55937,-9.08285
28.51419,-0.95439,-1.60337,-9.03976
28.52423,-1.02397,-1.66711,-8.97751
28.53427,-1.05719,-1.75375,-9.00893
28.5443,-0.98851,-1.70961,-9.15019
28.55434,-0.84321,-1.59678,-9.27155
28.56438,-0.78784,-1.52556,-9.44243
28.57442,-0.78126,-1.54381,-9.53431
28.58446,-0.75866,-1.55623,-9.5593
28.59449,-0.79218,-1.55922,-9.5177
28.60453,-0.84216,-1.47064,-9.42463
28.61457,-0.87643,-1.36948,-9.2711
28.6246,-0.94391,-1.32354,-9.27559
28.63464,-0.97549,-1.26399,-9.34876
28.64468,-0.96681,-1.25651,-9.37629
28.65472,-0.93045,-1.26249,-9.42747
28.66476,-0.79682,-1.31457,-9.47909
28.67479,-0.75028,-1.3222,-9.5807
28.68483,-0.71617,-1.2613,-9.49376
28.69487,-0.73143,-1.25875,-9.32601
28.70491,-0.78201,-1.31247,-9.19613
28.71494,-0.89798,-1.28239,-9.05098
28.72498,-0.95903,-1.22643,-8.92558
28.73502,-0.95888,-1.16089,-8.79181
28.74506,-0.90396,-1.11226,-8.63229
28.75509,-0.80041,-1.12438,-8.48535
28.76513,-0.68325,-1.17989,-8.2787
28.77517,-0.5761,-1.15939,-8.06352
28.78521,-0.54184,-1.02681,-7.91239
28.79524,-0.47914,-0.87613,-7.76051
28.80528,-0.39923,-0.87403,-7.52198
28.81532,-0.34551,-1.00512,-7.19802
28.82536,-0.3295,-1.10537,-6.84203
28.8354,-0.34836,-1.26264,-6.5875
28.84543,-0.38996,-1.41827,-6.40344
28.85547,-0.35928,-1.43083,-6.21475
28.86551,-0.23493,-1.43143,-6.01902
28.87555,-0.20411,-1.43428,-5.75835
28.88558,-0.31559,-1.38609,-5.48856
28.89562,-0.36482,-1.38415,-5.20918
28.90566,-0.48722,-1.51209,-4.92577
28.9157,-0.88421,-1.57224,-4.67109
28.92573,-1.05524,-1.40989,-4.78182
28.93577,-0.90411,-1.21895,-5.22011
28.94581,-0.71931,-1.00003,-6.02321
28.95585,-0.32561,-1.02277,-6.85924
28.96588,-0.24496,-1.20114,-7.46243
28.97592,-0.36063,-1.26803,-7.42502
28.98596,-0.71751,-1.06078,-7.15522
28.996,-1.3225,-0.66005,-6.48709
29.00603,-1.73909,-0.40208,-5.75791
29.01607,-1.91416,-0.61127,-5.30331
29.02611,-1.74597,-1.02816,-5.13511
29.03615,-1.23361,-1.55967,-5.26694
29.04619,-1.01993,-1.76602,-5.59196
29.05622,-0.79877,-1.74462,-6.0714
29.06626,-0.6605,-1.62327,-6.77185
29.0763,-0.65167,-1.4247,-7.38521
29.08633,-0.81044,-1.10343,-7.74734
29.09637,-0.92461,-0.81388,-8.04138
29.10641,-0.44113,-0.67068,-8.79615
29.11645,-0.09547,-0.88092,-9.77792
29.12649,-0.32666,-1.28614,-10.38051
29.13652,-0.84979,-1.57673,-10.52341
29.14656,-0.23164,-1.5263,-10.36869
29.15723,-0.23164,-1.5263,-10.36869
29.16726,0.67023,-1.22329,-10.29207
29.1773,0.78545,-1.05599,-9.85708
29.18734,0.75043,-1.19306,-9.49615
29.19738,0.85668,-1.37711,-9.71298
29.20741,1.02726,-1.52361,-10.35836
29.21745,1.01335,-1.74822,-11.15518
29.22749,0.66245,-2.2516,-11.48409
29.23753,0.28416,-2.68285,-11.34762
29.24756,0.3081,-2.63946,-11.30722
29.2576,0.71018,-2.39929,-11.44159
29.26764,1.14069,-2.12934,-11.34253
29.27768,1.38864,-2.09538,-11.14606
29.28772,1.32489,-2.17304,-11.04101
29.29775,1.36859,-2.2923,-11.03024
29.30779,1.35093,-2.4159,-11.63343
29.31783,1.35183,-2.31983,-12.4684
29.32786,1.19156,-2.21359,-13.2151
29.3379,1.01828,-2.16496,-13.48399
29.34794,0.81343,-2.1669,-13.4819
29.35798,0.56892,-2.12874,-13.2127
29.36802,0.54049,-1.98809,-12.89412
29.37805,0.58538,-1.74103,-12.63405
29.38809,0.65796,-1.54261,-12.58766
29.39813,0.85219,-1.23271,-13.01458
29.40817,0.76854,-1.13036,-13.41112
29.4182,0.26112,-1.54695,-13.72476
29.42824,0.01706,-1.756,-13.97914
29.43828,-0.00419,-1.64018,-14.19163
29.44832,-0.07018,-1.66831,-14.20046
29.45835,-0.03217,-1.63479,-14.15871
29.46839,0.08455,-1.44311,-14.1026
29.47843,0.12136,-1.26788,-13.85554
29.48847,0.08036,-1.22284,-13.45631
29.4985,0.0006,-1.31995,-13.06965
29.50854,-0.01392,-1.4036,-13.05289
29.51858,0.00569,-1.36814,-13.10317
29.52862,0.05028,-1.23586,-13.00964
29.53865,0.13602,-1.11884,-12.70124
29.54869,0.24361,-1.09639,-12.21088
29.55873,0.36018,-1.1362,-11.73668
29.56877,0.42931,-1.15595,-11.32008
29.5788,0.48064,-1.15116,-11.02006
29.58884,0.48557,-1.12677,-10.86863
29.59888,0.53331,-1.03519,-10.84065
29.60892,0.60888,-0.96771,-10.91232
29.61896,0.63267,-0.96397,-10.80398
29.62899,0.59391,-0.92132,-10.67096
29.63903,0.54543,-0.8245,-10.59554
29.64907,0.57251,-0.73801,-10.52117
29.65911,0.62204,-0.7238,-10.43303
29.66914,0.63386,-0.77153,-10.27187
29.67918,0.66379,-0.78096,-10.07615
29.68922,0.66409,-0.77348,-9.95359
29.69926,0.71527,-0.73921,-9.81293
29.70929,0.75627,-0.76016,-9.76625
29.71933,0.68893,-0.72604,-9.81877
29.72937,0.64973,-0.62713,-9.85423
29.73941,0.69552,-0.5366,-9.84062
29.74944,0.78246,-0.47899,-9.92591
29.75948,0.82151,-0.40552,-9.91304
29.76952,0.80655,-0.38636,-9.86636
29.77956,0.7648,-0.41539,-9.81548
29.78959,0.70704,-0.44547,-9.83284
29.79963,0.72859,-0.39175,-9.84511
29.80967,0.80789,-0.30556,-9.84855
29.81971,0.7422,-0.36437,-9.69128
29.83037,0.7422,-0.36437,-9.69128
29.84041,0.74011,-0.37155,-9.66225
29.85045,0.69956,-0.36123,-9.63262
29.86048,0.76525,-0.29613,-9.59895
29.87052,0.88316,-0.35285,-9.55885
29.88056,0.85877,-0.4528,-9.45246
29.8906,0.81986,-0.46163,-9.3748
29.90064,0.80595,-0.46178,-9.32093
29.91067,0.7841,-0.46073,-9.20301
29.92071,0.7856,-0.40253,-9.16441
29.93075,0.83498,-0.39759,-9.23129
29.94079,0.89453,-0.42916,-9.26975
29.95082,0.96786,-0.42826,-9.2892
29.96086,0.98791,-0.36452,-9.30551
29.9709,1.02996,-0.31199,-9.25942
29.98094,1.09969,-0.34611,-9.22725
29.99097,1.09595,-0.40746,-9.19762
30.00101,1.09161,-0.5152,-9.19299
30.01105,1.24543,-0.50473,-9.26511
30.02109,1.45702,-0.44383,-9.36731
30.03112,1.59424,-0.34417,-9.43809
30.04116,1.71036,-0.26635,-9.47655
30.0512,1.80134,-0.21593,-9.40143
30.06124,1.85236,-0.20889,-9.32631
30.07127,1.88065,-0.25049,-9.24506
30.08131,1.85221,-0.31214,-9.1647
30.09135,1.90145,-0.36317,-9.17772
30.10139,1.86987,-0.35748,-9.19643
30.11143,1.83994,-0.391,-9.33245
30.12146,1.78203,-0.42766,-9.40951
30.1315,1.72906,-0.46118,-9.35699
30.14154,1.65918,-0.45295,-9.32063
30.15158,1.53528,-0.44008,-9.40921
30.16161,1.47677,-0.45894,-9.66015
30.17165,1.41303,-0.4558,-9.84316
30.18169,1.39402,-0.45355,-10.03335
30.19173,1.29347,-0.42347,-10.1366
30.20176,1.22733,-0.35823,-10.07241
30.2118,1.13261,-0.30631,-10.00806
30.22184,1.01679,-0.26561,-10.02766
30.23188,0.88675,-0.20919,-10.10607
30.24191,0.85682,-0.15069,-10.19855
30.25195,0.88017,-0.11387,-10.31976
30.26199,0.98177,-0.03247,-10.41178
30.27203,1.1757,0.02604,-10.40326
30.28206,1.31906,0.05821,-10.28399
30.2921,1.41901,0.07317,-9.97215
30.30214,1.40315,0.13093,-9.66075
30.31218,1.37412,0.20022,-9.45021
30.32221,1.35527,0.12166,-9.32437
30.33225,1.29676,-0.01766,-9.32123
30.34229,1.29182,-0.1046,-9.35489
30.35233,1.32489,-0.13976,-9.28816
30.36236,1.24558,-0.12809,-9.13029
30.3724,1.19905,-0.08844,-9.25164
30.38244,1.25905,-0.03726,-9.6431
30.39248,1.23556,-0.01691,-10.06313
30.40252,1.12976,-0.02589,-10.23327
30.41255,1.0729,0.04384,-10.12463
30.42259,0.94421,0.09263,-9.95195
30.43263,0.93209,0.17627,-9.726
30.44267,0.72918,0.17657,-9.57935
30.4527,0.57191,0.09307,-9.46952
30.46274,0.35344,-0.00359,-9.46817
30.47278,0.1646,0.00569,-9.58309
30.48282,0.03023,0.04863,-9.73976
30.49285,-0.1646,0.06719,-9.98921
30.50289,-0.35255,0.07168,-10.2192
30.51293,-0.599,0.09786,-10.21531
30.52297,-0.83124,0.07497,-10.3446
30.533,-0.90845,0.00045,-10.54332
30.54304,-0.94975,-0.04983,-10.74892
30.55308,-1.09116,-0.0636,-10.5725
30.56312,-1.20997,-0.10325,-10.37782
30.57315,-1.25666,-0.13348,-10.36285
30.58319,-1.33911,-0.09248,-10.44156
30.59323,-1.45223,-0.022,-10.42136
30.60327,-1.51358,0.06045,-10.41104
30.61331,-1.55623,0.14036,-10.36629
30.62334,-1.59693,0.19243,-10.35148
30.63338,-1.62656,0.19258,-10.41178
30.64342,-1.53768,0.27264,-10.46925
30.65346,-1.4464,0.3509,-10.4661
30.66349,-1.48066,0.33564,-10.39054
30.67353,-1.59155,0.25319,-10.22234
30.68357,-1.71096,0.13707,-10.04412
30.69361,-1.81301,0.0603,-9.92412
30.70364,-1.93347,0.06584,-9.86022
30.71368,-1.94828,0.09921,-9.81368
30.72372,-1.91791,0.16774,-9.7462
30.73376,-1.99691,0.16625,-9.76954
30.74379,-2.13323,0.20276,-9.89583
30.75383,-2.21733,0.20231,-10.00806
30.76387,-2.23199,0.11028,-10.04891
30.77391,-2.22032,-0.01197,-10.05909
30.78394,-2.13608,-0.11821,-10.0528
30.79398,-2.09807,-0.2255,-10.0528
30.80402,-2.11902,-0.29628,-9.95734
30.81406,-2.0662,-0.27025,-9.76744
30.8241,-1.99961,-0.28686,-9.69143
30.83413,-1.93272,-0.36302,-9.77403
30.84417,-1.85805,-0.42811,-9.87518
30.85421,-1.78024,-0.43425,-9.86546
30.86425,-1.74462,-0.39789,-9.80276
30.87428,-1.72308,-0.37514,-9.65971
30.88432,-1.62282,-0.38801,-9.60165
30.89436,-1.47932,-0.3503,-9.58025
30.9044,-1.31142,-0.36826,-9.51456
30.91443,-1.07066,-0.37873,-9.59776
30.92447,-0.84231,-0.29658,-9.63801
30.93451,-0.66693,-0.21757,-9.72061
30.94455,-0.52672,-0.164,-9.78675
30.95458,-0.40926,-0.12255,-9.74919
30.96462,-0.2692,-0.05761,-9.71687
30.97466,-0.18959,-0.02379,-9.66539
30.9847,-0.17298,-0.01227,-9.59387
30.99473,-0.07003,0.03112,-9.56304
31.00477,0.06315,0.03187,-9.62005
31.01481,0.15353,0.00628,-9.71941
31.02485,0.19213,-0.01272,-9.86875
31.03488,0.17552,0.04429,-10.01031
31.04492,0.20455,0.13886,-10.09964
31.05496,0.2487,0.17328,-9.95315
31.065,0.25319,0.15607,-9.80126
31.07504,0.24855,0.13183,-9.67332
31.08507,0.27234,0.08978,-9.61571
31.09511,0.2475,0.04519,-9.64788
31.10515,0.2077,0.00479,-9.64714
31.11519,0.15996,-0.02544,-9.64594
31.12522,0.13078,-0.06749,-9.6398
31.13526,0.15592,-0.07691,-9.67392
31.1453,0.10924,-0.08754,-9.7052
31.15534,0.07048,-0.1031,-9.68963
31.16537,0.04474,-0.1013,-9.66629
31.17541,0.02873,-0.11507,-9.67123
31.18545,-0.04803,-0.11013,-9.67063
31.19549,-0.10505,-0.09128,-9.63741
31.20552,-0.15487,-0.02963,-9.69741
31.21556,-0.16984,-0.02439,-9.78241
31.2256,-0.20545,-0.08425,-9.85379
31.23564,-0.23299,-0.11447,-9.83119
31.24567,-0.24825,-0.08874,-9.82311
31.25571,-0.2273,-0.06794,-9.83074
31.26575,-0.24481,-0.07572,-9.79633
31.27579,-0.27848,-0.08814,-9.81982
31.28583,-0.31843,-0.07886,-9.86067
31.29586,-0.36901,-0.08589,-9.92202
31.3059,-0.34506,-0.07482,-10.01315
31.31594,-0.38472,-0.04295,-10.0766
31.32598,-0.38098,-0.01556,-10.14588
31.33601,-0.32112,-0.03217,-10.19556
31.34605,-0.27892,-0.06165,-10.14992
31.35609,-0.32037,-0.063,-10.03425
31.36613,-0.37918,-0.06105,-9.97305
31.37616,-0.38786,-0.05387,-9.99684
31.3862,-0.39115,-0.00973,-9.99938
31.39624,-0.3292,0.03142,-10.06747
31.40628,-0.21952,0.09981,-10.21052
31.41631,-0.20845,0.08604,-10.16982
31.42635,-0.24137,0.03142,-10.08572
31.43639,-0.20635,0.0208,-9.98726
31.44643,-0.19124,0.02798,-9.91304
31.45646,-0.12929,-0.00419,-9.83688
31.4665,-0.09113,-0.01945,-9.745
31.47654,-0.10235,-0.05402,-9.67048
31.48658,-0.14679,-0.03382,-9.61452
31.49662,-0.14275,0.0193,-9.63262
31.50665,-0.16026,0.06135,-9.64714
31.51669,-0.11986,0.10011,-9.641
31.52673,-0.05881,0.08948,-9.57052
31.53677,-0.04579,0.05656,-9.54284
31.5468,-0.06644,-0.00254,-9.5379
31.55684,-0.1227,0.0226,-9.54015
31.56688,-0.10804,0.01975,-9.50947
31.57692,-0.0419,-0.00494,-9.42552
31.58695,-0.02529,-0.03531,-9.36118
31.59699,-0.03217,-0.04938,-9.40607
31.60703,-0.02828,-0.01227,-9.4972
31.61707,-0.03068,0.06015,-9.54508
31.6271,-0.0211,0.13048,-9.60195
31.63714,-0.02005,0.13946,-9.65985
31.64718,-0.07108,0.10744,-9.66868
31.65722,-0.07961,0.1456,-9.72151
31.66725,-0.02155,0.20889,-9.86306
31.67729,0.02454,0.22311,-9.99684
31.68733,0.01601,0.21488,-9.99953
31.69737,0.00599,0.18361,-9.98322
31.70741,-0.09741,0.20156,-9.94611
31.71744,-0.17223,0.25408,-9.94222
31.72748,-0.1649,0.31065,-9.98696
31.73752,-0.19857,0.37724,-9.96407
31.74756,-0.23299,0.36422,-9.95359
31.75759,-0.19842,0.27114,-9.86157
31.76763,-0.10011,0.18824,-9.75652
31.77767,-0.06434,0.13856,-9.58249
31.78771,-0.19303,0.08275,-9.47535
31.79774,-0.24855,0.06195,-9.46548
31.80778,-0.20171,0.07886,-9.58489
31.81782,-0.11851,0.0398,-9.75293
31.82786,-0.12899,-0.0187,-9.81787
31.83789,-0.15652,-0.02993,-9.79662
31.84793,-0.18001,0.01167,-9.83194
31.85797,-0.2255,0.05028,-9.85513
31.86801,-0.24615,0.03157,-9.92187
31.87804,-0.27683,0.03921,-10.00387
31.88808,-0.23897,0.05896,-10.0531
31.89812,-0.27399,0.08634,-10.07914
31.90816,-0.33923,0.13976,-10.1182
31.9182,-0.32741,0.19109,-10.18314
31.92823,-0.33399,0.21548,-10.28863
31.93827,-0.35644,0.21503,-10.40565
31.94831,-0.36197,0.23927,-10.53015
31.95835,-0.31663,0.34521,-10.6949
31.96838,-0.3316,0.31963,-10.78977
31.97842,-0.27339,0.40238,-10.97053
31.98846,-0.51939,0.61202,-11.02395
31.9985,-0.74684,0.8248,-11.05762
32.00853,-0.89588,1.00886,-11.11388
32.01857,-1.0102,1.03893,-11.15788
32.02861,-1.04327,0.91863,-11.36602
32.03865,-1.11675,0.78694,-11.65048
32.04868,-1.25022,0.78186,-11.97295
32.05872,-1.33866,0.9514,-12.38461
32.06876,-1.33896,1.28643,-12.95922
32.0788,-1.31995,1.58541,-13.43985
32.08883,-1.29811,1.64272,-13.57303
32.09887,-1.46016,1.50999,-13.43746
32.10891,-1.61848,1.29122,-13.17858
32.11895,-1.76408,0.96322,-12.99004
32.12899,-2.01173,0.7226,-12.863
32.13902,-2.26566,0.55022,-12.85432
32.14906,-2.3345,0.40432,-12.70827
32.1591,-2.56554,0.28671,-12.54846
32.16914,-2.67432,0.23059,-12.41274
32.17917,-2.50897,0.13572,-12.23198
32.18921,-2.45286,0.01481,-12.11272
32.19925,-2.50359,-0.16685,-12.00258
32.20929,-2.51511,-0.32232,-11.84486
32.21932,-2.48593,-0.38876,-11.8501
32.22936,-2.42667,-0.38771,-11.85279
32.2394,-2.28452,-0.21368,-12.17646
32.24944,-1.94514,0.09816,-12.5721
32.25947,-1.78338,0.40612,-12.99273
32.26951,-1.76752,0.57551,-12.75286
32.27955,-1.87526,0.44876,-12.33717
32.28959,-1.76692,0.24032,-11.93884
32.29962,-1.5685,-0.14694,-11.85938
32.30966,-1.38968,-0.3717,-11.72396
32.3197,-1.16942,-0.54199,-11.11718
32.32974,-0.96651,-0.845,-10.62651
32.33978,-1.02666,-1.0937,-10.07181
32.34981,-0.9517,-1.13186,-9.96063
32.35985,-0.79128,-0.88945,-9.92187
32.36989,-0.5797,-0.52613,-9.77134
32.37993,-0.49769,-0.1839,-9.64399
32.38996,-0.36093,0.05522,-9.72001
32.4,-0.24406,0.14934,-9.90631
32.41004,-0.2059,0.06464,-9.96527
32.42008,-0.29957,-0.07961,-10.02497
32.43011,-0.36317,-0.1857,-9.89943
32.44015,-0.50308,-0.27743,-9.61751
32.45019,-0.7003,-0.60588,-9.73213
32.46023,-0.75148,-0.76809,-9.77508
32.47026,-0.63446,-0.79158,-9.82595
32.4803,-0.49141,-0.71362,-9.85468
32.49034,-0.39953,-0.52777,-9.723
32.50038,-0.20815,-0.35105,-9.82491
32.51042,-0.01736,-0.55186,-10.09321
32.52045,0.02544,0.27114,-9.99205
32.53049,0.19513,0.30825,-9.28382
32.54053,-0.00509,-0.28775,-9.76834
32.55057,-0.20485,-0.41659,-10.19496
32.5606,0.07646,-0.27503,-9.89015
32.57064,0.33998,-0.50548,-9.77567
32.58068,0.1652,-1.02367,-9.81144
32.59072,0.06644,-1.38355,-9.5816
32.60075,0.27069,-1.04387,-8.44121
32.61079,0.24466,-0.68639,-7.59725
32.62083,0.20156,-0.58912,-7.49101
32.63087,0.38307,-0.34222,-7.55371
32.6409,0.62788,-0.07347,-7.68165
32.65094,0.77871,-0.11492,-7.75452
32.66098,0.83558,-0.22969,-7.62643
32.67102,0.79069,-0.40911,-7.3927
32.68106,0.75208,-0.76121,-7.51959
32.69109,0.82884,-1.0729,-7.50522
32.70113,1.07395,-1.05899,-6.9375
32.71117,1.26997,-0.87807,-6.27969
32.72121,1.36275,-0.70045,-5.8646
32.73124,1.30843,-0.54902,-5.79277
32.74128,1.24603,-0.41091,-6.22058
32.75132,1.26384,-0.51041,-7.14041
32.76136,1.19351,-0.81792,-8.13295
32.77139,1.07305,-1.11031,-8.68557
32.78143,1.03953,-1.54366,-8.62661
32.79147,1.02771,-2.15284,-8.3209
32.80151,0.97175,-2.4355,-7.85523
32.81154,0.87478,-2.22137,-7.4545
32.82158,0.87493,-1.89636,-7.26895
32.83162,0.87463,-1.60412,-7.19428
32.84166,0.9689,-1.34659,-7.1217
32.85169,1.02906,-1.2815,-7.10943
32.86173,0.95708,-1.33911,-7.46856
32.87177,0.88376,-1.57194,-7.95279
32.88181,0.77213,-1.78533,-8.39676
32.89185,0.58299,-1.97222,-8.63768
32.90188,0.36527,-2.07966,-8.64202
32.91192,0.18166,-2.20745,-8.44465
32.92196,-0.02679,-2.28482,-8.11679
32.93199,-0.20066,-2.34078,-7.73417
32.94203,-0.43964,-2.5398,-7.42681
32.95207,-0.64449,-2.89773,-7.36456
32.96211,-0.84051,-3.07954,-7.54488
32.97215,-0.94391,-2.93873,-7.65142
32.98218,-0.93883,-2.8268,-7.73911
32.99222,-1.07844,-2.75977,-7.86181
33.00226,-1.26549,-2.63856,-8.00561
33.0123,-1.3219,-2.58529,-8.25446
33.02233,-1.35183,-2.55102,-8.49328
33.03237,-1.38115,-2.51137,-8.65025
33.04241,-1.41303,-2.58664,-8.65953
33.05245,-1.45957,-2.63123,-8.55134
33.06248,-1.5088,-2.60175,-8.41173
33.07252,-1.58586,-2.51915,-8.32898
33.08256,-1.62551,-2.43011,-8.33077
33.0926,-1.66636,-2.36592,-8.32793
33.10263,-1.65963,-2.40677,-8.37507
33.11267,-1.65574,-2.45076,-8.42879
33.12271,-1.66651,-2.42488,-8.39527
33.13275,-1.65948,-2.34931,-8.38554
33.14278,-1.6529,-2.3936,-8.3836
33.15345,-1.64167,-2.23454,-8.33721
33.16349,-1.60965,-2.19025,-8.21316
33.17353,-1.68043,-2.44253,-8.27212
33.18356,-1.78338,-2.58768,-8.28184
33.1936,-1.92494,-2.70964,-8.2371
33.20364,-2.09986,-2.78371,-8.14971
33.21368,-2.20626,-2.72984,-8.07968
33.22371,-2.08909,-2.61357,-8.052
33.23375,-1.83112,-2.45226,-8.00037
33.24379,-1.47363,-2.28901,-7.95982
33.25383,-1.18902,-2.16571,-7.75691
33.26386,-0.96546,-2.00484,-7.45345
33.2739,-0.73951,-1.81855,-7.29947
33.28394,-0.52298,-1.66562,-7.25623
33.29398,-0.25408,-1.4853,-7.30351
33.30401,-0.06584,-1.3629,-7.45076
33.31405,-0.07796,-1.33432,-7.56822
33.32409,-0.10909,-1.40106,-7.50133
33.33413,-0.09562,-1.45852,-7.24171
33.34417,-0.21892,-1.44191,-6.94184
33.3542,-0.33175,-1.38505,-6.78846
33.36424,-0.29883,-1.31546,-6.86672
33.37428,-0.22505,-1.29526,-6.94588
33.38432,-0.1465,-1.25307,-6.90533
33.39435,-0.06105,-1.18977,-6.76751
33.40439,0.03112,-1.15715,-6.58929
33.41443,0.01661,-1.21117,-6.49188
33.42447,-0.03442,-1.20099,-6.46644
33.4345,-0.0808,-1.15371,-6.51552
33.44454,-0.27937,-1.18663,-6.59408
33.45458,-0.40417,-1.2384,-6.7943
33.46462,-0.51805,-1.18797,-7.16704
33.47465,-0.66768,-1.13291,-7.54009
33.48469,-1.22448,-1.29062,-7.59067
33.49473,-1.65963,-1.63719,-8.02776
33.50477,-1.61848,-1.72233,-8.37088
33.5148,-1.46854,-1.66098,-8.36788
33.52484,-1.39492,-1.59813,-8.37881
33.53488,-1.14637,-1.35931,-8.12936
33.54492,-0.79158,-0.97728,-8.25356
33.55495,-0.40223,-0.74624,-8.66028
33.56499,-0.32711,-0.7838,-9.1448
33.57503,-0.44876,-1.05495,-9.32033
33.58507,-0.19707,-1.17002,-8.97885
33.5951,0.24571,-1.36125,-9.25598
33.60514,0.2671,-1.55309,-9.52518
33.61518,0.36886,-1.4657,-8.99711
33.62522,0.16206,-1.14323,-8.80797
33.63525,0.16715,-0.8453,-8.77669
33.64529,0.73876,-0.4766,-9.04484
33.65533,0.80071,-0.29119,-9.48987
33.66537,0.73472,-0.3708,-10.04323
33.67541,0.64823,-0.56862,-10.46969
33.68544,0.40956,-0.91279,-10.53523
33.69548,0.07931,-1.10373,-10.38335
33.70552,0.06569,-1.19964,-10.33562
33.71556,0.28476,-1.27925,-10.22983
33.72559,0.47749,-1.29272,-9.75024
33.73563,0.32621,-1.33013,-9.2274
33.74567,-0.05641,-1.31516,-9.02345
33.75571,-0.20321,-1.17241,-9.30791
33.76574,-0.20366,-1.01155,-9.91394
33.77578,-0.10819,-0.87523,-10.51892
33.78582,-0.0606,-0.88181,-10.98415
33.79586,-0.03038,-1.198,-11.15159
33.80589,0.01362,-1.80553,-11.05508
33.81593,-0.05656,-2.46438,-10.49842
33.82597,-0.66349,-2.69093,-9.58788
33.83663,-0.66349,-2.69093,-9.58788
33.84667,-0.73711,-2.42443,-10.08138
33.85671,-0.51251,-1.99407,-11.24646
33.86675,-0.30691,-1.62581,-12.37533
33.87679,-0.1221,-1.51343,-13.16123
33.88682,-0.02469,-1.57404,-13.63318
33.89686,-0.0416,-1.66876,-13.73404
33.9069,-0.14036,-1.81944,-13.79943
33.91694,-0.21922,-1.9607,-13.66386
33.92697,-0.15877,-2.03447,-13.27929
33.93701,-0.06554,-2.11318,-12.79446
33.94705,0.13303,-2.16181,-12.3246
33.95709,0.25274,-2.09837,-12.2634
33.96712,0.25528,-1.95427,-12.52033
33.97716,0.24511,-1.82513,-12.86015
33.9872,0.1658,-1.85386,-13.12307
33.99724,0.0401,-2.06994,-13.11589
34.00727,0.00554,-2.32791,-12.66787
34.01731,-0.01811,-2.42607,-12.08219
34.02735,-0.04848,-2.33076,-11.57851
34.03739,-0.12345,-2.03612,-11.33954
34.04742,-0.29015,-1.70542,-11.45446
34.05746,-0.41046,-1.49653,-11.92462
34.0675,-0.52912,-1.35003,-12.34331
34.07754,-0.60424,-1.22284,-12.52796
34.08757,-0.72514,-1.21521,-12.73431
34.09761,-0.74639,-1.11645,-12.80554
34.10765,-0.58314,-1.03998,-12.60128
34.11769,-0.50488,-1.03579,-12.17766
34.12773,-0.40387,-1.07964,-11.66186
34.13776,-0.34776,-1.15206,-11.18242
34.1478,-0.21772,-1.18648,-10.87551
34.15784,-0.09053,-1.10373,-10.64073
34.16788,0.00284,-0.9083,-10.43767
34.17791,0.05866,-0.68699,-10.45922
34.18795,0.12495,-0.55755,-10.4682
34.19799,0.20036,-0.48647,-10.52775
34.20803,0.32441,-0.52074,-10.52162
34.21806,0.49605,-0.56922,-10.30494
34.2281,0.66499,-0.66813,-10.18074
34.23814,0.78395,-0.73292,-10.04772
34.24818,0.83453,-0.76285,-9.91663
34.25821,0.78141,-0.72634,-9.76236
34.26825,0.73113,-0.65915,-9.59222
34.27829,0.75088,-0.55351,-9.52683
34.28833,0.86939,-0.50652,-9.56723
34.29836,0.96412,-0.51191,-9.6205
34.3084,0.91548,-0.50084,-9.68754
34.31844,0.71018,-0.47585,-9.79423
34.32848,0.53091,-0.38412,-9.86995
34.33851,0.46029,-0.2873,-9.87803
34.34855,0.5351,-0.26291,-9.82416
34.35859,0.69477,-0.27833,-9.71343
34.36863,0.73607,-0.31035,-9.55466
34.37867,0.59451,-0.36542,-9.54613
34.3887,0.39863,-0.46567,-9.54419
34.39874,0.27788,-0.53944,-9.43495
34.40878,0.31439,-0.57162,-9.41729
34.41882,0.52538,-0.65152,-9.5813
34.42885,0.81298,-0.77901,-9.73452
34.43889,1.0524,-0.99883,-9.80605
34.44893,1.08098,-1.11315,-9.64055
34.45897,1.01858,-1.20713,-9.42597
34.469,1.09999,-1.2583,-9.23743
34.47904,1.20877,-1.24364,-9.2078
34.48908,1.24035,-1.14802,-9.37524
34.49912,1.2197,-0.93928,-9.66599
34.50916,1.29541,-0.68175,-10.03215
34.51919,1.44864,-0.36452,-10.3419
34.52923,1.66322,-0.13393,-10.52611
34.53927,1.85805,-0.02155,-10.48855
34.54931,1.96848,-0.07183,-10.35941
34.55934,1.99467,-0.25244,-10.14393
34.56938,1.98958,-0.36571,-10.08722
34.57942,2.06231,-0.41105,-9.79647
34.58946,2.05318,-0.34836,-9.62514
34.59949,2.03657,-0.21967,-9.6419
34.60953,1.89007,-0.17223,-9.57905
34.61957,1.81241,-0.23089,-9.50498
34.62961,1.82962,-0.17298,-9.52383
34.63964,1.76258,-0.04354,-9.71447
34.64968,1.68357,0.00359,-10.11924
34.65972,1.64332,0.0401,-10.61379
34.66976,1.59559,0.12525,-10.9195
34.67979,1.62072,0.36362,-10.91546
34.68983,1.75016,0.56713,-10.72752
34.69987,1.78473,0.59227,-10.56621
34.70991,1.73864,0.36078,-10.16593
34.71994,1.75869,0.14395,-9.85409
34.72998,1.75794,0.08275,-9.73467
34.74002,1.78712,0.04968,-9.6814
34.75006,1.78757,0.04414,-9.73737
34.7601,1.60756,0.13318,-9.82431
34.77013,1.22927,0.21278,-9.80336
34.78017,1.06437,0.3078,-9.87773
34.79021,1.12453,0.34342,-9.97215
34.80025,1.28494,0.21533,-10.05984
34.81028,1.55952,0.07751,-10.11505
34.82032,1.85521,-0.07153,-9.98247
34.83036,1.73505,-0.02529,-9.82999
34.8404,1.29766,0.38098,-9.80007
34.85043,0.886,0.82001,-9.85992
34.86047,0.68339,0.88211,-9.8876
34.87051,0.77856,0.44577,-9.7869
34.88055,0.95978,-0.13048,-9.40996
34.89058,1.08981,-0.62219,-8.99472
34.90062,1.09041,-0.77063,-8.76607
34.91066,0.96097,-0.62953,-8.82368
34.9207,0.69237,-0.2285,-9.08974
34.93073,0.3934,0.14784,-9.46817
34.94077,0.31439,0.25214,-9.86785
34.95081,0.27189,0.16894,-9.88162
34.96085,0.31439,-0.13512,-9.27244
34.97089,0.32247,-0.55351,-8.70622
34.98092,0.2466,-0.86505,-8.28962
34.99096,0.11986,-1.0126,-8.25326
35.001,-0.06015,-0.91234,-8.56421
35.01104,-0.08844,-0.75776,-8.8355
35.02107,-0.08993,-0.52119,-9.22381
35.03111,-0.14635,-0.23508,-9.70116
35.04115,-0.34895,-0.14395,-9.67736
35.05119,-0.52762,-0.19662,-9.1855
35.06122,-0.5164,-0.36317,-8.63753
35.07126,-0.55695,-0.61576,-8.34095
35.0813,-0.73861,-0.86326,-8.16857
35.09134,-0.94406,-0.86685,-8.26613
35.10137,-1.07155,-0.62025,-8.62182
35.11141,-1.08457,-0.37649,-8.96913
35.12145,-1.10448,-0.30586,-9.32317
35.13149,-1.12857,-0.29523,-9.57262
35.14152,-1.2176,-0.35,-9.59237
35.15156,-1.43263,-0.31603,-9.47086
35.1616,-1.57613,-0.25543,-9.22426
35.17164,-1.62566,-0.30317,-9.07133
35.18167,-1.67295,-0.46163,-9.13014
35.19171,-1.69584,-0.5146,-9.35893
35.20175,-1.73445,-0.42871,-9.84032
35.21179,-1.82603,-0.32636,-10.31781
35.22183,-1.85206,-0.13976,-10.60063
35.23186,-1.88469,0.07018,-10.63849
35.2419,-2.08789,0.10789,-10.47927
35.25194,-2.28856,-0.00135,-10.32978
35.26198,-2.27898,-0.14994,-10.2397
35.27201,-2.24546,-0.23792,-10.34699
35.28205,-2.15942,-0.27503,-10.48765
35.29209,-2.0834,-0.33728,-10.66407
35.30213,-2.00903,-0.34252,-10.7133
35.31216,-1.95711,-0.2894,-10.55738
35.3222,-1.88304,-0.24331,-10.29462
35.33224,-1.93018,-0.25588,-9.92576
35.34228,-1.94349,-0.30092,-9.59416
35.35231,-1.78518,-0.42168,-9.3326
35.36235,-1.60681,-0.49171,-9.36432
35.37239,-1.49383,-0.50832,-9.58593
35.38243,-1.49802,-0.47091,-9.81518
35.39246,-1.50116,-0.35898,-10.0139
35.4025,-1.48051,-0.14201,-10.04547
35.41254,-1.45807,0.01631,-10.0944
35.42258,-1.41737,0.12225,-10.16144
35.43262,-1.30319,0.24271,-10.22534
35.44265,-1.20832,0.34836,-10.28534
35.45269,-1.18827,0.40552,-10.35971
35.46273,-1.24259,0.47315,-10.39817
35.47277,-1.33492,0.50772,-10.39128
35.4828,-1.44266,0.47196,-10.45054
35.49284,-1.53528,0.38621,-10.50636
35.50288,-1.55459,0.38532,-10.59823
35.51292,-1.45074,0.50009,-10.60856
35.52295,-1.28973,0.60005,-10.57534
35.53299,-1.11525,0.58718,-10.41582
35.54303,-1.02636,0.54513,-10.16877
35.55307,-1.01963,0.5348,-9.83598
35.5631,-1.07126,0.58433,-9.61676
35.57314,-1.07425,0.69417,-9.57785
35.58318,-1.07769,0.81104,-9.56873
35.59322,-0.97908,0.79757,-9.57755
35.60325,-0.82435,0.69492,-9.52234
35.61329,-0.66499,0.60783,-9.41056
35.62333,-0.49395,0.56518,-9.33724
35.63337,-0.49425,0.5797,-9.37794
35.64341,-0.52687,0.60738,-9.43061
35.65344,-0.48438,0.59197,-9.46727
35.66348,-0.37993,0.54782,-9.48912
35.67352,-0.28596,0.49365,-9.50079
35.68355,-0.22715,0.42707,-9.54284
35.69359,-0.24286,0.3509,-9.56783
35.70363,-0.32232,0.32247,-9.559
35.71367,-0.372,0.39908,-9.53865
35.72371,-0.35344,0.48483,-9.63576
35.73374,-0.37065,0.48842,-9.79692
35.74378,-0.38098,0.45999,-9.86456
35.75382,-0.35763,0.46687,-9.81338
35.76386,-0.28656,0.50308,-9.75203
35.77389,-0.22865,0.55186,-9.77029
35.78393,-0.28985,0.61531,-9.89733
35.79397,-0.42587,0.67561,-9.94192
35.80401,-0.51236,0.68773,-9.8671
35.81404,-0.44682,0.65676,-9.82506
35.82408,-0.37634,0.58089,-9.88162
35.83412,-0.30242,0.51685,-9.87324
35.84416,-0.25334,0.4938,-9.77373
35.8542,-0.33564,0.46792,-9.66644
35.86423,-0.32337,0.43769,-9.62185
35.87427,-0.23747,0.4522,-9.73138
35.88431,-0.14335,0.49261,-9.84047
35.89435,-0.17208,0.50129,-9.84256
35.90438,-0.19932,0.47061,-9.8059
35.91442,-0.21982,0.45654,-9.8071
35.92446,-0.16819,0.50607,-9.86336
35.9345,-0.14694,0.6183,-9.97155
35.94453,-0.12779,0.77033,-10.06343
35.95457,-0.11747,0.8058,-10.06163
35.96461,-0.1037,0.71841,-10.01195
35.97465,-0.05761,0.64703,-9.96003
35.98468,-0.0413,0.56144,-9.83254
35.99472,-0.01392,0.50996,-9.82969
36.00476,0.02619,0.58419,-9.93264
36.0148,0.04953,0.69896,-10.054
36.02483,-0.01945,0.68534,-10.10652
36.03487,-0.12764,0.65347,-10.06582
36.04491,-0.1631,0.62653,-9.93564
36.05495,-0.07497,0.55994,-9.8481
36.06499,0.02813,0.476,-9.77089
36.07502,0.04893,0.48557,-9.66838
36.08506,-0.00943,0.55785,-9.68978
36.0951,-0.07183,0.60528,-9.7842
36.10514,-0.21204,0.63551,-9.85184
36.11517,-0.33683,0.67367,-9.92382
36.12521,-0.36901,0.74684,-9.95943
36.13525,-0.37604,0.82091,-9.99624
36.14529,-0.30556,0.85727,-10.06552
36.15532,-0.15547,0.77572,-10.07914
36.16536,-0.1049,0.63536,-10.07764
36.1754,-0.1245,0.56593,-10.09725
36.18544,-0.1465,0.63132,-10.09171
36.19547,-0.23029,0.75597,-10.02722
36.20551,-0.31678,0.848,-9.91364
36.21555,-0.31304,0.8673,-9.93669
36.22559,-0.18256,0.81986,-10.04592
36.23562,-0.02439,0.82091,-10.16773
36.24566,-0.09637,0.78186,-10.43737
36.2557,-0.23942,0.76076,-10.49753
36.26574,-0.45729,0.75791,-10.62442
36.27578,-0.74714,0.65511,-10.87312
36.28581,-1.00452,0.59571,-11.2517
36.29585,-1.24573,0.6207,-11.74476
36.30589,-1.36155,0.64898,-12.33852
36.31593,-1.48889,0.73547,-13.02176
36.32596,-1.652,0.94182,-13.85165
36.336,-1.7976,1.22493,-14.63291
36.34604,-1.97686,1.40914,-15.28788
36.35608,-2.32013,1.47887,-15.4857
36.36611,-2.42607,1.59304,-15.28728
36.37615,-2.19788,1.6502,-15.11579
36.38619,-2.05273,1.62132,-14.81263
36.39623,-1.84264,1.30469,-14.1626
36.40626,-1.75136,0.98252,-13.53547
36.4163,-2.17124,0.76869,-13.11229
36.42634,-2.45765,0.8251,-13.09778
36.43638,-2.45301,1.16762,-13.52215
36.44641,-2.46498,1.46959,-13.76875
36.45645,-2.5606,1.6707,-13.36488
36.46649,-2.65682,1.69599,-12.62073
36.47653,-2.75019,1.51343,-11.90487
36.48656,-2.89249,1.04297,-11.42947
36.4966,-3.02822,0.60573,-11.28881
36.50664,-3.11201,0.44816,-11.11628
36.51668,-3.23352,0.4733,-10.76074
36.52672,-3.43538,0.53256,-10.31452
36.53675,-3.63889,0.73622,-9.73183
36.54679,-3.80259,1.14652,-9.16889
36.55683,-3.63949,1.56057,-8.82248
36.56686,-2.97061,1.64691,-9.20989
36.5769,-2.26731,1.34644,-10.02362
36.58694,-1.89785,1.01754,-10.56172
36.59698,-1.96205,0.80819,-10.49543
36.60702,-2.23933,0.8275,-10.03425
36.61705,-2.45929,0.85174,-9.45814
36.62709,-2.51391,0.62489,-9.17982
36.63713,-2.69991,0.32322,-9.15962
36.64717,-2.91389,0.25588,-9.14795
36.6572,-2.90626,0.49545,-9.11936
36.66724,-2.72236,0.64449,-9.34008
36.67728,-2.5606,0.56728,-9.89075
36.68732,-2.57077,0.48752,-10.52506
36.69735,-2.52558,0.69477,-10.78752
36.70739,-2.22466,1.17361,-10.77675
36.71743,-2.1476,1.7355,-10.69011
36.72747,-2.35829,1.88768,-10.73051
36.7375,-2.62823,1.49383,-10.93492
36.74754,-2.9314,1.25785,-10.76987
36.75758,-3.10094,1.21745,-10.32664
36.76762,-2.96193,1.13321,-9.89778
36.77765,-2.58753,0.80849,-9.15887
36.78769,-2.12261,0.31155,-7.82036
36.79773,-1.63763,-0.41195,-6.97416
36.80777,-1.1956,-1.25531,-6.99331
36.81781,-0.95903,-1.49578,-7.08504
36.82784,-0.88496,-1.07574,-6.64047
36.83788,-1.13635,-0.49141,-5.99418
36.84792,-1.40599,0.0826,-5.60932
36.85796,-1.54471,0.54678,-5.656
36.86799,-1.56027,0.72754,-6.27939
36.87803,-1.43173,0.63506,-7.13382
36.88807,-1.53633,0.17253,-7.87288
36.89811,-1.73639,-0.71781,-8.38045
36.90814,-1.84099,-1.47198,-8.29621
36.91818,-1.93287,-2.04106,-7.93438
36.92822,-1.78637,-2.53307,-7.58468
36.93826,-1.62028,-2.68704,-6.94872
36.94829,-1.68821,-2.60519,-6.60845
36.95833,-1.5067,-2.20446,-6.79834
36.96837,-1.29975,-1.27222,-6.895
36.97841,-1.31502,-0.44008,-7.08953
36.98845,-1.54202,-0.17732,-7.83727
36.99848,-1.61818,-0.20336,-8.67913
37.00852,-1.55548,-0.27997,-9.40966
37.01856,-1.26459,-0.51101,-9.7221
37.0286,-0.7208,-0.62249,-9.38841
37.03863,-0.10145,-0.71527,-8.76487
37.04867,0.55336,-0.93778,-8.14867
37.05871,0.94242,-1.01559,-7.47739
37.06875,1.07904,-0.89842,-6.94827
37.07878,1.00556,-0.6587,-6.86029
37.08882,0.91099,-0.40971,-7.19787
37.09886,1.00676,-0.2695,-7.52423
37.1089,1.10807,-0.18046,-7.70738
37.11893,1.12917,-0.13991,-7.74554
37.12897,1.09415,-0.08993,-7.58827
37.13901,1.06557,-0.0202,-7.37354
37.14967,0.83513,-0.61142,-7.22555
37.15971,0.83513,-0.61142,-7.22555
37.16975,1.00512,-0.96561,-7.60773
37.17979,1.1968,-0.99674,-7.59411
37.18982,1.21581,-1.00392,-7.59261
37.19986,0.95963,-1.12138,-7.66923
37.2099,0.63342,-1.39432,-7.79013
37.21994,0.30182,-1.80792,-8.00741
37.22997,0.05611,-2.22765,-8.15031
37.24001,0.03711,-2.48578,-8.04512
37.25005,-0.00898,-2.54519,-7.81168
37.26009,-0.20485,-2.51197,-7.79178
37.27012,-0.34222,-2.43849,-8.06951
37.28016,-0.31918,-2.34168,-8.39691
37.2902,-0.49365,-2.33554,-8.57199
37.30024,-0.60962,-2.40617,-8.71564
37.31027,-0.62219,-2.47635,-8.86214
37.32031,-0.67681,-2.50583,-8.84044
37.33035,-0.86161,-2.55222,-8.65728
37.34039,-1.16328,-2.58484,-8.47098
37.35043,-1.39088,-2.50867,-8.31791
37.36046,-1.51149,-2.42742,-8.2383
37.3705,-1.46151,-2.42563,-8.14881
37.38054,-1.35646,-2.47845,-8.04407
37.39058,-1.3843,-2.56374,-7.93678
37.40061,-1.49114,-2.49715,-7.70723
37.41065,-1.65035,-2.29365,-7.31503
37.42069,-1.76902,-2.13892,-6.86687
37.43073,-1.81166,-2.16241,-6.40733
37.44076,-1.83022,-2.28227,-6.21894
37.4508,-1.81017,-2.33315,-6.18213
37.46084,-1.67908,-2.23559,-6.24348
37.47088,-1.42605,-2.09104,-6.53213
37.48092,-1.33731,-1.8793,-6.83021
37.49095,-1.61504,-1.58496,-6.91146
37.50099,-1.901,-1.41782,-6.84442
37.51103,-2.01173,-1.49727,-6.57388
37.52106,-1.88588,-1.62821,-6.38489
37.5311,-1.39492,-1.56745,-6.54844
37.54114,-0.9083,-1.47258,-6.9779
37.55118,-0.72559,-1.53633,-7.18455
37.56122,-0.41644,-1.4862,-7.04374
37.57125,-0.06404,-1.2785,-7.12065
37.58129,0.2282,-1.14383,-7.35349
37.59133,0.26127,-1.06737,-7.36022
37.60137,0.08006,-1.07425,-7.19637
37.6114,-0.24137,-1.1154,-7.01247
37.62144,-0.43365,-1.04178,-6.91625
37.63148,-0.39235,-0.92686,-7.20804
37.64152,-0.30496,-0.87403,-7.37863
37.65155,-0.16206,-0.8661,-7.24216
37.66159,0.00449,-0.88346,-7.0421
37.67163,0.04325,-0.96501,-6.75569
37.68167,-0.16146,-1.02113,-6.56655
37.6917,-0.18271,-0.85638,-6.41362
37.70174,0.13018,-0.49545,-6.66321
37.71178,0.40701,0.06614,-6.98882
37.72182,0.40477,0.59227,-7.10375
37.73185,0.17193,0.7021,-7.41559
37.74189,-0.21712,0.27189,-7.80196
37.75193,-0.46866,-0.26546,-8.0942
37.76197,-0.46178,-0.47719,-8.46335
37.772,-0.13662,-0.26935,-8.93606
37.78204,0.07033,0.14051,-9.27229
37.79208,0.02005,0.7012,-9.36133
37.80212,-0.23104,1.15595,-9.36268
37.81216,-0.52822,1.03968,-9.52623
37.82219,-0.56339,0.56862,-9.71058
37.83286,-0.45969,-0.36796,-9.7435
37.8429,-0.23358,-1.25501,-9.86291
37.85293,0.0395,-1.64916,-9.80111
37.86297,0.20426,-1.44954,-9.3314
37.87301,-0.03142,-1.05988,-8.79719
37.88305,-0.48617,-0.82735,-8.40844
37.89308,-0.54737,-0.87209,-8.53443
37.90312,-0.19887,-0.85518,-9.20122
37.91316,0.18585,-0.75986,-10.17132
37.9232,0.56997,-0.6614,-10.93911
37.93323,0.64898,-0.46492,-11.29929
37.94327,0.13048,-0.60783,-11.00091
37.95331,-0.15951,-0.82196,-10.64118
37.96335,0.00494,-1.01634,-10.81012
37.97338,0.10953,-1.18303,-11.48618
37.98342,0.23044,-1.26653,-12.40556
37.99346,0.37604,-1.09355,-13.49192
38.0035,0.10654,-0.75537,-14.56408
38.01354,-0.75118,-0.6807,-15.04187
38.02357,-1.53648,-0.91488,-14.94266
38.03361,-1.66651,-1.2595,-14.6793
38.04365,-1.43173,-1.78248,-14.37209
38.05369,-1.03968,-2.33914,-14.09541
38.06372,-0.68205,-2.69916,-13.78746
38.07376,-0.58643,-2.72445,-13.59966
38.0838,-0.58838,-2.50299,-13.60894
38.09384,-0.6382,-2.23289,-13.73703
38.10387,-0.73592,-2.08774,-13.63857
38.11391,-0.65347,-1.90638,-13.46469
38.12395,-0.61456,-1.79954,-13.2528
38.13399,-0.67367,-1.80403,-13.0903
38.14402,-0.70599,-1.89067,-13.21435
38.15406,-0.72739,-2.07024,-13.28572
38.1641,-0.82331,-2.25698,-13.17769
38.17414,-0.81059,-2.40692,-13.11723
38.18417,-0.83154,-2.46797,-13.06441
38.19421,-0.73517,-2.33031,-12.93602
38.20425,-0.72784,-2.10585,-12.80165
38.21429,-0.7856,-1.87062,-12.64228
38.22432,-0.86745,-1.76363,-12.5736
38.23436,-0.85533,-1.72906,-12.61909
38.2444,-0.64389,-1.70826,-12.54023
38.25444,-0.40477,-1.66636,-12.27178
38.26447,-0.28282,-1.58317,-11.90337
38.27451,-0.31678,-1.40001,-11.60365
38.28455,-0.37065,-1.08338,-11.52224
38.29459,-0.33579,-0.72604,-11.22297
38.30463,-0.27653,-0.42841,-11.07139
38.31466,-0.14365,-0.3925,-10.96484
38.3247,0.09203,-0.48243,-10.86713
38.33474,0.41764,-0.62908,-10.81925
38.34478,0.49021,-0.70105,-10.71106
38.35481,0.35748,-0.61067,-10.5074
38.36485,0.21563,-0.45639,-10.35328
38.37489,0.17119,-0.27444,-10.18718
38.38493,0.16161,-0.13632,-10.02677
38.39496,0.31095,-0.11328,-9.95704
38.405,0.52613,-0.1052,-9.81308
38.41504,0.66439,-0.1637,-9.63846
38.42508,0.66843,-0.13707,-9.4773
38.43511,0.66634,-0.02065,-9.37674
38.44515,0.65631,0.07392,-9.39814
38.45519,0.65586,0.07407,-9.39559
38.46523,0.74116,0.04818,-9.39829
38.47526,0.83468,0.03382,-9.4957
38.4853,0.85473,0.06255,-9.44707
38.49534,0.87747,0.06464,-9.36911
38.50538,0.93524,0.07257,-9.27738
38.51542,0.96531,0.06838,-9.15962
38.52545,0.88496,0.01466,-9.06415
38.53549,0.87014,0.06404,-9.11742
38.54553,0.91174,0.11896,-9.25434
38.55557,0.9297,0.13348,-9.18251
38.5656,0.96037,0.16146,-9.11907
38.57564,0.97713,0.16804,-9.24551
38.58568,0.88675,0.08036,-9.42702
38.59572,0.7217,0.03187,-9.57696
38.60575,0.66274,0.06165,-9.67422
38.61579,0.66933,0.12405,-9.70175
38.62583,0.67666,0.15697,-9.64953
38.63587,0.6831,0.12345,-9.6021
38.6459,0.67217,0.03906,-9.62304
38.65594,0.65945,-0.0398,-9.62484
38.66598,0.62938,-0.1028,-9.61332
38.67602,0.59346,-0.08963,-9.54104
38.68605,0.62519,-0.04878,-9.57561
38.69609,0.66439,-0.019,-9.60434
38.70613,0.68025,-0.03142,-9.66689
38.71617,0.74086,-0.03487,-9.75637
38.72621,0.83004,-0.03546,-9.8891
38.73624,0.90127,-0.0603,-9.94836
38.74628,0.97294,-0.02424,-9.90167
38.75632,1.11645,0.03995,-9.79139
38.76636,1.26459,0.05297,-9.67557
38.77639,1.31696,0.02574,-9.6208
38.78643,1.362,0.11582,-9.68514
38.79647,1.35661,0.1854,-9.79827
38.80651,1.36036,0.26112,-9.92875
38.81654,1.34554,0.43754,-10.0139
38.82658,1.27686,0.432,-10.06148
38.83662,1.2167,0.24885,-10.0323
38.84666,1.18109,0.10145,-9.89658
38.85669,1.15595,0.02693,-9.7022
38.86673,1.07141,-0.04295,-9.62125
38.87677,0.91429,-0.14021,-9.68125
38.88681,0.83423,-0.18615,-9.81219
38.89684,0.77841,-0.20351,-10.04188
38.90688,0.68534,-0.27982,-10.18972
38.91692,0.61785,-0.29119,-10.17311
38.92696,0.61381,-0.28431,-10.00312
38.93699,0.54962,-0.28536,-9.7652
38.94703,0.37769,-0.36392,-9.53625
38.95707,0.2894,-0.51939,-9.10859
38.96711,0.29568,-0.60648,-8.77535
38.97715,0.37664,-0.66783,-8.53398
38.98718,0.47256,-0.69552,-8.46724
38.99722,0.48872,-0.81927,-8.53623
39.00726,0.46388,-0.95918,-8.68197
39.0173,0.42826,-0.95095,-8.85106
39.02733,0.2686,-1.05135,-9.07268
39.03737,0.17119,-1.04896,-9.28426
39.04741,0.26516,-0.99913,-9.52862
39.05745,0.25453,-1.03549,-9.69113
39.06748,0.25633,-1.05539,-9.99175
39.07752,0.12824,-1.12034,-10.28923
39.08756,-0.09218,-1.25157,-10.49214
39.0976,-0.07078,-1.2999,-10.57743
39.10763,0.02813,-1.2794,-10.56456
39.11767,0.20455,-1.24094,-10.47763
39.12771,0.25109,-1.30574,-10.23162
39.13775,0.23688,-1.27686,-9.95075
39.14778,0.24346,-1.07574,-9.75368
39.15782,0.2258,-1.08727,-9.56394
39.16786,0.1444,-1.10852,-9.36088
39.1779,0.15069,-1.05509,-9.29923
39.18794,0.25842,-1.02442,-9.34412
39.19797,0.30676,-0.97639,-9.51441
39.20801,0.26067,-0.96247,-9.71223
39.21805,0.11058,-0.87284,-9.89568
39.22809,0.00254,-0.81642,-10.04757
39.23812,-0.23044,-0.76839,-10.09755
39.24816,-0.42811,-0.82271,-10.06388
39.2582,-0.65347,-0.88585,-9.96512
39.26824,-0.80744,-0.93928,-9.97409
39.27827,-0.91444,-0.9909,-10.12568
39.28831,-1.05674,-0.96965,-10.22743
39.29835,-1.25322,-0.79487,-10.31257
39.30839,-1.35632,-0.50398,-10.38395
39.31842,-1.43323,-0.17747,-10.40176
39.32846,-1.47782,0.12989,-10.3241
39.3385,-1.44909,0.25872,-10.21441
39.34854,-1.37966,0.30122,-10.12179
39.35857,-1.35063,0.22835,-9.9714
39.36861,-1.3852,0.0832,-9.83942
39.37865,-1.4859,0.00524,-9.73228
39.38869,-1.57224,0.01197,-9.67587
39.39872,-1.61743,0.04399,-9.73991
39.40876,-1.67325,0.06973,-9.77732
39.4188,-1.76677,0.10894,-9.80216
39.42884,-1.7551,0.14949,-9.88461
39.43888,-1.72532,0.1453,-9.90376
39.44891,-1.68821,0.23733,-10.12343
39.45895,-1.60741,0.25798,-10.29282
39.46899,-1.72921,0.08335,-10.28459
39.47903,-1.8992,-0.15802,-10.00687
39.48906,-2.00021,-0.34267,-9.60943
39.4991,-1.99721,-0.30691,-9.42088
39.50914,-2.03597,-0.09682,-9.518
39.51918,-2.1075,0.12061,-9.73722
39.52921,-2.14401,0.30706,-10.02647
39.53925,-2.17289,0.37754,-10.26409
39.54929,-2.3339,0.28252,-10.33741
39.55933,-2.50568,0.1637,-10.2623
39.56936,-2.63557,0.1236,-10.12448
39.5794,-2.65143,0.15009,-9.99953
39.58944,-2.56464,0.21817,-9.85992
39.59948,-2.44538,0.30571,-9.88162
39.60951,-2.38058,0.39609,-9.93728
39.61955,-2.40677,0.40387,-9.94506
39.62959,-2.48578,0.42482,-9.90661
39.63963,-2.5615,0.4742,-9.77119
39.64967,-2.57856,0.54184,-9.5982
39.6597,-2.45615,0.54752,-9.52743
39.66974,-2.21823,0.48108,-9.56977
39.67978,-1.97432,0.33713,-9.6642
39.68982,-1.84174,0.21204,-9.80081
39.69985,-1.78712,0.16864,-9.8044
39.70989,-1.75989,0.13767,-9.57366
39.71993,-1.72757,0.1631,-9.31045
39.72997,-1.60412,0.20815,-9.11502
39.74,-1.44804,0.17747,-9.04724
39.75004,-1.34419,0.14679,-9.11128
39.76008,-1.23795,0.19677,-9.22246
39.77012,-1.12273,0.27264,-9.38258
39.78016,-1.00137,0.3081,-9.55526
39.79019,-0.90621,0.27922,-9.61362
39.80023,-0.86401,0.23029,-9.66794
39.81027,-0.89753,0.20919,-9.73452
39.8203,-0.91518,0.26546,-9.83344
39.83034,-0.87239,0.33354,-9.86187
39.84038,-0.83692,0.36018,-9.82835
39.85042,-0.845,0.3515,-9.75907
39.86046,-0.8661,0.32651,-9.6398
39.87049,-0.83034,0.29733,-9.59985
39.88053,-0.73158,0.27578,-9.66345
39.89057,-0.67636,0.27982,-9.77972
39.90061,-0.61112,0.28506,-9.97948
39.91064,-0.59062,0.20396,-10.04921
39.92068,-0.60873,0.14335,-10.04577
39.93072,-0.63057,0.14245,-9.9301
39.94076,-0.63865,0.13422,-9.73393
39.95079,-0.58838,0.15458,-9.61885
39.96083,-0.53974,0.14216,-9.62694
39.97087,-0.46822,0.09846,-9.71687
39.98091,-0.36601,0.09382,-9.80231
39.99094,-0.25798,0.09876,-9.84017
40.00098,-0.18241,0.06464,-9.88895
40.01102,-0.11971,-0.02903,-9.93504
40.02106,-0.10011,-0.20815,-9.87638
40.03109,-0.09532,-0.13677,-9.81877
40.04113,-0.04833,-0.06629,-9.68051
40.05117,0.03516,-0.13856,-9.53236
40.06121,0.13991,-0.27204,-9.38108
40.07124,0.16909,-0.37469,-9.35699
40.08128,0.15173,-0.37948,-9.32167
40.09132,0.25214,-0.33474,-9.28576
40.10136,0.34237,-0.32531,-9.24835
40.1114,0.37469,-0.3714,-9.28382
40.12143,0.38981,-0.42093,-9.41146
40.13147,0.39878,-0.45969,-9.57292
40.14151,0.38143,-0.47465,-9.73063
40.15155,0.34312,-0.50039,-9.80276
40.16158,0.33728,-0.52657,-9.80605
40.17162,0.3313,-0.42347,-9.79393
40.18166,0.37589,-0.29194,-9.80949
40.1917,0.42692,-0.25094,-9.81832
40.20173,0.40746,-0.29987,-9.92935
40.21177,0.35883,-0.29643,-10.15725
40.22181,0.30197,-0.23299,-10.27681
40.23185,0.23508,-0.21847,-10.26185
40.24188,0.19692,-0.26665,-10.13136
40.25192,0.15113,-0.39669,-10.00686
40.26196,0.09322,-0.46208,-9.96422
40.272,0.04175,-0.39938,-10.02078
40.28204,-0.0009,-0.26127,-10.21815
40.29207,-0.02619,-0.14979,-10.58731
40.30211,-0.15727,-0.11477,-10.95003
40.31215,-0.2903,-0.06584,-11.12451
40.32219,-0.39025,-0.02783,-11.31275
40.33222,-0.4751,0.02185,-11.58509
40.34226,-0.51775,0.04983,-11.80132
40.3523,-0.41495,0.05222,-11.97625
40.36234,-0.32112,0.00434,-12.11077
40.37237,-0.28895,-0.11732,-12.15267
40.38241,-0.31199,-0.21323,-12.18409
40.39245,-0.39863,-0.09726,-12.41887
40.40249,-0.75747,0.27653,-13.08461
40.41252,-0.91937,0.77901,-14.21602
40.42256,-1.02023,1.21625,-15.30748
40.4326,-1.3017,1.46839,-15.77016
40.44264,-1.54217,1.76288,-15.57009
40.45267,-1.60082,1.81735,-14.99593
40.46271,-1.55488,1.75704,-14.25343
40.47275,-1.49129,1.71096,-13.47651
40.48279,-1.59678,1.52077,-12.89322
40.49282,-1.75256,1.35362,-12.70393
40.50286,-1.70258,1.37143,-12.36022
40.5129,-1.32354,1.56356,-12.26759
40.52294,-0.82435,1.77889,-12.51599
40.53298,-0.77707,1.68492,-12.39508
40.54301,-1.12513,1.49473,-12.09132
40.55305,-1.65035,1.37367,-11.70495
40.56309,-2.16376,1.30589,-10.99717
40.57313,-2.53202,1.18423,-10.14214
40.58316,-2.98751,1.09984,-9.5596
40.5932,-3.31417,1.02921,-9.43809
40.60324,-3.4077,0.87418,-9.75413
40.61328,-3.08104,0.98626,-10.17386
40.62331,-2.63661,1.15296,-10.39547
40.63335,-2.23663,1.18498,-10.44755
40.64339,-1.86269,0.95244,-10.14618
40.65343,-1.6529,0.47121,-9.61033
40.66346,-1.79266,-0.12315,-9.1243
40.6735,-1.9833,-0.68444,-8.68931
40.68354,-2.06545,-1.0931,-8.47727
40.69358,-2.05273,-1.21536,-8.38898
40.70361,-1.95726,-1.1959,-8.52919
40.71365,-1.86703,-1.20324,-8.97856
40.72369,-1.9613,-1.12782,-9.23444
40.73373,-2.20057,-1.10208,-9.19598
40.74377,-2.38029,-1.49219,-9.34232
40.7538,-2.30906,-1.8808,-9.51575
40.76384,-2.04136,-2.01008,-10.1164
40.77388,-1.46959,-1.4865,-10.78932
40.78392,-0.85443,-0.70045,-11.47646
40.79395,-0.65047,-0.34252,-12.43249
40.80399,-0.5348,-0.54184,-13.09075
40.81403,-0.60648,-0.88511,-13.20642
40.82407,-0.77662,-0.99733,-12.55609
40.8341,-0.73637,-1.02771,-11.63836
40.84414,-0.69626,-1.04477,-11.0054
40.85418,-0.69776,-0.92551,-10.59524
40.86422,-0.64913,-0.4754,-10.31676
40.87425,-0.84141,0.12151,-10.74189
40.88429,-0.93643,0.20066,-11.55352
40.89433,-0.82091,-0.01601,-12.08683
40.90437,-0.62818,-0.36841,-12.16599
40.91441,-0.57461,-0.78814,-11.80626
40.92444,-0.67277,-1.20309,-11.03936
40.93448,-0.9695,-1.69405,-10.27591
40.94452,-1.07275,-2.06231,-9.40592
40.95455,-0.97025,-1.97851,-8.27765
40.96459,-0.80251,-1.75211,-7.39359
40.97463,-0.64449,-1.59319,-6.9583
40.98467,-0.54812,-1.54127,-6.91071
40.99471,-0.43604,-1.43787,-7.00124
41.00474,-0.28177,-1.09834,-7.00035
41.01478,-0.27354,-0.71392,-7.14041
41.02482,-0.28551,-0.55067,-7.50732
41.03486,-0.27937,-0.63686,-7.83966
41.04489,-0.1655,-0.79383,-8.38794
41.05493,0.06734,-0.87074,-8.76442
41.06497,0.43874,-0.92461,-8.85615
41.07501,0.66708,-0.81148,-8.12263
41.08504,0.47465,-0.56354,-6.93645
41.09508,0.27384,-0.49126,-5.82419
41.10512,-0.12914,-0.5565,-5.38217
41.11516,-0.54408,-0.73697,-5.89004
41.12519,-0.61336,-0.96037,-6.90772
41.13523,-0.55082,-1.08846,-7.76245
41.14527,0.41614,-1.64123,-8.61868
41.15593,0.41614,-1.64123,-8.61868
41.16597,0.41614,-1.64123,-8.61868
41.17601,0.71901,-1.62342,-8.09091
41.18605,0.90187,-1.57,-7.46123
41.19608,1.06362,-1.45956,-7.00663
41.20612,1.16268,-1.29646,-6.65543
41.21616,1.15415,-1.12079,-6.34299
41.2262,1.24169,-0.99733,-6.26652
41.23624,1.29167,-0.88541,-6.37875
41.24627,1.14188,-0.7829,-6.49248
41.25631,0.99853,-0.90127,-6.75704
41.26635,0.79517,-1.18094,-7.11242
41.27639,0.68205,-1.40674,-7.39704
41.28642,0.64973,-1.48785,-7.52662
41.29646,0.62728,-1.35557,-7.47215
41.3065,0.48049,-1.21012,-7.34496
41.31654,0.2885,-1.24962,-7.40736
41.32657,0.17882,-1.32534,-7.57346
41.33661,0.15188,-1.43637,-7.84355
41.34665,0.06509,-1.62297,-8.06502
41.35669,-0.00958,-1.7738,-8.36953
41.36672,-0.05297,-1.8808,-8.63589
41.37676,-0.03636,-1.9622,-8.67015
41.3868,-0.16026,-2.12755,-8.48131
41.39684,-0.31603,-2.3312,-8.25296
41.40688,-0.38532,-2.50134,-8.06337
41.41691,-0.47226,-2.62105,-7.90057
41.42695,-0.60169,-2.81019,-7.68658
41.43699,-0.73053,-3.02882,-7.51764
41.44702,-0.89079,-3.18698,-7.56493
41.45706,-0.96875,-3.22708,-7.699
41.4671,-1.00691,-3.18025,-7.88051
41.47714,-1.03295,-3.10094,-7.99559
41.48717,-1.00601,-3.04602,-7.99993
41.49721,-0.95424,-3.01699,-8.00412
41.50725,-0.98013,-2.90656,-8.02581
41.51729,-1.0334,-2.76291,-8.13954
41.52733,-0.99988,-2.6001,-8.40544
41.53736,-0.92641,-2.49117,-8.66372
41.5474,-0.88391,-2.39435,-8.82817
41.55744,-0.85727,-2.27404,-8.97781
41.56748,-0.87867,-2.14251,-9.06235
41.57751,-0.86655,-1.97791,-9.07956
41.58755,-0.86116,-1.8597,-9.02135
41.59759,-0.76405,-1.84294,-8.82578
41.60763,-0.5176,-1.78862,-8.56181
41.61766,-0.28491,-1.69165,-8.28543
41.6277,-0.09876,-1.57509,-8.03479
41.63774,0.01212,-1.47393,-7.83622
41.64778,0.11372,-1.34749,-7.67566
41.65781,0.27848,-1.16508,-7.4946
41.66785,0.58059,-0.92296,-7.19203
41.67789,0.98716,-0.73861,-6.93885
41.68793,1.21177,-0.75073,-6.64122
41.69796,1.10941,-0.99359,-6.3602
41.708,0.61127,-1.42994,-6.14232
41.71804,0.06315,-1.88633,-6.06795
41.72808,-0.33519,-2.15837,-6.3807
41.73812,-0.53585,-2.12964,-6.60785
41.74815,-0.42198,-1.90923,-6.70032
41.75819,-0.2903,-1.75734,-6.7705
41.76823,-0.38322,-1.72457,-6.74117
41.77827,-0.56758,-1.83935,-6.79055
41.7883,-0.81657,-1.81406,-7.00753
41.79834,-0.85697,-1.59574,-7.27807
41.80838,-0.87179,-1.19112,-7.44806
41.81842,-1.00766,-0.78201,-7.43983
41.82908,-1.17061,-0.44891,-7.45046
41.83912,-0.97459,-0.4555,-7.66414
41.84916,-0.83603,-0.40806,-7.85852
41.85982,-0.75567,-0.23284,-7.91867
41.86986,-0.73038,-0.2279,-7.88426
41.8799,-0.8887,-0.26845,-7.73462
41.88993,-0.9288,-0.19962,-7.50867
41.89997,-0.79532,-0.20231,-7.37983
41.91001,-0.58957,-0.48632,-7.30845
41.92005,-0.31813,-0.92117,-7.1431
41.93008,-0.35883,-1.30289,-7.09192
41.94012,-0.67711,-1.58721,-7.11332
41.95016,-0.94317,-1.79176,-7.19383
41.9602,-1.02397,-1.80149,-7.24605
41.97023,-0.94361,-1.45807,-7.25922
41.98027,-0.93434,-0.94691,-7.19802
41.99031,-0.7832,-0.55216,-7.01935
42.00035,0.10953,-0.18346,-6.96204
42.01039,0.83378,-0.15742,-7.44971
42.02042,0.82675,-0.46103,-8.15256
42.03046,0.42063,-0.93928,-8.69484
42.0405,-0.18765,-1.43413,-8.94115
42.05054,-0.60139,-1.70108,-8.95237
42.06057,-0.56309,-2.08879,-8.94264
42.07061,-0.33579,-2.33869,-9.90287
42.08065,0.36497,-2.18531,-11.19409
42.09069,1.01275,-1.91267,-11.7883
42.10072,1.23406,-1.43742,-11.69074
42.11076,0.92222,-1.35811,-10.87865
42.1208,0.23433,-1.67295,-10.40161
42.13084,-0.40163,-1.73999,-9.96736
42.14087,-0.97908,-1.49548,-9.64564
42.15091,-1.13784,-1.21566,-9.88611
42.16095,-0.60319,-1.27551,-10.60152
42.17099,0.10924,-1.52975,-11.28357
42.18102,0.6207,-1.81346,-11.70166
42.19106,0.63566,-1.9182,-11.5815
42.2011,0.47719,-1.61758,-11.19499
42.21114,0.28296,-0.95514,-10.67051
42.22117,0.09547,-0.34117,-9.98337
42.23121,0.09996,-0.03531,-9.96527
42.24125,0.32621,0.01751,-10.58462
42.25129,0.59212,-0.0193,-11.56579
42.26133,0.62623,-0.06809,-13.0695
42.27136,0.48827,-0.2291,-14.12684
42.2814,0.30212,-0.38427,-14.2886
42.29144,0.12001,-0.49395,-14.04334
42.30148,-0.03187,-0.53899,-13.70157
42.31151,-0.11477,-0.61351,-13.91315
42.32155,-0.287,-1.08652,-14.61615
42.33159,-0.84201,-1.72383,-14.76684
42.34163,-1.19097,-1.94394,-14.69112
42.35166,-1.03699,-1.85117,-14.49884
42.3617,-0.99509,-1.70826,-14.00114
42.37174,-0.98147,-1.54381,-13.70127
42.38178,-0.84141,-1.50939,-13.73838
42.39181,-0.80475,-1.57913,-14.05785
42.40185,-0.87942,-1.83037,-14.65221
42.41189,-0.92401,-2.16361,-15.02736
42.42193,-0.8055,-2.4147,-15.14766
42.43196,-0.59511,-2.61552,-14.97094
42.442,-0.46926,-2.71547,-14.37658
42.45204,-0.3934,-2.76096,-13.81709
42.46208,-0.29179,-2.78101,-13.26956
42.47211,-0.08679,-2.74854,-12.68283
42.48215,0.10145,-2.66924,-12.27911
42.49219,0.16251,-2.56494,-11.95664
42.50223,0.11088,-2.46453,-11.49501
42.51227,0.13722,-2.34003,-11.16192
42.5223,0.30361,-2.21494,-10.93701
42.53234,0.60139,-2.1277,-10.30629
42.54301,0.60139,-2.1277,-10.30629
42.55304,0.56982,-2.03657,-10.04397
42.56308,0.5158,-1.81735,-9.82042
42.57312,0.51834,-1.57509,-9.68051
42.58316,0.49545,-1.38879,-9.47805
42.59319,0.51251,-1.28045,-9.38467
42.60323,0.5387,-1.22763,-9.52234
42.61327,0.54064,-1.19201,-9.59641
42.62331,0.53825,-1.16987,-9.58967
42.63334,0.59541,-1.17735,-9.48762
42.64338,0.63252,-1.18139,-9.3522
42.65342,0.61755,-1.22972,-9.17757
42.66346,0.52777,-1.33372,-9.00384
42.67349,0.46552,-1.37143,-9.02599
42.68353,0.40971,-1.29152,-9.11218
42.69357,0.38382,-1.16568,-9.17757
42.70361,0.32501,-1.09161,-9.28217
42.71365,0.29613,-1.10328,-9.354
42.72368,0.2894,-1.16209,-9.3724
42.73372,0.28656,-1.17495,-9.39141
42.74376,0.28057,-1.08876,-9.43016
42.7538,0.22835,-1.03744,-9.49944
42.76383,0.15772,-1.00347,-9.56768
42.77387,0.13752,-0.95588,-9.56992
42.78391,0.13048,-0.89573,-9.59461
42.79395,0.12809,-0.91324,-9.65581
42.80398,0.11208,-0.98895,-9.71806
42.81402,0.08305,-1.04103,-9.80306
42.82406,0.06569,-1.01978,-9.8288
42.8341,0.1245,-0.89364,-9.70684
42.84413,0.25947,-0.78305,-9.66674
42.85417,0.2897,-0.87239,-9.83403
42.86421,0.31559,-1.03878,-9.61392
42.87425,0.26995,-1.0524,-9.42732
42.88428,0.43664,-0.93134,-9.35968
42.89432,0.56383,-0.73412,-9.23907
42.90436,0.43021,-0.57072,-9.30896
42.9144,0.27384,-0.53196,-9.40353
42.92443,0.13318,-0.53271,-9.43824
42.93447,0.25648,-0.33324,-9.5578
42.94451,0.5571,-0.06434,-9.98981
42.95455,0.69252,-0.1224,-10.33697
42.96458,0.51056,-0.48647,-10.38605
42.97462,0.19333,-0.87239,-10.11864
42.98466,0.10265,-1.00826,-9.81114
42.9947,0.06554,-0.90157,-9.53012
43.00474,0.10669,-0.7217,-9.58055
43.01477,0.07078,-1.06961,-8.42924
43.02481,0.20994,-1.08293,-8.58351
43.03485,1.11211,-1.23047,-9.03602
43.04489,1.05899,-1.51478,-9.02614
43.05492,0.68983,-1.7958,-9.43226
43.06496,0.49814,-1.93092,-9.9298
43.075,0.19124,-1.68836,-9.86321
43.08504,-0.60573,-1.58302,-9.43779
43.09507,-0.86625,-1.38071,-9.36537
43.10511,-0.79458,-1.02711,-9.39111
43.11515,-0.72559,-0.73307,-9.45246
43.12519,-0.67756,-0.63012,-9.6223
43.13522,-0.62653,-0.69522,-9.88057
43.14526,-0.54842,-0.70315,-10.0766
43.1553,-0.44098,-0.6189,-10.15665
43.16534,-0.41779,-0.49231,-10.21157
43.17538,-0.48168,-0.39385,-10.23656
43.18541,-0.55216,-0.33504,-10.16009
43.19545,-0.60289,-0.34761,-9.9937
43.20549,-0.60648,-0.48976,-9.8273
43.21553,-0.48079,-0.73472,-9.73393
43.22556,-0.34312,-0.99569,-9.68589
43.2356,-0.21682,-1.16583,-9.67287
43.24564,-0.18286,-1.31487,-9.61287
43.25568,-0.17837,-1.37682,-9.59192
43.26571,-0.0612,-1.33806,-9.58564
43.27575,-0.01811,-1.28015,-9.65791
43.28579,-0.07392,-1.22478,-9.83314
43.29583,-0.10415,-1.09789,-10.07046
43.30586,-0.08499,-1.00272,-10.38784
43.3159,-0.04429,-0.93284,-10.50202
43.32594,0.07766,-0.83767,-10.38171
43.33598,0.2674,-0.73906,-10.19646
43.34601,0.4109,-0.67352,-10.11475
43.35605,0.52927,-0.61456,-10.19137
43.36609,0.71976,-0.57581,-10.47987
43.37613,0.91144,-0.5586,-10.94838
43.38616,1.15819,-0.61755,-11.27864
43.3962,1.47588,-0.79054,-11.49621
43.40624,1.84443,-0.95993,-11.37874
43.41628,2.33943,-1.03819,-10.86863
43.42632,2.52753,-1.31726,-10.15785
43.43635,2.59442,-1.43532,-9.8478
43.44639,2.87394,-1.36649,-9.7848
43.45643,3.08538,-1.20638,-9.83119
43.46647,3.12982,-1.00811,-10.00537
43.4765,3.04752,-0.80161,-10.00342
43.48654,3.00128,-0.52732,-9.70564
43.49658,3.11471,-0.205,-9.37554
43.50662,3.17666,0.0012,-9.11188
43.51665,3.14793,0.02708,-8.90448
43.52669,2.99589,-0.08185,-8.9389
43.53673,2.71936,-0.23882,-9.2075
43.54677,2.32103,-0.34357,-9.55526
43.55681,1.96654,-0.23987,-9.63741
43.56684,1.6327,0.03666,-9.66629
43.57688,1.3849,0.30661,-9.65178
43.58692,1.12617,0.33833,-9.6419
43.59696,0.89857,0.34252,-9.50468
43.60699,0.67891,0.3512,-9.45695
43.61703,0.42826,0.25049,-9.414
43.62707,0.05881,0.02499,-9.44587
43.63711,-0.46103,-0.249,-9.47805
43.64714,-0.88331,-0.4136,-9.52862
43.65718,-1.26728,-0.44113,-9.53596
43.66722,-1.46735,-0.41225,-9.46338
43.67726,-1.59708,-0.43126,-9.46159
43.68729,-1.75495,-0.54528,-9.52817
43.69733,-1.91491,-0.62713,-9.55466
43.70737,-2.03777,-0.67771,-9.59731
43.71741,-2.21913,-0.62638,-9.58878
43.72744,-2.35769,-0.54109,-9.60599
43.73748,-2.4551,-0.48797,-9.62424
43.74752,-2.52469,-0.45864,-9.65552
43.75756,-2.49266,-0.42946,-9.78091
43.7676,-2.39944,-0.43155,-9.89523
43.77763,-2.29813,-0.51071,-9.98891
43.78767,-2.22885,-0.63461,-10.00193
43.79771,-2.16361,-0.69148,-9.9904
43.80775,-2.07832,-0.70255,-9.91439
43.81778,-2.04914,-0.6807,-9.84032
43.82782,-2.00455,-0.65137,-9.84376
43.83786,-1.97342,-0.58149,-9.96557
43.8479,-1.95068,-0.52583,-10.23686
43.85793,-1.87631,-0.50338,-10.47403
43.86797,-1.84428,-0.49665,-10.61484
43.87801,-1.83246,-0.43335,-10.69131
43.88805,-1.85251,-0.33968,-10.75296
43.89808,-1.88214,-0.25334,-10.80204
43.90812,-1.74313,-0.12809,-10.86264
43.91816,-1.71604,-0.05207,-10.8408
43.9282,-1.58421,0.02649,-10.71091
43.93823,-1.37278,0.1046,-10.56217
43.94827,-1.20339,0.1236,-10.36465
43.95831,-0.98836,0.14979,-10.20618
43.96835,-0.93254,0.05013,-10.16309
43.97839,-0.81119,0.00973,-10.14767
43.98842,-0.71242,-0.00105,-10.10787
43.99846,-0.63327,0.07347,-9.99235
44.0085,-0.50712,0.21832,-10.06148
44.01854,-0.24181,0.28012,-10.04338
44.02857,0.08874,0.30302,-9.98053
44.03861,0.37275,0.167,-9.77089
44.04865,0.51909,-0.04325,-9.53042
44.05869,0.6394,-0.19348,-9.26227
44.06872,0.81373,-0.25453,-8.90748
44.07876,0.86161,-0.3114,-8.55867
44.0888,0.91728,-0.45834,-8.46724
44.09884,1.07799,-0.59212,-8.40604
44.10887,1.26384,-0.6415,-8.4243
44.11891,1.39447,-0.63117,-8.5687
44.12895,1.40704,-0.56563,-8.81036
44.13899,1.37966,-0.4733,-9.12655
44.14903,1.39387,-0.33758,-9.44872
44.15906,1.41931,-0.27892,-9.5979
44.1691,1.47378,-0.34656,-9.55062
44.17914,1.51508,-0.41554,-9.49436
44.18918,1.48515,-0.4739,-9.49361
44.19921,1.36993,-0.56773,-9.55451
44.20925,1.27776,-0.60543,-9.62664
44.21929,1.22194,-0.53256,-9.67497
44.22933,1.19306,-0.40238,-9.90556
44.23936,1.23092,-0.32142,-10.10982
44.2494,1.24543,-0.32531,-10.22848
44.25944,1.24753,-0.34043,-10.20454
44.26948,1.26608,-0.28835,-9.96796
44.27951,1.26923,-0.22012,-9.73213
44.28955,1.16508,-0.1848,-9.58399
44.29959,0.99165,-0.18046,-9.53745
44.30963,0.87643,-0.17089,-9.74335
44.31966,0.90486,-0.06853,-9.96048
44.3297,0.89034,0.03561,-10.06073
44.33974,0.92057,0.03307,-10.06148
44.34978,0.92715,-0.04848,-10.13944
44.35982,0.90276,-0.11462,-10.3633
44.36985,0.89184,-0.23044,-10.51818
44.37989,0.81373,-0.22865,-10.62008
44.38993,0.75791,-0.15458,-10.72348
44.39997,0.65437,-0.05806,-10.95377
44.41,0.50173,0.08829,-11.28148
44.42004,0.44263,0.24735,-11.62849
44.43008,0.49395,0.27518,-11.84157
44.44012,0.5164,0.22296,-12.06453
44.45015,0.65182,0.04803,-12.31802
44.46019,0.48258,-0.14111,-12.573
44.47023,0.18076,-0.15398,-12.86943
44.48027,-0.04923,0.0407,-13.43925
44.4903,-0.22072,0.39459,-14.30715
44.50034,-0.40447,0.80266,-14.99459
44.51038,-0.33833,1.11839,-15.28458
44.52042,-0.23777,1.31636,-15.22802
44.53045,-0.16236,1.42335,-14.90989
44.54049,-0.13004,1.29721,-14.26016
44.55053,-0.31948,1.10956,-14.31089
44.56057,-0.60199,1.06991,-14.76878
44.5706,-0.79577,1.13755,-15.13569
44.58064,-0.9089,1.16747,-15.27845
44.59068,-1.14787,1.22628,-14.93099
44.60072,-1.11241,1.48321,-14.56722
44.61076,-0.9686,1.54246,-14.0191
44.62079,-0.81867,1.41078,-13.30817
44.63083,-0.82091,1.12662,-12.60128
44.64087,-0.84635,0.80251,-12.01725
44.65091,-0.73128,0.52164,-11.73982
44.66094,-0.73966,0.28087,-11.41331
44.67098,-0.83618,-0.01257,-10.87042
44.68102,-0.90082,-0.40881,-10.49633
44.69106,-0.75417,-0.73293,-9.96736
44.70109,-0.48887,-0.81238,-9.19867
44.71113,-0.26097,-0.84231,-8.65399
44.72117,-0.01751,-0.87044,-8.50914
44.73121,0.18346,-0.69432,-8.54027
44.74125,0.18016,-0.66349,-8.72971
44.75128,-0.22296,-0.804,-8.90044
44.76132,-0.56294,-0.91458,-8.88713
44.77136,-0.60858,-1.04761,-8.99008
44.78139,-0.20695,-1.00527,-9.48852
44.79143,0.31633,-0.54588,-9.97634
44.80147,1.05076,0.12974,-10.14019
44.81151,1.5067,0.63252,-10.06852
44.82155,1.60965,0.86535,-10.01001
44.83158,1.49727,0.6608,-10.01644
44.84162,1.28808,0.38621,-9.85768
44.85166,1.08053,0.27758,-9.45021
44.8617,1.01559,0.29374,-9.10694
44.87173,0.9921,0.37335,-8.68018
44.88177,1.17256,0.2264,-8.1343
44.89181,0.92461,-0.08574,-8.25416
44.90185,0.18555,-0.46238,-9.43286
44.91189,-0.17702,-0.71691,-10.48406
44.92192,-0.04459,-0.21398,-10.85396
44.93196,0.25498,0.82854,-10.43214
44.942,0.58344,1.65784,-9.55182
44.95203,0.91204,1.87227,-9.30102
44.96207,1.32624,2.14939,-9.50962
44.97211,0.97519,2.05647,-9.3516
44.98215,0.61262,1.73654,-8.6073
44.99219,-0.18765,0.83842,-7.80659
45.00222,-1.321,-0.2478,-7.45824
45.01226,-1.83231,-1.12213,-7.11512
45.0223,-1.96369,-1.61145,-6.7714
45.03234,-1.71604,-1.55429,-6.34089
45.04237,-1.10552,-1.38475,-6.07678
45.05241,-0.65526,-1.1136,-5.91921
45.06245,-0.43545,-0.74939,-5.69551
45.07249,-0.43021,-0.54663,-5.64343
45.08252,-0.62354,-0.45714,-5.93956
45.09256,-0.75717,-0.39444,-6.4196
45.1026,-0.81193,-0.58823,-7.06679
45.11264,-0.82555,-0.87014,-7.87707
45.12267,-0.71557,-0.9924,-8.4448
45.13271,-0.59541,-0.86281,-8.60476
45.14275,-0.5559,-0.7645,-8.80632
45.15279,-0.50533,-0.87882,-9.1885
45.16282,-0.51341,-1.09714,-9.49735
45.17286,-0.54947,-1.30035,-9.70564
45.1829,-0.45116,-1.29227,-9.52698
45.19294,-0.06913,-1.17705,-9.14405
45.20298,0.43649,-1.07365,-8.96554
45.21301,0.72455,-1.12468,-8.85406
45.22305,0.73233,-1.32639,-9.03542
45.23309,0.57536,-1.52615,-9.76355
45.24313,0.60828,-1.33447,-9.94342
45.25316,0.81059,-0.80819,-9.33544
45.2632,0.80759,-0.495,-8.82802
45.27324,0.68848,-0.53121,-8.53922
45.28328,0.67935,-0.44816,-8.22214
45.29331,0.90306,0.0416,-7.76889
45.30335,1.28614,0.41958,-7.43878
45.31339,1.42335,0.42602,-7.35199
45.32343,1.18124,0.1459,-7.4304
45.33346,0.9065,-0.2065,-7.46273
45.3435,0.80625,-0.28581,-7.49669
45.35354,0.93449,-0.17193,-7.54907
45.36358,1.0958,-0.20291,-7.76559
45.37362,0.97683,-0.46866,-8.12383
45.38365,0.75971,-0.78335,-8.54191
45.39369,0.56728,-1.06766,-8.59474
45.40373,0.39684,-1.18797,-8.23785
45.41377,0.32112,-1.15311,-7.86061
45.4238,0.38128,-1.14757,-7.75272
45.43384,0.34387,-1.31995,-7.87154
45.44388,0.10145,-1.53199,-8.03509
45.45392,-0.1242,-1.70632,-8.16737
45.46395,-0.33459,-2.00604,-8.41906
45.47399,-0.65556,-2.29903,-8.58591
45.48403,-0.927,-2.44343,-8.4228
45.49407,-1.05061,-2.43101,-8.09958
45.50411,-1.08188,-2.29619,-7.86735
45.51414,-1.14607,-2.18636,-7.80585
45.52418,-1.20428,-2.20641,-7.78804
45.53422,-1.2161,-2.21823,-7.72893
45.54426,-1.06318,-2.06246,-7.75093
45.55429,-0.85099,-1.83366,-7.90057
45.56433,-0.71168,-1.68178,-8.07594
45.57437,-0.59242,-1.61309,-8.20957
45.58441,-0.52508,-1.5682,-8.20283
45.59444,-0.56578,-1.57763,-8.17859
45.60448,-0.59825,-1.58182,-8.07579
45.61452,-0.61202,-1.50356,-7.83158
45.62456,-0.72873,-1.39732,-7.4328
45.63459,-0.85682,-1.22239,-7.13622
45.64463,-0.83483,-1.12034,-6.83545
45.65467,-0.79697,-1.28209,-6.71244
45.66471,-0.76121,-1.40525,-6.77679
45.67474,-0.75163,-1.48216,-6.81584
45.68478,-0.75223,-1.47169,-6.76796
45.69482,-0.84096,-1.45343,-6.48978
45.70486,-0.91877,-1.23406,-6.17569
45.7149,-0.83243,-1.0114,-6.04805
45.72493,-0.76166,-0.9285,-6.19889
45.73497,-0.64853,-0.92042,-6.44744
45.74501,-0.5556,-0.83019,-6.50385
45.75504,-0.5571,-0.65676,-6.35795
45.76508,-0.78126,-0.51221,-6.25261
45.77512,-1.04492,-0.36751,-6.26877
45.78516,-1.04582,-0.20111,-6.27849
45.7952,-1.00646,-0.2276,-6.34598
45.80523,-0.89169,-0.43904,-6.45866
45.81527,-0.62414,-0.61666,-6.71843
45.82531,-0.26202,-0.58568,-7.0192
45.83535,-0.0621,-0.2891,-7.18186
45.84538,-0.11043,0.01915,-7.15208
45.85542,-0.4522,0.14964,-7.3891
45.86546,-0.81493,0.1019,-7.67057
45.8755,-0.60184,-0.0609,-7.93229
45.88554,-0.06928,-0.21787,-8.27197
45.89557,0.39295,-0.30347,-8.84134
45.90561,0.62294,-0.42677,-9.1683
45.91565,0.52298,-0.52672,-9.10066
45.92569,0.12809,-0.60409,-8.75859
45.93572,-0.19632,-0.69761,-8.42041
45.94576,-0.23493,-0.77901,-7.62613
45.9558,-0.1869,-0.89678,-6.71214
45.96584,0.04384,-0.61097,-6.7521
45.97587,0.48333,-0.31334,-7.61476
45.98591,0.45909,-0.07018,-8.60326
45.99595,0.27758,0.2689,-9.16845
46.00599,0.43335,0.59556,-9.71956
46.01602,0.59032,0.60184,-10.37213
46.02606,0.45131,0.14605,-10.72258
46.0361,0.48079,-0.43335,-11.09697
46.04614,0.67367,-0.5773,-11.60754
46.05617,0.90082,-0.27848,-11.99585
46.06621,0.89214,-0.03891,-11.9963
46.07625,0.38217,0.26127,-11.73802
46.08629,-0.3322,0.32337,-11.34567
46.09632,-0.76839,0.24945,-11.40867
46.10636,-0.75103,0.09083,-11.83678
46.1164,-0.62623,0.02065,-12.35303
46.12644,-0.44173,0.04265,-13.08147
46.13648,-0.19917,0.24451,-13.84896
46.14651,-0.04893,0.53495,-14.5765
46.15655,-0.30825,0.62728,-14.83492
46.16659,-0.60558,0.28012,-14.02164
46.17663,-0.763,-0.12659,-12.76139
46.18666,-0.69402,-0.48632,-11.42872
46.1967,-0.53944,-0.72874,-10.55828
46.20674,-0.33668,-1.00257,-10.48885
46.21678,-0.25588,-1.3201,-10.8381
46.22681,-0.21982,-1.28209,-11.36408
46.23685,-0.12899,-1.02397,-11.69627
46.24689,-0.05701,-0.63761,-11.63522
46.25693,-0.22535,-0.39908,-11.64719
46.26696,-0.51071,-0.56114,-11.45461
46.277,-0.42811,-0.82765,-11.10221
46.28704,-0.23942,-1.06841,-10.94375
46.29708,-0.26456,-1.26833,-10.99058
46.30711,-0.49321,-1.43727,-11.29629
46.31715,-0.79248,-1.51897,-11.58629
46.32719,-1.03025,-1.56311,-11.60395
46.33723,-1.22493,-1.46301,-11.65482
46.34727,-1.35991,-1.26653,-11.67787
46.3573,-1.32893,-1.15341,-11.63507
46.36734,-1.10208,-1.1956,-11.54903
46.37738,-0.90366,-1.35198,-11.63238
46.38742,-0.91593,-1.42305,-11.87763
46.39745,-1.05225,-1.43398,-12.15716
46.40749,-1.15969,-1.41797,-12.38221
46.41753,-1.19456,-1.38894,-12.45209
46.42757,-1.15341,-1.27461,-12.2028
46.4376,-0.96202,-1.13141,-12.01979
46.44764,-0.73337,-0.94017,-11.85115
46.45768,-0.61561,-0.70973,-11.56235
46.46772,-0.46777,-0.57536,-11.40628
46.47775,-0.36317,-0.54214,-11.4805
46.48779,-0.33908,-0.61441,-11.64944
46.49783,-0.42183,-0.73502,-11.77409
46.50787,-0.48288,-0.78171,-11.75763
46.51791,-0.40986,-0.76719,-11.60559
46.52794,-0.22116,-0.65601,-11.42184
46.53798,0.01077,-0.51655,-11.16207
46.54802,0.13527,-0.46702,-10.95632
46.55805,0.15203,-0.43545,-10.88838
46.56809,0.17493,-0.44442,-10.86728
46.57813,0.22401,-0.53855,-10.82972
46.58817,0.28282,-0.63611,-10.79336
46.59821,0.33519,-0.72649,-10.77421
46.60824,0.29942,-0.826,-10.68517
46.61828,0.26217,-0.84321,-10.46326
46.62832,0.24765,-0.76525,-10.26215
46.63836,0.32217,-0.66843,-10.19676
46.64839,0.33309,-0.5791,-10.22249
46.65843,0.3922,-0.53705,-10.33053
46.66847,0.46747,-0.52119,-10.39667
46.67851,0.51056,-0.50248,-10.27876
46.68854,0.50607,-0.53361,-10.11146
46.69858,0.58344,-0.66768,-9.96407
46.70862,0.65691,-0.80445,-9.91963
46.71866,0.62444,-0.82959,-9.93683
46.7287,0.49919,-0.75163,-9.95434
46.73873,0.37783,-0.50922,-9.97858
46.74877,0.25738,-0.22969,-9.909
46.75881,0.20007,0.01047,-9.80276
46.76884,0.18809,0.15832,-9.63277
46.77888,0.26606,0.27548,-9.34382
46.78892,0.37993,0.2273,-9.61452
46.79896,0.36272,0.11253,-9.67213
46.809,0.4971,0.03771,-9.80575
46.81903,0.54722,-0.07452,-9.9322
46.82907,0.50069,-0.28476,-9.90721
46.83911,0.47809,-0.3506,-9.69577
46.84915,0.52762,-0.20066,-9.41535
46.85918,0.63057,-0.01796,-9.17398
46.86922,0.74624,0.05806,-9.00699
46.87926,0.82076,0.03681,-8.93696
46.8893,0.77243,-0.19453,-8.81336
46.89933,0.71392,-0.50607,-8.70188
46.90937,0.64464,-0.71766,-8.76128
46.91941,0.58598,-0.82301,-8.82368
46.92945,0.60648,-0.78769,-9.09856
46.93949,0.68594,-0.6388,-9.35654
46.94952,0.94421,-0.47181,-9.54793
46.95956,1.0512,-0.3313,-9.6006
46.9696,0.93134,-0.22401,-9.5379
46.97963,0.76854,-0.30152,-9.55646
46.98967,0.63117,-0.51296,-9.5394
46.99971,0.67995,-0.79143,-9.51141
47.00975,0.8037,-1.13156,-9.46712
47.01979,0.93763,-1.45433,-9.41699
47.02982,1.08757,-1.55773,-9.43465
47.03986,1.23286,-1.50296,-9.6636
47.0499,1.26623,-1.26593,-9.88177
47.05994,1.13111,-1.02008,-9.87429
47.06997,1.1341,-0.99718,-9.73273
47.08001,1.21326,-1.03624,-9.4984
47.09005,1.17256,-1.10373,-9.36986
47.10009,0.99763,-1.22718,-9.3709
47.11012,0.80281,-1.22359,-9.55077
47.12016,0.76794,-1.08368,-9.91589
47.1302,0.7449,-0.90531,-10.05744
47.14024,0.64868,-0.69477,-10.08109
47.15027,0.61022,-0.57042,-9.94866
47.16031,0.53346,-1.06931,-9.95045
47.17035,0.10654,-1.69225,-10.20379
47.18039,-0.1037,-1.47617,-10.20678
47.19043,0.15054,-1.02741,-10.01435
47.20046,0.3521,-0.80744,-9.88611
47.2105,0.30137,-0.83079,-9.9925
47.22054,0.36766,-0.75522,-10.26783
47.23058,0.2472,-0.80894,-10.54766
47.24061,0.17029,-0.82645,-10.53883
47.25065,0.1863,-0.71916,-10.27352
47.26069,0.17044,-0.65332,-9.63098
47.27073,0.03472,-0.70195,-9.18565
47.28076,-0.13348,-0.67487,-9.01417
47.2908,-0.12599,-0.64913,-8.96224
47.30084,-0.00778,-0.63282,-9.08106
47.31088,0.04414,-0.62369,-9.23144
47.32091,0.00823,-0.62578,-9.26586
47.33095,-0.10355,-0.67516,-9.23189
47.34099,-0.36527,-0.77078,-9.12266
47.35103,-0.56234,-0.88675,-8.88578
47.36106,-0.59167,-1.04686,-8.66402
47.3711,-0.59436,-1.18962,-8.52545
47.38114,-0.64209,-1.30424,-8.60895
47.39118,-0.71706,-1.41572,-8.98649
47.40122,-0.86296,-1.39522,-9.30836
47.41125,-1.16253,-1.27162,-9.56558
47.42129,-1.49563,-1.25681,-9.81608
47.43133,-1.75136,-1.26444,-9.84526
47.44136,-2.01936,-1.32833,-9.81249
47.4514,-2.13892,-1.50087,-9.82042
47.46144,-2.09148,-1.60307,-9.73572
47.47148,-2.04809,-1.69749,-9.85169
47.48152,-2.06216,-1.79116,-10.01973
47.49155,-2.14476,-1.83516,-10.18314
47.50159,-2.273,-1.81091,-10.24628
47.51163,-2.37924,-1.72816,-10.23057
47.52167,-2.41036,-1.5917,-10.24838
47.5317,-2.374,-1.58661,-10.26783
47.54174,-2.31624,-1.66906,-10.17251
47.55178,-2.14416,-1.73909,-9.95689
47.56182,-1.94664,-1.79475,-9.80485
47.57185,-1.80373,-1.82543,-9.77149
47.58189,-1.74552,-1.7943,-9.74515
47.59193,-1.69854,-1.77066,-9.67243
47.60197,-1.75405,-1.77784,-9.52428
47.612,-1.76468,-1.75734,-9.43615
47.62204,-1.71784,-1.68327,-9.47879
47.63208,-1.66232,-1.64272,-9.59865
47.64212,-1.57,-1.63135,-9.75218
47.65215,-1.49039,-1.60651,-9.86606
47.66219,-1.43787,-1.57105,-9.95644
47.67223,-1.38699,-1.4865,-9.98397
47.68227,-1.27895,-1.38505,-9.96108
47.69231,-1.13261,-1.29197,-9.97499
47.70234,-1.08906,-1.26339,-10.00028
47.71238,-1.07664,-1.24454,-10.02736
47.72242,-1.04417,-1.16508,-10.0546
47.73246,-0.99838,-1.12498,-10.08453
47.74249,-0.99,-1.14069,-10.00507
47.75253,-0.96142,-1.1579,-9.89718
47.76257,-0.85249,-1.13336,-9.79962
47.77261,-0.83902,-1.08742,-9.70594
47.78264,-0.80325,-1.08472,-9.68679
47.79268,-0.69088,-1.09415,-9.6612
47.80272,-0.59316,-1.10986,-9.58593
47.81276,-0.53002,-1.11136,-9.51979
47.82279,-0.48931,-1.11196,-9.455
47.83283,-0.43485,-1.11585,-9.41669
47.84287,-0.38247,-1.07724,-9.50274
47.85291,-0.37604,-1.00871,-9.67871
47.86294,-0.38547,-0.95978,-9.83239
47.87298,-0.37754,-0.93598,-9.89299
47.88302,-0.37754,-0.90591,-9.87533
47.89306,-0.36826,-0.91578,-9.85588
47.90309,-0.32501,-0.9083,-9.8267
47.91313,-0.31439,-0.89049,-9.74709
47.92317,-0.40821,-0.86087,-9.85094
47.93321,-0.41869,-0.8037,-9.90511
47.94325,-0.44562,-0.79143,-9.96018
47.95328,-0.39025,-0.75073,-9.9316
47.96332,-0.34791,-0.71287,-9.82999
47.97336,-0.28401,-0.7642,-9.79273
47.9834,-0.27174,-0.82465,-9.78944
47.99343,-0.25917,-0.84186,-9.74261
48.00347,-0.26306,-0.79996,-9.71881
48.01351,-0.24556,-0.74071,-9.79243
48.02355,-0.249,-0.75283,-9.86815
48.03358,-0.23927,-0.80236,-9.88252
48.04362,-0.27084,-0.81059,-9.85977
48.05366,-0.25738,-0.79802,-9.83718
48.0637,-0.18929,-0.77048,-9.80081
48.07373,-0.1034,-0.81283,-9.79049
48.08377,-0.05297,-0.87179,-9.75323
48.09381,-0.11163,-0.89798,-9.77223
48.10385,-0.11163,-0.84381,-9.80889
48.11388,-0.0624,-0.76899,-9.84795
48.12392,-0.03427,-0.76599,-9.87055
48.13396,-0.00688,-0.78635,-9.78525
48.144,0.01362,-0.78784,-9.73378
48.15404,-0.00868,-0.78275,-9.7453
48.16407,-0.02424,-0.75791,-9.77732
48.17411,0.01032,-0.7627,-9.82281
48.18415,0.06434,-0.76405,-9.84301
48.19419,0.08589,-0.79592,-9.7848
48.20422,0.06913,-0.80266,-9.70385
48.21426,0.07946,-0.75597,-9.65656
48.2243,0.14081,-0.72065,-9.67736
48.23434,0.13767,-0.76195,-9.71597
48.24437,0.09981,-0.76495,-9.72285
48.25441,0.09592,-0.73517,-9.76774
48.26445,0.12555,-0.66634,-9.81832
48.27449,0.12779,-0.64509,-9.82281
48.28452,0.10909,-0.62384,-9.81802
48.29456,0.12749,-0.60274,-9.88147
48.3046,0.12435,-0.54992,-9.85034
48.31464,0.12076,-0.53017,-9.79468
48.32467,0.17193,-0.52328,-9.73782
48.33471,0.24211,-0.54393,-9.69427
48.34475,0.28042,-0.58299,-9.67542
48.35479,0.28341,-0.60903,-9.67901
48.36482,0.27623,-0.63895,-9.67886
48.37486,0.22954,-0.63925,-9.66779
48.3849,0.21967,-0.63312,-9.64175
48.39494,0.23867,-0.60768,-9.66345
48.40498,0.2478,-0.60199,-9.68365
48.41501,0.23673,-0.57955,-9.76999
48.42505,0.21757,-0.55351,-9.79633
48.43509,0.19004,-0.54932,-9.82027
48.44513,0.12166,-0.53286,-9.82775
48.45516,0.11791,-0.51311,-9.82565
48.4652,0.12749,-0.49545,-9.83703
48.47524,0.10909,-0.47764,-9.84436
48.48528,0.11118,-0.48617,-9.84675
48.49531,0.07796,-0.49006,-9.85289
48.50535,-0.00569,-0.47974,-9.73916
48.51539,-0.0606,-0.39474,-9.64504
48.52543,0.00853,-0.34043,-9.60838
48.53546,0.04474,-0.42692,-9.65746
48.5455,0.04175,-0.47959,-9.73871
48.55554,0.00658,-0.44278,-9.8071
48.56558,0.01856,-0.41659,-9.79423
48.57561,0.00943,-0.39549,-9.70101
48.58565,0.00269,-0.33788,-9.63008
48.59569,0.06,-0.37634,-9.64639
48.60573,0.07108,-0.43515,-9.69771
48.61576,0.06584,-0.4356,-9.76595
48.6258,0.05162,-0.39085,-9.85259
48.63584,0.02903,-0.39819,-9.79498
48.64588,-0.00614,-0.35868,-9.64803
48.65592,0.00449,-0.38188,-9.70265
48.66595,0.05312,-0.45909,-9.65896
48.67599,0.07213,-0.45954,-9.69562
48.68603,0.09173,-0.41375,-9.70086
48.69607,0.04265,-0.38771,-9.66599
48.7061,0.02873,-0.35195,-9.65327
48.71614,0.03038,-0.31828,-9.63187
48.72618,0.04968,-0.36452,-9.59835
48.73622,0.05507,-0.37589,-9.65252
48.74625,0.05596,-0.34013,-9.74964
48.75629,0.00928,-0.32277,-9.81069
48.76633,-0.04923,-0.30272,-9.90945
48.77637,0.00524,-0.28431,-9.92516
48.7864,-0.01437,-0.26516,-9.88745
48.79644,-0.019,-0.28117,-9.87114
48.80648,-0.02514,-0.31065,-9.87952
48.81652,-0.05746,-0.30332,-9.81638
48.82655,-0.08095,-0.28461,-9.75817
48.83659,-0.07587,-0.26995,-9.73632
48.84663,-0.03831,-0.28925,-9.73722
48.85667,-0.05701,-0.32142,-9.76101
48.8667,-0.09038,-0.33908,-9.7661
48.87674,-0.08829,-0.3292,-9.77971
48.88678,-0.09951,-0.30706,-9.78346
48.89682,-0.15173,-0.29464,-9.86067
48.90686,-0.14859,-0.2704,-9.99489
48.91689,-0.15188,-0.27189,-10.04906
48.92693,-0.16415,-0.27204,-10.0944
48.93697,-0.15188,-0.2472,-10.05011
48.94701,-0.15069,-0.23568,-9.96542
48.95704,-0.1025,-0.24316,-9.909
48.96708,-0.0211,-0.28551,-9.8671
48.97712,-0.02215,-0.3503,-9.84181
48.98716,-0.01362,-0.39325,-9.77867
48.99719,0.04205,-0.37813,-9.73886
49.00723,0.04519,-0.35404,-9.70714
49.01727,0.00569,-0.35479,-9.59791
49.02731,0.00165,-0.35449,-9.52174
49.03734,0.03741,-0.38083,-9.5376
49.04738,0.06689,-0.38487,-9.57471
49.05742,0.03427,-0.39295,-9.61616
49.06746,0.00314,-0.35374,-9.65731
49.07749,-0.03531,-0.30227,-9.70594
49.08753,-0.05716,-0.30332,-9.76864
49.09757,-0.03726,-0.3304,-9.80605
49.10761,-0.05956,-0.34102,-9.83718
49.11764,-0.13707,-0.32292,-9.86261
49.12768,-0.16909,-0.29868,-9.87099
49.13772,-0.13617,-0.26845,-9.87593
49.14776,-0.13557,-0.27324,-9.88072
49.1578,-0.16445,-0.28626,-9.89643
49.16783,-0.1878,-0.26471,-9.89149
49.17787,-0.17089,-0.23882,-9.88566
49.18791,-0.17403,-0.23942,-9.83433
49.19795,-0.17897,-0.27204,-9.83463
49.20798,-0.15054,-0.28745,-9.80605
49.21802,-0.12225,-0.27683,-9.74021
49.22806,-0.07811,-0.23448,-9.73602
49.2381,-0.04908,-0.23553,-9.75966
49.24813,-0.04893,-0.27937,-9.75338
49.25817,-0.07407,-0.26142,-9.72255
49.26821,-0.05088,-0.22191,-9.68499
49.27825,-0.02649,-0.23194,-9.64414
49.28828,-0.02933,-0.23523,-9.67243
49.29832,0.00224,-0.22939,-9.69367
49.30836,0.0193,-0.23987,-9.68993
49.3184,0.03591,-0.27848,-9.68589
49.32843,0.08814,-0.30825,-9.63292
49.33847,0.07916,-0.31244,-9.61451
49.34851,0.04968,-0.32127,-9.66479
49.35855,0.04265,-0.28371,-9.72824
49.36858,0.02843,-0.2665,-9.78181
49.37862,0.0603,-0.27982,-9.81174
49.38866,0.04654,-0.29509,-9.85334
49.3987,0.03726,-0.27638,-9.86665
49.40874,0.01167,-0.27429,-9.8475
49.41877,-0.03202,-0.25588,-9.83837
49.42881,-0.04699,-0.27129,-9.79049
49.43885,-0.05671,-0.27563,-9.74201
49.44889,-0.0425,-0.28117,-9.70564
49.45892,-0.03801,-0.29389,-9.726
49.46896,-0.04923,-0.29134,-9.77253
49.479,-0.06659,-0.29374,-9.82565
49.48904,-0.12016,-0.30631,-9.87459
49.49907,-0.1049,-0.30765,-9.86097
49.50911,-0.11073,-0.30975,-9.78585
49.51915,-0.11028,-0.32741,-9.69682
49.52919,-0.10056,-0.32681,-9.67392
49.53922,-0.12989,-0.33085,-9.69113
49.54926,-0.13916,-0.32576,-9.76281
49.5593,-0.12974,-0.32636,-9.82595
49.56934,-0.15517,-0.32756,-9.8267
49.57938,-0.18211,-0.31394,-9.81264
49.58941,-0.18839,-0.31095,-9.77702
49.59945,-0.15398,-0.32172,-9.75428
49.60949,-0.15562,-0.34536,-9.73004
49.61952,-0.1453,-0.34791,-9.67437
49.62956,-0.13333,-0.3506,-9.67901
49.6396,-0.1016,-0.36916,-9.66554
49.64964,-0.1031,-0.35,-9.66749
49.65968,-0.09397,-0.35105,-9.72704
49.66971,-0.08619,-0.37484,-9.74859
49.67975,-0.12091,-0.40372,-9.75098
49.68979,-0.12046,-0.36646,-9.7643
49.69983,-0.11956,-0.32142,-9.75263
49.70986,-0.12031,-0.30661,-9.7664
49.7199,-0.09996,-0.32277,-9.79917
49.72994,-0.06449,-0.3506,-9.84226
49.73998,-0.0832,-0.35329,-9.87892
49.75001,-0.10968,-0.33743,-9.909
49.76005,-0.11926,-0.34147,-9.8894
49.77009,-0.1028,-0.37754,-9.78061
49.78013,-0.09427,-0.36826,-9.66704
49.79016,-0.06419,-0.33878,-9.58653
49.8002,-0.09128,-0.3524,-9.58578
49.81024,-0.11387,-0.38876,-9.60284
49.82028,-0.13931,-0.42916,-9.65207
49.83032,-0.14545,-0.38981,-9.64953
49.84035,-0.13482,-0.33818,-9.67512
49.85039,-0.17747,-0.29,-9.72465
49.86043,-0.24316,-0.27249,-9.78435
49.87046,-0.21353,-0.25094,-9.86127
49.8805,-0.15368,-0.25259,-9.89105
49.89054,-0.15622,-0.24526,-9.84556
49.90058,-0.15652,-0.20949,-9.81204
49.91061,-0.12854,-0.16759,-9.79662
49.92065,-0.08948,-0.20036,-9.7661
49.93069,-0.03172,-0.25827,-9.7878
49.94073,0.02364,-0.28117,-9.84181
49.95077,0.01736,-0.27548,-9.86606
49.9608,-0.00823,-0.23897,-9.93055
49.97084,-0.00599,-0.21144,-9.93369
49.98088,-0.03726,-0.22505,-9.92322
49.99092,-0.03891,-0.24885,-9.98577
50.00095,-0.03561,-0.25289,-10.07226
50.01099,-0.04384,-0.25603,-10.09276
50.02103,-0.05896,-0.2692,-10.1378
50.03107,-0.14515,-0.28282,-10.31467
50.0411,-0.25349,-0.28356,-10.55155
50.05114,-0.38083,-0.25154,-10.8589
50.06118,-0.44218,-0.23104,-11.24631
50.07122,-0.57281,-0.22281,-11.75119
50.08125,-0.71362,-0.19049,-12.18484
50.09129,-0.77871,-0.14979,-12.42381
50.10133,-0.90561,-0.20426,-12.38371
50.11137,-1.12423,-0.2897,-12.36815
50.12141,-1.24528,-0.39145,-12.41842
50.13144,-1.29541,-0.50114,-12.54083
50.14148,-1.41467,-0.61441,-12.71366
50.15152,-1.49967,-0.6825,-12.76633
50.16155,-1.66651,-0.71302,-12.67655
50.17159,-1.8389,-0.85234,-12.64961
50.18163,-1.93437,-0.77692,-12.68792
50.19167,-2.19264,-0.62324,-13.07354
50.20171,-2.54803,-0.41599,-13.61612
50.21174,-2.76037,-0.20695,-14.09826
50.22178,-2.81394,-0.16834,-14.37494
50.23182,-2.55401,-0.2258,-14.2054
50.24186,-2.29933,-0.34521,-13.87096
50.25189,-2.21284,-0.47794,-13.59054
50.26193,-2.05557,-0.46148,-13.45766
50.27197,-1.95053,-0.26561,-13.3149
50.28201,-1.85566,0.03696,-13.31221
50.29204,-1.60367,0.30466,-13.44973
50.30208,-1.40345,0.52149,-13.42444
50.31212,-1.45627,0.24211,-13.01862
50.32216,-1.06587,0.0018,-12.636
50.33219,-0.34147,0.00838,-12.46601
50.34223,-0.0199,0.19812,-12.51285
50.35227,-0.03591,0.3316,-12.73566
50.36231,-0.03157,0.54034,-12.29228
50.37234,0.18585,0.53735,-11.62145
50.38238,0.35105,0.42392,-11.48379
50.39242,0.46971,0.54408,-11.9731
50.40246,0.62519,0.86505,-12.67505
50.41249,0.72544,1.20937,-12.8395
50.42253,0.90665,1.51867,-12.38057
50.43257,1.11615,1.57254,-11.86312
50.44261,1.37143,1.36754,-11.48409
50.45265,1.425,1.10118,-11.16701
50.46268,1.01903,0.84485,-10.96305
50.47272,0.74759,0.50159,-10.5071
50.48276,0.66693,0.14245,-9.75622
50.4928,0.46896,-0.12375,-9.35534
50.50283,0.61202,-0.09622,-8.96045
50.51287,0.70539,0.42018,-8.92184
50.52291,0.87658,0.95618,-9.22965
50.53295,1.26085,1.24154,-9.49555
50.54298,1.70273,1.2583,-9.6425
50.55302,2.2097,1.01005,-9.65611
50.56306,2.46423,0.44353,-8.91361
50.5731,2.11169,-0.41375,-8.23605
50.58313,1.46989,-1.46555,-8.01175
50.59317,0.84156,-2.29155,-7.25653
50.60321,-0.04803,-1.89516,-6.99825
50.61325,-0.13333,-1.32758,-6.38938
50.62328,0.1435,-0.6807,-6.25949
50.63332,0.09457,0.05372,-7.27119
50.64336,0.3093,0.48737,-8.08941
50.6534,0.84156,0.71347,-8.64262
50.66343,1.1133,0.73786,-9.67168
50.67347,1.00646,0.77812,-10.92833
50.68351,0.87119,1.04672,-10.9029
50.69355,0.78395,0.83917,-9.96093
50.70358,0.49814,0.05806,-9.6835
50.71362,0.49201,-0.43574,-8.08731
50.72366,0.59391,-0.65062,-6.51941
50.7337,0.32127,-0.99539,-5.70613
50.74373,-0.02888,-1.26773,-5.60857
50.75377,-0.34282,-1.37352,-5.93612
50.76381,-0.34686,-1.12468,-5.96201
50.77385,0.03651,-0.42377,-6.0066
50.78389,0.61711,0.42138,-6.46225
50.79392,1.00931,0.83378,-7.19757
50.80396,1.02756,0.71138,-7.84939
50.814,1.01769,0.42347,-8.23022
50.82404,1.14353,0.20007,-8.2157
50.83407,1.23735,0.14694,-7.71636
50.84411,1.28329,0.22999,-6.92209
50.85415,1.34,0.34192,-6.19051
50.86419,1.4669,0.44577,-5.87582
50.87422,1.45538,0.33818,-5.99343
50.88426,1.21117,0.0006,-6.26937
50.8943,1.04866,-0.23777,-6.50071
50.90434,1.07859,-0.38352,-6.59812
50.91437,1.24753,-0.4769,-6.62715
50.92441,1.40465,-0.51251,-6.72202
50.93445,1.30903,-0.6174,-6.96009
50.94449,1.17525,-0.744,-7.25009
50.95453,0.87807,-0.86969,-7.54323
50.96456,0.72215,-0.89199,-7.5772
50.9746,0.69192,-0.77707,-7.42202
50.98464,0.41001,-0.67487,-7.44821
50.99467,0.30047,-0.67472,-7.49819
51.00471,0.23673,-0.74564,-7.66638
51.01475,0.14904,-0.84171,-7.89503
51.02479,0.1432,-0.90665,-8.01668
51.03482,0.14949,-0.94137,-8.02402
51.04486,0.10684,-0.98925,-7.989
51.0549,0.04609,-1.04851,-7.98571
51.06494,0.01616,-1.12931,-8.05454
51.07498,-0.01332,-1.22763,-8.13789
51.08501,-0.08021,-1.26638,-8.18892
51.09505,-0.09756,-1.18857,-8.23201
51.10509,-0.06479,-1.0732,-8.33077
51.11513,0.0003,-0.96726,-8.43118
51.12516,0.04504,-0.86176,-8.63379
51.1352,0.05028,-0.80774,-8.77535
51.14524,0.0633,-0.78096,-8.69694
51.15528,0.03696,-0.72724,-8.60626
51.16531,-0.00419,-0.66753,-8.55344
51.17535,0.04025,-0.60962,-8.40245
51.18539,0.08125,-0.65796,-8.20583
51.19543,0.14006,-0.7654,-7.9893
51.20546,0.20081,-0.86236,-7.8247
51.2155,0.2255,-0.93868,-7.61835
51.22554,0.2068,-0.98506,-7.33314
51.23558,0.14575,-0.97369,-7.10315
51.24561,0.11762,-0.93987,-6.93256
51.25565,0.13647,-0.84964,-6.73668
51.26569,0.12884,-0.80475,-6.41077
51.27573,0.20291,-0.81493,-6.26188
51.28576,0.32561,-0.68788,-6.02501
51.2958,0.50293,-0.48138,-5.56308
51.30584,0.69761,-0.48318,-4.98742
51.31588,0.66679,-0.58493,-4.49422
51.32591,0.5372,-0.59586,-4.15768
51.33595,0.44188,-0.52972,-3.90285
51.34599,0.40208,-0.46103,-3.89387
51.35603,0.45759,-0.38921,-4.0667
51.36607,0.50578,-0.36242,-4.26243
51.3761,0.3497,-0.34267,-4.2934
51.38614,0.15487,-0.60858,-4.1288
51.39618,-0.01167,-0.98477,-4.22367
51.40622,-0.09547,-1.00048,-4.55257
51.41625,-0.00269,-0.82929,-4.68141
51.42629,0.01107,-0.87194,-4.55811
51.43633,-0.08754,-1.35871,-5.13392
51.44637,-0.39938,-1.28329,-5.22475
51.4564,-0.5984,-1.21491,-5.38905
51.46644,0.0832,-0.66873,-6.13709
51.47648,0.65137,-0.32052,-6.14337
51.48652,0.81687,-0.07497,-5.9855
51.49655,0.69088,0.19109,-5.48931
51.50659,0.5556,0.39983,-5.21577
51.51663,0.54348,0.54049,-5.21921
51.52667,0.6397,0.62369,-5.75132
51.5367,1.08113,0.60035,-7.58483
51.54674,1.40974,0.51685,-9.0616
51.55678,1.41378,0.49455,-9.84645
51.56682,1.54052,0.41375,-10.49184
51.57685,1.90563,0.37529,-11.08411
51.58689,2.1883,0.43634,-11.74775
51.59693,2.0442,0.5378,-12.11481
51.60697,2.08729,0.80281,-12.49668
51.617,1.95397,1.0319,-12.89756
51.62704,1.76273,1.08936,-13.96418
51.63708,1.75764,0.9505,-14.39603
51.64712,1.81615,0.81762,-14.24819
51.65716,1.65798,0.70883,-14.34636
51.66719,1.33162,0.43964,-14.47594
51.67723,1.1564,0.25438,-14.35952
51.68727,1.03968,0.02903,-14.58862
51.69731,1.29018,0.09711,-15.38634
51.70734,1.72263,0.26501,-15.97142
51.71738,1.57808,0.08679,-16.49425
51.72742,1.68312,-0.22012,-16.30571
51.73746,1.816,-0.52089,-15.52086
51.74749,1.72951,-0.68474,-14.53445
51.75753,1.59499,-0.60124,-14.21273
51.76757,1.93302,-0.24421,-14.52427
51.77761,1.81091,-0.20919,-14.75651
51.78764,2.07562,-0.28506,-15.83301
51.79768,2.51601,-0.599,-16.79263
51.80772,2.55446,-0.90875,-16.3524
51.81776,2.84581,-0.80655,-15.07793
51.82779,2.87678,-0.6186,-14.07402
51.83783,2.20147,-0.44921,-13.46918
51.84787,1.98973,-0.1257,-13.43641
51.85791,2.02475,0.3304,-13.67852
51.86794,2.11797,0.71796,-13.71294
51.87798,2.29574,0.95768,-13.55627
51.88802,2.29724,0.98177,-13.21315
51.89806,2.31115,0.85174,-12.71396
51.90809,2.33195,0.67262,-12.35258
51.91813,2.11423,0.52553,-12.10478
51.92817,1.72068,0.47121,-11.93973
51.93821,1.53768,0.46657,-11.90502
51.94824,1.53768,0.41779,-11.67862
51.95828,1.57254,0.30676,-11.09473
51.96832,1.66262,0.20919,-10.6111
51.97836,1.70048,0.18361,-10.34789
51.9884,1.66367,0.14305,-10.04263
51.99843,1.64571,0.14395,-9.9717
52.00847,1.64841,0.14605,-10.06702
52.01851,1.59693,0.09487,-10.25646
52.02855,1.56401,0.04878,-10.29746
52.03858,1.54606,0.03277,-10.19616
52.04862,1.59708,0.05626,-10.17596
52.05866,1.59738,0.03921,-10.2183
52.0687,1.59693,-0.00658,-10.076
52.07873,1.63285,-0.01781,-10.09874
52.08877,1.54202,-0.03202,-10.02108
52.09881,1.46076,-0.03906,-9.92277
52.10885,1.45702,-0.01242,-9.91723
52.11888,1.46869,0.06883,-9.8062
52.12892,1.53618,0.1254,-9.6425
52.13896,1.69046,0.17807,-9.60075
52.149,1.75196,0.15398,-9.64325
52.15903,1.77919,0.11193,-9.73452
52.16907,1.83501,0.09547,-9.75039
52.17911,1.91207,0.07961,-9.71343
52.18915,2.01801,0.09068,-9.61167
52.19918,1.94484,0.17059,-9.5165
52.20922,1.77231,0.17538,-9.49944
52.21926,1.75869,0.01032,-9.61616
52.2293,1.80687,-0.19109,-9.5596
52.23933,1.89471,-0.29972,-9.5192
52.24937,1.8775,-0.4145,-9.45156
52.25941,1.89965,-0.48647,-9.29279
52.26945,2.03163,-0.46612,-9.20421
52.27949,2.16241,-0.44562,-9.27409
52.28952,2.18097,-0.42826,-9.40697
52.29956,2.13159,-0.43021,-9.53895
52.3096,1.91835,-0.46477,-9.73363
52.31964,1.70377,-0.43604,-9.92247
52.32967,1.58975,-0.36886,-10.14064
52.33971,1.51284,-0.33833,-10.16773
52.34975,1.57538,-0.32845,-10.13376
52.35979,1.7979,-0.30481,-10.08318
52.36982,2.01981,-0.2258,-9.97035
52.37986,2.22481,-0.00269,-9.99848
52.3899,2.32821,0.15113,-10.10742
52.39994,2.3348,0.1866,-10.23342
52.40997,2.34422,0.10968,-10.39772
52.42001,2.28841,-0.13946,-10.70223
52.43005,2.05512,-0.5779,-10.66303
52.44009,1.84533,-0.85249,-10.46984
52.45012,1.74896,-0.85548,-10.46535
52.46016,1.61474,-0.68354,-10.54137
52.4702,1.44281,-0.52867,-10.37168
52.48024,1.34315,-0.38158,-10.26005
52.49027,1.26145,-0.27848,-10.29507
52.50031,1.17376,-0.05447,-10.28579
52.51035,1.0304,0.00449,-9.9325
52.52039,1.06273,-0.1637,-9.71762
52.53043,1.27147,-0.18316,-9.55601
52.54046,1.28434,0.03636,-9.37569
52.5505,1.22957,0.18241,-9.31015
52.56054,0.9686,0.2668,-9.50109
52.57058,0.42856,0.43874,-9.63367
52.58061,-0.0422,0.6382,-9.25105
52.59065,-0.39459,0.76914,-8.91137
52.60069,-0.68639,0.68534,-8.81934
52.61073,-1.06587,0.49365,-8.92738
52.62076,-1.48111,0.20246,-9.05846
52.6308,-1.66711,0.11357,-8.95297
52.64084,-1.59125,0.30631,-8.57513
52.65088,-1.78473,0.13063,-7.94875
52.66091,-2.12156,0.22371,-7.8853
52.67095,-2.26117,0.03831,-7.94695
52.68099,-2.5404,-0.23777,-7.86435
52.69103,-2.65846,-0.21697,-7.94531
52.70106,-2.83907,-0.53645,-7.88306
52.7111,-2.94861,-0.37335,-8.49702
52.72114,-2.43221,-0.07183,-9.07118
52.73118,-2.06156,0.10116,-9.24701
52.74121,-2.14865,0.39504,-9.68125
52.75125,-2.44433,0.37604,-10.32095
52.76129,-2.54414,0.16879,-10.71704
52.77133,-2.54144,0.08215,-10.85337
52.78136,-2.36652,0.1857,-10.82089
52.7914,-2.12291,0.21368,-10.76882
52.80144,-1.98569,0.0009,-10.80728
52.81148,-1.94664,-0.20171,-10.93088
52.82152,-2.04076,-0.40462,-10.91038
52.83155,-2.07517,-0.6177,-10.64208
52.84159,-2.00619,-0.7449,-10.42151
52.85163,-1.93317,-0.89094,-10.31018
52.86167,-2.02475,-1.13111,-10.1155
52.8717,-2.09732,-1.29945,-9.80874
52.88174,-1.97522,-1.21745,-9.77567
52.89178,-1.86987,-1.07964,-10.0335
52.90182,-1.8576,-1.01409,-10.48316
52.91185,-1.83441,-0.99808,-10.88135
52.92189,-1.92135,-0.97429,-11.14037
52.93193,-2.02535,-0.92446,-11.21579
52.94197,-2.0852,-0.88765,-11.15144
52.952,-2.08969,-0.85189,-10.92893
52.96204,-2.08939,-0.87807,-10.62562
52.97208,-2.09373,-0.8857,-10.37482
52.98212,-1.9803,-0.80909,-10.12897
52.99215,-1.97387,-0.82121,-9.99115
53.00219,-1.85251,-0.94451,-9.82371
53.01223,-1.67355,-1.03385,-9.54643
53.02227,-1.56641,-1.14293,-9.3739
53.0323,-1.45448,-1.23481,-9.3733
53.04234,-1.43787,-1.32534,-9.3715
53.05238,-1.44789,-1.43832,-9.33589
53.06242,-1.47947,-1.48022,-9.23144
53.07245,-1.51418,-1.47513,-9.1861
53.08249,-1.56566,-1.4045,-9.23189
53.09253,-1.62117,-1.31891,-9.22546
53.10257,-1.68701,-1.25456,-9.27529
53.1126,-1.60426,-1.22568,-9.40831
53.12264,-1.49054,-1.24708,-9.53835
53.13268,-1.44355,-1.25381,-9.6012
53.14272,-1.47213,-1.26953,-9.58369
53.15276,-1.55339,-1.2806,-9.59327
53.16279,-1.59828,-1.25426,-9.60898
53.17283,-1.57823,-1.24199,-9.50947
53.18287,-1.447,-1.23256,-9.41759
53.19291,-1.31561,-1.22598,-9.36148
53.20294,-1.23346,-1.23571,-9.32751
53.21298,-1.24214,-1.23915,-9.36297
53.22302,-1.26459,-1.21132,-9.34666
53.23306,-1.20503,-1.17136,-9.32646
53.24309,-1.13201,-1.14697,-9.34412
53.25313,-1.08562,-1.116,-9.40098
53.26317,-1.06198,-1.11031,-9.47999
53.27321,-1.03415,-1.13021,-9.4749
53.28324,-0.99314,-1.04986,-9.51441
53.29328,-0.99404,-0.97249,-9.68185
53.30332,-0.99135,-0.98102,-9.69442
53.31336,-0.93329,-1.05285,-9.57396
53.32339,-0.85877,-1.07919,-9.56918
53.33343,-0.82301,-1.10448,-9.54149
53.34347,-0.88391,-1.08951,-9.48313
53.35351,-0.87718,-1.06332,-9.39664
53.36354,-0.78769,-0.99329,-9.36342
53.37358,-0.72679,-0.97384,-9.34277
53.38362,-0.65212,-1.01619,-9.77478
53.39366,-0.55366,-1.20488,-9.36866
53.40369,-0.3114,-1.33267,-9.13732
53.41373,-0.03831,-1.49922,-9.29115
53.42377,0.01047,-1.39747,-9.65985
53.43381,-0.06704,-1.18468,-10.14423
53.44384,-0.32471,-1.12004,-10.06193
53.45388,-0.8685,-1.07589,-9.88162
