t,ax,ay,az
0.0,0.31065,-4.83659,-5.61126
0.01004,0.31065,-4.83659,-5.61126
0.02007,-0.01526,-4.76132,-6.58765
0.03011,-0.87882,-4.82731,-7.12021
0.04015,-1.58526,-5.02543,-7.53066
0.05018,-2.13952,-5.20155,-7.7219
0.06022,-2.57407,-5.2855,-7.86809
0.07025,-2.67492,-5.30331,-8.21376
0.08029,-2.42952,-5.44696,-8.59488
0.09033,-2.00559,-5.50083,-8.67569
0.10036,-1.51852,-5.51011,-8.92932
0.1104,-1.02173,-5.48362,-9.25808
0.12044,-0.7235,-5.43813,-9.52728
0.13047,-0.56234,-5.64687,-9.99415
0.14051,-0.30002,-5.93104,-10.57324
0.15054,-0.05447,-5.81492,-10.9433
0.16058,0.37978,-5.89827,-11.22087
0.17062,0.75013,-5.9882,-11.67577
0.18065,1.24693,-5.25004,-11.97355
0.19069,2.06425,-4.10082,-11.75583
0.20072,2.77069,-3.1361,-11.47271
0.21076,3.11531,-2.73912,-11.56459
0.2208,3.34724,-2.58334,-11.52254
0.23083,3.32076,-2.30412,-11.01707
0.24087,2.92227,-2.22332,-10.41313
0.25091,2.46274,-2.20431,-10.16877
0.26094,1.69674,-2.14491,-9.38542
0.27098,0.72709,-2.20401,-8.33332
0.28101,0.10789,-2.40168,-7.43819
0.29105,-0.24077,-2.50269,-6.82796
0.30109,-0.32397,-2.64529,-6.30363
0.31112,-0.29479,-3.05425,-6.09639
0.32116,-0.5164,-3.62871,-6.11449
0.33119,-0.87553,-4.17668,-6.43142
0.34123,-1.39432,-4.60465,-6.98613
0.35127,-1.38624,-5.02962,-7.71696
0.3613,-1.05569,-5.43678,-8.18278
0.37134,-0.54543,-5.5758,-8.54281
0.38138,-0.01092,-5.52941,-9.03751
0.39141,0.40253,-5.32426,-9.42702
0.40145,0.39774,-4.95016,-9.70594
0.41149,0.03846,-4.5014,-9.84376
0.42152,-0.33668,-4.18327,-9.87803
0.43156,-0.52149,-3.88684,-9.72375
0.44159,-0.60858,-3.54656,-9.40308
0.45163,-0.69881,-3.34724,-9.08839
0.46167,-0.8685,-3.54866,-8.84583
0.4717,-0.96995,-3.69365,-8.36429
0.48174,-0.69013,-3.58442,-7.72384
0.49178,-0.23628,-3.48491,-7.49894
0.50181,0.17178,-3.45184,-7.77173
0.51185,0.39774,-3.44466,-8.52321
0.52188,0.36975,-3.45154,-9.29713
0.53192,0.19707,-3.49778,-9.84062
0.54196,-0.09337,-3.53055,-10.17416
0.55199,-0.22146,-3.68767,-10.33876
0.56203,-0.21682,-3.88803,-10.27786
0.57206,-0.20201,-3.97587,-9.86112
0.5821,-0.18824,-3.89282,-9.41041
0.59214,0.13767,-3.93427,-9.31479
0.60217,0.43814,-4.14092,-9.39335
0.61221,0.80116,-4.43466,-9.54838
0.62225,1.11794,-4.65642,-9.68933
0.63228,1.30289,-4.73184,-9.8487
0.64232,1.22059,-4.69847,-9.69547
0.65235,0.99554,-4.62515,-9.23354
0.66239,0.81747,-4.4583,-8.8551
0.67243,0.77841,-4.27664,-8.63199
0.68246,0.77632,-4.16801,-8.8566
0.6925,0.57117,-4.0049,-9.25658
0.70254,0.32845,-3.84374,-9.19493
0.71257,0.25947,-3.72747,-8.96389
0.72261,0.16565,-3.60791,-8.58815
0.73264,0.10654,-3.53309,-8.09644
0.74268,0.10819,-3.52576,-7.7002
0.75272,0.09682,-3.66777,-7.56134
0.76275,0.13033,-3.62662,-7.58019
0.77279,0.21084,-3.64368,-7.9052
0.78283,0.16759,-3.69934,-8.11006
0.79286,0.12989,-3.676,-8.14567
0.8029,0.22341,-3.65924,-8.11515
0.81293,0.38996,-3.64487,-8.20687
0.82297,0.51011,-3.53324,-8.78687
0.83301,0.40761,-3.32959,-9.24267
0.84304,0.17957,-3.30759,-9.36208
0.85308,0.06404,-3.57933,-9.13732
0.86311,-0.00539,-3.85556,-9.0432
0.87315,-0.04773,-3.86574,-8.99382
0.88319,0.37754,-4.49975,-7.59321
0.89322,0.37754,-4.49975,-7.59321
0.90326,0.48333,-4.14556,-9.17308
0.91329,0.60962,-3.56497,-10.06073
0.92333,0.44397,-3.57005,-9.78705
0.93337,0.18944,-3.85227,-9.1668
0.9434,0.03142,-4.17339,-8.62197
0.95344,0.08425,-4.13239,-8.33362
0.96348,0.26456,-3.93038,-8.52949
0.97351,0.703,-3.75441,-9.24641
0.98355,1.17974,-3.53683,-9.93205
0.99358,1.37203,-3.04812,-10.42585
1.00362,0.78036,-2.705,-10.99911
1.01366,-0.55411,-2.96282,-11.93794
1.02369,-1.15954,-2.38657,-12.9037
1.03373,-1.01679,-2.49925,-13.17275
1.04377,-0.97654,-2.57616,-13.03822
1.0538,-1.07425,-2.63437,-12.23886
1.06384,-1.22838,-2.81259,-11.18481
1.07388,-1.26758,-2.84102,-10.71375
1.08391,-1.0539,-2.85868,-10.27127
1.09395,-0.56817,-2.89788,-9.9922
1.10398,0.06928,-3.00323,-9.85633
1.11402,0.58314,-3.05769,-9.66135
1.12406,0.67322,-2.84042,-10.03724
1.13409,0.54423,-2.76545,-11.15533
1.14413,0.3714,-2.84581,-12.4901
1.15417,0.36407,-2.79598,-13.39316
1.1642,0.55141,-2.77264,-13.79464
1.17424,0.69836,-2.88965,-13.82412
1.18427,0.63895,-3.08418,-13.49312
1.19431,0.43335,-3.23127,-13.08401
1.20435,0.32441,-3.27856,-13.0291
1.21438,0.40911,-3.32345,-13.36578
1.22442,0.51805,-3.28844,-13.86916
1.23445,0.55501,-3.22215,-14.3468
1.24449,0.54693,-3.31612,-14.17577
1.25453,0.42572,-3.50526,-13.47531
1.26456,0.3319,-3.57005,-12.80599
1.2746,0.48123,-3.42281,-12.25652
1.28464,0.76689,-3.33527,-11.79189
1.29467,1.22209,-3.49509,-11.47406
1.30471,1.64302,-3.46067,-11.20023
1.31474,1.91312,-3.14,-10.99866
1.32478,2.16211,-2.80526,-10.26589
1.33482,2.17049,-2.77802,-9.53551
1.34485,1.71634,-3.14448,-10.08677
1.35489,0.69312,-3.57529,-11.83289
1.36492,-0.4766,-3.89866,-13.8717
1.37496,-1.26803,-4.40204,-15.71704
1.385,-1.59259,-4.82836,-16.83228
1.39503,-1.48156,-4.80322,-16.78545
1.40507,-1.03699,-4.41506,-15.86383
1.41511,-0.16715,-3.818,-14.35129
1.42514,0.66185,-2.95085,-12.52078
1.43518,1.41632,-2.30188,-10.99732
1.44522,2.09418,-2.07069,-9.89359
1.45525,2.39704,-2.10959,-9.332
1.46529,2.26147,-2.13653,-9.02255
1.47532,1.88648,-2.46169,-8.68901
1.48536,1.7759,-3.11516,-8.61344
1.4954,1.34554,-3.34979,-8.57947
1.50543,0.87747,-3.55015,-8.36699
1.51547,0.60394,-3.48222,-7.83847
1.5255,0.58329,-3.1364,-7.35424
1.53554,0.71078,-2.85763,-7.32985
1.54558,1.01469,-2.73134,-7.38073
1.55561,1.32579,-2.538,-7.26969
1.56565,1.41797,-2.29529,-7.49774
1.57569,1.41886,-2.05557,-8.04886
1.58572,1.32684,-1.97462,-8.40499
1.59576,1.28883,-2.0011,-8.4867
1.60579,1.30484,-2.09328,-8.547
1.61583,1.26803,-2.26686,-8.54835
1.62587,1.22793,-2.44867,-8.36444
1.6359,1.23451,-2.49236,-7.83712
1.64594,1.25172,-2.42173,-7.29798
1.65598,1.29107,-2.31489,-6.9791
1.66601,1.30304,-2.24456,-6.68416
1.67605,1.21162,-2.18965,-6.44295
1.68608,1.15909,-2.15373,-6.33281
1.69612,1.05165,-2.13608,-6.40688
1.70616,0.91384,-2.0635,-6.5043
1.71619,0.76854,-1.92314,-6.55069
1.72623,0.65437,-1.93062,-6.43382
1.73627,0.5375,-2.21194,-6.19993
1.7463,0.30451,-2.43146,-6.03339
1.75634,0.04489,-2.62629,-6.16761
1.76637,-0.20096,-2.63572,-6.41003
1.77641,-0.37469,-2.56284,-6.62371
1.78645,-0.44951,-2.47695,-6.79011
1.79648,-0.4766,-2.51616,-7.0213
1.80652,-0.51969,-2.68869,-7.10838
1.81656,-0.5794,-2.76096,-7.00065
1.82659,-0.60274,-2.82097,-6.90996
1.83663,-0.53705,-2.74974,-6.84906
1.84666,-0.26291,-2.64215,-6.82512
1.8567,0.12181,-2.58454,-6.87525
1.86674,0.31978,-2.6426,-6.94797
1.87677,0.38412,-2.74271,-6.96398
1.88681,0.25184,-2.82576,-6.87929
1.89685,0.04414,-2.82276,-6.60141
1.90688,0.00075,-2.78191,-6.31276
1.91692,0.17074,-2.81498,-6.26114
1.92695,0.48318,-2.76141,-6.89395
1.93699,0.7,-2.70979,-7.76185
1.94703,0.71706,-2.68255,-8.1744
1.95706,0.60394,-2.6423,-8.30923
1.9671,0.50263,-2.64679,-8.17321
1.97714,0.50667,-2.77922,-7.83921
1.98717,0.54303,-2.89249,-7.63331
1.99721,0.60079,-2.87379,-7.60638
2.00724,0.66319,-2.86795,-7.70439
2.01728,0.6831,-2.91434,-7.77532
2.02732,0.68295,-2.9314,-7.62015
2.03735,0.70315,-3.01894,-7.42352
2.04739,0.75806,-2.99425,-7.38192
2.05743,0.96875,-2.94472,-7.21418
2.06746,1.66861,-3.00308,-6.80537
2.0775,1.95696,-2.8494,-7.15507
2.08753,1.9013,-2.76141,-7.77891
2.09757,1.76303,-3.0773,-8.40604
2.10761,1.28464,-3.39483,-9.02824
2.11764,0.67561,-3.63784,-9.40996
2.12768,0.31529,-3.8415,-9.87174
2.13772,0.28835,-4.07508,-9.96182
2.14775,0.5571,-4.42044,-9.17308
2.15779,0.91713,-4.31106,-8.48131
2.16782,1.14144,-3.56197,-8.18188
2.17786,1.26159,-2.71054,-8.16438
2.1879,1.4871,-2.34198,-8.51094
2.19793,1.66352,-2.4569,-8.96688
2.20797,1.70602,-2.61207,-9.41699
2.21801,1.76692,-2.88217,-9.98113
2.22804,1.67145,-3.03345,-10.47882
2.23808,1.39417,-2.79314,-10.56771
2.24811,1.21685,-2.41021,-10.26424
2.25815,1.04806,-1.92,-9.4152
2.26819,1.03863,-1.6499,-8.75949
2.27822,1.17017,-2.0424,-9.20331
2.28826,1.08218,-2.46438,-10.03006
2.2983,0.89902,-2.58304,-10.32514
2.30833,0.68474,-2.3722,-10.09006
2.31837,0.56937,-2.22586,-9.79288
2.3284,0.77288,-2.27344,-9.49451
2.33844,0.75732,-2.07473,-9.496
2.34848,0.57326,-1.71664,-9.96437
2.35851,0.44008,-1.63285,-10.71076
2.36855,-0.03053,-1.92269,-11.82376
2.37859,-0.03053,-1.92269,-11.82376
2.38862,-0.26082,-2.13488,-11.92462
2.39866,-0.37454,-2.32582,-11.06121
2.40869,-0.29568,-2.36787,-10.77615
2.41873,-0.24181,-2.3523,-10.40445
2.42877,-0.25842,-2.20446,-10.12972
2.4388,-0.30795,-1.92509,-9.67123
2.44884,-0.27503,-1.78323,-9.27798
2.45887,-0.19603,-1.76647,-9.02988
2.46891,-0.27503,-1.7973,-8.91092
2.47895,-0.45654,-1.84608,-8.93755
2.48898,-0.68684,-1.8802,-9.35729
2.49902,-1.0117,-1.92643,-9.92217
2.50906,-1.25711,-2.0216,-10.17685
2.51909,-1.47782,-2.04734,-10.24269
2.52913,-1.69076,-2.01233,-10.15246
2.53916,-1.79685,-2.01786,-9.90391
2.5492,-1.75211,-2.11408,-9.58459
2.55924,-1.57748,-2.2088,-9.15288
2.56927,-1.31502,-2.25758,-8.9413
2.57931,-1.06018,-2.2727,-8.91481
2.58935,-0.82286,-2.19114,-9.01073
2.59938,-0.67741,-2.06171,-9.06939
2.60942,-0.53451,-1.95606,-8.97167
2.61945,-0.39834,-1.8986,-8.8569
2.62949,-0.36601,-1.92165,-8.83041
2.63953,-0.43799,-2.00948,-8.93351
2.64956,-0.49889,-2.16152,-8.99891
2.6596,-0.51864,-2.29828,-9.01118
2.66964,-0.44083,-2.35155,-9.16695
2.67967,-0.23029,-2.29649,-9.16081
2.68971,-0.1254,-2.16286,-8.88877
2.69974,-0.1251,-2.12036,-8.752
2.70978,-0.07108,-2.12141,-8.73465
2.71982,-0.07168,-2.04151,-8.89221
2.72985,-0.08395,-1.94664,-9.21124
2.73989,-0.27892,-1.93466,-9.19553
2.74993,-0.37978,-2.07353,-9.19463
2.75996,-0.28311,-2.31849,-9.13373
2.77,-0.19004,-2.59711,-9.04275
2.78003,-0.19872,-2.78236,-8.97811
2.79007,-0.28386,-2.82127,-9.00953
2.80011,-0.37679,-2.77323,-9.14794
2.81014,-0.41913,-2.69482,-9.3311
2.82018,-0.40447,-2.6031,-9.36746
2.83022,-0.36766,-2.55895,-9.2696
2.84025,-0.30272,-2.48728,-9.17712
2.85029,-0.21997,-2.36023,-9.14795
2.86032,-0.17493,-2.20027,-9.30536
2.87036,-0.18869,-1.95472,-9.65462
2.8804,-0.1863,-1.71425,-9.98472
2.89043,-0.01751,-1.58825,-10.21142
2.90047,0.22221,-1.54815,-10.15516
2.91051,0.47076,-1.60412,-9.88641
2.92054,0.59286,-1.68971,-9.66943
2.93058,0.65586,-1.87646,-9.44812
2.94061,0.73637,-2.05228,-9.16874
2.95065,0.73921,-2.15792,-8.98783
2.96069,0.58194,-2.30562,-8.96733
2.97072,0.46103,-2.26611,-9.13298
2.98076,0.60199,-1.72502,-9.23025
2.9908,0.76884,-1.23316,-8.64022
3.00083,0.74849,-1.70318,-8.12158
3.01087,0.87658,-1.72966,-7.97883
3.0209,1.09984,-1.34853,-8.56017
3.03094,0.98402,-2.18396,-9.98801
3.04098,0.54827,-2.93888,-11.11373
3.05101,-0.24391,-3.2639,-11.55532
3.06105,-0.88152,-3.55748,-10.99118
3.07109,-1.14413,-3.53369,-9.88012
3.08112,-1.17032,-3.33886,-8.81425
3.09116,-1.06168,-3.10827,-8.01354
3.10119,-0.87837,-3.00547,-8.07295
3.11123,-0.7437,-2.94936,-8.64816
3.12127,-0.46462,-2.81349,-9.25164
3.1313,-0.30541,-2.35096,-9.89374
3.14134,0.23059,-1.32115,-11.66201
3.15138,1.0747,0.16056,-11.83559
3.16141,1.96773,0.53451,-9.2075
3.17145,2.27718,1.31726,-8.41023
3.18148,2.2501,1.39971,-8.98753
3.19152,1.71485,0.08739,-10.9623
3.20156,1.14592,-0.48946,-11.23225
3.21159,0.80041,-1.0717,-10.97442
3.22163,0.56383,-1.75196,-10.43243
3.23167,0.60439,-2.43625,-9.65043
3.2417,0.86206,-3.46052,-8.7107
3.25174,0.85922,-3.68034,-7.64768
3.26177,0.67442,-3.02044,-7.05511
3.27181,0.61112,-2.50598,-7.46407
3.28185,0.55201,-1.86583,-8.47742
3.29188,0.67112,-1.07275,-9.64968
3.30192,1.01858,-0.79009,-9.79049
3.31196,1.43039,-0.94272,-9.66913
3.32199,1.69539,-1.3626,-9.7028
3.33203,1.66277,-1.77051,-9.47655
3.34206,1.41123,-1.92329,-9.13957
3.3521,1.01514,-1.74103,-9.10754
3.36214,0.65481,-1.36679,-9.39754
3.37217,0.38846,-1.23331,-9.82341
3.38221,0.15128,-1.54426,-10.56786
3.39225,-0.10295,-1.78069,-10.47014
3.40228,-0.23523,-1.87825,-10.02916
3.41232,-0.2484,-1.90085,-9.9114
3.42235,-0.31618,-1.92075,-9.62454
3.43239,-0.27848,-1.76483,-9.81727
3.44243,-0.04624,-1.39687,-10.81117
3.45246,0.14051,-0.99329,-11.95126
3.4625,-0.45161,-1.06751,-11.39415
3.47254,-1.2803,-1.70871,-11.31724
3.48257,-1.52526,-2.47171,-11.62131
3.49261,-1.62132,-2.57511,-11.73952
3.50264,-1.094,-1.95756,-11.96038
3.51268,-0.19677,-1.20548,-11.82481
3.52272,0.24885,-1.05285,-11.22297
3.53275,0.25259,-1.51777,-10.49319
3.54279,-0.31349,-2.16705,-9.40667
3.55283,-1.00946,-2.64933,-8.1364
3.56286,-1.34509,-2.6019,-7.33838
3.5729,-1.0949,-2.35141,-7.31249
3.58293,-0.58149,-2.15269,-7.6179
3.59297,-0.32786,-1.98015,-7.32446
3.60301,-0.41345,-2.09867,-7.44357
3.61304,-0.7012,-2.96971,-8.64067
3.62308,-1.28913,-3.58681,-10.41508
3.63312,-1.88633,-2.07143,-10.05206
3.64315,-1.3412,-1.24409,-9.1035
3.65319,-0.27743,-1.79655,-9.0637
3.66322,-0.01392,-1.66711,-8.91825
3.67326,-0.17298,-1.4446,-8.64382
3.6833,-0.50727,-1.86463,-8.7535
3.69333,-1.09984,-2.61596,-9.08435
3.70337,-1.5914,-3.08568,-9.01985
3.71341,-1.67549,-2.88292,-8.5886
3.72344,-1.18558,-2.28422,-8.29501
3.73348,-0.59331,-1.65035,-8.67823
3.74352,-0.2083,-0.97504,-9.10904
3.75355,0.17747,-0.4525,-9.68784
3.76359,0.67681,-0.54663,-10.1779
3.77362,1.71619,-1.11839,-10.34086
3.78366,1.37771,-1.41063,-9.4779
3.7937,0.05492,-1.99123,-8.6911
3.80373,-2.44687,-1.61998,-7.82784
3.81377,-2.40363,-1.70362,-10.66422
3.82381,-0.09667,-1.5688,-12.02338
3.83384,-0.70809,-1.30379,-11.43905
3.84388,-1.02412,-1.68612,-9.95748
3.85391,-0.68893,-1.24558,-10.68128
3.86395,-0.48991,-0.31319,-11.34029
3.87399,-0.77797,0.07991,-10.04936
3.88402,-1.27162,-0.11806,-10.04772
3.89406,-1.8175,-0.74385,-12.24829
3.9041,-1.68522,0.58014,-13.56435
3.91413,-2.92138,0.15502,-15.3196
3.92417,-3.62003,-1.52047,-15.93401
3.9342,-3.68632,-2.24097,-16.73023
3.94424,-4.54973,-2.14296,-16.42362
3.95428,-5.02064,-1.74448,-15.297
3.96431,-4.76581,-1.47199,-14.2473
3.97435,-4.22262,-1.82663,-14.36072
3.98439,-3.79496,-2.82576,-15.96319
3.99442,-4.03049,-2.8684,-17.04746
4.00446,-4.64385,-2.15089,-17.13366
4.01449,-4.94657,-1.42231,-17.15565
4.02453,-4.85544,-0.73008,-16.69148
4.03457,-4.48165,-0.36212,-15.80682
4.0446,-4.26333,-0.35733,-14.36177
4.05464,-4.25569,-1.00661,-13.20627
4.06468,-4.50948,-1.75495,-13.64755
4.07471,-4.76641,-1.49952,-14.49046
4.08475,-4.27185,-0.18525,-14.55465
4.09478,-3.03839,1.13979,-13.98752
4.10482,-1.29571,1.58167,-13.16631
4.11486,-0.06015,1.56551,-12.02488
4.12489,0.76779,1.20368,-10.30689
4.13493,0.97145,0.62893,-9.68619
4.14497,0.10968,0.15263,-11.03488
4.155,-1.23092,-0.42826,-10.31048
4.16504,-1.22838,0.30915,-11.14276
4.17507,-0.01811,1.24035,-14.18145
4.18511,-0.17642,1.03205,-15.94613
4.19515,-0.25349,2.09582,-12.7783
4.20518,0.28566,3.52666,-9.91963
4.21522,0.80176,3.97602,-9.07567
4.22526,1.40719,3.78927,-8.58995
4.23529,2.56269,3.35742,-8.22244
4.24533,3.18848,3.10468,-7.51121
4.25536,3.26315,2.97928,-5.55993
4.2654,2.96253,2.68764,-3.64023
4.27544,1.42919,1.26668,-2.78999
4.28547,0.15742,-0.86625,-3.75545
4.29551,0.14305,-1.92599,-4.73917
4.30555,0.57985,-1.7982,-5.41374
4.31558,0.97294,-1.22329,-5.8022
4.32562,1.39941,-0.6611,-5.77377
4.33565,1.52945,-0.80131,-5.39922
4.34569,1.36006,-1.16822,-4.92203
4.35573,1.37412,-1.4443,-4.46713
4.36576,1.60561,-1.53887,-4.28652
4.3758,1.90683,-1.43532,-4.47476
4.38584,2.32148,-1.30185,-5.00119
4.39587,2.74854,-1.14652,-5.34131
4.40591,2.96582,-1.00227,-5.1833
4.41594,2.78176,-1.28524,-4.53177
4.42598,2.25788,-1.59603,-3.78538
4.43602,1.38101,-1.64676,-4.39141
4.44605,0.3081,-2.12381,-6.09115
4.45609,-0.34791,-2.53381,-7.47978
4.46613,-0.33743,-2.54728,-7.98706
4.47616,-0.04265,-2.55491,-7.42981
4.4862,0.16206,-2.57422,-6.61802
4.49623,0.27234,-2.79358,-5.95573
4.50627,0.19632,-3.34111,-5.79517
4.51631,-0.01526,-3.67405,-6.15938
4.52634,-0.1432,-3.52471,-6.84487
4.53638,-0.05237,-3.17097,-7.21223
4.54642,0.02035,-2.77159,-7.05736
4.55645,0.13138,-2.58993,-7.4108
4.56649,0.11178,-2.82052,-7.69377
4.57652,-0.13527,-2.97599,-7.75721
4.58656,-0.51176,-2.95669,-8.14911
4.5966,-0.6807,-2.94547,-8.30683
4.60663,-0.81478,-3.08583,-8.01205
4.61667,-1.03534,-3.45274,-7.78026
4.62671,-1.21326,-3.74678,-7.53665
4.63674,-1.31801,-3.71251,-7.45943
4.64678,-1.46854,-3.60672,-7.6785
4.65682,-1.65424,-3.59923,-8.04542
4.66685,-1.70781,-3.58621,-8.45617
4.67689,-1.7542,-3.59355,-8.35053
4.68692,-1.80238,-3.53459,-7.89264
4.69696,-1.81735,-3.48461,-7.5371
4.707,-1.8787,-3.50481,-7.44791
4.71703,-1.99497,-3.62063,-7.63631
4.72707,-2.05333,-3.66762,-7.76574
4.73711,-2.08655,-3.87382,-7.45988
4.74714,-2.00036,-3.69321,-7.33449
4.75718,-1.89142,-3.36101,-6.94229
4.76721,-1.84608,-3.04887,-7.00603
4.77725,-1.84249,-2.84162,-7.26057
4.78729,-1.90264,-2.68719,-7.59141
4.79732,-1.94304,-2.5591,-7.75272
4.80736,-1.90982,-2.582,-7.54503
4.8174,-2.01861,-2.78027,-6.99077
4.82743,-2.21164,-2.81588,-6.6481
4.83747,-2.2103,-2.65472,-6.50879
4.8475,-2.11812,-2.46378,-6.52255
4.85754,-2.04824,-2.32911,-6.71723
4.86758,-1.95382,-2.23918,-6.99197
4.87761,-1.79011,-2.23469,-7.07726
4.88765,-1.41303,-2.29873,-6.87749
4.89769,-0.99958,-2.13697,-6.38174
4.90772,-0.71886,-1.78518,-6.15235
4.91776,-0.98043,-1.68118,-5.90111
4.92779,-1.44116,-1.74702,-5.75596
4.93783,-1.79131,-1.62028,-5.77556
4.94787,-1.96729,-1.48246,-5.6578
4.9579,-1.92105,-1.58526,-5.7392
4.96794,-1.68118,-1.87062,-5.84694
4.97798,-1.27132,-2.29619,-5.89557
4.98801,-0.92267,-2.74555,-6.12033
4.99805,-0.98506,-3.22245,-6.36843
5.00808,-1.25441,-3.51603,-5.92655
5.01812,-1.37367,-3.45573,-5.48586
5.02816,-1.34764,-3.19237,-5.20095
5.03819,-1.22239,-2.88112,-4.93879
5.04823,-1.04133,-2.73747,-5.04099
5.05827,-0.69312,-2.89025,-5.40087
5.0683,-0.00539,-2.99305,-5.74369
5.07834,0.29149,-3.0553,-6.8748
5.08837,-0.19767,-3.40396,-7.59201
5.09841,-0.3503,-3.31343,-7.63002
5.10845,0.28192,-2.55641,-7.74375
5.11848,0.92745,-1.81301,-7.69706
5.12852,1.00063,-1.24992,-7.71756
5.13856,0.67322,-0.82361,-8.73734
5.14859,0.3286,-0.77647,-10.6545
5.15863,-0.15697,-0.80984,-12.29452
5.16867,-0.25244,-0.73741,-13.22692
5.1787,0.28895,-0.43874,-13.37072
5.18874,0.67472,0.2665,-12.74673
5.19877,0.77198,0.80954,-12.22659
5.20881,0.83184,0.6795,-12.18948
5.21885,0.47016,0.05701,-11.98552
5.22888,-0.25199,-0.90965,-11.50608
5.23892,-0.79637,-1.86823,-11.36004
5.24896,-0.9517,-2.59741,-11.35944
5.25899,-1.03669,-2.77204,-10.51399
5.26903,-1.04462,-2.37939,-10.67081
5.27906,-0.87463,-1.85985,-12.12543
5.2891,-0.83558,-1.46405,-13.18397
5.29914,-0.92715,-1.37786,-13.88951
5.30917,-1.03504,-1.3011,-13.89191
5.31921,-1.10373,-1.16657,-13.50494
5.32925,-1.02247,-1.05495,-13.25101
5.33928,-0.98087,-0.91623,-13.55492
5.34932,-1.14218,-0.76181,-14.31373
5.35935,-1.46301,-0.71916,-15.16831
5.36939,-1.69958,-0.9071,-15.62815
5.37943,-1.72831,-0.96696,-15.57099
5.38946,-1.62656,-0.89438,-15.24104
5.3995,-1.36604,-0.62309,-14.44497
5.40954,-0.79487,-0.33788,-13.99755
5.41957,-0.16924,-0.16804,-13.55043
5.42961,-0.07527,-0.27399,-13.42878
5.43964,-0.65856,-0.60962,-13.32972
5.44968,-1.59005,-1.1374,-13.23111
5.45972,-2.42173,-1.60157,-13.36503
5.46975,-2.69812,-1.69315,-13.38733
5.47979,-2.40483,-1.27446,-13.24502
5.48983,-1.7958,-0.47345,-13.04077
5.49986,-1.32205,0.10385,-12.95607
5.5099,-1.28299,0.17418,-12.81676
5.51993,-1.61175,-0.2873,-12.37802
5.52997,-2.12845,-0.92985,-11.71513
5.54001,-2.41859,-1.42829,-10.91277
5.55004,-2.24127,-1.66173,-9.90317
5.56008,-1.81525,-1.56775,-9.27364
5.57012,-1.58137,-1.37442,-9.33095
5.58015,-1.53872,-1.35183,-9.56124
5.59019,-1.52166,-1.49967,-9.72121
5.60023,-1.52376,-1.58062,-9.68065
5.61026,-1.47917,-1.49129,-9.5575
5.6203,-1.28,-1.31651,-9.53266
5.63033,-1.03385,-1.1555,-9.50363
5.64037,-0.90875,-0.99733,-9.66285
5.65041,-0.89034,-0.93628,-9.7028
5.66044,-1.15251,-1.12707,-9.65596
5.67048,-1.21521,-1.46585,-9.1671
5.68052,-0.81837,-1.37442,-8.56705
5.69055,-0.17014,-0.9704,-8.31491
5.70059,0.3931,-0.43709,-8.72357
5.71062,0.517,-0.05806,-9.49705
5.72066,0.38113,-0.1429,-10.14737
5.7307,0.15278,-0.55082,-10.12598
5.74073,-0.05836,-0.86087,-9.61526
5.75077,-0.26815,-0.96546,-8.98634
5.76081,-0.30212,-1.09864,-8.70532
5.77084,-0.10879,-1.22703,-8.90089
5.78088,0.16266,-1.31726,-9.25374
5.79091,0.24421,-1.42246,-9.35445
5.80095,0.13602,-1.70572,-8.82847
5.81099,0.01646,-2.15134,-8.25611
5.82102,-0.09307,-2.45989,-7.91269
5.83106,0.12106,-2.4168,-8.23097
5.8411,0.90695,-2.07383,-8.81216
5.85113,1.68462,-1.47543,-9.4776
5.86117,1.93332,-0.86251,-10.62487
5.8712,1.81047,-0.92252,-11.44069
5.88124,1.9007,-1.6743,-11.30632
5.89128,2.65996,-2.27524,-10.52566
5.90131,3.89896,-2.1488,-9.38228
5.91135,5.32934,-1.30529,-8.49403
5.92139,6.3388,0.02394,-8.3595
5.93142,6.34179,1.07051,-9.41445
5.94146,5.99059,1.2381,-10.62726
5.9515,5.73097,0.86221,-11.20337
5.96153,5.555,0.53735,-11.50833
5.97157,5.08903,0.56129,-11.15937
5.9816,4.34832,0.52583,-10.57055
5.99164,3.84838,0.38382,-10.47119
6.00168,3.06682,0.04295,-11.03772
6.01171,2.26447,-0.80146,-11.05478
6.02175,1.60292,-1.50775,-10.2204
6.03179,0.96037,-1.38475,-9.43465
6.04182,0.38607,-0.21937,-9.40831
6.05186,-0.12644,1.02247,-10.62532
6.06189,-0.38726,1.30514,-11.30976
6.07193,-0.31349,0.60648,-11.02066
6.08197,-0.25887,-0.44667,-10.22773
6.092,-0.91414,-1.25321,-9.6226
6.10204,-2.09119,-1.88528,-9.65716
6.11208,-3.08283,-2.2908,-9.97095
6.12211,-3.08717,-2.10435,-9.62334
6.13215,-2.37265,-1.1359,-8.80468
6.14218,-2.23214,-0.15098,-8.80872
6.15222,-2.59861,0.27384,-9.56065
6.16226,-3.21377,-0.08365,-10.64088
6.17229,-3.635,-0.95259,-11.211
6.18233,-3.52546,-1.71051,-10.74233
6.19237,-2.68121,-1.70961,-9.57381
6.2024,-2.05827,-0.9071,-8.75051
6.21244,-1.98449,-0.13722,-8.85181
6.22247,-2.02385,-0.08275,-8.95805
6.23251,-2.6426,-0.53899,-9.22112
6.24255,-3.52456,-1.25112,-9.87578
6.25258,-4.08271,-1.84967,-9.86621
6.26262,-4.07269,-2.03597,-9.23623
6.27266,-3.56167,-1.97851,-8.49119
6.28269,-2.96163,-1.71814,-7.73596
6.29273,-3.1171,-1.29571,-7.65726
6.30277,-3.56601,-1.17316,-8.7333
6.3128,-3.84718,-1.44505,-10.05819
6.32284,-3.58023,-1.67908,-10.39009
6.33287,-2.86646,-1.72353,-9.88416
6.34291,-2.00874,-1.56162,-8.7526
6.35357,-2.00874,-1.56162,-8.7526
6.36361,-1.82558,-1.32429,-9.3109
6.37365,-1.5685,-1.13964,-9.98906
6.38368,-1.33073,-0.97968,-10.69774
6.39372,-1.18752,-0.85293,-11.15533
6.40376,-1.02696,-0.76749,-11.02245
6.41379,-0.88705,-0.73322,-10.5291
6.42383,-0.79383,-0.75193,-10.24913
6.43386,-0.78201,-0.78081,-10.48645
6.4439,-0.83258,-0.75552,-11.05852
6.45394,-0.65272,-0.7826,-11.32218
6.46397,-0.3322,-0.74819,-10.97308
6.47401,0.00988,-0.59391,-10.27113
6.48405,0.1649,-0.41225,-9.91738
6.49408,0.26067,-0.43425,-10.00672
6.50412,0.23598,-0.56533,-10.03275
6.51415,-0.01856,-0.63147,-10.14348
6.52419,-0.23089,-0.68115,-10.40251
6.53423,-0.28401,-0.71721,-10.58641
6.54426,-0.15772,-0.82884,-10.49274
6.5543,-0.06719,-0.98536,-10.06807
6.56434,-0.29928,-1.18049,-9.52458
6.57437,-0.44188,-1.11226,-9.2913
6.58441,-0.29329,-0.86087,-9.70983
6.59444,-0.15113,-0.60079,-9.96167
6.60448,0.02394,-0.40342,-10.12134
6.61452,0.28117,-0.4142,-10.10293
6.62455,0.36916,-0.48318,-9.86665
6.63459,0.13841,-0.53061,-9.66644
6.64463,-0.1646,-0.66873,-9.84062
6.65466,-0.39085,-0.87059,-10.01554
6.6647,-0.47525,-0.94406,-9.95853
6.67474,-0.48931,-0.93628,-9.75323
6.68477,-0.35329,-1.0102,-9.56065
6.69481,-0.15054,-0.91848,-9.47086
6.70484,-0.019,-0.77123,-9.55122
6.71488,-0.19752,-0.70988,-9.56573
6.72492,-0.44263,-0.87718,-9.62424
6.73495,-0.49036,-1.00317,-9.71163
6.74499,-0.31888,-0.92566,-9.7878
6.75503,0.02454,-0.73652,-9.89404
6.76506,0.27758,-0.54363,-9.98038
6.7751,0.32307,-0.47839,-10.04278
6.78513,0.26725,-0.56683,-9.93953
6.79517,0.17912,-0.82301,-9.62544
6.80521,-0.03726,-1.02053,-9.31524
6.81524,-0.18959,-1.08442,-9.51994
6.82528,-0.17178,-1.05779,-9.79228
6.83532,-0.08918,-0.93149,-9.84376
6.84535,0.06434,-0.79637,-9.82491
6.85539,0.06,-0.79622,-9.87384
6.86542,-0.12315,-0.91369,-9.953
6.87546,-0.29329,-1.06093,-9.98457
6.8855,-0.42617,-1.09191,-10.10039
6.89553,-0.41495,-1.10881,-10.1583
6.90557,-0.34102,-1.10118,-10.10248
6.91561,-0.23837,-1.02547,-10.04397
6.92564,-0.10894,-0.86311,-9.99893
6.93568,0.00509,-0.66649,-9.90781
6.94572,-0.00254,-0.49395,-9.95165
6.95575,-0.08993,-0.3934,-9.9925
6.96579,-0.09622,-0.33938,-9.95958
6.97582,-0.0835,-0.28341,-10.04338
6.98586,-0.12405,-0.25723,-10.10159
6.9959,-0.15398,-0.3087,-10.19421
7.00593,-0.26965,-0.29105,-10.23791
7.01597,-0.26366,-0.13587,-10.13585
7.02663,-0.05626,-0.05581,-10.03589
7.03667,0.1878,-0.02753,-9.80545
7.04671,0.29149,-0.06045,-9.48717
7.05674,0.28177,-0.27937,-9.09527
7.06678,0.20306,-0.54887,-8.61434
7.07681,0.08664,-0.87613,-8.34948
7.08685,-0.03472,-1.04986,-8.34379
7.09689,-0.09891,-1.06288,-8.53099
7.10692,-0.10864,-1.18752,-8.73165
7.11696,-0.08006,-1.28299,-8.82338
7.127,-0.0841,-1.33237,-8.85795
7.13703,-0.10385,-1.47857,-8.87022
7.14707,-0.16445,-1.64946,-8.95372
7.1571,-0.09487,-1.52391,-9.24177
7.16714,0.1245,-1.19875,-9.45171
7.17718,0.31603,-0.84964,-9.61975
7.18721,0.35584,-0.5785,-9.6627
7.19725,0.27129,-0.50787,-9.69233
7.20729,0.39834,-0.57296,-9.71657
7.21732,0.56907,-0.59421,-9.59192
7.22736,0.659,-0.44861,-9.48014
7.2374,0.64464,-0.2481,-9.56543
7.24743,0.41839,-0.08933,-9.74335
7.25747,0.24825,-0.0422,-10.04981
7.2675,0.13692,-0.05926,-10.26993
7.27754,0.13692,-0.17433,-10.177
7.28758,0.2273,-0.35763,-9.94252
7.29761,0.33459,-0.53002,-9.73991
7.30765,0.34596,-0.60379,-9.54718
7.31769,0.41794,-0.58987,-9.537
7.32772,0.47989,-0.60543,-9.58085
7.33776,0.39609,-0.55067,-9.79109
7.34779,0.36332,-0.54902,-10.02722
7.35783,0.38607,-0.66813,-9.9319
7.36787,0.35853,-0.82585,-9.67557
7.3779,0.31559,-0.96142,-9.46607
7.38794,0.35195,-0.92671,-9.48433
7.39798,0.40312,-0.80939,-9.61541
7.40801,0.44921,-0.68459,-9.76565
7.41805,0.4335,-0.58329,-10.05849
7.42808,0.34521,-0.50368,-10.47224
7.43812,0.4341,-0.50054,-10.57175
7.44816,0.69192,-0.53406,-10.31691
7.45819,0.92087,-0.50233,-9.86112
7.46823,0.908,-0.42228,-9.58294
7.47827,0.78335,-0.38262,-9.69322
7.4883,0.58029,-0.41824,-9.83523
7.49834,0.2478,-0.32292,-10.06732
7.50838,0.00075,-0.309,-10.44785
7.51841,-0.03711,-0.27638,-10.59883
7.52845,0.07467,-0.20022,-10.42196
7.53848,0.28446,-0.19962,-10.1969
7.54852,0.42946,-0.30736,-9.95644
7.55856,0.3111,-0.394,-9.8282
7.56859,0.04474,-0.49395,-9.79707
7.57863,-0.18211,-0.64718,-9.79034
7.58867,-0.3087,-0.64748,-9.91319
7.5987,-0.26052,-0.53151,-10.06029
7.60874,-0.00314,-0.39654,-10.04023
7.61877,0.25783,-0.24885,-9.90436
7.62881,0.43859,-0.17298,-9.67228
7.63885,0.56339,-0.20485,-9.45575
7.64888,0.65601,-0.31035,-9.21977
7.65892,0.65018,-0.353,-9.1867
7.66896,0.59541,-0.31663,-9.47221
7.67899,0.48288,-0.28027,-9.76385
7.68903,0.38412,-0.28581,-9.79962
7.69907,0.36856,-0.36497,-9.56364
7.7091,0.36197,-0.40073,-9.36731
7.71914,0.35644,-0.37888,-9.36537
7.72917,0.45625,-0.27025,-9.5385
7.73921,0.5583,-0.14605,-9.70729
7.74925,0.47166,-0.14395,-9.76789
7.75928,0.26875,-0.25289,-9.81937
7.76932,0.18001,-0.39325,-9.86261
7.77936,0.17193,-0.3934,-9.76176
7.78939,0.20485,-0.36257,-9.59357
7.79943,0.17942,-0.34581,-9.64444
7.80946,0.08395,-0.36182,-9.76954
7.8195,-0.07242,-0.38846,-9.85723
7.82954,-0.16939,-0.38173,-9.95584
7.83957,-0.26695,-0.37305,-9.88656
7.84961,-0.21398,-0.38068,-9.81623
7.85965,-0.03142,-0.31035,-9.7022
7.86968,0.11642,-0.2279,-9.54763
7.87972,0.2282,-0.19169,-9.4538
7.88976,0.25169,-0.12405,-9.4158
7.89979,0.15233,0.00374,-9.56154
7.90983,0.00628,0.12106,-9.75517
7.91986,-0.06749,0.09697,-9.77867
7.9299,0.06449,0.15981,-9.70116
7.93994,0.35389,0.2475,-9.65178
7.94997,0.73652,0.10579,-9.81802
7.96001,0.94571,-0.1848,-9.94028
7.97005,0.81867,-0.26845,-9.97948
7.98008,0.48483,-0.14216,-9.96886
7.99012,0.13961,0.05611,-10.06418
8.00015,0.01945,0.09457,-10.14857
8.01019,0.14949,-0.05387,-9.94671
8.02023,0.23388,-0.19019,-9.59386
8.03026,0.21069,-0.25184,-9.33858
8.0403,0.06315,-0.27773,-9.44303
8.05034,0.00524,-0.23343,-9.62409
8.06037,0.08784,-0.18375,-9.73871
8.07041,0.26082,-0.18944,-9.75143
8.08045,0.31214,-0.1658,-9.85049
8.09048,0.1646,-0.16535,-9.93309
8.10052,-0.11387,-0.23403,-9.87249
8.11055,-0.42677,-0.33564,-9.73557
8.12059,-0.63282,-0.42332,-9.69053
8.13063,-0.57985,-0.42153,-9.79094
8.14066,-0.30661,-0.33818,-9.87429
8.1507,-0.07706,-0.08155,-9.85438
8.16074,0.02948,0.15428,-9.9907
8.17077,-0.02274,0.21862,-10.1981
8.18081,-0.20635,0.11851,-10.18852
8.19085,-0.45101,-0.06629,-9.99654
8.20088,-0.62429,-0.07018,-9.84196
8.21092,-0.57147,0.16595,-10.16982
8.22095,-0.30332,0.50772,-10.84858
8.23099,0.03083,0.58897,-11.58375
8.24103,0.38083,0.39459,-12.06782
8.25106,0.45954,0.21024,-11.70241
8.2611,0.42078,0.22042,-11.14965
8.27114,0.67172,0.37709,-11.11867
8.28117,1.02023,0.68384,-11.54035
8.29121,1.17017,0.76779,-12.17018
8.30124,0.92431,0.50607,-12.31562
8.31128,0.4944,0.11253,-12.11346
8.32132,0.02978,-0.05387,-11.96173
8.33135,-0.05237,-0.11672,-11.68385
8.34139,0.02619,-0.19258,-11.12765
8.35143,0.0841,-0.32426,-10.43483
8.36146,0.25558,-0.30077,-9.8879
8.3715,-0.19932,0.00509,-9.88087
8.38154,-1.38026,0.33324,-10.6961
8.39157,-2.07817,0.09068,-11.1685
8.40161,-1.96265,-0.55635,-11.29839
8.41164,-1.47199,-0.89977,-11.23494
8.42168,-0.70689,-0.79308,-10.96036
8.43172,-0.13138,-0.32561,-10.25915
8.44175,0.1052,0.18091,-9.59042
8.45179,-0.53226,0.62968,-10.30584
8.46183,-1.35183,0.63027,-12.27477
8.47186,-2.2088,0.45056,-13.87485
8.4819,-3.62213,1.08038,-16.20845
8.49194,-4.7272,1.55429,-18.66983
8.50197,-4.65523,1.08368,-18.3535
8.51201,-3.83626,0.5357,-15.73454
8.52204,-2.81349,0.19049,-13.26253
8.53208,-1.93661,0.25394,-12.28225
8.54212,-1.37367,0.60558,-12.86285
8.55215,-1.08338,1.04821,-13.92842
8.56219,-1.26219,1.70063,-14.61151
8.57223,-2.32417,2.90162,-16.61995
8.58226,-3.3016,3.11156,-18.72311
8.5923,-3.2398,2.1874,-17.1338
8.60233,-3.07206,1.08083,-13.75544
8.61237,-3.30968,0.59915,-11.40568
8.62241,-3.85975,0.55007,-10.99193
8.63244,-4.21365,0.72814,-11.1489
8.64248,-4.18791,0.85129,-10.75969
8.65252,-3.87127,1.05958,-9.73797
8.66255,-3.18683,1.43009,-8.92962
8.67259,-2.3532,1.67175,-8.54446
8.68263,-1.76857,1.7744,-8.82458
8.69266,-1.50491,1.67938,-9.13268
8.7027,-1.18004,1.60202,-8.74617
8.71273,-0.69148,1.70617,-8.27107
8.72277,-0.2252,1.70826,-8.0918
8.73281,0.13437,1.60277,-8.18548
8.74284,0.30032,1.50101,-8.37581
8.75288,0.22431,1.41378,-8.20822
8.76292,0.0202,1.33776,-7.74105
8.77295,-0.03172,1.50012,-7.32715
8.78299,0.19303,1.76453,-6.90353
8.79303,0.80729,1.9013,-6.6499
8.80306,1.81481,1.84084,-6.39536
8.8131,3.23681,1.60905,-6.42694
8.82313,4.46848,1.36619,-7.03327
8.83317,4.92592,1.14084,-7.60204
8.84321,4.36179,0.83049,-7.29618
8.85324,3.3242,0.55665,-6.45432
8.86328,2.69108,0.49859,-5.43439
8.87332,2.58649,0.59631,-4.13464
8.88335,2.28018,0.12016,-2.73702
8.89339,2.04779,-0.73831,-2.1078
8.90343,1.97582,-1.37906,-2.8473
8.91346,2.27584,-1.39432,-4.47521
8.9235,2.65113,-0.98237,-6.20592
8.93353,2.9507,-0.44113,-7.77697
8.94357,3.01026,-0.1661,-9.18865
8.95361,2.74854,-0.41495,-9.61871
8.96364,1.99198,-0.9713,-8.77415
8.97368,1.05854,-1.65005,-7.64409
8.98372,0.3711,-2.42069,-6.7286
8.99375,0.00853,-3.00622,-6.29256
9.00379,-0.17957,-3.37134,-6.24812
9.01382,-0.43215,-3.45678,-6.52944
9.02386,-0.81283,-3.20718,-6.91745
9.0339,-1.06093,-2.96073,-7.52064
9.04393,-1.13889,-2.73882,-7.99065
9.05397,-1.20129,-2.67148,-8.28454
9.06401,-1.28943,-2.82306,-8.70307
9.07404,-1.43128,-2.99425,-8.79555
9.08408,-1.74582,-3.2208,-8.5473
9.09411,-2.12081,-3.35682,-8.34125
9.10415,-2.36861,-3.35009,-8.27765
9.11419,-2.40692,-3.40276,-8.37716
9.12422,-2.45555,-3.49628,-8.42535
9.13426,-2.54204,-3.49928,-8.35965
9.1443,-2.64185,-3.446,-8.33317
9.15433,-2.54159,-3.29128,-8.36384
9.16437,-2.32851,-3.14448,-8.54535
9.17441,-2.21404,-3.08463,-8.90763
9.18444,-2.15029,-3.03839,-9.30117
9.19448,-2.22556,-2.96223,-9.44348
9.20452,-2.4985,-2.88801,-9.18146
9.21455,-2.81872,-2.95669,-8.66162
9.22459,-3.00547,-3.0767,-8.32808
9.23462,-2.94113,-2.9938,-8.32973
9.24466,-2.69303,-2.7885,-8.70891
9.2547,-2.49072,-2.43161,-9.07283
9.26473,-2.24741,-2.05782,-9.38916
9.27477,-2.03447,-1.74178,-9.43166
9.28481,-1.94379,-1.60082,-9.36687
9.29484,-1.98165,-1.61728,-9.22965
9.30488,-2.19054,-1.76288,-9.04185
9.31492,-2.4997,-1.94424,-8.77699
9.32495,-2.67612,-2.09478,-8.51393
9.33499,-2.6438,-2.106,-8.1548
9.34502,-2.50568,-2.03971,-7.76619
9.35506,-2.32731,-2.00694,-7.52049
9.3651,-2.19937,-1.98644,-7.36845
9.37513,-2.16316,-1.91865,-7.26685
9.38517,-2.12665,-1.83216,-7.08504
9.39521,-2.10196,-1.62806,-6.77709
9.40524,-1.98794,-1.33372,-6.44654
9.41528,-1.83276,-1.10163,-6.12197
9.42531,-1.6116,-0.96771,-5.69685
9.43535,-1.32818,-0.89932,-5.19647
9.44539,-1.09385,-0.79009,-4.72645
9.45542,-0.84964,-0.67741,-4.37765
9.46546,-0.77018,-0.80011,-4.01029
9.4755,-0.90501,-1.03923,-3.66313
9.48553,-1.10492,-1.07619,-3.4475
9.49557,-1.24244,-1.21775,-3.67226
9.50561,-1.34868,-1.5881,-4.34787
9.51564,-1.45732,-1.88513,-4.80636
9.52568,-1.6909,-2.05348,-4.92218
9.53572,-2.13503,-1.89321,-4.93894
9.54575,-2.49655,-1.50535,-4.33156
9.55579,-2.21524,-1.30963,-4.13359
9.56582,-1.73131,-1.63285,-4.14391
9.57586,-1.51403,-2.23184,-3.98829
9.5859,-1.62776,-2.85823,-3.93442
9.59593,-1.81436,-3.31597,-4.34697
9.60597,-2.09358,-3.24609,-4.93849
9.61601,-2.30487,-2.99679,-5.69057
9.62604,-2.17184,-2.86751,-6.66875
9.63608,-1.77665,-2.82217,-7.93438
9.64611,-1.29676,-2.54908,-8.83221
9.65615,-0.83782,-2.07847,-9.15513
9.66619,-0.39983,-1.76213,-9.24476
9.67622,-0.24241,-1.53558,-9.1686
9.68626,0.20874,-1.77231,-9.32452
9.6963,0.77048,-2.00679,-9.84062
9.70633,0.744,-1.79775,-10.66452
9.71637,0.36736,-1.41213,-11.51895
9.72641,-0.15951,-1.01574,-12.19696
9.73644,-0.9068,-0.92686,-13.16841
9.74648,-1.58855,-1.50491,-13.86198
9.75652,-2.28706,-2.4563,-14.35578
9.76655,-2.53636,-3.05904,-14.73302
9.77659,-2.3131,-2.84431,-14.96032
9.78662,-2.12246,-2.21538,-15.28069
9.79666,-2.26626,-1.9417,-15.96933
9.8067,-2.69063,-2.01682,-16.58344
9.81673,-2.86825,-2.36682,-16.98252
9.82677,-2.43206,-2.45974,-17.35602
9.83681,-1.64123,-2.05617,-17.57643
9.84684,-0.76151,-1.69689,-17.3415
9.85688,-0.2897,-1.46226,-16.81627
9.86692,-0.76195,-1.60741,-16.05911
9.87695,-1.75241,-2.27509,-15.0308
9.88699,-2.67253,-2.96956,-14.31643
9.89702,-3.0339,-3.4074,-14.15856
9.90706,-2.96806,-3.48192,-14.07985
9.9171,-2.63198,-3.0761,-14.20794
9.92713,-1.90219,-2.45451,-14.21587
9.93717,-1.16164,-1.87631,-13.58754
9.94721,-0.72963,-1.66861,-12.62926
9.95724,-0.59451,-1.69375,-11.50773
9.96728,-0.54902,-1.6122,-10.48451
9.97731,-0.52672,-1.4461,-10.09291
9.98735,-0.50099,-1.30903,-9.98068
9.99739,-0.64733,-1.35811,-10.13391
10.00742,-0.91608,-1.59708,-10.22159
10.01746,-1.21625,-1.83501,-9.98217
10.0275,-1.37487,-1.97447,-9.56843
10.03753,-1.36634,-1.95337,-9.2699
10.04757,-1.19456,-1.89187,-9.39335
10.05761,-0.93688,-1.6526,-9.58264
10.06764,-0.67262,-1.42874,-9.6615
10.07768,-0.43993,-1.26668,-9.67257
10.08772,-0.32531,-1.12692,-9.49645
10.09775,-0.31574,-1.0955,-9.22396
10.10779,-0.49889,-1.2815,-8.94444
10.11782,-0.63327,-1.47243,-8.96599
10.12786,-0.74879,-1.46136,-9.19284
10.1379,-0.90576,-1.32878,-9.47401
10.14793,-1.03115,-1.37786,-9.80411
10.15797,-1.05779,-1.58571,-9.82221
10.16801,-0.89274,-1.73445,-9.63053
10.17804,-0.63207,-1.49323,-9.57591
10.18808,-0.40028,-1.17361,-9.66285
10.19812,-0.20306,-0.99659,-9.95763
10.20815,-0.19288,-1.05315,-10.12792
10.21819,-0.34851,-1.33013,-10.17446
10.22822,-0.48094,-1.63314,-9.93654
10.23826,-0.44023,-1.7979,-9.49705
10.2483,-0.29628,-1.74911,-9.09632
10.25833,0.0416,-1.61698,-8.95132
10.26837,0.4115,-1.38534,-9.18745
10.27841,0.57985,-1.23975,-9.51695
10.28844,0.65392,-1.17361,-9.81593
10.29848,0.8242,-1.23646,-10.12762
10.30852,1.02651,-1.258,-10.00103
10.31855,1.30499,-1.30604,-9.43211
10.32859,1.77096,-1.40315,-8.90194
10.33862,2.12605,-1.39687,-8.61718
10.34866,2.32193,-1.42365,-8.70098
10.35932,2.46797,-1.57434,-9.1671
10.36936,2.60519,-1.70347,-9.55526
10.3794,2.71832,-1.71754,-9.76685
10.38943,3.014,-1.69524,-9.87414
10.39947,3.45453,-1.54576,-10.05535
10.40951,3.85511,-1.26923,-10.4257
10.41954,3.97108,-1.05659,-10.81027
10.42958,3.83282,-0.91907,-11.10999
10.43962,3.7146,-0.93883,-11.12286
10.44965,3.77805,-1.12288,-11.12062
10.45969,3.90539,-1.27461,-10.86264
10.46972,3.62123,-1.39986,-10.3024
10.47976,2.79942,-1.49249,-9.7851
10.4898,1.87092,-1.5495,-9.05622
10.49983,1.25441,-1.60202,-8.09524
10.50987,1.12902,-1.47797,-7.91852
10.51991,1.46675,-1.1549,-8.4846
10.52994,2.05482,-0.92865,-9.23399
10.53998,2.1889,-0.87194,-9.96317
10.55001,1.60621,-0.67876,-10.47388
10.56005,0.83363,-0.48647,-10.80324
10.57009,0.03038,-0.25064,-10.78079
10.58012,-1.03804,0.0395,-10.19975
10.59016,-1.9185,-0.20605,-9.50318
10.6002,-2.05647,-0.98072,-8.70936
10.61023,-1.88109,-1.72008,-8.39572
10.62027,-1.67459,-2.22571,-8.38794
10.63031,-1.89127,-2.2302,-8.36369
10.64034,-2.86825,-1.92808,-8.54236
10.65038,-4.09154,-1.57613,-8.96524
10.66042,-4.89405,-1.51703,-9.27304
10.67045,-5.28146,-1.56895,-9.46368
10.68049,-5.3072,-1.85401,-9.44393
10.69053,-5.09456,-2.26013,-9.25673
10.70056,-4.86711,-2.49416,-9.37839
10.7106,-4.74606,-2.82905,-9.58968
10.72063,-4.6265,-2.78461,-9.38138
10.73067,-4.3751,-2.3535,-9.12939
10.74071,-4.48329,-1.93092,-9.03931
10.75074,-4.40354,-1.80298,-8.97167
10.76078,-3.89716,-2.02355,-9.10246
10.77081,-3.29577,-1.9631,-9.40951
10.78085,-2.80391,-1.43772,-9.45934
10.79089,-2.71098,-0.98267,-9.52413
10.80093,-2.94068,-1.25127,-9.64325
10.81096,-3.39243,-1.92524,-9.74964
10.821,-3.7972,-2.46184,-9.87294
10.83103,-3.8174,-2.79478,-9.87399
10.84107,-3.52711,-2.71473,-9.84167
10.85111,-2.96193,-2.34572,-9.77822
10.86114,-2.34288,-2.10765,-9.44947
10.87118,-2.00754,-2.25654,-9.27633
10.88122,-1.7967,-2.46947,-9.47371
10.89125,-1.589,-2.21164,-9.73363
10.90129,-1.14697,-1.88274,-10.1149
10.91132,-0.59346,-1.70512,-10.13301
10.92136,-0.42392,-1.9387,-9.61242
10.93202,-0.42392,-1.9387,-9.61242
10.94206,-0.73622,-2.2106,-9.81368
10.9521,-0.7434,-2.32716,-10.10503
10.96213,-0.34866,-2.25025,-10.1173
10.97217,0.15173,-1.92943,-10.02123
10.98221,0.41105,-1.50386,-10.17102
10.99224,0.39729,-1.32803,-10.51533
11.00228,0.33534,-1.36888,-10.61709
11.01231,0.27054,-1.49892,-10.39084
11.02235,0.28461,-1.76857,-10.0531
11.03239,0.13901,-1.8796,-9.93369
11.04242,-0.10056,-1.79954,-10.19062
11.05246,-0.17193,-1.66202,-10.55424
11.0625,-0.06,-1.46256,-10.66407
11.07253,0.16969,-1.34449,-10.34699
11.08257,0.27863,-1.28569,-9.88311
11.09261,0.24406,-1.36694,-9.81219
11.10264,0.14455,-1.46211,-9.99355
11.11268,-0.02215,-1.61414,-10.03096
11.12272,-0.13363,-1.72742,-9.95494
11.13275,-0.22311,-1.67355,-10.02362
11.14279,-0.208,-1.49099,-10.10188
11.15282,-0.09113,-1.35228,-10.05744
11.16286,0.05986,-1.37322,-9.99744
11.1729,0.11657,-1.3617,-9.98951
11.18293,0.00284,-1.34225,-10.01809
11.19297,-0.10026,-1.43353,-10.03664
11.20301,-0.12644,-1.48665,-10.02003
11.21304,0.0407,-1.42485,-9.95659
11.22308,0.15742,-1.27835,-9.88117
11.23312,0.1049,-1.25336,-9.88102
11.24315,-0.11193,-1.27057,-9.93489
11.25319,-0.36916,-1.36709,-10.00447
11.26323,-0.49859,-1.45238,-10.00297
11.27326,-0.353,-1.54546,-9.87982
11.2833,-0.1245,-1.5281,-9.71343
11.29333,0.08948,-1.38983,-9.71402
11.30337,0.09981,-1.23541,-9.74934
11.31341,-0.22895,-1.20159,-9.83718
11.32344,-0.39953,-1.40629,-9.87743
11.33348,-0.23553,-1.53019,-9.67003
11.34352,-0.07826,-1.45283,-9.46248
11.35355,-0.04863,-1.26115,-9.50513
11.36359,-0.25753,-1.22179,-9.67437
11.37362,-0.30032,-1.42096,-9.59611
11.38366,-0.07497,-1.61384,-9.45186
11.3937,0.10505,-1.49997,-9.30866
11.40373,0.19049,-1.35452,-9.30506
11.41377,0.29314,-1.32384,-9.65402
11.42381,0.45984,-1.26519,-9.88326
11.43384,0.38472,-1.0955,-9.58384
11.44388,0.12016,-1.15116,-9.38781
11.45392,-0.12914,-1.38041,-9.64953
11.46395,-0.12704,-1.54411,-9.931
11.47399,-0.02664,-1.46974,-9.82939
11.48402,0.05342,-1.3852,-9.59072
11.49406,0.16819,-1.51164,-9.45276
11.5041,0.19184,-1.68043,-9.32886
11.51413,0.14186,-1.69928,-9.28666
11.52417,0.10998,-1.63689,-9.4149
11.53421,0.05761,-1.4464,-9.76011
11.54424,0.04863,-1.3026,-10.01794
11.55428,0.0404,-1.30469,-9.92217
11.56432,0.00464,-1.40195,-9.75592
11.57435,0.01586,-1.51613,-9.72704
11.58439,-0.01586,-1.56132,-9.47939
11.59442,-0.04354,-1.66981,-9.32018
11.60446,0.02215,-1.68971,-9.38737
11.6145,0.15966,-1.56237,-9.59521
11.62453,0.28401,-1.4045,-9.72585
11.63457,0.27159,-1.30274,-9.78211
11.64461,0.27414,-1.3623,-9.7251
11.65464,0.2475,-1.42994,-9.6603
11.66468,0.28207,-1.42889,-9.59207
11.67472,0.28386,-1.42455,-9.49121
11.68475,0.28042,-1.43592,-9.49959
11.69479,0.3503,-1.40151,-9.74799
11.70482,0.4543,-1.26504,-9.89224
11.71486,0.54483,-1.19276,-9.81817
11.7249,0.60768,-1.25711,-9.6633
11.73494,0.53346,-1.36395,-9.55376
11.74497,0.46672,-1.43113,-9.58638
11.75501,0.41001,-1.37846,-9.66494
11.76504,0.27578,-1.32534,-9.79333
11.77508,0.24855,-1.38834,-9.84466
11.78512,0.3527,-1.48934,-9.67123
11.79515,0.39385,-1.45029,-9.46862
11.80519,0.43634,-1.35617,-9.52413
11.81523,0.40746,-1.3418,-9.58324
11.82526,0.31544,-1.4054,-9.61003
11.8353,0.25438,-1.45029,-9.64325
11.84533,0.09861,-1.40779,-9.67632
11.85537,-0.03816,-1.46211,-9.75996
11.86541,-0.03127,-1.51314,-9.76744
11.87544,0.03831,-1.49458,-9.69023
11.88548,0.14335,-1.46031,-9.64878
11.89552,0.18076,-1.40151,-9.73827
11.90555,0.249,-1.37263,-9.80964
11.91559,0.31559,-1.38684,-9.71522
11.92563,0.34641,-1.44924,-9.6196
11.93566,0.26501,-1.49787,-9.47416
11.9457,0.1031,-1.56895,-9.3311
11.95574,0.04878,-1.63943,-9.40218
11.96577,0.07512,-1.60097,-9.53251
11.97581,0.26321,-1.49293,-9.6202
11.98584,0.46747,-1.39417,-9.53012
11.99588,0.47405,-1.29377,-9.54493
12.00592,0.34776,-1.33881,-9.62125
12.01595,0.1646,-1.47438,-9.60075
12.02599,0.11178,-1.56805,-9.62723
12.03603,0.09816,-1.53618,-9.64205
12.04606,0.14979,-1.49293,-9.69981
12.0561,0.3292,-1.50865,-9.72076
12.06614,0.50293,-1.48545,-9.61167
12.07617,0.43185,-1.44311,-9.54553
12.08621,0.25783,-1.48605,-9.62783
12.09624,0.11492,-1.54172,-9.80665
12.10628,0.07886,-1.58631,-9.87189
12.11632,0.20066,-1.61983,-9.69697
12.12635,0.28401,-1.59499,-9.61407
12.13639,0.28656,-1.57598,-9.73438
12.14643,0.23059,-1.5079,-9.83822
12.15646,0.21922,-1.46735,-9.89389
12.1665,0.23314,-1.48815,-9.75532
12.17654,0.22087,-1.52451,-9.62918
12.18657,0.22939,-1.52137,-9.71103
12.19661,0.27638,-1.49847,-9.7869
12.20665,0.38891,-1.47977,-9.71208
12.21668,0.47285,-1.48007,-9.5165
12.22672,0.50203,-1.51972,-9.40113
12.23675,0.49575,-1.51433,-9.3525
12.24679,0.58164,-1.37293,-9.50498
12.25683,0.63701,-1.23661,-9.78016
12.26686,0.51849,-1.14368,-10.07734
12.2769,0.41584,-1.22179,-10.03006
12.28694,0.27982,-1.39941,-9.62514
12.29697,0.1661,-1.48949,-9.57471
12.30701,0.2288,-1.44206,-9.69607
12.31705,0.37409,-1.32265,-9.72629
12.32708,0.53525,-1.17899,-9.72749
12.33712,0.6213,-1.10373,-9.69098
12.34715,0.51685,-1.13889,-9.77508
12.35719,0.32052,-1.26758,-9.82476
12.36723,0.19842,-1.45373,-9.72779
12.37726,0.26441,-1.52645,-9.66749
12.3873,0.43006,-1.41422,-9.76894
12.39734,0.4733,-1.27506,-9.98621
12.40737,0.34955,-1.0946,-10.35253
12.41741,0.16071,-1.0937,-10.77705
12.42745,-0.06449,-1.22613,-10.89392
12.43748,-0.14769,-1.35407,-10.84319
12.44752,0.05716,-1.39507,-10.79141
12.45756,0.29449,-1.24858,-10.81251
12.46759,0.4344,-1.16179,-11.13783
12.47763,0.37604,-1.15116,-11.70136
12.48766,0.0205,-1.17346,-12.13666
12.4977,-0.43709,-1.26773,-12.52946
12.50774,-0.68489,-1.50146,-12.51539
12.51777,-0.62219,-1.71021,-12.07321
12.52781,-0.29613,-1.68043,-11.47646
12.53785,0.1043,-1.58661,-10.9014
12.54788,0.39624,-1.65769,-10.57743
12.55792,0.89887,-1.64975,-10.35747
12.56796,1.29377,-1.18408,-9.92531
12.57799,-0.38816,-0.05267,-11.27579
12.58803,-2.13548,-0.52358,-15.11624
12.59806,-3.36729,-0.8049,-16.67801
12.6081,-4.69084,-0.804,-16.71108
12.61814,-5.08573,-0.91189,-16.13333
12.62817,-3.4457,-1.44879,-15.26483
12.63821,-0.79338,-0.886,-13.55866
12.64825,2.34018,0.86431,-12.02593
12.65828,5.24779,2.46259,-11.7072
12.66832,6.41018,3.91647,-12.02203
12.67836,3.45827,5.34715,-14.46726
12.68839,-0.65945,4.26587,-20.1077
12.69843,-1.6107,2.37924,-21.03486
12.70847,-0.86865,1.8371,-16.83423
12.7185,0.69148,2.30996,-12.75361
12.72854,1.92673,2.63542,-11.39191
12.73857,2.16152,2.90312,-11.65767
12.74861,1.51747,2.94457,-12.86479
12.75865,0.66125,2.79448,-14.30535
12.76868,-0.47959,2.65771,-15.15634
12.77872,-1.16104,2.2935,-14.83747
12.78876,-1.60471,2.23125,-12.32505
12.79879,-1.64901,2.024,-10.04038
12.80883,-0.88571,1.20937,-8.29486
12.81887,-0.77901,0.65496,-6.24034
12.8289,-0.56937,0.07153,-5.54347
12.83894,0.35928,-0.68519,-6.94304
12.84897,0.50159,-0.58598,-7.6818
12.85901,0.38846,-0.2493,-7.54114
12.86905,0.65152,0.20785,-6.98344
12.87908,1.21236,0.7449,-6.26982
12.88912,1.85012,0.98207,-5.95692
12.89916,2.63706,0.848,-6.32653
12.90919,3.45813,0.79502,-6.98404
12.91923,3.9413,0.35748,-7.32267
12.92927,3.86649,-0.72499,-6.84457
12.9393,2.92093,-1.48665,-5.24555
12.94934,2.03507,-1.69495,-4.03228
12.95938,1.58167,-1.80433,-4.17055
12.96941,1.47962,-1.81555,-4.8092
12.97945,1.65813,-1.54052,-5.34984
12.98948,2.2073,-1.04133,-5.65451
12.99952,2.73104,-0.65826,-5.62772
13.00956,3.00936,-0.69731,-5.48078
13.01959,3.12189,-1.15849,-5.35328
13.02963,3.10797,-2.01083,-4.97889
13.03967,2.90237,-3.08418,-4.07538
13.0497,2.59487,-3.69844,-3.43044
13.05974,2.30981,-3.65729,-3.7152
13.06978,2.18306,-3.25911,-4.73827
13.07981,2.19473,-2.79882,-5.82584
13.08985,2.26342,-2.38268,-6.70272
13.09989,2.40542,-2.13907,-7.23154
13.10992,2.49955,-2.13937,-7.41724
13.11996,2.28901,-2.28886,-7.40497
13.12999,1.84802,-2.39031,-7.61401
13.14003,1.36245,-2.35949,-7.96237
13.15007,0.95499,-2.39196,-8.05634
13.1601,0.63102,-2.61926,-8.00786
13.17014,0.35763,-3.03675,-7.92855
13.18018,0.20605,-2.88546,-8.16123
13.19021,0.27967,-2.45585,-8.72597
13.20025,0.54094,-2.07458,-8.88518
13.21028,0.92177,-1.86523,-8.77445
13.22032,1.00302,-2.05393,-8.78133
13.23036,0.67786,-2.37146,-8.72642
13.24039,0.38562,-2.4792,-8.65609
13.25043,0.02379,-2.4786,-8.55747
13.26047,-0.54528,-2.73523,-8.74901
13.2705,-1.10208,-3.19461,-8.8795
13.28054,-1.5489,-3.51589,-8.71445
13.29058,-1.64257,-3.52202,-8.61568
13.30061,-1.41677,-3.27766,-8.60641
13.31065,-1.15116,-2.97569,-8.74722
13.32069,-1.04417,-2.76081,-9.04889
13.33072,-0.98432,-2.65667,-9.36866
13.34076,-1.10941,-2.7463,-9.29309
13.35079,-1.42231,-2.91165,-9.03796
13.36083,-1.84907,-3.20643,-8.82727
13.37087,-2.34033,-3.71101,-8.51887
13.3809,-2.60848,-3.82489,-8.56645
13.39094,-2.56988,-3.43837,-8.97646
13.40098,-2.12994,-2.83728,-9.49286
13.41101,-1.4458,-2.3342,-9.88461
13.42105,-0.87403,-2.07652,-9.91559
13.43109,-0.54333,-2.10211,-9.72195
13.44112,-0.71557,-2.48324,-9.1656
13.45116,-1.04881,-2.85134,-8.84283
13.46119,-1.36784,-2.91629,-8.84373
13.47123,-1.58197,-2.79777,-9.09991
13.48127,-1.74448,-2.72804,-9.41699
13.4913,-1.82857,-2.83069,-9.60898
13.50134,-1.95546,-3.06248,-9.49555
13.51138,-2.02684,-3.13087,-9.32736
13.52141,-1.96654,-2.95849,-9.25164
13.53145,-1.81271,-2.67552,-9.2919
13.54149,-1.52002,-2.42607,-9.33335
13.55152,-1.29751,-2.36502,-9.15842
13.56156,-1.3436,-2.61462,-8.88713
13.5716,-1.5079,-2.90043,-8.73734
13.58163,-1.6728,-3.00652,-8.59668
13.59167,-1.84339,-2.92377,-8.49897
13.6017,-1.92643,-2.79164,-8.61374
13.61174,-1.83007,-2.63048,-8.66222
13.62178,-1.59903,-2.42652,-8.4008
13.63181,-1.34719,-2.19174,-7.93244
13.64185,-1.27342,-2.04121,-7.19443
13.65189,-1.54202,-2.24022,-6.77275
13.66192,-2.17917,-2.84715,-7.25907
13.67196,-2.93963,-3.32016,-7.58214
13.682,-3.31492,-3.40081,-7.50986
13.69203,-3.11905,-3.326,-7.23707
13.70207,-2.87693,-3.06937,-6.26712
13.71211,-2.50029,-2.7029,-5.12509
13.72214,-2.14281,-2.61985,-4.77598
13.73218,-1.93272,-2.81034,-4.8101
13.74222,-1.89501,-3.10737,-4.6262
13.75225,-1.81017,-3.13416,-4.4393
13.76229,-1.45986,-2.76515,-4.44364
13.77232,-1.2179,-2.32567,-4.56544
13.78236,-1.29257,-2.16406,-4.52669
13.7924,-1.62611,-2.2492,-4.85664
13.80243,-2.01667,-2.61926,-5.19991
13.81247,-2.087,-3.01161,-5.25018
13.82251,-1.80074,-2.93933,-5.14858
13.83254,-1.26339,-2.41291,-5.02902
13.84258,-0.79188,-1.86359,-4.97755
13.85262,-0.68579,-1.61534,-4.76311
13.86265,-0.75343,-1.84398,-4.9328
13.87269,-0.88211,-2.17184,-5.55739
13.88272,-0.93464,-2.26297,-6.3195
13.89276,-0.87239,-2.11213,-6.81689
13.9028,-0.84725,-2.12455,-6.59004
13.91283,-0.93913,-2.27868,-5.80145
13.92287,-0.85323,-2.31699,-5.64044
13.93291,-1.1154,-2.28078,-6.2363
13.94294,-1.68253,-2.3312,-7.06679
13.95298,-2.16855,-2.68076,-7.60413
13.96302,-1.94903,-2.66026,-8.27825
13.97305,-1.14129,-1.96055,-8.62362
13.98309,-0.21234,-1.30858,-8.77759
13.99312,0.24511,-0.95514,-8.46545
14.00316,-0.2059,-1.14368,-7.73776
14.0132,-1.31232,-2.22825,-7.02294
14.02324,-2.13817,-3.72957,-7.35334
14.03327,-2.09553,-4.05638,-7.91059
14.04331,-1.12527,-2.72864,-9.02285
14.05334,0.00718,-0.98372,-11.10805
14.06338,0.08469,0.10071,-13.0903
14.07342,-1.16777,-0.27758,-14.08808
14.08345,-2.6854,-1.82333,-14.29742
14.09349,-3.53773,-3.18788,-13.89789
14.10353,-3.39243,-3.20554,-14.20151
14.11356,-2.66714,-1.91761,-15.41058
14.1236,-2.30322,-0.63252,-16.55875
14.13363,-2.53576,-0.34881,-17.46136
14.14367,-2.70126,-0.52403,-17.93167
14.15371,-2.50598,-0.37559,-17.68223
14.16374,-2.23514,-0.11672,-17.22942
14.17378,-2.25968,-0.1872,-16.62324
14.18382,-2.61252,-0.54737,-16.09786
14.19385,-3.02702,-1.0337,-15.85096
14.20389,-3.14763,-1.34045,-15.17176
14.21393,-2.98362,-1.29586,-14.41654
14.22396,-2.72849,-1.30364,-13.75858
14.234,-2.5594,-1.45837,-13.04421
14.24404,-2.49416,-1.52181,-12.66937
14.25407,-2.35649,-1.51882,-12.41438
14.26411,-2.07278,-1.40854,-12.22075
14.27415,-1.77156,-1.11794,-12.17945
14.28418,-1.53633,-0.92536,-12.04957
14.29422,-1.45882,-1.02801,-11.69059
14.30425,-1.58825,-1.14996,-11.3964
14.31429,-1.86613,-1.22838,-11.30153
14.32433,-2.19997,-1.37397,-11.21444
14.33436,-2.35574,-1.55743,-10.9008
14.3444,-2.20087,-1.56162,-10.44096
14.35506,-1.674,-1.26384,-9.66659
14.3651,-1.674,-1.26384,-9.66659
14.37514,-1.3828,-0.92177,-9.6639
14.38517,-0.98252,-0.48931,-9.86546
14.39521,-0.6409,-0.23194,-9.88865
14.40525,-0.54812,-0.31753,-9.77642
14.41528,-0.74669,-0.4974,-9.60494
14.42532,-1.01155,-0.73008,-9.6003
14.43535,-1.18124,-0.85114,-9.52234
14.44539,-1.14996,-0.81971,-9.578
14.45543,-0.89887,-0.83363,-9.66075
14.46546,-0.52568,-0.65062,-9.33784
14.4755,-0.26441,-0.53645,-9.21034
14.48554,-0.22296,-0.54244,-9.1668
14.49557,-0.20964,-0.62938,-9.11682
14.50561,-0.10175,-0.74804,-9.1249
14.51565,0.06674,-0.71706,-8.98215
14.52568,0.28192,-0.72335,-8.9998
14.53572,0.51775,-0.72799,-8.92199
14.54576,0.67367,-0.71467,-8.88533
14.55579,0.67053,-0.77976,-8.96464
14.56583,0.62878,-0.87299,-9.05307
14.57586,0.51011,-0.94556,-9.32512
14.5859,0.1658,-0.98267,-9.77822
14.59594,-0.25094,-1.00137,-10.24793
14.60597,-0.48542,-0.91473,-10.50576
14.61601,-0.48333,-0.90531,-10.6521
14.62605,-0.08634,-0.87209,-10.82957
14.63608,0.54603,-0.59122,-10.78274
14.64612,1.15805,-0.35599,-10.58731
14.65616,1.42545,-0.30706,-10.40475
14.66619,1.46331,-0.50099,-10.34205
14.67623,1.39672,-0.70674,-10.39832
14.68627,1.29721,-0.76749,-10.62636
14.6963,1.2387,-0.8052,-10.67589
14.70634,1.09774,-0.83453,-10.38066
14.71638,0.73876,-1.02412,-10.0944
14.72641,0.34372,-1.31801,-10.0763
14.73645,0.27129,-1.32714,-9.92337
14.74648,0.62144,-1.06736,-9.77792
14.75652,1.06213,-0.67262,-9.69786
14.76656,1.35048,-0.45325,-9.69263
14.77659,1.31771,-0.40118,-9.75847
14.78663,0.79293,-0.49695,-10.03694
14.79667,0.09457,-0.93479,-10.29462
14.8067,-0.35928,-1.49159,-10.14423
14.81674,-0.40223,-1.87167,-9.73213
14.82677,-0.1851,-1.97447,-9.21603
14.83681,0.0633,-1.72218,-8.76667
14.84685,0.2674,-1.33866,-8.77265
14.85688,0.2668,-1.07799,-9.06789
14.86692,-0.00434,-0.97579,-9.44423
14.87696,-0.24271,-0.8857,-9.9497
14.88699,-0.40746,-0.60573,-10.22519
14.89703,-0.64808,-0.32441,-10.35373
14.90707,-0.97713,-0.27982,-10.73979
14.9171,-1.44296,-0.43784,-11.03039
14.92714,-2.10031,-0.65541,-11.07797
14.93718,-2.73418,-0.87493,-11.10775
14.94721,-2.88142,-0.97953,-11.2912
14.95725,-2.38043,-0.7829,-10.8797
14.96728,-1.68731,-0.40208,-10.05744
14.97732,-1.14144,-0.26157,-9.61317
14.98736,-1.03534,-0.43141,-9.58713
14.99739,-1.28254,-0.78231,-9.34008
15.00743,-1.75375,-1.1163,-8.91915
15.01747,-2.14311,-1.5085,-8.98484
15.0275,-2.5823,-1.43248,-9.2497
15.03754,-3.05784,-1.23301,-9.77134
15.0482,-2.8283,-1.43143,-10.11221
15.05824,-2.21778,-1.35871,-9.56828
15.06828,-1.57179,-1.01544,-8.71085
15.07831,-1.03819,-0.65766,-8.24653
15.08835,-1.17555,-0.38188,-8.37626
15.09839,-1.85431,-0.52328,-9.083
15.10842,-2.51152,-1.00497,-9.64459
15.11846,-2.8696,-1.28494,-9.68021
15.12849,-2.88696,-1.2595,-9.64205
15.13853,-2.7858,-1.06677,-9.57995
15.14857,-2.61103,-0.9487,-9.64519
15.1586,-2.47007,-0.89259,-9.81503
15.16864,-2.13653,-1.04297,-9.77672
15.17868,-1.63225,-1.09639,-9.41475
15.18871,-1.12632,-1.02427,-9.08031
15.19875,-0.78395,-0.94167,-8.91526
15.20879,-0.71048,-0.97384,-9.02599
15.21882,-0.86072,-0.98087,-9.40053
15.22886,-1.02247,-1.16418,-9.65596
15.2389,-1.13321,-1.34285,-9.35534
15.24893,-1.22059,-1.40405,-9.24371
15.25897,-1.31935,-1.36589,-9.73856
15.26901,-1.31502,-1.33596,-10.21965
15.27904,-0.89528,-1.2803,-10.2008
15.28908,-0.29105,-1.11166,-9.73512
15.29911,0.24107,-1.01335,-9.29803
15.30915,0.56862,-1.00871,-9.0236
15.31919,0.52777,-0.97878,-9.06385
15.32922,-0.04504,-0.87149,-9.58938
15.33926,-0.6611,-0.97639,-10.407
15.3493,-0.84575,-1.14772,-10.73171
15.35933,-0.66574,-1.09191,-10.39742
15.36937,-0.3292,-0.92341,-9.93354
15.37941,0.00599,-0.78141,-9.52114
15.38944,0.2909,-0.83603,-9.36088
15.39948,0.45056,-0.95439,-9.25539
15.40951,0.49126,-0.93389,-9.20735
15.41955,0.42826,-0.91518,-9.22695
15.42959,0.19947,-0.7844,-9.51605
15.43962,-0.16445,-0.6822,-10.13421
15.44966,-0.33698,-0.72335,-10.48481
15.4597,-0.14515,-0.71931,-10.22429
15.46973,0.20351,-0.5999,-9.72734
15.47977,0.50413,-0.52942,-9.40772
15.48981,0.65212,-0.54663,-9.35953
15.49984,0.61516,-0.49141,-9.59566
15.50988,0.52298,-0.41465,-9.89269
15.51991,0.45969,-0.44083,-10.04203
15.52995,0.46492,-0.47046,-10.1158
15.53999,0.43604,-0.43215,-10.05056
15.55002,0.31978,-0.45565,-9.89374
15.56006,0.21802,-0.63566,-9.68694
15.5701,0.32307,-0.76629,-9.53132
15.58013,0.53525,-0.65047,-9.51411
15.59017,0.73981,-0.46029,-9.5795
15.60021,0.8043,-0.29179,-9.72525
15.61024,0.60618,-0.2261,-9.98487
15.62028,0.3316,-0.42751,-10.07794
15.63032,0.21952,-0.67861,-9.81114
15.64035,0.2906,-0.73861,-9.5816
15.65039,0.49784,-0.55486,-9.6636
15.66042,0.63985,-0.35659,-9.8065
15.67046,0.63132,-0.27952,-9.85962
15.6805,0.42796,-0.32441,-9.9913
15.69053,0.27952,-0.46014,-9.94282
15.70057,0.25483,-0.54513,-9.74694
15.71061,0.35314,-0.43934,-9.77328
15.72064,0.46433,-0.2879,-9.83493
15.73068,0.48647,-0.23792,-9.84556
15.74072,0.42048,-0.35509,-9.8671
15.75075,0.34327,-0.46807,-9.77882
15.76079,0.25902,-0.46687,-9.6808
15.77083,0.14171,-0.45654,-9.68978
15.78086,-0.01856,-0.4938,-9.81653
15.7909,-0.12719,-0.57925,-9.82161
15.80093,-0.09816,-0.6394,-9.72076
15.81097,0.05462,-0.56368,-9.64803
15.82101,0.20246,-0.45789,-9.66045
15.83104,0.227,-0.40357,-9.71073
15.84108,0.08664,-0.46328,-9.79932
15.85112,-0.11582,-0.61875,-9.79573
15.86115,-0.21712,-0.75118,-9.71762
15.87119,-0.2065,-0.72844,-9.66824
15.88123,-0.1224,-0.63521,-9.764
15.89126,0.01152,-0.6177,-9.80321
15.9013,0.15143,-0.56922,-9.72495
15.91134,0.28596,-0.49261,-9.66898
15.92137,0.27952,-0.4546,-9.6428
15.93141,0.15742,-0.4941,-9.81024
15.94145,-0.03187,-0.57117,-9.96317
15.95148,-0.19408,-0.65362,-9.97978
15.96152,-0.11387,-0.71572,-9.86935
15.97156,0.08544,-0.62713,-9.68634
15.98159,0.23628,-0.49051,-9.71238
15.99163,0.30391,-0.41539,-9.84466
16.00166,0.164,-0.4139,-9.8463
16.0117,-0.03861,-0.59586,-9.82865
16.02174,-0.1444,-0.77931,-9.745
16.03177,-0.14889,-0.7841,-9.7453
16.04181,0.00718,-0.65586,-9.83194
16.05185,0.21458,-0.47091,-9.82476
16.06188,0.35838,-0.31514,-9.8903
16.07192,0.3108,-0.31364,-9.83927
16.08196,0.18316,-0.42826,-9.68574
16.09199,-0.00449,-0.5179,-9.68784
16.10203,-0.14231,-0.54573,-9.84675
16.11207,-0.14126,-0.55471,-9.97409
16.1221,-0.04474,-0.53061,-9.99445
16.13214,0.10116,-0.48213,-9.90721
16.14217,0.24271,-0.41599,-9.71477
16.15221,0.34162,-0.39534,-9.65192
16.16225,0.37484,-0.3696,-9.6606
16.17228,0.26067,-0.36811,-9.71777
16.18232,0.04788,-0.39699,-9.94207
16.19236,-0.2056,-0.48707,-10.14348
16.20239,-0.22326,-0.60903,-10.03335
16.21243,0.00105,-0.68399,-9.67751
16.22247,0.23029,-0.59316,-9.351
16.2325,0.36018,-0.46732,-9.37704
16.24254,0.29045,-0.42228,-9.57845
16.25258,0.11687,-0.45595,-9.72016
16.26261,0.02514,-0.5788,-9.77223
16.27265,0.05312,-0.6177,-9.62664
16.28268,0.09936,-0.49545,-9.70624
16.29272,0.19004,-0.42527,-9.89778
16.30276,0.23314,-0.2876,-9.94043
16.31279,0.14904,-0.28985,-10.00791
16.32283,0.041,-0.36871,-9.95314
16.33287,0.02783,-0.42692,-9.93459
16.3429,0.07063,-0.41509,-9.87743
16.35294,0.22012,-0.28401,-9.909
16.36298,0.28057,-0.18435,-9.97948
16.37301,0.04384,-0.1661,-10.06238
16.38305,-0.32037,-0.22087,-10.43857
16.39309,-0.61441,-0.3283,-10.82942
16.40312,-0.67352,-0.35898,-10.84035
16.41316,-0.46163,-0.29404,-10.63654
16.4232,-0.19842,-0.17597,-10.43528
16.43323,-0.19812,-0.0826,-10.54137
16.44327,-0.56683,0.02888,-11.15129
16.4533,-1.0518,0.08754,-11.73234
16.46334,-1.57913,0.00868,-12.04987
16.47338,-2.1687,-0.02185,-12.0762
16.48341,-2.73119,0.08559,-12.60128
16.49345,-2.96672,0.31304,-13.75304
16.50349,-2.76156,0.64165,-15.0498
16.51352,-2.13548,1.34404,-16.15338
16.52356,-1.73804,2.53681,-17.24828
16.5336,-1.68163,3.35577,-18.80765
16.54363,-2.93948,4.10471,-21.23208
16.55367,-5.48721,4.0456,-25.18281
16.56371,-6.11554,2.11154,-25.82356
16.57374,-4.5228,1.60307,-21.31034
16.58378,-2.1069,1.75061,-16.81986
16.59381,-0.50787,1.79011,-14.28066
16.60385,-0.10101,1.42201,-12.93393
16.61389,-0.05402,0.38996,-12.39269
16.62392,-0.07766,-0.20007,-12.13142
16.63396,-0.25438,-0.15532,-11.57387
16.644,-0.90561,0.02604,-10.72378
16.65403,-2.12276,0.03502,-10.04891
16.66407,-3.18668,-0.92057,-9.53715
16.67411,-3.72747,-1.99661,-8.3815
16.68414,-3.77341,-2.03387,-7.62269
16.69418,-3.62288,-1.87227,-7.9676
16.70422,-3.3257,-1.55264,-9.06953
16.71425,-2.81064,-1.03729,-9.89134
16.72429,-2.23753,-0.69282,-9.5403
16.73432,-1.59289,-0.59735,-8.5066
16.74436,-0.98252,-0.85757,-7.20475
16.7544,-0.52014,-1.23316,-6.43172
16.76443,-0.10475,-1.42096,-6.00167
16.77447,0.36377,-1.50296,-5.60213
16.78451,0.91414,-1.32953,-5.2873
16.79454,1.46765,-1.05719,-5.32755
16.80458,1.54441,-1.10148,-5.27458
16.81462,1.21775,-1.39762,-5.47674
16.82465,0.71347,-1.49608,-5.95393
16.83469,0.3503,-1.45014,-6.21909
16.84473,0.46373,-1.46136,-6.30199
16.85476,0.84261,-1.47992,-5.79038
16.8648,1.28434,-1.35572,-5.1806
16.87484,1.73699,-1.20623,-5.04787
16.88487,2.0017,-1.29811,-5.06972
16.89491,2.01173,-1.58915,-4.85589
16.90494,1.84922,-1.74582,-4.40862
16.91498,1.80598,-1.77859,-4.47327
16.92502,2.02594,-1.91641,-5.11387
16.93505,2.32657,-2.06889,-5.57161
16.94509,2.32028,-1.90608,-5.77751
16.95513,2.03791,-1.51418,-6.16013
16.96516,1.64362,-1.33896,-6.37755
16.9752,1.05225,-1.63494,-6.18288
16.98524,0.57401,-2.13488,-5.84499
16.99527,0.4935,-2.50688,-5.77227
17.00531,0.6415,-2.43311,-6.20637
17.01535,0.9092,-1.96399,-6.76736
17.02538,1.21835,-1.42889,-7.4126
17.03542,1.39358,-1.19306,-7.84685
17.04545,1.40794,-1.38834,-8.00008
17.05549,1.17765,-1.7771,-7.96551
17.06553,0.908,-2.01218,-8.09674
17.07556,0.56608,-2.02116,-8.27436
17.0856,0.16924,-2.05123,-8.51483
17.09564,-0.28865,-2.24816,-8.64816
17.10567,-0.59391,-2.52364,-8.77565
17.11571,-0.71257,-2.78954,-8.79211
17.12575,-0.63222,-2.90357,-8.65175
17.13578,-0.38936,-2.88561,-8.71459
17.14582,-0.14051,-2.69602,-8.98484
17.15586,-0.00643,-2.57915,-9.26706
17.16589,-0.1251,-2.69063,-9.29429
17.17593,-0.37035,-2.87184,-9.20705
17.18597,-0.55246,-2.92137,-9.26751
17.196,-0.75791,-2.88037,-9.4743
17.20604,-1.03669,-2.86496,-9.69637
17.21607,-1.13919,-2.83892,-9.78839
17.22611,-1.0328,-2.74091,-9.7248
17.23615,-0.85787,-2.65203,-9.55825
17.24618,-0.73278,-2.6851,-9.34173
17.25622,-0.7452,-2.70246,-9.23892
17.26626,-0.82181,-2.66729,-9.2916
17.27629,-0.93583,-2.51541,-9.47999
17.28633,-1.04282,-2.44508,-9.78959
17.29637,-1.02307,-2.52199,-9.96796
17.3064,-0.99479,-2.59367,-9.91439
17.31644,-1.12049,-2.54982,-9.70744
17.32648,-1.39223,-2.47067,-9.69891
17.33651,-1.59603,-2.48728,-9.78525
17.34655,-1.64871,-2.53486,-9.72764
17.35659,-1.61085,-2.50942,-9.59731
17.36662,-1.50027,-2.43281,-9.52204
17.37666,-1.43847,-2.37041,-9.35459
17.38669,-1.43592,-2.32956,-9.28007
17.39673,-1.42859,-2.25324,-9.32242
17.40677,-1.49817,-2.23424,-9.19748
17.4168,-1.57823,-2.33584,-8.99083
17.42684,-1.60426,-2.45899,-8.87575
17.43688,-1.49862,-2.43715,-8.79779
17.44691,-1.37682,-2.30996,-8.73719
17.45695,-1.29766,-2.17558,-8.5877
17.46699,-1.24798,-2.1889,-8.51049
17.47702,-1.22673,-2.22586,-8.32688
17.48706,-1.18094,-2.23214,-8.15525
17.4971,-1.19126,-2.2085,-7.98676
17.50713,-1.23885,-2.23858,-7.88904
17.51717,-1.28224,-2.23708,-7.66085
17.5272,-1.3439,-2.18516,-7.40721
17.53724,-1.2996,-2.12007,-7.11766
17.54728,-1.15565,-2.00963,-6.93825
17.55731,-0.94975,-1.89531,-6.82811
17.56735,-0.66903,-1.72801,-6.52525
17.57739,-0.55366,-1.6945,-6.01663
17.58742,-0.76121,-1.7958,-5.52836
17.59746,-1.03564,-1.98883,-5.42346
17.6075,-1.15131,-2.14401,-5.47898
17.61753,-1.11136,-2.03567,-5.52028
17.62757,-0.9092,-1.93077,-5.42706
17.63761,-0.85742,-2.10286,-4.65343
17.64764,-1.053,-2.19578,-3.89163
17.65768,-1.13141,-2.24052,-3.82908
17.66772,-1.18498,-2.25399,-4.31615
17.67775,-1.27925,-2.14446,-4.97395
17.68779,-1.26369,-2.09089,-5.6575
17.69782,-1.11869,-2.07951,-5.84814
17.70786,-0.94451,-1.99527,-5.61276
17.7179,-0.8878,-1.52989,-5.5134
17.72793,-0.93449,-0.90815,-5.83153
17.73797,-1.11076,-0.70509,-6.55158
17.74801,-1.41916,-1.01873,-7.22705
17.75804,-1.75929,-1.47378,-7.10045
17.76808,-1.8175,-1.65589,-6.26323
17.77812,-1.52196,-1.56177,-5.4088
17.78815,-1.20204,-1.24229,-5.12105
17.79819,-1.16373,-0.70135,-5.79337
17.80823,-1.41647,-0.69402,-7.24216
17.81826,-1.91117,-1.4235,-8.23261
17.8283,-2.18037,-2.14775,-8.6094
17.83834,-1.97372,-2.3321,-8.9793
17.84837,-1.61848,-2.01562,-9.42403
17.85841,-1.39776,-1.73819,-10.09725
17.86844,-1.3219,-1.3825,-10.73306
17.87848,-1.37726,-1.33537,-11.79234
17.88852,-1.5899,-1.83231,-12.85956
17.89855,-2.1078,-2.16376,-13.18547
17.90859,-2.56928,-2.33659,-13.10182
17.91863,-2.55671,-2.55237,-12.65575
17.92866,-2.26776,-2.58843,-12.06304
17.9387,-2.1904,-2.70021,-11.8281
17.94874,-2.5817,-2.93095,-12.20699
17.95877,-3.27422,-3.13221,-13.12037
17.96881,-3.93023,-3.38361,-13.98872
17.97885,-4.3576,-3.39453,-14.2449
17.98888,-4.44618,-3.13311,-14.25957
17.99892,-4.3576,-2.93828,-14.23802
18.00895,-4.27215,-2.70844,-14.25508
18.01899,-4.09468,-2.43715,-14.31688
18.02903,-3.67345,-2.12141,-14.25463
18.03906,-3.09151,-1.75345,-14.15602
18.0491,-2.6821,-1.37981,-14.28515
18.05914,-2.58125,-1.08442,-14.84225
18.06917,-2.56524,-0.78216,-15.23161
18.07921,-2.44134,-0.55665,-15.19375
18.08925,-2.25474,-0.47495,-14.89343
18.09928,-2.21434,-0.58733,-14.40591
18.10932,-2.27958,-0.9511,-13.6242
18.11936,-2.34437,-1.37472,-12.76199
18.12939,-2.33255,-1.62207,-11.89215
18.13943,-2.22077,-1.68926,-11.26232
18.14947,-2.01936,-1.66651,-10.92624
18.1595,-1.86089,-1.5905,-10.78019
18.16954,-1.756,-1.35302,-10.74144
18.17957,-1.74807,-1.05195,-10.83122
18.18961,-1.86104,-0.89379,-11.14351
18.19965,-1.99123,-0.9909,-11.23255
18.20968,-1.99407,-1.22823,-10.88434
18.21972,-1.91731,-1.3852,-10.38141
18.22976,-1.89755,-1.35751,-10.03395
18.23979,-1.91985,-1.30185,-9.96601
18.24983,-1.83171,-1.31816,-9.83703
18.25987,-1.65125,-1.33417,-9.65312
18.2699,-1.47288,-1.26833,-9.38677
18.27994,-1.38295,-1.2194,-9.19673
18.28998,-1.36754,-1.21356,-9.17054
18.30001,-1.41288,-1.12498,-9.23608
18.31005,-1.39552,-0.91788,-9.56603
18.32009,-1.35422,-0.67621,-9.98382
18.33012,-1.22508,-0.54483,-10.26604
18.34016,-1.08787,-0.57566,-10.23925
18.35019,-0.92521,-0.79727,-9.56558
18.36086,-0.92521,-0.79727,-9.56558
18.37089,-0.82121,-0.97429,-9.19972
18.38093,-0.88331,-1.07335,-8.91735
18.39097,-1.0129,-1.08323,-9.06475
18.401,-1.00542,-1.0123,-9.42911
18.41104,-0.86191,-0.81523,-9.70624
18.42108,-0.67921,-0.67097,-9.8701
18.43111,-0.60005,-0.66364,-9.77642
18.44115,-0.62563,-0.74744,-9.60958
18.45119,-0.79862,-0.84336,-9.54793
18.46122,-0.993,-1.0117,-9.58833
18.47126,-1.04657,-1.10014,-9.59072
18.4813,-0.9707,-1.12049,-9.57726
18.49133,-0.77452,-1.02786,-9.56618
18.50137,-0.60903,-0.92506,-9.47445
18.51141,-0.58,-0.9689,-9.40338
18.52144,-0.58314,-1.02756,-9.39739
18.53148,-0.59526,-1.07275,-9.53566
18.54151,-0.56787,-1.13755,-9.71028
18.55155,-0.39265,-1.20339,-9.72435
18.56159,-0.12151,-1.20219,-9.71193
18.57162,0.164,-1.24469,-9.71836
18.58166,0.48363,-1.32205,-9.68739
18.5917,0.77677,-1.26549,-9.67033
18.60173,0.99524,-1.1965,-9.8065
18.61177,1.10747,-1.17017,-9.93743
18.62181,1.1567,-1.40495,-9.95569
18.63184,1.32624,-2.07158,-9.67228
18.64188,1.68238,-2.85164,-9.0239
18.65192,2.36203,-3.17202,-8.64471
18.66195,3.1795,-2.88965,-9.13732
18.67199,4.03124,-2.27733,-10.24239
18.68203,4.85798,-1.5911,-11.37261
18.69206,5.30959,-0.93509,-12.37099
18.7021,5.27398,-0.51894,-13.25041
18.71213,4.92861,-0.37335,-13.2754
18.72217,4.51142,-0.37499,-12.64872
18.73221,4.15993,-0.50188,-12.00887
18.74224,3.64023,-0.53047,-11.08156
18.75228,2.86047,-0.61142,-10.31302
18.76232,2.2103,-0.67636,-10.10712
18.77235,1.73939,-0.43559,-10.22354
18.78239,1.15251,0.05567,-10.51129
18.79243,0.45565,0.29,-10.78304
18.80246,-0.23508,0.3916,-10.91038
18.8125,-0.74505,0.44368,-10.95168
18.82254,-1.12827,0.29718,-10.66258
18.83257,-1.63808,0.06868,-9.95359
18.84261,-2.33285,-0.28072,-9.12595
18.85264,-3.1572,-0.76599,-8.62302
18.86268,-4.02376,-1.26444,-8.6109
18.87272,-4.63787,-1.45837,-8.81336
18.88275,-4.84556,-1.18693,-8.80617
18.89279,-4.83569,-0.85847,-8.76592
18.90283,-4.86891,-0.73891,-8.64576
18.91286,-4.85828,-0.72709,-8.40649
18.9229,-4.61752,-0.76839,-8.31252
18.93294,-4.34952,-0.65526,-8.21765
18.94297,-4.32363,-0.39624,-8.57558
18.95301,-4.4188,-0.18959,-9.15243
18.96304,-4.54928,-0.17133,-9.17757
18.97308,-4.78002,-0.21742,-8.19296
18.98312,-4.79948,-0.64329,-7.17198
18.99315,-4.46803,-1.31367,-6.82243
19.00319,-3.88579,-1.72487,-7.2887
19.01323,-3.34994,-1.60501,-8.84897
19.02326,-3.27183,-0.65332,-10.3042
19.0333,-3.27931,-0.00943,-11.08276
19.04396,-3.27931,-0.00943,-11.08276
19.054,-3.30101,-0.6593,-10.49887
19.06404,-3.24818,-1.1552,-10.07315
19.07407,-2.97869,-1.15954,-9.68455
19.08411,-2.47979,-0.82031,-9.53865
19.09415,-2.02849,-0.57745,-9.89658
19.10418,-2.05228,-0.49784,-10.05879
19.11422,-2.36472,-0.77737,-10.71749
19.12426,-2.6025,-1.32564,-11.07408
19.13429,-2.63183,-1.64422,-10.64058
19.14433,-2.34018,-1.62491,-10.4254
19.15436,-1.87212,-1.39956,-10.39488
19.1644,-1.36739,-1.15131,-10.08004
19.17444,-0.97264,-1.10298,-9.46174
19.18447,-0.7015,-1.29451,-8.90628
19.19451,-0.46223,-1.34404,-8.95027
19.20455,-0.34058,-1.17211,-9.42971
19.21458,-0.29374,-1.00871,-9.84795
19.22462,-0.34252,-0.88885,-10.09036
19.23466,-0.32322,-0.91294,-10.34998
19.24469,-0.20216,-0.92775,-10.29611
19.25473,-0.11447,-0.85039,-10.06388
19.26477,-0.08529,-0.87837,-9.87129
19.2748,-0.05417,-1.01379,-9.67377
19.28484,0.0826,-1.08757,-9.61736
19.29488,0.24361,-0.95454,-9.77822
19.30491,0.16011,-0.74415,-10.06103
19.31495,0.07991,-0.68354,-10.34624
19.32498,0.17702,-0.599,-10.35148
19.33502,0.27892,-0.44592,-10.27322
19.34506,0.42318,-0.36886,-10.22459
19.35509,0.49336,-0.43694,-9.92621
19.36513,0.42751,-0.5158,-9.66988
19.37517,0.24989,-0.62369,-9.72225
19.3852,0.13572,-0.66379,-10.04068
19.39524,0.08634,-0.5384,-10.41388
19.40528,0.12779,-0.43679,-10.41059
19.41531,0.2689,-0.46852,-10.16548
19.42535,0.34028,-0.48019,-9.95644
19.43539,0.26531,-0.42617,-10.04712
19.44542,0.29538,-0.51565,-10.07854
19.45546,0.42901,-0.46941,-9.80111
19.4655,0.52059,-0.3319,-9.79827
19.47553,0.43185,-0.2695,-9.91155
19.48557,0.27997,-0.31544,-9.9714
19.4956,0.25423,-0.36407,-9.83957
19.50564,0.30496,-0.38023,-9.64235
19.51568,0.40941,-0.36422,-9.69457
19.52571,0.36901,-0.23059,-9.70968
19.53575,0.21428,-0.26097,-9.67512
19.54579,0.03083,-0.47974,-9.54538
19.55582,-0.19498,-0.6831,-9.41146
19.56586,-0.3289,-0.84186,-9.25553
19.5759,-0.29479,-0.88331,-9.20077
19.58593,-0.11417,-0.81268,-9.24745
19.59597,-0.04384,-0.69686,-9.24177
19.60601,-0.17897,-0.63506,-9.35175
19.61604,-0.40103,-0.68848,-9.67527
19.62608,-0.58448,-0.73517,-9.79722
19.63612,-0.56862,-0.82765,-9.75158
19.64615,-0.31903,-0.89394,-9.56992
19.65619,-0.03576,-0.80056,-9.46637
19.66622,0.10983,-0.71946,-9.50378
19.67626,0.1643,-0.80266,-9.46144
19.6863,0.19258,-0.88047,-9.38811
19.69633,0.17478,-0.81672,-9.35205
19.70637,0.10849,-0.74056,-9.56723
19.71641,0.08006,-0.75522,-9.88252
19.72644,0.16251,-0.81208,-9.89
19.73648,0.35823,-0.72993,-9.72195
19.74652,0.56458,-0.62728,-9.66001
19.75655,0.69163,-0.57985,-9.71417
19.76659,0.67891,-0.6213,-9.66345
19.77663,0.58014,-0.69567,-9.7046
19.78666,0.43993,-0.7238,-9.8258
19.7967,0.24989,-0.64703,-10.01809
19.80674,0.16804,-0.7003,-10.18044
19.81677,0.35045,-0.78904,-9.93938
19.82681,0.52149,-0.73427,-9.66943
19.83684,0.56189,-0.66708,-9.56977
19.84688,0.37484,-0.63207,-9.4981
19.85692,0.07961,-0.76764,-9.7227
19.86695,-0.11941,-0.8673,-10.00911
19.87699,-0.22491,-0.8863,-10.03649
19.88703,-0.16086,-0.87987,-9.88117
19.89706,0.01526,-0.80819,-9.69741
19.9071,0.04339,-0.71826,-9.57351
19.91714,-0.06659,-0.71781,-9.67362
19.92717,-0.15458,-0.79562,-9.85019
19.93721,-0.0422,-0.83812,-9.66195
19.94725,0.15098,-0.785,-9.36417
19.95728,0.2876,-0.73637,-9.28486
19.96732,0.29598,-0.66873,-9.32601
19.97736,0.09771,-0.56413,-9.68948
19.98739,-0.19094,-0.4522,-10.30883
19.99743,-0.25678,-0.48153,-10.45174
20.00747,-0.06928,-0.55216,-10.03081
20.0175,0.12555,-0.59122,-9.68604
20.02754,0.15443,-0.62085,-9.57681
20.03757,-0.03202,-0.66574,-9.54598
20.04761,-0.32531,-0.86895,-9.76146
20.05765,-0.36631,-1.04267,-9.79662
20.06768,-0.20785,-0.89079,-9.72181
20.07772,0.00898,-0.66215,-9.84346
20.08776,0.12555,-0.48542,-9.94237
20.09779,0.25304,-0.48438,-10.02258
20.10783,0.33085,-0.54274,-9.87503
20.11787,0.35434,-0.63791,-9.69263
20.1279,0.31873,-0.68235,-9.72405
20.13794,0.19094,-0.64838,-9.77657
20.14798,0.01736,-0.60469,-9.96661
20.15801,-0.09532,-0.66394,-10.06956
20.16805,-0.1034,-0.71063,-9.99669
20.17809,-0.1221,-0.66035,-10.06103
20.18812,-0.1022,-0.5143,-10.2611
20.19816,-0.05686,-0.45939,-10.39263
20.20819,-0.07931,-0.47959,-10.33322
20.21823,-0.0603,-0.57685,-10.19795
20.22827,-0.04953,-0.60753,-10.06522
20.2383,-0.0823,-0.62758,-9.94836
20.24834,-0.1444,-0.67262,-9.89838
20.25838,-0.28087,-0.62264,-10.02557
20.26841,-0.34686,-0.6394,-10.22384
20.27845,-0.21473,-0.67531,-10.04846
20.28849,0.03861,-0.60409,-9.77463
20.29852,0.18675,-0.56638,-9.581
20.30856,0.16894,-0.64165,-9.50678
20.3186,0.03786,-0.722,-9.56918
20.32863,-0.0835,-0.76285,-9.57322
20.33867,-0.20815,-0.74669,-9.6642
20.34871,-0.13318,-0.77467,-9.60449
20.35874,0.0431,-0.75702,-9.40233
20.36878,0.2077,-0.7009,-9.28352
20.37882,0.34731,-0.59885,-9.35145
20.38885,0.38008,-0.50413,-9.44737
20.39889,0.26306,-0.50278,-9.62155
20.40892,0.13512,-0.58059,-9.682
20.41896,0.09951,-0.62309,-9.63591
20.429,0.12495,-0.60259,-9.59401
20.43903,0.13228,-0.61052,-9.44872
20.44907,0.22745,-0.67382,-9.332
20.45911,0.31214,-0.61381,-9.39425
20.46914,0.38547,-0.4769,-9.54957
20.47918,0.42946,-0.43245,-9.59162
20.48922,0.36901,-0.50996,-9.50812
20.49925,0.25064,-0.6418,-9.47131
20.50929,0.10505,-0.69926,-9.57711
20.51933,0.00344,-0.69611,-9.73438
20.52936,-0.05611,-0.71377,-9.88611
20.5394,-0.09248,-0.74639,-9.87309
20.54944,-0.09188,-0.73382,-9.63187
20.55947,-0.07542,-0.80296,-9.51082
20.56951,-0.07961,-0.87029,-9.46203
20.57954,-0.19423,-0.81942,-9.79543
20.58958,-0.37305,-0.75253,-10.58192
20.59962,-0.55964,-0.69492,-11.12436
20.60965,-0.64135,-0.78979,-11.31919
20.61969,-0.61217,-0.93119,-11.18691
20.62973,-0.43455,-0.90366,-11.34238
20.63976,-0.20246,-0.69148,-11.58958
20.6498,0.03112,-0.47704,-11.65677
20.65984,0.00224,-0.28267,-11.646
20.66987,-0.40597,-0.26441,-11.79833
20.67991,-1.06288,-0.48123,-12.05825
20.68995,-2.15583,-0.45415,-12.52108
20.69998,-3.24295,-0.78021,-13.61343
20.71002,-3.60028,-1.35123,-14.02823
20.72006,-3.58921,-1.22478,-13.93321
20.73009,-3.4264,-0.93,-14.07416
20.74013,-2.96178,-0.57147,-14.05756
20.75016,-2.31834,-0.07257,-13.34139
20.7602,-1.49952,0.43604,-12.28749
20.77024,-1.18453,1.67025,-12.05421
20.78027,-1.93691,2.76381,-13.15629
20.79031,-3.16588,3.0149,-14.96226
20.80035,-4.37091,2.53845,-16.73098
20.81038,-4.79199,1.73954,-16.86221
20.82042,-4.92592,1.53334,-15.85291
20.83046,-4.74665,1.69794,-15.02391
20.84049,-3.74842,1.79371,-14.41743
20.85053,-2.36951,1.95831,-13.60296
20.86057,-1.24349,2.18576,-12.6538
20.8706,-0.92835,2.724,-12.0765
20.88064,-1.7156,3.23023,-12.25008
20.89068,-2.87214,2.93005,-13.20582
20.90071,-3.55045,1.87107,-13.46873
20.91075,-3.95806,0.67786,-11.83798
20.92079,-3.85736,-0.09906,-9.76894
20.93082,-3.37912,-0.5146,-8.2374
20.94086,-3.04542,-0.55665,-7.04808
20.95089,-2.79987,-0.40013,-6.64436
20.96093,-2.44328,-0.082,-7.50014
20.97097,-2.0222,0.28686,-9.26616
20.981,-1.4449,0.85802,-10.98535
20.99104,-0.9514,1.41512,-11.68715
21.00108,-0.53765,1.98809,-11.09518
21.01111,-0.0618,2.18531,-10.11924
21.02115,0.48677,1.82782,-8.86693
21.03119,0.93105,1.19964,-7.64813
21.04122,1.11764,0.62908,-6.90503
21.05126,1.04028,0.26785,-6.38294
21.0613,0.90351,0.23089,-5.90799
21.07133,0.80909,0.17687,-5.77242
21.08137,0.82645,0.3509,-6.41766
21.09141,1.01394,0.69088,-7.30142
21.10144,1.20728,1.02352,-7.8036
21.11148,1.44026,1.42231,-8.01384
21.12152,1.72906,1.69345,-8.20044
21.13155,2.084,1.75315,-8.38629
21.14159,2.40243,1.70033,-8.19879
21.15162,2.5199,1.40854,-7.55535
21.16166,2.38597,0.93793,-6.89814
21.1717,2.15703,0.42362,-6.46569
21.18173,1.89651,-0.03038,-6.29585
21.19177,1.74657,-0.23284,-6.14831
21.20181,1.75061,-0.28147,-6.07169
21.21184,1.88469,-0.32606,-6.35481
21.22188,2.06784,-0.26067,-6.78502
21.23192,2.16511,-0.14036,-6.96862
21.24195,2.17543,0.00943,-6.76137
21.25199,2.1078,-0.10026,-6.62296
21.26203,2.07742,-0.37305,-6.62161
21.27206,2.20042,-0.76839,-6.59543
21.2821,2.24726,-1.07425,-6.77948
21.29214,2.08999,-1.09969,-6.93825
21.30217,1.69644,-1.04836,-7.1214
21.31221,1.30289,-1.053,-7.33359
21.32224,0.96307,-1.2987,-7.54563
21.33228,0.58179,-1.62985,-7.77173
21.34232,0.17223,-1.8187,-7.98032
21.35235,-0.31155,-1.91087,-7.97583
21.36239,-0.69073,-1.99362,-7.95249
21.37243,-0.87343,-2.08011,-8.04347
21.38246,-0.94661,-2.12635,-8.04811
21.3925,-0.9098,-2.09059,-8.09405
21.40254,-0.74056,-2.06814,-8.28723
21.41257,-0.72514,-1.96235,-8.2594
21.42261,-0.8875,-1.83516,-8.197
21.43265,-1.01828,-1.81705,-8.35666
21.44268,-1.03564,-1.85835,-8.64382
21.45272,-1.04731,-1.79071,-8.91466
21.46276,-1.02906,-1.61698,-9.08076
21.47279,-1.07006,-1.46091,-9.16126
21.48283,-1.21925,-1.46031,-9.06011
21.49287,-1.40719,-1.6086,-9.02015
21.5029,-1.57449,-1.7952,-8.99891
21.51294,-1.67938,-1.98659,-8.86543
21.52297,-1.83201,-2.02011,-8.60671
21.53301,-1.90863,-1.94334,-8.47068
21.54305,-1.89875,-1.87481,-8.62391
21.55308,-1.80613,-1.75046,-8.7942
21.56312,-1.68028,-1.51897,-8.88952
21.57316,-1.62701,-1.32399,-8.88503
21.58319,-1.68253,-1.24513,-8.79914
21.59323,-1.81615,-1.32669,-8.58576
21.60327,-1.9423,-1.46869,-8.29875
21.6133,-1.9809,-1.50236,-7.98691
21.62334,-1.92898,-1.49952,-7.72744
21.63338,-1.76483,-1.41437,-7.49804
21.64341,-1.49697,-1.31891,-7.45539
21.65345,-1.29242,-1.17091,-7.28466
21.66349,-1.1754,-1.01484,-6.81943
21.67352,-1.1365,-1.02382,-6.3783
21.68356,-1.04941,-1.06542,-5.9885
21.6936,-0.93553,-0.99449,-5.72753
21.70363,-0.83752,-0.78216,-5.64852
21.71367,-0.7413,-0.54842,-5.60468
21.7237,-0.72021,-0.50144,-5.34909
21.73374,-0.83692,-0.69596,-4.82162
21.74378,-1.09355,-1.06602,-4.47641
21.75381,-1.42664,-1.50087,-4.3748
21.76385,-1.57763,-1.74896,-4.57188
21.77389,-1.35557,-1.71978,-4.93355
21.78392,-0.99105,-1.50356,-4.96468
21.79396,-0.58493,-1.23825,-4.94642
21.804,-0.21862,-0.98881,-5.02513
21.81403,-0.03382,-0.75522,-5.22804
21.82407,-0.2472,-0.5559,-5.41763
21.83411,-0.70883,-0.68758,-5.50397
21.84414,-1.09355,-1.03953,-5.43499
21.85418,-1.24528,-1.31681,-5.31019
21.86422,-1.02621,-1.5878,-5.53869
21.87425,-0.59765,-1.60262,-6.15459
21.88429,-0.19303,-1.39013,-7.0403
21.89432,-0.01227,-0.95918,-7.68763
21.90436,-0.24615,-0.61097,-7.91538
21.9144,-0.62713,-0.75387,-8.11724
21.92443,-0.89528,-0.96905,-8.40739
21.93447,-1.07814,-1.05809,-8.9995
21.94451,-1.32414,-1.07021,-9.68604
21.95454,-1.60771,-1.13306,-10.48675
21.96458,-1.81615,-1.10687,-11.09413
21.97462,-1.97522,-0.92117,-11.46538
21.98465,-2.18187,-0.51386,-12.02563
21.99469,-2.53426,-0.23867,-12.76109
22.00473,-2.89983,-0.38487,-13.33062
22.01476,-3.14463,-0.56907,-13.46768
22.0248,-3.13132,-0.76629,-13.4617
22.03484,-3.00248,-0.87164,-13.45885
22.04487,-2.89893,-0.722,-13.40663
22.05491,-2.79523,-0.40597,-13.59802
22.06495,-2.57451,-0.1016,-13.90822
22.07498,-2.32282,0.15652,-14.02209
22.08502,-2.24681,0.3518,-13.97316
22.09505,-2.34213,0.46313,-14.10948
22.10509,-2.56628,0.34342,-14.63905
22.11513,-2.61776,0.31155,-15.20722
22.12516,-2.28841,0.50173,-15.68382
22.1352,-1.78069,0.86311,-15.70566
22.14524,-1.45328,0.99704,-15.37152
22.15527,-1.32938,0.88256,-14.84974
22.16531,-1.29227,0.61187,-14.2862
22.17535,-1.32908,0.30406,-13.55148
22.18538,-1.31816,0.20231,-12.76394
22.19542,-1.21491,0.30661,-12.37338
22.20546,-1.2384,0.27922,-12.36216
22.21549,-1.4847,0.12076,-12.49279
22.22553,-1.70961,-0.09592,-12.50895
22.23557,-1.79326,-0.30825,-12.30216
22.2456,-1.68597,-0.34866,-11.92552
22.25564,-1.41497,-0.16131,-11.49187
22.26568,-1.17166,0.05731,-11.24646
22.27571,-1.11315,0.19139,-11.03069
22.28575,-1.10642,0.1875,-10.93267
22.29578,-1.17256,0.25049,-10.84454
22.30582,-1.33746,0.30676,-10.86085
22.31586,-1.50491,0.24451,-10.98535
22.32589,-1.55444,0.16685,-11.09952
22.33593,-1.46196,0.2285,-11.21235
22.34597,-1.31352,0.36302,-11.25125
22.356,-1.13036,0.46552,-11.20142
22.36667,-0.94406,0.46911,-10.81536
22.3767,-0.79443,0.3711,-10.35208
22.38674,-0.68714,0.30092,-9.88805
22.39678,-0.75776,0.23448,-9.58264
22.40681,-0.95289,0.04369,-9.63157
22.41685,-1.0536,-0.07557,-9.77972
22.42689,-0.93913,0.06913,-9.96377
22.43692,-0.75896,0.33294,-10.13929
22.44696,-0.63446,0.46582,-10.08692
22.457,-0.59571,0.41554,-9.89883
22.46703,-0.70689,0.28326,-9.81234
22.47707,-0.89558,0.06135,-9.81683
22.48711,-0.94137,-0.04474,-9.6392
22.49714,-0.89558,-0.07482,-9.41714
22.50718,-0.87074,-0.04504,-9.30955
22.51721,-0.85174,0.00569,-9.37943
22.52725,-0.80715,0.01152,-9.46114
22.53729,-0.77976,-0.01721,-9.51501
22.54732,-0.72036,-0.00793,-9.58833
22.55736,-0.71332,0.1242,-9.68604
22.5674,-0.66679,0.19647,-9.72869
22.57743,-0.60903,0.16325,-9.66674
22.58747,-0.54094,0.0624,-9.56229
22.59751,-0.48572,0.03038,-9.44273
22.60754,-0.4347,-0.02888,-9.28546
22.61758,-0.39415,-0.08065,-9.17638
22.62762,-0.40627,-0.13632,-9.29279
22.63765,-0.40387,-0.17148,-9.66075
22.64769,-0.29509,-0.04399,-10.06522
22.65773,-0.04923,0.08634,-10.24748
22.66776,0.20785,0.18331,-10.26634
22.6778,0.41659,0.25064,-10.27172
22.68784,0.48453,0.28012,-10.34849
22.69787,0.36093,0.15757,-10.68742
22.70791,0.32636,0.00539,-10.97667
22.71794,0.63416,-0.08649,-11.01093
22.72798,1.16822,-0.1019,-10.78348
22.73802,1.76168,-0.08155,-10.41358
22.74805,2.26162,-0.02155,-10.035
22.75809,2.47964,-0.05252,-9.78974
22.76813,2.63931,-0.32591,-9.83583
22.77816,2.80077,-0.52792,-9.65237
22.7882,2.95684,-0.51909,-9.51979
22.79824,3.10812,-0.32441,-9.57426
22.80827,3.16035,-0.27653,-9.72659
22.81831,3.03929,-0.40133,-9.6419
22.82835,2.83892,-0.76525,-9.37076
22.83838,2.62509,-1.18917,-9.0221
22.84842,2.47979,-1.47842,-8.66761
22.85846,2.26566,-1.5492,-8.49328
22.86849,1.93392,-1.44146,-8.59638
22.87853,1.81076,-1.13216,-9.01222
22.88856,1.77545,-0.76555,-9.61766
22.8986,1.73924,-0.44787,-10.02258
22.90864,1.56955,-0.24975,-10.14782
22.91867,1.29197,-0.16984,-10.16967
22.92871,1.06243,-0.13333,-10.14678
22.93875,1.07769,-0.05327,-9.90107
22.94878,1.34644,-0.02319,-9.4559
22.95882,1.67564,-0.06868,-8.98529
22.96886,1.74732,-0.05731,-8.49358
22.97889,1.43682,-0.05327,-8.20239
22.98893,0.81074,-0.18331,-8.27915
22.99897,-0.25199,-0.4341,-8.71205
23.009,-1.29212,-0.83752,-9.37509
23.01904,-1.75211,-1.18214,-9.82715
23.02907,-1.92763,-1.30289,-9.85034
23.03911,-1.68178,-1.22942,-9.63487
23.04977,-1.68178,-1.22942,-9.63487
23.05981,-1.94394,-0.85338,-9.67452
23.06985,-2.13623,-0.61531,-9.92112
23.07988,-2.32208,-0.56219,-10.1987
23.08992,-2.3939,-0.67382,-10.18254
23.09996,-2.42518,-0.84007,-9.85753
23.10999,-2.54758,-0.93972,-9.68544
23.12003,-2.69452,-0.95349,-9.77014
23.13007,-2.82471,-0.79652,-9.93653
23.1401,-2.76306,-0.61621,-10.05999
23.15014,-2.72026,-0.41988,-10.08153
23.16018,-2.77802,-0.35329,-9.96556
23.17021,-2.85329,-0.47525,-9.80081
23.18025,-2.8699,-0.79173,-9.57217
23.19029,-2.87903,-1.10717,-9.34247
23.20032,-2.79089,-1.28868,-9.13822
23.21036,-2.7053,-1.24558,-9.10261
23.2204,-2.67522,-1.09086,-9.28516
23.23043,-2.65188,-0.95514,-9.61945
23.24047,-2.53277,-0.86072,-9.85603
23.2505,-2.51346,-0.75687,-9.92232
23.26054,-2.55791,-0.75462,-10.0151
23.27058,-2.55476,-0.84755,-10.15531
23.28061,-2.44912,-0.9689,-10.20633
23.29065,-2.22855,-1.07604,-10.11116
23.30069,-1.90997,-1.15176,-9.87952
23.31072,-1.5287,-1.12632,-9.62664
23.32076,-1.21266,-0.98147,-9.49331
23.3308,-0.92641,-0.87822,-9.44228
23.34083,-0.72664,-0.75492,-9.51635
23.35087,-0.81059,-0.56758,-9.65866
23.36091,-0.89334,-0.55141,-9.78929
23.37094,-0.9683,-0.64,-9.88476
23.38098,-1.1139,-0.73726,-9.9081
23.39102,-1.14757,-0.86461,-9.91289
23.40105,-1.0105,-0.92311,-9.8677
23.41109,-0.82241,-0.89932,-9.79872
23.42113,-0.60394,-0.87179,-9.71118
23.43116,-0.473,-0.83408,-9.66539
23.4412,-0.54752,-0.81717,-9.71492
23.45123,-0.79383,-0.83857,-9.91813
23.46127,-0.90875,-0.96486,-10.12433
23.47131,-0.87329,-1.01514,-10.24883
23.48134,-0.65347,-0.97429,-10.27427
23.49138,-0.36856,-0.83303,-10.18389
23.50142,-0.21488,-0.61576,-10.10533
23.51145,-0.26755,-0.42362,-10.21157
23.52149,-0.32561,-0.45699,-10.4266
23.53153,-0.34207,-0.59451,-10.44755
23.54156,-0.34791,-0.75492,-10.34205
23.5516,-0.29898,-0.84186,-10.23132
23.56164,-0.17612,-0.83079,-10.08168
23.57167,-0.0214,-0.77437,-9.91529
23.58171,0.0618,-0.75238,-9.74994
23.59175,-0.05821,-0.79098,-9.67227
23.60178,-0.27638,-0.85682,-9.77747
23.61182,-0.40537,-0.94556,-9.9325
23.62186,-0.51206,-0.97444,-9.9292
23.63189,-0.66679,-0.97474,-9.92576
23.64193,-0.70404,-1.00512,-9.94506
23.65196,-0.63835,-1.06377,-9.94102
23.662,-0.47106,-1.05928,-9.84735
23.67204,-0.40028,-1.00497,-9.71402
23.68207,-0.31499,-1.07649,-9.63202
23.69211,-0.17957,-1.13889,-9.53266
23.70215,-0.08484,-1.11046,-9.5159
23.71218,-0.18944,-0.95334,-9.62708
23.72222,-0.36571,-0.85069,-9.98397
23.73226,-0.37424,-0.8887,-10.22519
23.74229,-0.26187,-0.8881,-10.12598
23.75233,-0.09697,-0.9077,-9.87369
23.76237,0.05567,-0.94137,-9.63636
23.7724,0.11253,-0.94676,-9.477
23.78244,-0.02783,-0.98117,-9.43345
23.79248,-0.29299,-1.10313,-9.60793
23.80251,-0.42213,-1.22912,-9.82505
23.81255,-0.33235,-1.20847,-9.87354
23.82259,-0.11956,-1.0533,-9.83688
23.83262,0.0223,-0.92027,-9.77343
23.84266,0.06764,-0.88166,-9.69128
23.85269,-0.14171,-0.94451,-9.69427
23.86273,-0.37065,-1.13425,-9.81623
23.87277,-0.45819,-1.25696,-9.84421
23.8828,-0.38696,-1.25217,-9.83463
23.89284,-0.18046,-1.0922,-9.82521
23.90288,0.05477,-0.9309,-9.81817
23.91291,0.16026,-0.79458,-9.68559
23.92295,0.15039,-0.78141,-9.63816
23.93299,0.19184,-0.92371,-9.80171
23.94302,0.26396,-0.95588,-9.82416
23.95306,0.31409,-0.848,-9.77807
23.9631,0.38128,-0.74924,-9.72719
23.97313,0.47271,-0.69252,-9.69801
23.98317,0.56548,-0.72305,-9.66599
23.99321,0.64718,-0.78889,-9.58683
24.00324,0.71572,-0.83528,-9.5566
24.01328,0.79847,-0.87194,-9.54658
24.02332,0.79936,-0.83288,-9.49166
24.03335,0.73697,-0.87269,-9.5367
24.04339,0.67965,-0.95499,-9.52443
24.05343,0.56309,-0.98955,-9.53416
24.06346,0.47136,-1.03714,-9.66554
24.0735,0.36841,-1.05016,-9.82236
24.08354,0.24152,-0.97549,-9.92426
24.09357,0.14021,-0.88481,-10.05191
24.10361,0.11328,-0.85697,-10.12882
24.11364,0.18495,-0.83453,-10.03859
24.12368,0.25992,-0.85039,-9.87608
24.13372,0.26217,-0.85712,-9.74365
24.14375,0.10579,-0.82914,-9.73093
24.15379,-0.07272,-0.85877,-9.83583
24.16383,-0.17104,-0.87358,-9.96542
24.17386,-0.1857,-0.8483,-9.99265
24.1839,-0.14709,-0.78979,-9.91918
24.19394,0.00389,-0.85533,-9.78136
24.20397,0.08933,-0.88017,-9.48957
24.21401,0.02514,-0.97279,-9.32392
24.22405,-0.01197,-1.07574,-9.34472
24.23408,0.00748,-1.13844,-9.4336
24.24412,0.06823,-1.0922,-9.37869
24.25416,0.11043,-1.00841,-9.21708
24.26419,0.00673,-1.02232,-9.25284
24.27423,-0.08814,-1.1338,-9.46368
24.28427,-0.10609,-1.14263,-9.64833
24.2943,-0.13078,-1.0922,-9.74799
24.30434,-0.10744,-0.99823,-9.82461
24.31438,-0.12465,-0.91488,-9.83553
24.32441,-0.27638,-0.93643,-9.76685
24.33445,-0.50473,-1.0741,-9.77059
24.34448,-0.60319,-1.28344,-9.82251
24.35452,-0.5381,-1.4265,-9.7866
24.36456,-0.41076,-1.42156,-9.59327
24.37459,-0.26381,-1.36754,-9.44019
24.38463,-0.25603,-1.26115,-9.4538
24.39467,-0.37469,-1.15864,-9.68036
24.4047,-0.50548,-1.07904,-10.00627
24.41474,-0.4733,-1.06108,-10.13061
24.42478,-0.31529,-1.08383,-10.00627
24.43481,-0.10864,-1.12228,-9.80755
24.44485,0.07542,-1.10971,-9.62185
24.45489,0.13722,-1.10477,-9.5183
24.46492,0.02738,-1.09011,-9.59267
24.47496,-0.20695,-1.08876,-9.8077
24.485,-0.31933,-1.16822,-9.93025
24.49503,-0.24122,-1.24917,-9.90212
24.50507,-0.09188,-1.22359,-9.73333
24.51511,0.05596,-1.15535,-9.53401
24.52514,0.10789,-1.11106,-9.46054
24.53518,0.00135,-1.10388,-9.59282
24.54521,-0.06225,-1.14188,-9.74679
24.55525,-0.00853,-1.14787,-9.8674
24.56529,0.12854,-1.05794,-9.84271
24.57532,0.28596,-0.93703,-9.78301
24.58536,0.39819,-0.85877,-9.74051
24.5954,0.4115,-0.83707,-9.72794
24.60543,0.27174,-0.86655,-9.74994
24.61547,0.08814,-0.91369,-9.81503
24.62551,0.00733,-0.98821,-9.85573
24.63554,0.05971,-1.07006,-9.80216
24.64558,0.15996,-1.10328,-9.68529
24.65562,0.26291,-1.07545,-9.58249
24.66565,0.26471,-1.0328,-9.55062
24.67569,0.1634,-1.01275,-9.6826
24.68573,0.06375,-0.98072,-9.805
24.69576,-0.00793,-0.98536,-9.83463
24.7058,0.03786,-1.01783,-9.80096
24.71584,0.14365,-1.00886,-9.74904
24.72587,0.20815,-0.96157,-9.73827
24.73591,0.25124,-0.91114,-9.72076
24.74595,0.27144,-0.85802,-9.68529
24.75598,0.21488,-0.83213,-9.69712
24.76602,0.07242,-0.86431,-9.77463
24.77605,-0.02245,-0.91518,-9.88177
24.78609,-0.01407,-0.96157,-9.88042
24.79613,0.0835,-1.00826,-9.85588
24.80617,0.23209,-0.99928,-9.73632
24.8162,0.31948,-0.96352,-9.56768
24.82624,0.24915,-0.91069,-9.48044
24.83627,0.06599,-0.9894,-9.5578
24.84631,-0.07287,-1.13769,-9.6202
24.85635,-0.11866,-1.24439,-9.61511
24.86638,-0.05596,-1.2613,-9.6018
24.87642,0.06315,-1.18708,-9.61736
24.88646,0.18675,-1.04163,-9.67422
24.89649,0.25648,-0.91952,-9.7643
24.90653,0.25199,-0.85727,-9.80022
24.91657,0.12779,-0.83154,-9.8879
24.9266,-0.07033,-0.80984,-10.02542
24.93664,-0.20859,-0.85069,-10.17356
24.94668,-0.25783,-0.91264,-10.15067
24.95671,-0.28102,-0.97713,-10.08513
24.96675,-0.26486,-1.01903,-10.00791
24.97679,-0.2457,-1.10492,-9.84017
24.98682,-0.3286,-1.23271,-9.8083
24.99686,-0.62549,-1.32848,-10.09365
25.00689,-1.08038,-1.4434,-10.78573
25.01693,-1.4868,-1.54965,-11.82272
25.02697,-1.83516,-1.56042,-13.10122
25.037,-2.23409,-1.36769,-14.12639
25.04704,-2.42847,-1.21476,-14.55166
25.05708,-2.44328,-1.33118,-14.70339
25.06711,-2.42578,-1.4262,-14.72868
25.07715,-2.56224,-1.43248,-14.98621
25.08719,-2.8684,-1.3834,-15.12193
25.09722,-3.13356,-1.41467,-15.05504
25.10726,-3.1581,-1.66502,-15.09589
25.1173,-2.90701,-1.81885,-15.38319
25.12733,-2.46109,-1.52556,-16.35733
25.13737,-2.08834,-0.94317,-17.69225
25.14741,-1.93601,-0.3931,-18.33779
25.15744,-1.43428,-0.39669,-16.99524
25.16748,-0.88481,-0.79443,-15.35327
25.17752,-0.66364,-1.16044,-14.31089
25.18755,-0.97803,-1.03115,-12.92225
25.19759,-2.47156,-0.54259,-12.53185
25.20763,-4.59492,-0.72499,-14.05726
25.21766,-5.16923,-1.51837,-15.69624
25.2277,-4.33111,-1.63105,-16.07407
25.23773,-3.11396,-1.11869,-14.76579
25.24777,-1.67729,-0.2496,-12.53379
25.25781,-0.45235,0.61112,-10.5698
25.26784,0.31813,1.23002,-9.75712
25.27788,0.66379,1.73161,-9.82895
25.28792,0.58628,2.03762,-10.17805
25.29795,0.19348,2.02505,-10.39847
25.30799,-0.49695,1.76064,-10.00028
25.31803,-0.9683,1.36529,-9.15139
25.32806,-0.67247,0.79458,-7.9887
25.3381,-0.08469,0.98955,-6.79744
25.34814,0.00359,1.79086,-7.21373
25.35817,-0.2674,-0.80894,-7.16839
25.36821,-0.13662,-0.90426,-7.13248
25.37825,-0.16729,-0.72305,-7.11661
25.38828,-0.23628,-0.60573,-6.67189
25.39832,0.01885,0.03965,-5.35104
25.40836,0.36152,0.31858,-4.27934
25.41839,0.65481,0.34342,-3.35622
25.42843,0.92521,0.14156,-3.07131
25.43847,1.1769,-0.20351,-3.58457
25.4485,1.41318,-0.47809,-4.3353
25.45854,1.56715,-0.54318,-4.85679
25.46858,1.55488,-0.807,-5.16684
25.47861,1.24663,-0.54573,-5.53854
25.48865,1.10223,-0.45041,-6.27685
25.49868,0.69432,-0.92566,-6.59573
25.50872,0.43036,-1.28269,-6.67623
25.51876,0.5785,-1.60232,-6.79923
25.52879,0.96576,-1.81645,-6.98823
25.53883,1.39747,-1.47782,-7.08579
25.54887,1.69584,-0.99404,-6.8118
25.5589,1.83994,-0.72469,-6.46449
25.56894,1.69914,-0.78844,-6.00226
25.57898,1.14203,-0.98761,-5.53644
25.58901,0.42946,-1.33462,-5.58328
25.59905,-0.0829,-1.72936,-5.89363
25.60909,-0.39355,-2.0243,-6.10536
25.61912,-0.41794,-2.03492,-6.45971
25.62916,-0.19947,-1.89456,-6.82527
25.6392,0.06868,-1.73864,-7.34736
25.64923,0.23987,-1.62357,-8.01728
25.65927,0.44053,-1.59663,-8.58875
25.66931,0.52942,-1.64063,-8.96643
25.67934,0.41016,-1.60322,-8.90478
25.68938,0.20126,-1.50057,-8.58351
25.69942,0.03322,-1.57404,-8.33062
25.70945,-0.16565,-1.77425,-8.19969
25.71949,-0.55695,-1.89157,-8.30339
25.72952,-1.05076,-1.91057,-8.73091
25.73956,-1.4464,-1.9616,-9.28696
25.7496,-1.45657,-2.11213,-9.64803
25.75964,-1.21431,-2.25489,-9.48762
25.76967,-0.99704,-2.30322,-9.06819
25.77971,-0.8034,-2.19279,-8.79884
25.78974,-0.65018,-2.0023,-8.90523
25.79978,-0.65227,-1.90908,-9.19269
25.80982,-0.62773,-1.95023,-9.35998
25.81985,-0.60199,-2.03806,-9.351
25.82989,-0.7627,-2.04989,-9.08435
25.83993,-0.98162,-2.11004,-8.96299
25.84996,-1.14323,-2.19788,-9.09063
25.86,-1.23212,-2.19129,-9.24326
25.87004,-1.22269,-2.09373,-9.30237
25.88007,-1.20144,-1.97237,-9.26227
25.89011,-1.11794,-1.92524,-9.17757
25.90015,-1.03699,-1.92389,-9.21813
25.91018,-1.08622,-1.87915,-9.21214
25.92022,-1.12752,-1.84668,-9.2714
25.93026,-1.15026,-1.75525,-9.45156
25.94029,-1.23167,-1.7132,-9.55376
25.95033,-1.40674,-1.69719,-9.42537
25.96037,-1.53004,-1.69988,-9.16545
25.9704,-1.57149,-1.7346,-8.92409
25.98044,-1.56835,-1.77051,-8.74303
25.99047,-1.47184,-1.74672,-8.78896
26.00051,-1.50625,-1.60097,-8.71849
26.01055,-1.66442,-1.50939,-8.39617
26.02058,-1.73131,-1.45119,-8.1349
26.03062,-1.63195,-1.42934,-7.84056
26.04066,-1.4235,-1.48007,-7.64992
26.05069,-1.16687,-1.43667,-7.4515
26.06073,-1.00152,-1.2396,-7.21942
26.07077,-0.91578,-1.02816,-7.21044
26.0808,-0.94152,-0.85668,-6.93361
26.09084,-1.03325,-0.84306,-6.40584
26.10088,-1.05943,-0.90561,-5.92924
26.11091,-0.99045,-0.96486,-5.42287
26.12095,-0.87089,-1.04267,-5.0594
26.13099,-0.62429,-1.14772,-5.01211
26.14102,-0.32307,-1.343,-5.12165
26.15106,-0.20276,-1.52496,-5.25557
26.1611,-0.50084,-1.50221,-5.33204
26.17113,-1.06886,-1.31232,-5.58088
26.18117,-1.5703,-1.32699,-6.21011
26.19121,-1.81331,-1.45163,-6.52779
26.20124,-1.58661,-1.56491,-6.26712
26.21128,-1.06722,-1.54067,-6.06436
26.22131,-0.6415,-1.40046,-6.14203
26.23135,-0.54812,-1.33552,-6.47572
26.24139,-0.71198,-1.45582,-6.79205
26.25142,-1.06407,-1.76946,-6.48844
26.26146,-1.46061,-2.30188,-5.93029
26.2715,-1.7147,-2.66564,-5.74145
26.28153,-1.65484,-2.71787,-6.38025
26.29157,-1.37352,-2.41306,-7.35454
26.30161,-1.19067,-1.69913,-8.25102
26.31164,-1.22897,-0.86416,-9.20196
26.32168,-1.49204,-0.39444,-10.07615
26.33172,-1.92045,-0.48812,-10.24479
26.34175,-2.13413,-1.00721,-9.76685
26.35179,-2.11318,-1.82722,-9.42477
26.36245,-1.40659,-3.58651,-8.12517
26.37249,-1.40659,-3.58651,-8.12517
26.38253,-1.22374,-3.77521,-7.22121
26.39256,-1.2598,-3.05291,-7.34945
26.4026,-1.7129,-2.26596,-8.41517
26.41264,-2.1684,-2.19219,-9.79992
26.42267,-2.38298,-2.32731,-10.9213
26.43271,-2.18815,-2.36876,-12.2426
26.44275,-1.71679,-1.90818,-13.26029
26.45278,-1.23212,-1.29062,-13.64904
26.46282,-0.97609,-0.90531,-13.78746
26.47286,-1.02592,-0.73951,-13.33914
26.48289,-1.37188,-1.02741,-12.77845
26.49293,-1.93152,-1.77365,-12.33597
26.50297,-2.31804,-2.36622,-12.09865
26.513,-2.49042,-2.63482,-12.06408
26.52304,-2.4575,-2.51631,-12.42501
26.53307,-2.30876,-1.96549,-12.94724
26.54311,-2.28556,-1.32339,-13.53966
26.55315,-2.52065,-1.06063,-14.07521
26.56318,-2.79149,-1.43832,-14.08554
26.57322,-2.85913,-1.9215,-13.65578
26.58326,-2.68375,-2.01532,-12.91792
26.59329,-2.46049,-1.99856,-12.14878
26.60333,-2.33195,-1.97581,-11.74236
26.61337,-2.23993,-1.80867,-11.65243
26.6234,-2.05827,-1.74807,-11.69104
26.63344,-1.93272,-1.80224,-11.75538
26.64348,-1.90189,-1.78652,-11.89529
26.65351,-2.15164,-1.83725,-12.19142
26.66355,-2.4786,-1.79864,-12.49205
26.67359,-2.65891,-1.71754,-12.85956
26.68362,-2.56015,-1.69689,-13.00889
26.69366,-2.27958,-1.5061,-12.76424
26.7037,-1.98375,-1.29751,-12.52317
26.71373,-1.82767,-1.23032,-12.14728
26.72377,-1.7976,-1.28075,-11.66709
26.73381,-1.68507,-1.40899,-11.23973
26.74384,-1.58047,-1.47363,-10.87297
26.75388,-1.56012,-1.41572,-10.72722
26.76391,-1.56162,-1.43562,-10.67949
26.77395,-1.56087,-1.52376,-10.55379
26.78399,-1.69869,-1.55369,-10.37004
26.79402,-1.90968,-1.6505,-10.46521
26.80406,-1.94589,-1.63659,-10.46835
26.8141,-1.76153,-1.62716,-10.21845
26.82413,-1.60247,-1.49398,-9.745
26.83417,-1.53244,-1.40585,-9.51246
26.84421,-1.56461,-1.36514,-9.70385
26.85424,-1.6945,-1.32923,-9.98382
26.86428,-1.6713,-1.27282,-10.16533
26.87432,-1.49877,-1.24558,-10.13555
26.88435,-1.37637,-1.18483,-9.73557
26.89439,-1.34838,-1.19575,-9.50318
26.90443,-1.41991,-1.28404,-9.50737
26.91446,-1.50954,-1.35497,-9.58399
26.9245,-1.4247,-1.35183,-9.55466
26.93453,-1.21521,-1.34345,-9.31419
26.9452,-0.88271,-1.22448,-8.95581
26.95523,-0.88271,-1.22448,-8.95581
26.96527,-0.89229,-1.14847,-9.22112
26.97531,-1.00542,-1.08053,-9.61272
26.98534,-0.98806,-1.06512,-9.93294
26.99538,-0.81253,-1.0524,-9.96437
27.00542,-0.65107,-1.02621,-9.68993
27.01545,-0.48587,-1.07589,-9.48583
27.02549,-0.36826,-1.13126,-9.36612
27.03553,-0.34791,-1.23601,-9.34966
27.04556,-0.3708,-1.31487,-9.37016
27.0556,-0.39729,-1.31023,-9.50064
27.06564,-0.52942,-1.31068,-9.78271
27.07567,-0.61576,-1.35706,-10.10233
27.08571,-0.50592,-1.35751,-10.24763
27.09575,-0.30002,-1.26563,-10.24225
27.10578,-0.06105,-1.14922,-10.09784
27.11582,0.164,-1.12707,-9.92262
27.12586,0.42213,-1.18498,-9.67946
27.13589,0.67801,-1.27476,-9.41879
27.14593,0.74939,-1.29257,-9.37614
27.15597,0.66634,-1.33088,-9.65582
27.166,0.59496,-1.42515,-9.95793
27.17604,0.57266,-1.50895,-10.1586
27.18607,0.56533,-1.61624,-10.28549
27.19611,0.57925,-1.67235,-10.37737
27.20615,0.70749,-1.59005,-10.52925
27.21618,0.91264,-1.38834,-10.69984
27.22622,1.16927,-1.26713,-10.69535
27.23626,1.3608,-1.30409,-10.53239
27.24629,1.57329,-1.42231,-10.31063
27.25633,1.83336,-1.50984,-9.99908
27.26637,2.01876,-1.42186,-9.72899
27.2764,2.00544,-1.29646,-9.64235
27.28644,1.84638,-1.20937,-9.69352
27.29648,1.64048,-1.12632,-9.81458
27.30651,1.37801,-1.09999,-10.05385
27.31655,1.11869,-1.16328,-10.24195
27.32659,1.02666,-1.27746,-10.29073
27.33662,1.14997,-1.26279,-10.19152
27.34666,1.37652,-1.18633,-10.00687
27.3567,1.51538,-1.16089,-9.66285
27.36673,1.59065,-1.18543,-9.27454
27.37677,1.78188,-1.09011,-9.07612
27.38681,2.07009,-0.80939,-9.29175
27.39684,2.37639,-0.28431,-9.61018
27.40688,2.48383,0.25468,-9.82924
27.41691,2.13024,0.49425,-10.117
27.42695,1.2604,0.44068,-10.32185
27.43699,0.29119,0.06644,-10.48316
27.44702,-0.55112,-0.38906,-10.43423
27.45706,-1.2595,-0.82301,-10.25182
27.4671,-1.79445,-1.11405,-9.87219
27.47713,-2.13623,-1.22942,-9.60494
27.48717,-2.38223,-1.32504,-9.60958
27.49721,-2.57526,-1.38026,-9.61556
27.50724,-2.7062,-1.42769,-9.57651
27.51728,-2.77757,-1.55877,-9.51486
27.52732,-2.75423,-1.6728,-9.37569
27.53735,-2.64814,-1.6737,-9.2274
27.54739,-2.47516,-1.58122,-9.12266
27.55743,-2.28018,-1.43592,-9.05697
27.56746,-2.14012,-1.30843,-9.01028
27.5775,-2.15688,-1.20653,-9.06699
27.58754,-2.13578,-1.31965,-9.18296
27.59757,-1.89022,-1.4648,-9.11263
27.60761,-1.56296,-1.39627,-9.02045
27.61765,-1.20398,-1.18543,-8.93905
27.62768,-0.82705,-1.02158,-8.81276
27.63772,-0.54214,-0.9276,-8.69484
27.64776,-0.51356,-0.89379,-8.70412
27.65779,-0.56279,-0.91189,-8.88174
27.66783,-0.71721,-0.91264,-9.29624
27.67786,-0.8872,-0.93419,-9.71103
27.6879,-0.90067,-0.96875,-9.87354
27.69794,-0.87314,-0.97683,-9.83942
27.70797,-0.80819,-1.03624,-9.71462
27.71801,-0.7229,-1.04761,-9.59446
27.72805,-0.61292,-1.04507,-9.60374
27.73808,-0.47226,-0.99763,-9.73482
27.74812,-0.58179,-0.77243,-10.11475
27.75816,-0.90336,-0.73921,-10.65943
27.76819,-1.09999,-0.96307,-10.91038
27.77823,-1.0331,-1.18094,-10.6316
27.78827,-0.79024,-1.27162,-10.12463
27.7983,-0.44412,-1.23361,-9.76221
27.80834,-0.08619,-1.10373,-9.57755
27.81838,0.10041,-0.93284,-9.66001
27.82841,0.08514,-0.90007,-9.85992
27.83845,0.1043,-0.98626,-9.93175
27.84849,0.21922,-1.07829,-9.88087
27.85852,0.39385,-1.0132,-9.81114
27.86856,0.64808,-0.85533,-9.77208
27.8786,0.74699,-0.70195,-9.71896
27.88863,0.60588,-0.64,-9.85558
27.89867,0.45265,-0.74759,-9.98592
27.90871,0.44502,-0.86999,-9.88626
27.91874,0.48961,-0.88122,-9.67706
27.92878,0.45789,-0.79847,-9.60688
27.93882,0.34357,-0.72888,-9.73572
27.94885,0.14979,-0.71257,-9.93534
27.95889,0.06644,-0.76255,-10.06163
27.96893,0.16475,-0.81463,-9.98128
27.97896,0.35674,-0.77318,-9.75098
27.989,0.51161,-0.63057,-9.5575
27.99903,0.49979,-0.57117,-9.51531
28.00907,0.27773,-0.64733,-9.59536
28.01911,0.09188,-0.8263,-9.75772
28.02914,0.12644,-0.97534,-9.76625
28.03918,0.3105,-0.93628,-9.58803
28.04922,0.48183,-0.73996,-9.46832
28.05925,0.56563,-0.59167,-9.5798
28.06929,0.55845,-0.57491,-9.66195
28.07933,0.50129,-0.67636,-9.71507
28.08936,0.42707,-0.76959,-9.72061
28.0994,0.34716,-0.75597,-9.75757
28.10944,0.2668,-0.73098,-9.85723
28.11947,0.24511,-0.72888,-9.84825
28.12951,0.36796,-0.7214,-9.70759
28.13955,0.56802,-0.71961,-9.53177
28.14958,0.7012,-0.67112,-9.3932
28.15962,0.69596,-0.60783,-9.38722
28.16966,0.57925,-0.59316,-9.60524
28.17969,0.49201,-0.57581,-9.81727
28.18973,0.50338,-0.62698,-9.83074
28.19977,0.53451,-0.63042,-9.73378
28.2098,0.51011,-0.53944,-9.71747
28.21984,0.48198,-0.53914,-9.71028
28.22988,0.48228,-0.55156,-9.65312
28.23991,0.56847,-0.56728,-9.59671
28.24995,0.56773,-0.52538,-9.53506
28.25999,0.43679,-0.51834,-9.52428
28.27002,0.29748,-0.56802,-9.66135
28.28006,0.22326,-0.63192,-9.75458
28.29009,0.24196,-0.66679,-9.70535
28.30013,0.34013,-0.60334,-9.70699
28.31017,0.42183,-0.48138,-9.71013
28.3202,0.37739,-0.38352,-9.77373
28.33024,0.24541,-0.45535,-9.92606
28.34028,0.23209,-0.58254,-9.92651
28.35031,0.32112,-0.61381,-9.82535
28.36035,0.39055,-0.50578,-9.78914
28.37039,0.39938,-0.42662,-9.77657
28.38042,0.432,-0.46822,-9.70175
28.39046,0.39444,-0.53226,-9.63472
28.4005,0.34566,-0.52867,-9.62379
28.41053,0.27429,-0.48632,-9.7031
28.42057,0.15697,-0.45071,-9.82416
28.43061,0.11597,-0.48333,-9.93923
28.44064,0.21623,-0.48902,-9.93459
28.45068,0.37035,-0.34671,-9.97424
28.46072,0.50712,-0.20276,-10.05804
28.47075,0.61995,-0.12989,-10.04158
28.48079,0.68175,-0.12525,-9.97664
28.49083,0.64209,-0.11896,-9.94626
28.50086,0.47031,-0.14724,-10.03724
28.5109,0.29359,-0.28027,-10.08228
28.52094,0.24196,-0.41764,-10.01105
28.53097,0.30167,-0.42497,-9.95584
28.54101,0.49081,-0.3298,-9.92262
28.55105,0.65362,-0.16071,-9.92531
28.56108,0.65496,-0.01571,-10.05565
28.57112,0.58688,-0.08589,-10.12209
28.58115,0.58104,-0.2065,-9.96302
28.59119,0.62294,-0.28027,-9.79662
28.60123,0.65122,-0.28521,-9.70205
28.61126,0.67322,-0.22745,-9.71866
28.6213,0.67666,-0.19992,-9.79079
28.63134,0.68848,-0.19184,-9.79483
28.64137,0.67142,-0.21727,-9.73662
28.65141,0.59271,-0.23284,-9.7025
28.66145,0.50667,-0.2683,-9.71806
28.67148,0.44143,-0.31843,-9.71268
28.68152,0.45834,-0.4124,-9.6642
28.69156,0.54468,-0.40657,-9.59536
28.70159,0.64224,-0.34237,-9.58234
28.71163,0.73906,-0.22595,-9.56663
28.72167,0.76345,-0.11702,-9.5991
28.7317,0.71257,-0.05941,-9.70325
28.74174,0.56309,-0.05836,-9.87159
28.75178,0.49171,-0.11313,-10.02752
28.76181,0.52792,-0.17089,-10.05924
28.77185,0.62893,-0.12689,-10.05714
28.78189,0.71302,-0.00748,-10.14034
28.79192,0.69163,0.12285,-10.3238
28.80196,0.55456,0.21054,-10.59584
28.812,0.21114,0.22625,-10.9231
28.82203,-0.27069,0.21862,-11.41301
28.83207,-0.72065,0.15622,-12.14279
28.84211,-1.02577,0.10101,-13.34139
28.85214,-1.14458,0.19213,-14.52517
28.86218,-1.14413,0.52912,-14.71342
28.87221,-1.21835,0.87119,-14.52143
28.88225,-1.47483,1.1555,-14.32017
28.89229,-1.73565,1.17346,-14.44287
28.90232,-1.74298,1.00093,-15.05354
28.91236,-1.48785,1.04477,-15.66586
28.9224,-1.15475,1.41976,-15.63952
28.93243,-0.76974,1.91147,-15.04412
28.94247,-0.36586,2.23963,-14.71626
28.95251,0.18824,1.93751,-15.35491
28.96254,0.66589,1.611,-16.21698
28.97258,1.04387,1.84578,-16.17343
28.98262,1.21012,2.128,-15.18388
28.99265,1.04163,2.23199,-13.72401
29.00269,1.08876,1.98509,-12.54562
29.01273,1.20638,1.68282,-12.29857
29.02276,0.95334,1.69165,-12.64887
29.0328,0.73278,1.3195,-13.02954
29.04284,0.80819,0.9101,-12.13441
29.05287,0.9273,0.68429,-10.65629
29.06291,0.40417,0.99404,-10.17685
29.07295,-0.9915,1.37801,-11.21534
29.08298,-3.02163,1.59035,-13.84357
29.09302,-4.7483,0.27025,-16.2083
29.10306,-5.41972,-0.75028,-16.0624
29.11309,-4.96049,-0.80161,-14.76774
29.12313,-4.0052,-0.38023,-13.10586
29.13317,-2.98332,0.06629,-11.09204
29.1432,-2.01502,0.07033,-9.63337
29.15324,-1.19127,-0.1857,-8.87381
29.16327,-0.41764,-0.11762,-8.14567
29.17331,0.14021,0.0187,-7.45405
29.18335,0.43694,0.07572,-6.6668
29.19338,0.60169,0.06315,-5.67156
29.20342,0.71587,-0.07632,-4.38423
29.21346,0.64958,-0.34596,-3.34006
29.22349,0.41031,-0.72021,-3.09271
29.23353,0.05013,-0.91324,-3.93412
29.24357,-0.4323,-0.94526,-5.65959
29.2536,-1.00661,-1.19471,-7.42412
29.26364,-1.34105,-1.59439,-8.61209
29.27368,-1.22314,-1.69135,-9.06505
29.28371,-0.77827,-1.42934,-9.02943
29.29375,-0.15398,-1.00931,-8.50405
29.30379,0.59032,-0.73457,-7.56942
29.31382,1.13919,-0.5972,-6.233
29.32386,1.39702,-0.55396,-4.59642
29.3339,1.633,-0.81657,-3.37882
29.34393,1.97058,-1.13306,-2.55865
29.35397,2.30472,-1.34659,-1.88094
29.36401,2.44732,-1.40076,-1.96055
29.37404,2.51227,-1.36469,-2.90357
29.38408,2.36098,-1.30035,-4.03094
29.39411,2.15658,-1.11241,-5.11297
29.40415,2.12321,-0.9484,-6.25814
29.41419,2.19683,-0.8676,-7.18275
29.42423,2.19488,-0.87493,-7.71876
29.43426,2.09478,-1.08143,-7.79672
29.4443,1.78278,-1.22224,-7.49789
29.45433,1.31367,-1.19351,-7.28361
29.46437,0.9511,-1.13829,-7.31234
29.47441,0.75821,-1.12902,-7.43564
29.48444,0.68699,-1.01484,-7.59141
29.49448,0.57476,-1.07919,-8.00082
29.50452,0.26606,-1.19531,-8.48969
29.51455,-0.01466,-1.24498,-8.95372
29.52459,-0.227,-1.28733,-9.29953
29.53463,-0.38741,-1.34764,-9.4143
29.54466,-0.35898,-1.4033,-9.37704
29.5547,-0.38577,-1.42754,-9.14106
29.56474,-0.60319,-1.52122,-9.01641
29.57477,-0.74175,-1.65619,-9.23503
29.58481,-0.77243,-1.8591,-9.33769
29.59485,-0.86461,-2.09193,-9.20795
29.60488,-1.02891,-2.16511,-8.9805
29.61492,-1.04582,-2.11752,-9.03153
29.62496,-0.9083,-2.01996,-9.26496
29.63499,-0.78275,-1.95756,-9.41625
29.64503,-0.74145,-1.95531,-9.47939
29.65507,-0.77886,-1.98285,-9.39066
29.6651,-0.80774,-2.04061,-9.37869
29.67514,-0.85129,-2.16062,-9.30447
29.68518,-0.94736,-2.27913,-9.18072
29.69521,-1.072,-2.32282,-9.0426
29.70525,-1.04821,-2.27853,-8.99546
29.71529,-0.90471,-2.20416,-8.92708
29.72532,-0.67442,-2.15762,-8.89326
29.73536,-0.51041,-2.09792,-8.80123
29.7454,-0.34506,-2.02205,-8.72282
29.75543,-0.17762,-1.99931,-8.70651
29.76547,-0.19213,-2.10615,-8.59414
29.7755,-0.48513,-2.18082,-8.41517
29.78554,-0.74475,-2.16975,-8.31267
29.79558,-0.85653,-2.0852,-8.22962
29.80561,-0.88855,-2.08236,-8.25251
29.81565,-0.88002,-2.14281,-8.2992
29.82569,-0.90366,-2.21329,-8.11664
29.83572,-1.04657,-2.2293,-7.72265
29.84576,-1.0949,-2.1265,-7.38836
29.8558,-0.97683,-1.94918,-7.05437
29.86583,-0.74983,-1.82408,-6.7319
29.87587,-0.57132,-1.74433,-6.45971
29.88591,-0.37095,-1.83126,-6.20682
29.89594,-0.29898,-1.97596,-5.96455
29.90598,-0.56832,-1.94035,-5.574
29.91602,-0.98132,-1.61309,-5.27921
29.92605,-1.19875,-1.23077,-5.33653
29.93609,-1.11136,-0.78964,-5.01959
29.94613,-0.9083,-0.20171,-4.39935
29.95616,-0.75447,0.08993,-4.1894
29.9662,-0.83184,0.0006,-4.45142
29.97624,-1.31472,-0.29927,-4.64086
29.98627,-1.72876,-0.703,-4.1891
29.99631,-1.63389,-1.30289,-3.45603
30.00634,-1.31576,-1.92404,-3.10558
30.01638,-1.38325,-1.80927,-3.12728
30.02642,-1.86987,-1.22478,-3.66642
30.03645,-2.30322,-0.92012,-4.90976
30.04649,-2.63168,-1.04238,-6.02516
30.05653,-2.76291,-1.37472,-6.81405
30.06656,-2.6414,-1.67789,-7.28032
30.0766,-2.54773,-1.76049,-7.39973
30.08664,-2.29798,-1.56012,-7.61775
30.09667,-1.87556,-1.27551,-8.51243
30.10671,-1.50012,-1.11256,-9.35654
30.11675,-1.2197,-1.19396,-9.51411
30.12678,-1.09505,-1.38505,-9.44587
30.13682,-1.07949,-1.54007,-9.06116
30.14686,-1.07919,-1.4256,-8.66462
30.15689,-0.86491,-1.06512,-8.67793
30.16693,-0.55261,-0.62982,-9.23518
30.17697,-0.44427,-0.42318,-10.15785
30.187,-0.5179,-0.45325,-10.95721
30.19704,-0.71871,-0.64913,-11.14082
30.20708,-1.07993,-0.89648,-10.72034
30.21711,-1.53738,-1.04746,-9.96811
30.22715,-1.81989,-0.9695,-9.28427
30.23719,-1.93661,-0.82346,-8.91795
30.24722,-2.09208,-1.26429,-9.27604
30.25726,-2.36652,-1.79655,-10.23282
30.2673,-2.60579,-1.94334,-11.30856
30.27733,-2.55835,-1.74163,-12.60338
30.28737,-2.43116,-1.04118,-13.40454
30.29741,-2.22257,-0.10026,-13.648
30.30744,-1.95816,0.71003,-13.3978
30.31748,-2.01876,0.98402,-12.99558
30.32752,-2.15837,0.71946,-12.72533
30.33755,-2.16451,0.36407,-12.78055
30.34759,-2.13054,0.09622,-13.26103
30.35762,-2.05707,0.02604,-14.03242
30.36829,-1.93556,0.13378,-14.79931
30.37833,-1.70108,0.56174,-14.89582
30.38836,-1.30035,0.89513,-14.69366
30.3984,-1.23197,1.00497,-14.48387
30.40844,-1.49952,0.88122,-14.29009
30.41847,-1.57583,0.46627,-14.44272
30.42851,-1.50356,0.20261,-14.62363
30.43854,-1.47932,0.03681,-14.72823
30.44858,-1.55189,0.07093,-14.68992
30.45862,-1.6098,0.16729,-14.58578
30.46866,-1.5486,0.31918,-14.3902
30.47869,-1.29466,0.46058,-14.19672
30.48873,-1.06961,0.56593,-13.88757
30.49876,-1.00078,0.47181,-13.38044
30.5088,-1.02846,0.31319,-12.76154
30.51884,-1.17421,0.13467,-12.3653
30.52887,-1.20443,0.02095,-12.38625
30.53891,-1.14473,0.01661,-12.35692
30.54895,-1.10388,0.10729,-12.05645
30.55898,-1.09625,0.17642,-11.68969
30.56902,-1.22598,0.11357,-11.43695
30.57906,-1.35422,-0.09263,-11.44907
30.58909,-1.32594,-0.18645,-11.43306
30.59913,-1.15221,-0.09442,-11.13828
30.60917,-0.93688,-0.08709,-10.68173
30.6192,-0.71078,-0.08993,-10.21531
30.62924,-0.60199,-0.10385,-9.90406
30.63928,-0.65466,-0.20171,-9.97769
30.64931,-0.71931,-0.31304,-10.36016
30.65935,-0.6623,-0.32771,-10.51339
30.66939,-0.54259,-0.26157,-10.363
30.67942,-0.39519,-0.13138,-10.25736
30.68946,-0.3304,-0.07168,-10.21741
30.6995,-0.29179,-0.1643,-10.42615
30.70953,-0.18121,-0.32382,-10.57279
30.71957,0.01736,-0.47091,-10.67036
30.7296,0.23239,-0.52942,-10.70507
30.73964,0.54947,-0.52014,-10.7775
30.74968,0.93613,-0.46268,-10.79276
30.75972,1.21251,-0.41165,-10.74338
30.76975,1.37981,-0.50443,-10.81311
30.77979,1.49533,-0.68773,-11.07977
30.78982,1.73565,-0.67157,-11.29899
30.79986,2.18665,-0.60813,-11.20037
30.8099,2.5805,-0.58,-10.87057
30.81993,2.69497,-0.68474,-10.31736
30.82997,2.70156,-0.95125,-9.86381
30.84001,2.71921,-1.12587,-9.5156
30.85004,2.79747,-1.21162,-9.28202
30.86008,2.77653,-1.35871,-9.17084
30.87012,2.62794,-1.52047,-8.92349
30.88015,2.46079,-1.71305,-8.72881
30.89019,2.31355,-1.67774,-8.7137
30.90023,2.17513,-1.31232,-8.82757
30.91026,1.79475,-0.74639,-8.94564
30.9203,1.3436,-0.48228,-9.26182
30.93034,0.77647,-0.77916,-9.34951
30.941,0.77647,-0.77916,-9.34951
30.95104,0.56473,-0.99225,-9.12969
30.96107,0.34237,-1.04402,-8.78492
30.97111,0.15517,-0.98132,-8.46904
30.98115,0.06225,-0.9071,-8.33631
30.99118,0.11911,-0.92671,-8.34634
31.00122,0.05462,-0.90905,-8.37671
31.01126,-0.18226,-0.88451,-8.64711
31.02129,-0.3084,-1.01155,-9.03647
31.03133,-0.19139,-1.29841,-9.38422
31.04137,-0.49725,-1.31023,-9.23444
31.0514,-0.77033,-1.0518,-8.65205
31.06144,-1.12662,-0.68369,-8.16572
31.07148,-1.69105,-0.53451,-8.43133
31.08151,-2.42368,-1.40614,-10.612
31.09155,-3.08134,-1.50775,-10.68383
31.10159,-2.63078,-1.38819,-9.82491
31.11162,-1.99871,-0.92132,-9.29893
31.12166,-1.66906,-0.27189,-9.04499
31.13169,-1.07844,-0.09218,-9.00684
31.14173,-0.77452,-0.04205,-8.85495
31.15177,-1.05315,0.00973,-8.54131
31.1618,-1.54052,-0.18106,-8.42684
31.17184,-1.89037,-0.77243,-8.66611
31.18188,-2.18725,-1.38968,-9.06654
31.19191,-2.292,-1.64691,-9.46458
31.20195,-2.33509,-1.58825,-9.65626
31.21199,-2.41081,-1.51987,-9.72345
31.22202,-2.38178,-1.46405,-9.81847
31.23206,-2.31415,-1.51897,-9.93205
31.2421,-2.26477,-1.58122,-10.00671
31.25213,-2.20147,-1.49593,-10.11625
31.26217,-2.07817,-1.34659,-10.29462
31.27221,-1.85521,-1.20862,-10.50082
31.28224,-1.66726,-1.06422,-10.57893
31.29228,-1.42694,-0.87688,-10.51743
31.30232,-1.18169,-0.74534,-10.40984
31.31235,-0.99748,-0.76181,-10.33068
31.32239,-0.82376,-0.8447,-10.26798
31.33243,-0.68339,-0.92461,-10.19286
31.34246,-0.52433,-0.9897,-10.26529
31.3525,-0.42168,-0.91982,-10.25317
31.36254,-0.46433,-0.83109,-10.139
31.37257,-0.45654,-0.85967,-10.10248
31.38261,-0.35494,-0.89708,-10.16862
31.39265,-0.19812,-0.89019,-10.21337
31.40268,-0.06838,-0.82316,-10.07286
31.41272,0.05312,-0.72918,-9.92397
31.42275,0.15592,-0.71587,-9.88132
31.43279,0.15098,-0.8049,-9.85543
31.44283,0.06823,-0.89468,-9.88267
31.45286,-0.06749,-0.94855,-9.98771
31.4629,-0.19318,-0.9891,-10.14304
31.47294,-0.2279,-1.00063,-10.35777
31.48297,-0.24361,-0.91279,-10.47209
31.49301,-0.22281,-0.82735,-10.41567
31.50305,-0.19154,-0.82615,-10.25841
31.51308,-0.23852,-0.88077,-10.09485
31.52312,-0.38786,-0.94646,-9.95359
31.53316,-0.60199,-1.06273,-9.96137
31.54319,-0.76121,-1.19306,-9.94881
31.55323,-0.7648,-1.26653,-9.94492
31.56327,-0.70569,-1.22912,-9.92172
31.5733,-0.60065,-1.15655,-9.82161
31.58334,-0.43634,-1.09355,-9.68051
31.59338,-0.31678,-1.06602,-9.66405
31.60341,-0.37035,-0.99,-9.57965
31.61345,-0.45999,-0.97205,-9.55316
31.62349,-0.49186,-1.00422,-9.61571
31.63352,-0.42407,-1.05913,-9.68514
31.64356,-0.31379,-1.0729,-9.72046
31.6536,-0.22281,-0.97698,-9.83299
31.66363,-0.17313,-0.84426,-9.90332
31.67367,-0.15308,-0.7642,-9.85498
31.68371,-0.19079,-0.75148,-9.79273
31.69374,-0.26815,-0.79757,-9.74665
31.70378,-0.37559,-0.86281,-9.80171
31.71382,-0.46642,-0.92102,-9.87608
31.72385,-0.50832,-0.96516,-9.91723
31.73389,-0.49201,-0.98821,-9.87309
31.74393,-0.391,-1.00646,-9.64609
31.75396,-0.29134,-1.06632,-9.36327
31.764,-0.26845,-1.14443,-9.23892
31.77404,-0.32756,-1.15041,-9.29489
31.78407,-0.50039,-1.01125,-9.41909
31.79411,-0.72006,-0.92506,-9.64968
31.80414,-0.75911,-0.97025,-9.90002
31.81418,-0.64269,-1.031,-10.01764
31.82422,-0.50996,-1.02756,-9.87099
31.83425,-0.37484,-1.02621,-9.56289
31.84429,-0.33743,-1.04642,-9.42403
31.85433,-0.30032,-1.00975,-9.52997
31.86436,-0.25588,-0.90396,-9.75009
31.8744,-0.15592,-0.80355,-9.87069
31.88444,-0.02439,-0.75283,-9.83912
31.89447,0.03352,-0.76166,-9.74829
31.90451,0.05761,-0.84635,-9.70535
31.91455,0.0223,-0.81193,-9.63412
31.92458,-0.05806,-0.73337,-9.64803
31.93462,-0.04265,-0.69716,-9.77343
31.94466,-0.05611,-0.7865,-9.81683
31.95469,-0.12061,-0.83558,-9.69083
31.96473,-0.15069,-0.89304,-9.59297
31.97477,-0.01317,-0.98895,-9.46188
31.9848,0.05252,-0.92431,-9.34891
31.99484,-0.14829,-0.83483,-9.29474
32.00488,-0.44547,-0.83124,-9.40697
32.01491,-0.59705,-1.04223,-9.64055
32.02495,-0.88047,-1.24154,-9.78794
32.03499,-1.34823,-1.17974,-10.02512
32.04502,-1.64512,-0.81463,-10.77466
32.05506,-1.84847,0.08006,-11.74012
32.0651,-2.19384,0.95783,-12.91462
32.07513,-2.7246,1.45493,-14.24325
32.08517,-3.32779,1.66756,-15.21351
32.09521,-3.73062,1.4865,-15.77943
32.10524,-3.88788,1.15326,-15.67813
32.11528,-3.94145,0.67382,-15.06058
32.12532,-3.96465,0.19617,-14.04843
32.13535,-3.8813,-0.24361,-13.37805
32.14539,-3.73466,-0.48228,-13.32867
32.15543,-3.90494,-0.4323,-13.69319
32.16546,-4.05413,-0.6795,-14.40995
32.1755,-4.22143,-0.85832,-15.16966
32.18553,-4.42673,-0.77542,-15.59598
32.19557,-4.24088,-0.52119,-15.77135
32.20561,-3.68617,-0.41046,-15.7947
32.21564,-3.08014,-0.62863,-15.60451
32.22568,-2.84566,-0.81104,-14.64249
32.23572,-2.82261,-1.03878,-13.5455
32.24575,-2.40094,-1.36589,-12.69256
32.25579,-2.09493,-1.6101,-11.81539
32.26583,-2.16316,-1.81032,-11.18212
32.27586,-3.16753,-1.77889,-11.38159
32.2859,-4.86592,-2.02983,-12.44446
32.29594,-6.20368,-2.34138,-13.27046
32.30597,-6.45477,-2.38268,-13.35785
32.31601,-5.44441,-1.59304,-12.84729
32.32605,-3.9446,0.0015,-12.39344
32.33608,-2.30128,1.39193,-11.6647
32.34612,-0.69252,2.08415,-10.57953
32.35616,0.2668,1.96983,-9.79722
32.36619,0.8453,1.09295,-9.01582
32.37623,0.83722,0.52687,-8.29381
32.38627,-0.36527,0.36571,-8.25341
32.3963,-1.41737,-0.32486,-8.17051
32.40634,-2.67492,-1.04462,-8.24802
32.41638,-3.00831,-1.91252,-7.75856
32.42641,-2.50284,-2.40976,-7.34421
32.43645,-1.96639,-2.47037,-7.66818
32.44649,-1.16478,-2.35021,-7.81243
32.45652,-0.26501,-1.91895,-6.88303
32.46656,0.67487,-1.39253,-5.90545
32.4766,1.81017,-0.92895,-5.48826
32.48663,2.22047,-0.18944,-5.67441
32.49667,1.50101,0.56518,-6.26907
32.50671,0.60708,0.67502,-6.4841
32.51674,0.15562,0.09801,-6.04656
32.52678,-0.09876,-0.33384,-5.6578
32.53682,-0.09158,-0.7853,-5.34595
32.54685,-0.08275,-1.21341,-4.73798
32.55689,-0.23448,-1.55848,-4.29221
32.56693,0.05731,-2.05437,-4.40593
32.57696,0.62608,-2.85119,-4.95106
32.587,0.64988,-3.06069,-5.56921
32.59703,-0.29942,-2.02774,-6.7901
32.60707,-1.63165,-0.47136,-8.52515
32.61711,-1.33028,0.4962,-9.63995
32.62715,-0.13767,1.20758,-9.59117
32.63718,1.19082,1.37786,-9.27963
32.64722,2.32567,1.02412,-9.51246
32.65725,2.57062,0.49859,-9.32227
32.66729,1.99392,0.20306,-8.84927
32.67733,1.18977,0.31125,-8.90314
32.68736,0.9291,0.66439,-8.711
32.6974,1.28643,0.9499,-8.0535
32.70744,1.6517,0.77752,-7.57061
32.71747,1.4847,0.66125,-7.2474
32.72751,0.93314,0.61351,-6.74252
32.73755,0.49545,0.36332,-6.54305
32.74758,0.35285,0.10939,-6.81375
32.75762,0.51386,-0.07557,-7.45076
32.76766,0.81208,-0.52583,-7.95309
32.77769,0.85593,-0.88556,-8.30055
32.78773,0.69581,-0.81523,-8.59114
32.79777,0.58448,-0.49425,-8.89326
32.8078,0.71976,0.05222,-9.37854
32.81784,1.05135,0.43051,-9.51276
32.82788,1.29766,0.54229,-9.03407
32.83791,1.47707,0.28192,-8.66462
32.84795,1.63419,-0.22116,-8.43462
32.85799,1.47752,-0.53121,-8.40245
32.86802,1.10462,-0.56129,-8.53862
32.87806,0.85338,-0.58912,-8.56226
32.8881,0.78036,-0.62923,-8.43567
32.89813,0.83468,-0.67367,-8.44345
32.90817,0.91279,-0.81882,-8.70427
32.91821,0.81642,-1.07021,-9.05158
32.92824,0.47285,-1.18797,-9.08225
32.93828,0.34491,-1.30409,-9.29025
32.94831,0.37484,-1.22838,-9.46533
32.95835,0.47794,-1.06497,-9.4553
32.96839,0.66574,-1.0328,-9.5584
32.97842,0.78709,-1.07051,-9.43031
32.98846,0.77647,-1.16089,-9.13104
32.9985,0.64449,-1.27551,-8.82398
33.00853,0.4748,-1.35617,-8.51513
33.01857,0.29075,-1.37233,-8.35666
33.02861,0.26396,-1.41318,-8.38375
33.03864,0.17104,-1.61803,-8.62242
33.04868,-0.00673,-1.8585,-8.92319
33.05872,-0.13243,-2.01981,-9.10994
33.06875,-0.18016,-2.03163,-8.97377
33.07879,-0.1251,-1.95382,-8.67479
33.08883,-0.02723,-1.92135,-8.4858
33.09886,0.07407,-1.86748,-8.53488
33.1089,0.16296,-1.78428,-8.83206
33.11894,0.19947,-1.77784,-8.8988
33.12897,0.11791,-1.80508,-8.68287
33.13901,0.07422,-1.74014,-8.50944
33.14905,0.10385,-1.57553,-8.37237
33.15908,0.15892,-1.46061,-8.37507
33.16912,0.1845,-1.46839,-8.47024
33.17916,0.17582,-1.5694,-8.55538
33.18919,0.05986,-1.67938,-8.40829
33.19923,-0.13198,-1.72353,-8.13774
33.20927,-0.22161,-1.69913,-7.86001
33.2193,-0.13378,-1.65379,-7.68569
33.22934,-0.00239,-1.5887,-7.58513
33.23938,0.01257,-1.52585,-7.41589
33.24941,-0.01706,-1.52451,-7.19981
33.25945,0.04714,-1.45178,-6.94752
33.26948,0.17807,-1.22733,-6.69823
33.27952,0.23733,-0.85234,-6.35017
33.28956,0.36616,-0.5788,-6.02052
33.29959,0.55052,-0.48872,-5.96096
33.30963,0.57147,-0.50173,-6.20951
33.31967,0.49665,-0.61127,-6.58465
33.3297,0.3304,-0.75073,-6.78621
33.33974,-0.00853,-0.9906,-6.43397
33.34978,-0.33833,-1.20069,-5.82
33.35981,-0.55171,-1.1992,-5.34027
33.36985,-0.44816,-1.04941,-5.22654
33.37989,-0.12555,-0.90261,-5.53539
33.38992,0.24241,-0.7841,-6.12048
33.39996,0.47196,-0.86969,-6.87989
33.41,0.24002,-1.08906,-6.92852
33.42003,-0.14664,-1.3819,-6.44893
33.43007,-0.31454,-1.59514,-6.10866
33.44011,-0.31768,-1.57942,-5.97727
33.45014,-0.2484,-1.34883,-6.07693
33.46018,-0.13826,-1.0542,-6.57388
33.47022,-0.12689,-0.71617,-7.42696
33.48025,-0.2897,-0.40657,-8.10587
33.49029,-0.5351,-0.29987,-8.76143
33.50033,-0.81388,-0.27234,-8.87965
33.51036,-0.79652,-0.17448,-8.62167
33.5204,-0.45759,-0.09322,-8.64262
33.53044,0.03576,-0.01661,-9.39649
33.54047,0.17523,0.00509,-10.18927
33.55051,-0.09053,-0.01541,-10.25257
33.56055,-0.50173,-0.2083,-10.20364
33.57058,-0.97998,-0.45699,-10.18463
33.58062,-1.16822,-0.63372,-10.10607
33.59066,-1.02636,-0.76525,-10.33023
33.60069,-0.89124,-0.75971,-10.54466
33.61073,-0.81687,-0.71422,-10.65809
33.62077,-0.83438,-0.71227,-10.73994
33.6308,-0.97818,-0.84321,-10.96544
33.64084,-1.11375,-1.13814,-11.24482
33.65087,-1.11809,-1.39223,-11.36243
33.66091,-1.00616,-1.41273,-11.34283
33.67095,-0.97489,-1.18109,-11.43979
33.68099,-1.24184,-0.88301,-11.86701
33.69102,-1.74208,-0.86999,-12.43444
33.70106,-2.17214,-1.21955,-12.77037
33.71109,-2.20446,-1.71949,-13.17948
33.72113,-2.087,-1.99572,-12.8202
33.73117,-2.02759,-2.26521,-12.2423
33.74121,-2.0638,-2.42997,-11.96697
33.75124,-2.0225,-2.2278,-11.74984
33.76128,-2.05108,-1.88394,-11.79069
33.77131,-2.16989,-1.64197,-12.42576
33.78135,-2.08385,-1.50655,-13.28168
33.79139,-1.88708,-1.22942,-13.89879
33.80142,-1.70617,-0.86805,-14.06399
33.81146,-1.59888,-0.5176,-13.88667
33.8215,-1.49159,-0.25992,-13.57393
33.83153,-1.4247,-0.09442,-12.90056
33.84157,-1.26234,-0.13632,-12.30769
33.85161,-1.24139,-0.36931,-11.71528
33.86164,-1.45597,-0.81163,-11.56414
33.87168,-1.77231,-1.42919,-12.04882
33.88172,-2.12036,-2.05437,-12.10538
33.89175,-2.32716,-2.45032,-11.78635
33.90179,-2.32447,-2.45735,-11.42723
33.91183,-2.22317,-2.14865,-11.43875
33.92186,-1.98794,-1.80283,-11.55023
33.9319,-1.70347,-1.63599,-11.60365
33.94194,-1.55144,-1.53573,-11.62744
33.95197,-1.49937,-1.39702,-11.45685
33.96201,-1.45627,-1.28209,-11.25769
33.97205,-1.42709,-1.12378,-11.14845
33.98208,-1.42231,-0.97743,-11.19035
33.99212,-1.36993,-0.88226,-11.32412
34.00216,-1.33821,-0.908,-11.27474
34.01219,-1.29706,-1.09924,-11.13648
34.02223,-1.28389,-1.34868,-10.83601
34.03226,-1.31382,-1.59618,-10.43214
34.0423,-1.38744,-1.83426,-10.16069
34.05234,-1.39627,-1.96474,-10.05939
34.06237,-1.30454,-1.9619,-10.035
34.07241,-1.18453,-1.84009,-10.09216
34.08245,-1.00317,-1.69719,-10.02692
34.09248,-0.84455,-1.62521,-9.77119
34.10252,-0.71661,-1.61579,-9.52458
34.11256,-0.65571,-1.64093,-9.48253
34.12259,-0.65811,-1.54531,-9.57726
34.13263,-0.67816,-1.49174,-9.92636
34.14267,-0.68938,-1.50386,-10.45428
34.1527,-0.64509,-1.36933,-10.61365
34.16274,-0.6388,-1.12378,-10.35253
34.17278,-0.60558,-1.00706,-10.0531
34.18281,-0.49395,-1.06422,-9.80785
34.19285,-0.42318,-1.20294,-9.69607
34.20289,-0.49799,-1.29332,-9.73871
34.21292,-0.65197,-1.33656,-9.71732
34.22296,-0.74175,-1.39821,-9.74724
34.233,-0.78305,-1.49338,-9.81727
34.24303,-0.66364,-1.60097,-9.82191
34.25307,-0.42961,-1.6939,-9.64968
34.26311,-0.27848,-1.69943,-9.29893
34.27314,-0.25154,-1.65379,-9.20092
34.28318,-0.25693,-1.62866,-9.3121
34.29322,-0.16236,-1.6704,-9.55496
34.30325,0.11552,-1.78652,-9.82461
34.31329,0.39175,-1.85401,-9.91065
34.32333,0.55545,-1.9203,-9.63816
34.33336,0.77168,-2.05467,-9.10784
34.3434,1.04118,-2.27943,-8.74003
34.35344,1.31561,-2.42907,-8.83954
34.36347,1.70811,-2.46827,-9.51695
34.37414,1.70811,-2.46827,-9.51695
34.38417,1.63449,-2.32208,-10.01988
34.39421,1.60232,-2.33599,-10.18374
34.40425,1.58137,-2.39704,-10.04398
34.41428,1.41961,-2.2727,-9.56109
34.42432,1.32758,-1.94559,-9.03213
34.43436,1.46794,-1.54037,-9.22276
34.44439,1.93003,-1.24498,-9.79363
34.45443,2.50852,-0.95813,-10.21157
34.46447,2.87978,-0.67651,-10.01225
34.4745,3.01056,-0.66753,-9.19029
34.48454,3.03749,-0.76166,-8.36833
34.49458,2.83788,-0.79158,-8.18652
34.50461,2.55132,-0.79039,-8.40948
34.51465,2.23574,-0.47241,-7.64558
34.52468,2.02609,-0.48827,-7.92511
34.53472,1.77844,-0.88376,-8.97466
34.54476,1.43802,-1.30963,-9.50962
34.55479,0.9707,-1.52795,-9.73183
34.56483,0.58852,-1.43847,-9.55511
34.57487,0.44308,-1.15011,-9.18954
34.5849,0.34417,-0.517,-9.18431
34.59494,0.34177,-0.11283,-9.52937
34.60498,0.30751,-0.06689,-10.05879
34.61501,0.18151,-0.22715,-10.74293
34.62505,0.04489,-0.43111,-11.10251
34.63509,-0.1435,-0.46418,-10.73365
34.64512,-0.33264,-0.45056,-10.10592
34.65516,-0.50967,-0.51984,-9.56109
34.6652,-0.55366,-0.8245,-9.64609
34.67523,-0.70045,-0.91788,-9.79588
34.68527,-0.93523,-0.93015,-9.73438
34.69531,-1.3427,-1.0328,-9.64908
34.70534,-1.66292,-1.10118,-9.78271
34.71538,-1.70796,-0.99898,-9.88835
34.72542,-1.54965,-0.69552,-9.8086
34.73545,-1.39492,-0.29015,-9.80171
34.74549,-1.3849,-0.02125,-9.98921
34.75553,-1.39417,0.09936,-10.18957
34.76556,-1.43772,0.12315,-10.14857
34.7756,-1.71485,0.11492,-10.03425
34.78564,-2.07488,0.07811,-10.03724
34.79567,-2.30098,-0.07841,-10.33726
34.80571,-2.42248,-0.22835,-10.56471
34.81575,-2.54025,-0.47285,-10.63489
34.82578,-2.65816,-0.72499,-10.41897
34.83582,-2.60639,-1.00946,-10.08333
34.84586,-2.48847,-1.03953,-9.83119
34.85589,-2.30636,-0.89408,-9.7652
34.86593,-2.12036,-0.90531,-9.62813
34.87597,-1.86972,-1.00452,-9.6398
34.886,-1.69016,-1.05794,-9.75547
34.89604,-1.58556,-1.04267,-9.78016
34.90608,-1.47662,-1.00422,-9.87474
34.91611,-1.35482,-1.00048,-10.04697
34.92615,-1.1576,-0.92371,-10.23491
34.93619,-1.00946,-0.826,-10.32754
34.94622,-0.89438,-0.79069,-10.2216
34.95626,-0.80191,-0.74834,-10.08138
34.96629,-0.6174,-0.71931,-10.0754
34.97633,-0.58014,-0.79607,-9.92606
34.98637,-0.67397,-0.89289,-9.91663
34.99641,-0.6795,-0.89364,-10.02048
35.00644,-0.55156,-1.00048,-10.06702
35.01648,-0.51894,-1.08772,-9.89628
35.02652,-0.51131,-1.0753,-9.68859
35.03655,-0.58374,-0.99344,-9.68948
35.04722,-0.58374,-0.99344,-9.68948
35.05725,-0.47585,-0.81672,-9.9509
35.06729,-0.33878,-0.69641,-10.0326
35.07733,-0.34177,-0.68878,-10.0323
35.08736,-0.42497,-0.69222,-10.0145
35.0974,-0.61935,-0.7226,-9.95883
35.10744,-0.81403,-0.85278,-10.04053
35.11747,-0.81777,-0.96591,-10.00223
35.12751,-0.73532,-0.95544,-9.82835
35.13754,-0.67846,-0.95873,-9.75607
35.14758,-0.70644,-0.97279,-9.72659
35.15762,-0.69267,-0.99449,-9.64773
35.16765,-0.71886,-0.95319,-9.56379
35.17769,-0.74789,-0.89693,-9.45395
35.18773,-0.69851,-0.88166,-9.40383
35.19776,-0.76195,-0.87388,-9.45425
35.2078,-0.91863,-0.9077,-10.08662
35.21784,-0.84949,-0.7425,-10.44022
35.22787,-0.70659,-0.61561,-10.32589
35.23791,-0.61621,-0.54289,-10.18179
35.24795,-0.64733,-0.57895,-10.05535
35.25798,-0.67816,-0.7217,-9.87369
35.26802,-0.6626,-0.82001,-9.70639
35.27806,-0.61785,-0.9101,-9.56693
35.28809,-0.58628,-0.99733,-9.61766
35.29813,-0.60394,-0.98761,-9.57546
35.30817,-0.60005,-0.91997,-9.53117
35.3182,-0.53032,-0.89798,-9.53401
35.32824,-0.44143,-0.88496,-9.54808
35.33828,-0.42497,-0.88166,-9.61272
35.34831,-0.50488,-0.85697,-9.71373
35.35835,-0.54693,-0.93628,-9.88895
35.36839,-0.55979,-1.10283,-9.9114
35.37842,-0.63012,-1.06078,-9.8677
35.38846,-0.5577,-0.9098,-9.87653
35.3985,-0.3907,-0.86161,-9.90212
35.40853,-0.27743,-0.81448,-9.8689
35.41857,-0.22176,-0.84381,-9.84571
35.42861,-0.28267,-0.95514,-9.83448
35.43864,-0.41913,-0.98686,-9.8463
35.44868,-0.46043,-0.9092,-9.92516
35.45872,-0.43964,-0.85802,-10.00701
35.46875,-0.44667,-0.88615,-10.09036
35.47879,-0.48288,-0.94361,-10.02333
35.48882,-0.44742,-1.02786,-9.75532
35.49886,-0.40193,-1.00033,-9.50468
35.5089,-0.37379,-0.81702,-9.56274
35.51893,-0.23658,-0.50203,-9.74575
35.52897,-0.22939,-0.52059,-9.8053
35.53901,-0.44607,-0.75866,-9.97544
35.54904,-0.67666,-0.90456,-10.08273
35.55908,-1.00826,-0.93778,-10.18314
35.56912,-1.35886,-0.84426,-10.48496
35.57915,-1.48396,-0.77527,-10.735
35.58919,-1.49757,-0.86356,-10.82104
35.59923,-1.46061,-1.1546,-10.72094
35.60926,-1.51822,-1.44236,-10.31048
35.6193,-1.80074,-1.57269,-9.8056
35.62934,-2.0644,-1.47079,-9.57546
35.63937,-2.14386,-1.14772,-9.83762
35.64941,-2.08595,-0.69507,-10.50127
35.65945,-2.20147,-0.29868,-11.41675
35.66948,-2.42997,-0.30092,-12.23183
35.67952,-2.7053,-0.53226,-12.55998
35.68956,-3.18399,-0.94855,-12.51763
35.69959,-3.62557,-1.27776,-12.71965
35.70963,-3.90659,-1.25426,-13.25744
35.71967,-4.17893,-1.25022,-14.08928
35.7297,-4.46893,-1.26563,-14.61002
35.73974,-4.75878,-1.48455,-14.48941
35.74978,-4.94418,-1.78997,-14.05337
35.75981,-4.83748,-1.86658,-13.79599
35.76985,-4.31226,-1.60531,-13.74137
35.77989,-3.72702,-0.77168,-13.67837
35.78992,-3.40111,-0.19932,-13.60026
35.79996,-3.40261,-0.47435,-13.39212
35.81,-3.52112,-1.07395,-13.05289
35.82003,-3.72224,-1.22927,-12.75451
35.83007,-3.75441,-1.10358,-12.56163
35.84011,-3.54477,-0.94795,-12.28031
35.85014,-3.449,-1.22957,-12.16913
35.86018,-3.74663,-1.78652,-12.13142
35.87022,-4.29445,-2.07502,-11.6035
35.88025,-4.5638,-2.14131,-11.30153
35.89029,-4.36717,-1.83785,-11.50534
35.90033,-3.82608,-1.28434,-11.81464
35.91036,-3.32869,-0.80101,-11.9318
35.9204,-3.01654,-0.8471,-11.30871
35.93044,-2.4343,-1.38475,-10.39188
35.94047,-2.05692,-1.6704,-9.83508
35.95051,-2.51152,-1.84638,-9.74679
35.96054,-2.62075,-1.88977,-9.66015
35.97058,-2.166,-2.1892,-10.39966
35.98062,-1.85401,-2.61342,-10.98385
35.99065,-1.63329,-2.85942,-10.67799
36.00069,-1.57568,-2.98138,-9.42732
36.01073,-1.74283,-2.77653,-8.112
36.02076,-1.75645,-2.70335,-7.3695
36.0308,-1.62671,-2.72849,-7.10809
36.04084,-1.5263,-2.58484,-7.68284
36.05087,-1.76183,-2.4162,-8.02492
36.06091,-1.76243,-2.05288,-7.59261
36.07095,-1.64856,-2.03208,-7.0412
36.08098,-1.53603,-2.47994,-6.19784
36.09102,-1.25516,-2.81663,-5.9861
36.10106,-0.86865,-2.63916,-5.74324
36.11109,-0.15428,-2.12231,-5.83632
36.12113,0.51505,-1.65888,-5.85622
36.13117,1.10103,-1.35661,-6.2541
36.1412,1.18917,-1.69075,-6.79355
36.15124,0.62459,-2.38717,-6.42394
36.16128,0.50233,-2.59816,-7.50582
36.17131,0.31214,-2.1904,-7.42607
36.18135,0.17283,-1.63374,-7.00708
36.19139,0.36856,-1.30454,-6.94423
36.20142,0.74639,-1.23301,-6.72516
36.21146,1.30289,-1.35407,-6.75225
36.2215,1.26833,-1.60247,-6.75479
36.23153,0.21533,-1.95023,-6.83395
36.24157,-0.56922,-2.43056,-6.70197
36.25161,-0.62593,-2.84192,-6.19021
36.26164,-0.19408,-3.13551,-5.73007
36.27168,0.27294,-3.28933,-5.43933
36.28171,0.79353,-3.23038,-5.50966
36.29175,1.20758,-3.03256,-5.84724
36.30179,1.23092,-2.93305,-6.22477
36.31183,0.79757,-3.07326,-6.43382
36.32186,0.33998,-3.14149,-6.55727
36.3319,0.17074,-3.18459,-6.71529
36.34194,0.30721,-3.22484,-6.76108
36.35197,0.75567,-3.09989,-6.89306
36.36201,1.10148,-2.95923,-6.99481
36.37204,1.09565,-2.93245,-7.02429
36.38208,0.82839,-3.13042,-7.08743
36.39212,0.3319,-3.41907,-7.26954
36.40216,-0.04803,-3.45917,-7.52617
36.41219,-0.05118,-3.09436,-7.67327
36.42223,0.29164,-2.71547,-7.87064
36.43227,0.72784,-2.67911,-8.14612
36.4423,0.92476,-2.7647,-8.22723
36.45234,0.79951,-2.78939,-8.33437
36.46237,0.38517,-2.83025,-8.54057
36.47241,-0.05372,-2.87499,-8.75799
36.48245,-0.21623,-2.85883,-8.85615
36.49248,-0.26142,-2.86616,-8.7327
36.50252,-0.12585,-2.77907,-8.63364
36.51256,0.12884,-2.57841,-8.66806
36.52259,0.30002,-2.36652,-8.78822
36.53263,0.35973,-2.23992,-9.10066
36.54267,0.27833,-2.21224,-9.28037
36.5527,-0.0404,-2.35709,-9.37495
36.56274,-0.31858,-2.58409,-9.48224
36.57278,-0.44143,-2.67791,-9.49959
36.58281,-0.28252,-2.62554,-9.38243
36.59285,-0.08769,-2.46558,-9.26346
36.60289,0.08185,-2.32836,-9.18775
36.61292,0.17163,-2.31654,-9.19044
36.62296,0.08739,-2.42398,-9.25718
36.633,-0.07093,-2.46483,-9.32916
36.64303,-0.11238,-2.33913,-9.27888
36.65307,-0.13976,-2.08101,-9.22995
36.66311,-0.01362,-1.86598,-9.36806
36.67314,0.22865,-1.91372,-9.62888
36.68318,0.40522,-2.1675,-9.8487
36.69322,0.27833,-2.38313,-9.71941
36.70325,-0.02918,-2.4979,-9.44842
36.71329,-0.38711,-2.42188,-9.455
36.72333,-0.48946,-2.10211,-9.58638
36.73336,-0.22236,-1.72068,-9.85259
36.7434,0.08694,-1.44625,-10.24539
36.75344,0.34013,-1.26788,-10.39697
36.76347,0.40761,-1.3406,-10.28369
36.77351,0.11642,-1.6912,-10.09665
36.78355,-0.2466,-1.94559,-9.98382
36.79358,-0.48737,-2.02774,-9.85678
36.80362,-0.53929,-1.98883,-9.82161
36.81366,-0.48108,-1.92015,-9.92127
36.82369,-0.44263,-1.74358,-10.06358
36.83373,-0.65541,-1.69105,-10.09021
36.84377,-0.87523,-1.87361,-9.97514
36.8538,-0.98851,-2.06141,-9.76909
36.86384,-0.98432,-2.16885,-9.53012
36.87388,-0.92925,-2.23514,-9.35085
36.88391,-0.9704,-2.20087,-9.34577
36.89395,-1.11001,-1.95516,-9.51112
36.90399,-1.33626,-1.90025,-9.64459
36.91402,-1.39896,-1.98434,-9.63157
36.92406,-1.47243,-2.10271,-9.56304
36.9341,-1.51149,-2.09074,-9.42792
36.94413,-1.61893,-2.08759,-9.34622
36.95417,-1.83186,-2.11722,-9.3124
36.96421,-1.98599,-2.05677,-9.25987
36.97424,-2.03492,-1.94649,-9.20481
36.98428,-1.98,-1.87481,-9.31943
36.99431,-2.03612,-2.02953,-9.50528
37.00435,-2.14311,-2.29365,-9.35774
37.01439,-2.11498,-2.32447,-9.12116
37.02442,-2.30577,-2.15209,-9.14061
37.03446,-2.66639,-2.03732,-9.14301
37.0445,-2.60504,-2.13563,-9.0616
37.05453,-2.08819,-2.30711,-8.89685
37.06457,-1.52181,-2.5169,-8.76921
37.07461,-1.19261,-2.72116,-8.66043
37.08464,-1.05913,-2.77727,-8.47413
37.09468,-0.93583,-2.67178,-8.3402
37.10472,-0.62504,-2.48802,-8.23336
37.11475,-0.05477,-2.26447,-8.33152
37.12479,0.59705,-1.95502,-8.44689
37.13483,0.93763,-1.73864,-8.76846
37.14486,0.87358,-1.79116,-8.9401
37.1549,0.77662,-1.96474,-8.83535
37.16494,0.79458,-1.98794,-8.50405
37.17497,0.93853,-1.89247,-8.14403
37.18501,1.20518,-1.82872,-7.87214
37.19505,1.4253,-1.8585,-7.90072
37.20508,1.44535,-1.93422,-7.94905
37.21512,1.41198,-1.86344,-7.80989
37.22516,1.43263,-1.67579,-7.41978
37.23519,1.59574,-1.4057,-6.78173
37.24523,1.79266,-1.0928,-6.24617
37.25527,2.00425,-0.85084,-5.94854
37.2653,1.92449,-0.88675,-5.76075
37.27534,1.50131,-0.97429,-5.68608
37.28538,1.075,-0.98058,-5.52851
37.29541,0.87089,-0.91189,-5.2216
37.30545,0.80221,-0.82794,-5.00852
37.31549,0.74475,-0.82929,-4.76506
37.32552,0.6201,-0.86805,-4.59836
37.33556,0.49605,-0.98222,-4.14586
37.3456,0.22176,-1.53349,-3.20404
37.35563,-0.1866,-2.28571,-2.93335
37.36567,-0.48243,-2.78326,-3.71939
37.37571,-0.91668,-2.99155,-4.05219
37.38574,-1.16104,-2.76485,-3.96614
37.39578,-1.2161,-2.38148,-4.36164
37.40582,-1.0524,-1.90055,-4.86098
37.41585,-0.64898,-1.47064,-5.02648
37.42589,-0.13213,-1.10029,-4.84646
37.43593,0.14709,-0.98866,-4.82282
37.44596,0.03561,-1.25127,-4.39067
37.456,-0.34506,-1.90085,-4.61183
37.46604,-0.96666,-2.43236,-5.76494
37.47607,-1.50416,-2.44912,-6.43008
37.48611,-1.78428,-1.97043,-7.0418
37.49615,-1.86808,-1.44221,-7.74794
37.50618,-1.88843,-1.09684,-8.54895
37.51622,-2.17528,-0.94765,-9.13133
37.52626,-2.59157,-0.82839,-9.54972
37.53629,-2.56853,-0.83543,-9.89718
37.54633,-2.42578,-1.42799,-10.26514
37.55637,-2.2917,-2.46199,-10.65704
37.5664,-2.19459,-3.81516,-10.69161
37.57644,-2.23214,-4.79379,-11.36049
37.58648,-2.77922,-4.82746,-13.28438
37.59651,-3.22484,-4.21125,-15.79664
37.60655,-3.09855,-3.1994,-17.69435
37.61658,-2.74959,-1.86448,-18.80705
37.62662,-2.36203,-0.6403,-18.83309
37.63666,-1.92539,0.22999,-17.9628
37.64669,-1.76498,0.07976,-16.82974
37.65673,-1.78847,-0.56324,-15.59448
37.66677,-2.0451,-1.54635,-14.65296
37.6768,-2.44777,-2.75707,-13.77025
37.68684,-2.78446,-3.71371,-13.0463
37.69688,-2.8283,-4.0857,-12.8404
37.70691,-2.65756,-3.76294,-12.65306
37.71695,-2.58304,-3.13685,-12.83307
37.72699,-2.68181,-2.74405,-13.42893
37.73702,-2.76695,-2.65771,-13.95535
37.74706,-2.54938,-2.52139,-14.11367
37.7571,-2.0225,-2.06156,-13.81828
37.76713,-1.45044,-1.42575,-13.18711
37.77717,-1.00571,-0.92506,-12.78953
37.78721,-0.85054,-0.91683,-12.68358
37.79724,-0.886,-1.1962,-12.89592
37.80728,-0.91249,-1.45358,-12.92674
37.81732,-1.03759,-1.77575,-12.45957
37.82735,-1.08861,-2.09298,-11.88437
37.83739,-0.908,-2.11004,-11.52973
37.84743,-0.58583,-1.76812,-11.35286
37.85746,-0.31603,-1.42455,-11.31784
37.8675,-0.18989,-1.29422,-11.48932
37.87754,-0.03427,-1.24439,-11.52434
37.88757,0.15906,-1.13799,-11.32637
37.89761,0.31409,-1.09191,-11.03368
37.90765,0.25543,-1.09505,-10.63864
37.91768,0.08365,-1.11001,-10.46371
37.92772,-0.23792,-1.07664,-10.60841
37.93776,-0.57566,-1.04492,-10.8179
37.94779,-0.64165,-1.08098,-10.92639
37.95783,-0.64973,-1.08383,-10.76239
37.96787,-0.72155,-1.11031,-10.34235
37.9779,-0.69058,-1.30664,-9.96721
37.98794,-0.55411,-1.4452,-9.71492
37.99798,-0.41569,-1.35437,-9.4978
38.00801,-0.32067,-1.13111,-9.57381
38.01805,-0.3506,-0.88526,-9.85199
38.02808,-0.32771,-0.8278,-10.03006
38.03812,-0.20366,-0.93389,-9.94776
38.04816,-0.03322,-1.10971,-9.61586
38.05819,0.10624,-1.20832,-9.27693
38.06823,0.26022,-1.17271,-9.07223
38.07827,0.36063,-1.11884,-9.03931
38.0883,0.38607,-1.16867,-9.19643
38.09834,0.24645,-1.2607,-9.38752
38.10838,0.13123,-1.52526,-9.45395
38.11841,0.23837,-1.80702,-9.41879
38.12845,0.59346,-1.9604,-9.28247
38.13849,1.04552,-1.95546,-9.28741
38.14852,1.37427,-2.00065,-9.313
38.15856,1.57868,-2.14969,-9.23878
38.1686,1.88813,-2.27748,-9.30821
38.17863,2.53321,-2.25279,-9.66315
38.18867,3.47967,-2.00874,-10.17985
38.19871,4.57771,-1.60397,-10.35148
38.20874,5.5116,-1.39283,-10.55828
38.21878,6.20562,-1.26474,-10.53583
38.22882,6.85819,-1.05854,-9.93878
38.23885,7.19951,-0.87314,-9.63921
38.24889,6.94917,-0.7862,-9.83149
38.25893,6.27281,-0.96142,-10.12388
38.26896,5.53091,-1.28,-10.83481
38.279,4.79738,-1.59559,-11.04774
38.28904,4.0474,-1.72682,-10.29252
38.29907,3.33692,-1.73206,-9.47835
38.30911,2.37176,-1.70946,-9.52309
38.31915,0.95738,-1.73101,-9.60464
38.32918,-0.50488,-1.63344,-9.64025
38.33922,-1.74118,-1.3819,-10.01375
38.34926,-2.7891,-1.16358,-10.51069
38.35929,-3.72179,-1.11076,-10.71555
38.36996,-4.82776,-1.52645,-9.63382
38.37999,-4.82776,-1.52645,-9.63382
38.39003,-4.84826,-1.91865,-8.69858
38.40007,-4.67468,-2.44792,-7.86794
38.4101,-4.49466,-2.7448,-7.46737
38.42014,-4.35864,-2.59157,-7.44537
38.43018,-4.19823,-2.0831,-7.83802
38.44021,-4.02121,-1.13455,-8.26538
38.45025,-3.52412,-0.10998,-8.64726
38.46029,-2.89624,0.42213,-8.98304
38.47032,-2.59382,0.39983,-9.27918
38.48036,-2.71517,0.03322,-9.34651
38.4904,-3.03031,-0.34342,-9.42866
38.50043,-3.41787,-0.62144,-9.63846
38.51047,-3.60911,-0.91848,-9.75383
38.52051,-3.7161,-1.1956,-9.62903
38.53054,-3.74079,-1.43323,-9.32841
38.54058,-3.63245,-1.59798,-9.04948
38.55062,-3.65176,-1.73834,-8.87381
38.56065,-3.62123,-1.91042,-8.98664
38.57069,-3.3052,-1.96384,-9.12834
38.58073,-2.88352,-1.94589,-9.22306
38.59076,-2.57466,-1.89157,-9.33888
38.6008,-2.30023,-1.87421,-9.54688
38.61084,-2.03492,-1.85132,-9.76191
38.62087,-1.85431,-1.86838,-9.98008
38.63091,-1.66188,-1.83186,-10.14408
38.64095,-1.47947,-1.81331,-10.32963
38.65098,-1.33656,-1.82573,-10.50187
38.66102,-1.04701,-1.76827,-10.60182
38.67106,-0.67068,-1.65589,-10.68293
38.68109,-0.40956,-1.54486,-10.58836
38.69113,-0.34536,-1.51747,-10.49229
38.70117,-0.26935,-1.51658,-10.4266
38.7112,-0.04235,-1.53872,-10.33322
38.72124,0.32726,-1.5293,-10.16443
38.73127,0.61202,-1.47558,-10.02512
38.74131,0.5381,-1.52675,-9.87773
38.75135,0.33923,-1.70198,-9.71148
38.76139,0.16415,-1.87795,-9.70759
38.77142,0.1465,-1.94649,-9.65552
38.78146,0.3289,-1.94394,-9.44123
38.79149,0.56039,-1.90369,-9.18146
38.80153,0.59646,-1.83935,-9.05233
38.81157,0.28252,-1.83126,-9.2286
38.8216,-0.00539,-1.88244,-9.51935
38.83164,-0.00614,-1.89232,-9.66614
38.84168,0.05133,-1.80119,-9.64205
38.85172,0.15009,-1.74971,-9.56274
38.86175,0.26426,-1.73026,-9.45126
38.87179,0.22057,-1.73475,-9.38811
38.88182,-0.04399,-1.71515,-9.56349
38.89186,-0.28087,-1.68462,-9.87219
38.9019,-0.25423,-1.63808,-10.07315
38.91193,-0.07856,-1.5887,-10.03395
38.92197,-0.05926,-1.48874,-9.89987
38.93201,-0.14664,-1.49293,-9.7221
38.94204,-0.02679,-1.60591,-9.79677
38.95271,-0.02679,-1.60591,-9.79677
38.96274,0.0205,-1.38744,-10.03979
38.97278,-0.00599,-1.24858,-10.23267
38.98282,-0.1441,-1.32729,-10.28878
38.99285,-0.28117,-1.46151,-10.12298
39.00289,-0.23209,-1.60232,-9.80096
39.01293,-0.05567,-1.67459,-9.4984
39.02296,0.14769,-1.70961,-9.26376
39.033,0.19737,-1.72098,-9.28965
39.04304,0.11776,-1.68028,-9.50154
39.05307,-0.05432,-1.70063,-9.73842
39.06311,-0.41509,-1.77949,-10.00716
39.07315,-0.71721,-1.81974,-10.47329
39.08318,-0.98372,-1.87661,-10.84379
39.09322,-1.21685,-2.07877,-11.01737
39.10326,-1.32998,-2.4786,-11.03862
39.11329,-1.50087,-2.94412,-11.4166
39.12333,-1.86254,-3.44047,-12.35677
39.13337,-2.57945,-3.80663,-13.61134
39.1434,-3.42506,-3.81127,-15.12582
39.15344,-4.02256,-3.5708,-16.51655
39.16348,-4.11249,-3.29921,-17.5275
39.17351,-3.5696,-3.06413,-17.92703
39.18355,-2.79314,-2.99634,-17.74014
39.19359,-2.05273,-2.89354,-17.37158
39.20362,-1.72667,-2.6016,-17.09595
39.21366,-1.67235,-2.35155,-16.65481
39.2237,-1.5275,-2.52513,-16.21787
39.23373,-1.5088,-2.88112,-15.8164
39.24377,-2.10989,-2.69812,-15.76761
39.25381,-3.05276,-2.47815,-16.23119
39.26384,-3.48282,-2.91718,-15.46998
39.27388,-3.45004,-3.31358,-14.17397
39.28392,-3.47129,-3.17935,-13.62076
39.29395,-3.34216,-2.7861,-13.17993
39.30399,-2.81349,-1.84713,-12.68313
39.31402,-1.93392,-0.68773,-12.07994
39.32406,-0.97534,0.05671,-11.53033
39.3341,-0.15757,0.59915,-11.00764
39.34413,0.29868,1.02906,-10.10832
39.35417,0.6599,1.26279,-9.0643
39.36421,0.58014,1.16014,-8.05095
39.37425,-1.27222,0.85772,-8.05364
39.38428,-3.90599,0.10639,-8.91331
39.39432,-5.62114,-0.92461,-10.08064
39.40435,-6.08352,-2.05707,-10.07794
39.41439,-4.70087,-2.45017,-8.837
39.42443,-2.68959,-2.02445,-7.6182
39.43447,-1.08787,-1.28898,-6.83575
39.4445,-0.13797,-0.88451,-6.56849
39.45454,0.19378,-0.89079,-6.6683
39.46457,-0.03008,-1.45104,-6.66022
39.47461,-1.39402,-2.22721,-7.59845
39.48465,-2.86691,-2.38911,-8.57798
39.49468,-4.26572,-2.20117,-9.24805
39.50472,-4.77404,-1.87286,-9.18506
39.51476,-4.24133,-1.60037,-8.58845
39.52479,-3.05949,-1.6921,-7.90461
39.53483,-1.83231,-1.97656,-7.19697
39.54487,-0.67696,-2.57541,-5.71107
39.5549,-0.15877,-3.03136,-4.70281
39.56494,-0.14694,-3.0547,-4.9328
39.57498,-0.19198,-2.65263,-5.53734
39.58501,-0.32441,-1.96594,-6.11165
39.59505,-0.62997,-1.22673,-6.68341
39.60509,-1.04043,-0.65362,-7.08953
39.61512,-1.55638,-0.38846,-7.53261
39.62516,-1.56296,-0.38981,-7.66578
39.6352,-0.85069,-0.4133,-6.79789
39.64523,0.26037,-0.67487,-5.63864
39.65527,1.22344,-1.35033,-5.4706
39.66531,1.39477,-2.15314,-5.62308
39.67534,0.93299,-2.59262,-5.93942
39.68538,0.25019,-2.46184,-6.64152
39.69542,-0.02274,-1.72353,-7.08968
39.70545,0.36197,-0.43215,-7.47275
39.71549,0.90366,0.63701,-7.55879
39.72553,1.53139,1.15805,-6.95052
39.73556,1.86882,1.20264,-6.7093
39.7456,1.65065,0.54378,-6.97745
39.75564,1.32145,-0.64359,-7.18021
39.76567,0.83737,-1.73924,-7.29244
39.77571,0.13048,-2.17633,-7.66713
39.78575,-0.15637,-1.84279,-7.65187
39.79578,0.07377,-1.28973,-7.58917
39.80582,0.55067,-0.72544,-7.67042
39.81586,1.02487,-0.09263,-7.56388
39.82589,1.36544,0.30706,-7.28571
39.83593,1.67923,0.60364,-7.10913
39.84597,1.84578,0.50682,-7.87558
39.856,1.83336,-0.03502,-8.99696
39.86604,1.68312,-0.63102,-9.28277
39.87608,1.72038,-1.19261,-9.23099
39.88611,1.83531,-1.45717,-9.29848
39.89615,1.58002,-1.32684,-9.086
39.90619,1.01454,-0.89603,-8.42325
39.91622,0.85892,-0.39699,-7.94426
39.92626,0.91548,-0.15443,-7.907
39.93629,0.9098,-0.44906,-8.31791
39.94633,0.72769,-0.83243,-8.97077
39.95637,0.38966,-1.14099,-9.3317
39.9664,0.29464,-1.4446,-9.37076
39.97644,0.36975,-1.6915,-8.88773
39.98648,0.26441,-1.75495,-8.48176
39.99651,0.063,-1.60801,-8.27271
40.00655,-0.07332,-1.26908,-8.49687
40.01659,-0.01182,-1.02786,-8.67778
40.02662,0.11627,-0.94601,-9.14346
40.03666,0.05851,-0.96322,-9.42522
40.0467,0.05222,-1.00571,-9.63127
40.05673,0.13078,-1.1543,-9.73737
40.06677,0.15817,-1.22538,-9.54
40.07681,0.10879,-1.30514,-9.29519
40.08684,0.03965,-1.36559,-8.97676
40.09688,-0.11642,-1.42141,-8.82368
40.10692,-0.41135,-1.51209,-8.94653
40.11695,-0.63237,-1.52496,-9.16456
40.12699,-0.63431,-1.39058,-9.20571
40.13703,-0.3729,-1.30634,-9.32497
40.14706,-0.0416,-1.47692,-9.27559
40.1571,-0.02394,-1.70018,-9.1671
40.16714,-0.19947,-1.85236,-9.13373
40.17717,-0.25753,-1.7747,-8.93561
40.18721,-0.15727,-1.58197,-8.78403
40.19725,-0.11717,-1.55279,-8.91167
40.20728,-0.29853,-1.61953,-9.02285
40.21732,-0.47465,-1.51149,-9.16021
40.22736,-0.536,-1.32818,-9.124
40.23739,-0.42407,-1.26773,-8.98798
40.24743,-0.25827,-1.29796,-8.85241
40.25747,-0.18824,-1.31262,-8.5458
40.2675,-0.26187,-1.46375,-8.48595
40.27754,-0.38502,-1.58795,-8.45632
40.28758,-0.60454,-1.57673,-8.56436
40.29761,-0.84096,-1.5067,-8.63993
40.30765,-0.83902,-1.14503,-8.26284
40.31769,-0.63776,-0.79338,-8.06412
40.32772,-0.37604,-0.71826,-8.19894
40.33776,-0.18151,-0.89453,-8.29336
40.3478,-0.16894,-1.1986,-8.30908
40.35783,-0.24331,-1.31247,-8.05484
40.36787,-0.42198,-1.258,-7.8642
40.37791,-0.53226,-1.08697,-7.83936
40.38794,-0.56174,-0.81971,-7.62972
40.39798,-0.5143,-0.57296,-7.30306
40.40802,-0.63207,-0.6192,-6.85819
40.41805,-0.83408,-0.88256,-6.62909
40.42809,-0.93628,-1.10852,-6.6068
40.43813,-0.87314,-1.06826,-6.2951
40.44816,-0.53076,-0.66409,-5.85322
40.4582,-0.04609,0.03681,-5.56637
40.46824,0.34252,0.51685,-6.11509
40.47827,0.1872,0.10983,-7.02653
40.48831,-0.34866,-0.61696,-7.48652
40.49835,-0.66634,-1.14099,-7.29753
40.50838,-0.69058,-0.95843,-6.90024
40.51842,-0.50323,-0.17567,-6.93271
40.52846,-0.22969,0.85204,-7.18934
40.53849,-0.0404,1.64616,-7.40377
40.54853,0.04639,1.44879,-7.96341
40.55857,-0.27518,-0.17822,-8.14837
40.5686,-0.8884,-2.16047,-7.70604
40.57864,-1.16298,-3.07101,-7.82395
40.58868,-1.3017,-2.7246,-7.36756
40.59871,-1.55548,-1.51448,-6.27206
40.60875,-1.54261,-0.6002,-6.40584
40.61879,-1.59499,-0.90755,-7.89578
40.62882,-1.71739,-1.8392,-9.23384
40.63886,-1.68253,-2.5998,-8.90823
40.6489,-1.37098,-2.57137,-7.65531
40.65893,-1.00931,-2.14595,-7.09417
40.66897,-1.16583,-1.6318,-7.11572
40.67901,-1.35811,-1.49144,-7.5778
40.68904,-1.31591,-1.60696,-8.38539
40.69908,-1.09176,-1.49144,-9.04095
40.70911,-0.9499,-0.91204,-9.21094
40.71915,-1.12917,-0.92326,-9.75428
40.72919,-1.38714,-1.9396,-10.11401
40.73922,-1.0123,-2.85239,-9.93698
40.74926,-0.26007,-3.3248,-9.59072
40.7593,0.54573,-3.18369,-9.1882
40.76933,1.09505,-2.66041,-9.05128
40.77937,0.82899,-1.99482,-9.60853
40.78941,0.17178,-1.42709,-10.51518
40.79944,-0.28057,-1.1971,-11.54978
40.80948,-0.5782,-1.21925,-12.17077
40.81952,-0.50383,-1.39043,-12.18798
40.82955,-0.18525,-1.62851,-12.03894
40.83959,-0.07078,-1.88259,-11.95949
40.84963,-0.24526,-2.02415,-12.08623
40.85966,-0.58912,-2.09253,-12.21477
40.8697,-0.89872,-1.97791,-12.71875
40.87974,-1.08143,-1.83097,-13.32478
40.88977,-1.36469,-1.70961,-13.51961
40.89981,-1.23032,-1.61339,-13.44838
40.90985,-0.95035,-1.88932,-13.38419
40.91988,-0.85862,-2.21568,-13.10556
40.92992,-0.83857,-2.50748,-12.70902
40.93996,-0.80819,-2.71637,-12.47978
40.94999,-0.9279,-2.61492,-12.44656
40.96003,-0.90052,-2.17379,-12.48801
40.97007,-0.56488,-1.51987,-12.43698
40.9801,-0.13901,-1.08338,-12.56058
40.99014,0.12659,-0.90157,-12.88425
41.00018,0.0006,-0.85039,-13.19774
41.01021,-0.21308,-0.91773,-13.45257
41.02025,-0.23194,-0.94302,-13.64081
41.03029,-0.12599,-0.85668,-13.51542
41.04032,-0.01526,-0.50248,-13.2344
41.05036,-0.09786,-0.2909,-12.97223
41.0604,-0.18241,-0.44233,-12.87946
41.07043,-0.27653,-0.74101,-12.82649
41.08047,-0.28955,-0.84919,-12.70693
41.09051,-0.01496,-0.63042,-12.29901
41.10054,0.17418,-0.331,-11.97325
41.11058,0.09158,-0.38726,-11.9134
41.12062,-0.03217,-0.69806,-11.89843
41.13065,-0.11522,-0.94436,-11.5613
41.14069,-0.2885,-1.02068,-11.13289
41.15073,-0.42722,-1.01933,-10.83526
41.16076,-0.36063,-0.86939,-10.56322
41.1708,-0.29105,-0.68803,-10.44291
41.18084,-0.3515,-0.69177,-10.57863
41.19087,-0.52104,-0.8064,-10.65076
41.20091,-0.70195,-0.98761,-10.6545
41.21095,-0.53585,-1.1576,-10.55828
41.22098,-0.32516,-1.21072,-10.31317
41.23102,-0.1432,-0.96696,-9.80665
41.24106,0.05327,-0.55067,-9.4758
41.25109,0.10235,-0.55097,-9.65896
41.26113,-0.0413,-0.88481,-9.85618
41.27117,-0.20874,-1.53932,-9.77957
41.2812,-0.53525,-2.17379,-9.54778
41.29124,-0.76899,-2.49865,-9.21483
41.30128,-0.98477,-2.27,-8.85406
41.31131,-0.95379,-1.68013,-8.70666
41.32135,-0.62848,-1.16568,-8.68571
41.33139,-0.1854,-0.85578,-8.99531
41.34142,0.23044,-0.88286,-9.26945
41.35146,0.44787,-0.94721,-9.16231
41.3615,0.60154,-0.81104,-8.80258
41.37153,0.62144,-0.63431,-8.58037
41.38157,0.41105,-0.62309,-8.81889
41.39161,0.11522,-0.83932,-9.41385
41.40164,0.03292,-0.9511,-9.79303
41.41168,0.20096,-0.80101,-9.76954
41.42172,0.58912,-0.5993,-9.78376
41.43175,0.8462,-0.6608,-9.6401
41.44179,0.71931,-0.84036,-9.30641
41.45183,0.4145,-1.13321,-9.26691
41.46186,0.19258,-1.42859,-9.30013
41.4719,0.07093,-1.52541,-9.49032
41.48194,0.02155,-1.51134,-9.5795
41.49197,0.24915,-1.17181,-9.22621
41.50201,0.61696,-0.79577,-9.2289
41.51205,0.73143,-0.76824,-9.37465
41.52208,0.5375,-0.93209,-9.60988
41.53212,0.27668,-1.28524,-9.90825
41.54216,0.16026,-1.64362,-10.02781
41.55219,0.19393,-1.92509,-9.79662
41.56223,0.4148,-2.125,-9.68455
41.57227,0.60364,-2.39196,-9.61975
41.5823,0.93628,-2.38971,-9.57052
41.59234,1.46839,-2.34048,-9.78525
41.60238,2.14116,-2.08744,-10.1999
41.61241,2.53187,-1.67998,-10.20334
41.62245,2.50718,-0.8896,-9.80411
41.63249,2.57556,-0.50922,-9.58145
41.64252,2.71443,-0.73023,-9.63831
41.65256,2.70126,-1.37203,-9.745
41.66259,2.5,-2.11558,-9.94372
41.67263,2.36053,-2.62524,-10.18134
41.68267,2.38477,-2.71054,-10.29043
41.6927,2.44762,-2.49117,-10.23072
41.70274,2.56314,-2.15074,-10.28788
41.71278,2.53845,-1.93646,-10.39652
41.72281,2.34766,-1.43308,-9.89763
41.73285,2.08744,-0.67606,-9.85498
41.74289,1.62477,-0.15667,-9.9934
41.75292,1.07425,-0.18869,-9.98756
41.76296,0.75387,-0.89618,-10.08842
41.773,0.60454,-1.84832,-10.10398
41.78303,0.40417,-2.52454,-9.35579
41.79307,0.13871,-2.81917,-8.42534
41.80311,-0.27429,-3.0339,-8.23052
41.81314,-0.75268,-3.29786,-8.75545
41.82318,-1.07455,-3.30041,-9.31868
41.83322,-1.09011,-3.01161,-9.75637
41.84326,-0.94182,-2.46154,-9.92756
41.85329,-0.85832,-1.83171,-9.90436
41.86333,-1.07096,-1.44146,-10.12328
41.87336,-1.41916,-1.48381,-10.35387
41.8834,-1.78997,-1.73475,-10.48361
41.89344,-2.32582,-2.03387,-10.66781
41.90347,-2.71368,-2.40034,-10.56067
41.91351,-2.8904,-2.64888,-10.18179
41.92355,-2.95878,-2.81887,-9.31539
41.93359,-3.01041,-3.09705,-8.26344
41.94362,-3.13431,-3.31926,-7.62763
41.95366,-2.99036,-3.28709,-8.34095
41.96369,-2.41021,-2.76545,-9.17069
41.97373,-1.91611,-2.10794,-9.40113
41.98377,-1.81466,-1.71634,-9.4366
41.9938,-1.91551,-1.66068,-9.55511
42.00384,-1.85102,-1.75884,-9.66614
42.01388,-1.5697,-1.80643,-9.64983
42.02391,-1.21386,-1.74148,-9.63636
42.03395,-0.76061,-1.62701,-9.57845
42.04399,-0.25842,-1.48366,-9.66928
42.05402,0.1248,-1.28239,-9.85453
42.06406,0.31334,-1.17286,-10.04622
42.0741,0.29883,-1.16927,-10.29447
42.08413,0.18301,-1.10238,-10.26664
42.09417,0.06165,-1.21311,-10.16728
42.10421,-0.00434,-1.3005,-9.91035
42.11424,-0.0621,-1.45044,-9.86097
42.12428,-0.11672,-1.69943,-9.93968
42.13432,-0.03786,-1.78548,-9.76894
42.14435,0.00853,-1.87541,-9.68529
42.15439,-0.04085,-1.81331,-9.65342
42.16443,0.04803,-1.69899,-9.76026
42.17446,0.17852,-1.67504,-9.99415
42.1845,0.20919,-1.50865,-10.10548
42.19454,0.26276,-1.3632,-10.10652
42.20457,0.22895,-1.31023,-10.07315
42.21461,0.15263,-1.32848,-10.00941
42.22465,0.15757,-1.4871,-10.05714
42.23468,0.13467,-1.53259,-10.02168
42.24472,0.14874,-1.59648,-9.94043
42.25476,0.35748,-1.73654,-9.7637
42.26479,0.57461,-1.82977,-9.46727
42.27483,0.75971,-1.81017,-9.29594
42.28487,0.85548,-1.73894,-9.3118
42.2949,0.9276,-1.62536,-9.51351
42.30494,0.94721,-1.54561,-9.72166
42.31498,0.91264,-1.51373,-9.83373
42.32501,0.94721,-1.56252,-9.72614
42.33505,0.91593,-1.68178,-9.53236
42.34509,0.89124,-1.82827,-9.30147
42.35512,0.82585,-1.90683,-9.14645
42.36579,0.49725,-1.91865,-9.49406
42.37582,0.28491,-1.88618,-9.96018
42.38586,0.28925,-1.76991,-10.06253
42.3959,0.42213,-1.74612,-9.80426
42.40593,0.58254,-1.87571,-9.51231
42.41597,0.68818,-1.95741,-9.37629
42.42601,0.69282,-1.9393,-9.31359
42.43604,0.69103,-1.96369,-9.392
42.44608,0.69402,-2.03402,-9.40263
42.45612,0.74415,-2.06096,-9.35265
42.46615,0.75941,-1.98943,-9.32512
42.47619,0.64658,-1.88813,-9.43959
42.48623,0.56219,-1.83935,-9.71088
42.49626,0.61097,-1.81361,-9.8692
42.5063,0.69836,-1.8166,-9.7875
42.51634,0.66319,-1.8175,-9.79124
42.52637,0.54064,-1.80628,-9.88701
42.53641,0.40462,-1.82363,-9.85094
42.54645,0.38936,-1.88244,-9.80126
42.55648,0.41495,-1.91386,-9.69891
42.56652,0.35913,-1.93556,-9.52743
42.57656,0.21428,-1.96968,-9.44064
42.58659,0.03277,-2.05348,-9.48388
42.59663,-0.06015,-2.00425,-9.65372
42.60667,0.09337,-1.90055,-9.7667
42.6167,0.29359,-1.84817,-9.66973
42.62674,0.38337,-1.8983,-9.5373
42.63678,0.35389,-1.92763,-9.52907
42.64681,0.28267,-1.99078,-9.50199
42.65685,0.33848,-2.04809,-9.47445
42.66689,0.47046,-2.03238,-9.42567
42.67692,0.54588,-2.00065,-9.36492
42.68696,0.56264,-1.95846,-9.39679
42.697,0.48812,-1.90968,-9.50543
42.70703,0.45086,-1.89651,-9.72046
42.71707,0.55905,-1.89127,-9.88955
42.72711,0.65586,-1.81765,-9.83403
42.73714,0.69716,-1.74732,-9.82236
42.74718,0.6816,-1.66532,-9.85513
42.75722,0.58448,-1.66337,-9.88715
42.76725,0.37783,-1.78353,-9.93683
42.77729,0.26531,-1.94544,-9.89269
42.78733,0.25004,-1.99572,-9.76161
42.79736,0.33698,-1.92614,-9.65582
42.8074,0.40477,-1.81346,-9.58878
42.81744,0.34342,-1.83635,-9.54987
42.82747,0.30077,-1.97103,-9.52982
42.83751,0.33728,-2.05078,-9.48987
42.84755,0.41764,-2.01921,-9.39844
42.85758,0.47315,-1.96744,-9.4143
42.86762,0.47121,-1.91027,-9.44228
42.87766,0.42258,-1.91357,-9.5394
42.88769,0.40791,-1.91431,-9.53955
42.89773,0.4531,-1.91162,-9.42732
42.90777,0.45684,-1.88708,-9.31674
42.9178,0.42123,-1.89516,-9.25404
42.92784,0.34791,-1.94215,-9.31225
42.93788,0.30795,-1.92359,-9.48732
42.94854,0.41195,-1.76797,-9.73048
42.95858,0.53002,-1.62716,-9.69921
42.96861,0.5381,-1.64527,-9.62664
42.97865,0.52927,-1.77844,-9.55032
42.98869,0.5164,-1.90803,-9.4155
42.99872,0.42123,-1.93227,-9.38826
43.00876,0.31738,-1.90324,-9.52488
43.0188,0.2879,-1.83471,-9.61706
43.02883,0.28057,-1.77844,-9.63861
43.03887,0.25259,-1.74073,-9.71328
43.04891,0.28596,-1.78129,-9.65971
43.05894,0.33414,-1.88109,-9.50917
43.06898,0.34506,-1.96803,-9.38991
43.07902,0.31184,-1.94065,-9.38288
43.08905,0.29134,-1.93332,-9.4137
43.09909,0.2463,-1.96205,-9.46413
43.10913,0.18151,-1.95307,-9.53685
43.11916,0.21458,-1.92808,-9.53326
43.1292,0.30002,-1.92135,-9.51097
43.13924,0.42332,-1.86688,-9.51336
43.14927,0.47734,-1.80613,-9.48613
43.15931,0.41943,-1.84518,-9.53985
43.16935,0.27204,-1.9194,-9.59761
43.17938,0.20351,-1.99317,-9.62813
43.18942,0.19124,-2.01128,-9.61347
43.19945,0.22176,-1.94843,-9.61212
43.20949,0.27788,-1.88648,-9.5795
43.21953,0.28566,-1.87361,-9.50678
43.22956,0.22101,-1.92958,-9.47012
43.2396,0.15892,-2.03118,-9.48777
43.24964,0.13722,-2.01442,-9.55002
43.25967,0.16595,-1.97282,-9.62619
43.26971,0.25259,-1.96953,-9.68679
43.27975,0.3295,-1.96384,-9.76759
43.28978,0.39998,-1.89561,-9.85169
43.29982,0.46238,-1.85446,-10.02303
43.30986,0.44457,-1.97477,-10.158
43.31989,0.47704,-2.22736,-10.35447
43.32993,0.59631,-2.39151,-10.55454
43.33997,0.70943,-2.32193,-10.81745
43.35,0.76659,-2.01322,-11.05912
43.36004,0.73547,-1.8148,-11.0865
43.37008,0.67112,-1.91117,-11.00061
43.38011,0.42707,-2.09957,-11.29315
43.39015,0.05626,-2.16226,-11.6249
43.40019,-0.34566,-2.13533,-11.70211
43.41022,-0.76869,-1.84488,-11.69104
43.42026,-0.92282,-1.79939,-11.57073
43.4303,-1.27222,-1.93915,-11.42827
43.44033,-1.70168,-2.0219,-11.47376
43.45037,-2.09612,-2.12934,-11.5004
43.46041,-2.48339,-2.4578,-11.49591
43.47044,-2.83069,-2.83384,-11.58464
43.48048,-3.00113,-2.77458,-11.6653
43.49052,-2.93664,-2.37774,-11.87554
43.50055,-2.87933,-2.08071,-12.67685
43.51059,-3.54252,-1.92703,-13.84642
43.52063,-4.38737,-1.80523,-14.70219
43.53066,-4.91859,-1.5079,-15.43542
43.5407,-5.04234,-1.0114,-15.87894
43.55074,-4.3986,-0.57102,-15.74008
43.56077,-3.62228,-0.33743,-14.9874
43.57081,-3.4288,-0.40073,-14.51844
43.58085,-3.54761,-0.86491,-14.1834
43.59088,-3.6968,-1.47199,-13.48414
43.60092,-3.76369,-2.13099,-12.79357
43.61096,-3.7981,-2.62479,-12.097
43.62099,-3.5708,-2.67702,-11.56414
43.63103,-3.50541,-2.61207,-11.32607
43.64107,-4.0875,-2.63183,-11.23494
43.6511,-4.82491,-2.9115,-11.0449
43.66114,-5.28266,-3.47174,-10.78812
43.67118,-5.47988,-3.87112,-10.55304
43.68121,-5.22714,-3.88459,-10.10697
43.69125,-4.82521,-3.5527,-9.67931
43.70129,-4.64176,-3.07984,-9.50259
43.71132,-4.44903,-2.75498,-9.55361
43.72136,-3.86499,-2.456,-10.41313
43.7314,-2.95923,-2.02265,-11.26981
43.74143,-2.0867,-1.64003,-11.52688
43.75147,-1.70437,-0.9481,-11.2312
43.76151,-1.39776,-0.41031,-11.36393
43.77154,-1.24543,-0.38696,-11.19214
43.78158,-0.88795,-0.38592,-10.64163
43.79162,-0.21219,-0.23508,-10.37602
43.80165,0.3512,-0.3497,-9.89913
43.81169,0.26486,-0.60394,-9.55541
43.82173,-0.35988,-0.66903,-9.29788
43.83176,-1.14248,-0.4962,-8.90733
43.8418,-1.69016,-0.37918,-8.5253
43.85184,-1.72368,-0.42557,-8.24369
43.86187,-1.21745,-0.3934,-8.31581
43.87191,-0.61321,-0.58823,-8.16303
43.88195,-0.07123,-0.91369,-7.33224
43.89198,0.35225,-1.05899,-6.66157
43.90202,0.64658,-1.16119,-6.22582
43.91206,0.62683,-1.44056,-5.96156
43.92209,0.42123,-1.75645,-6.02875
43.93213,0.02873,-1.91686,-6.24228
43.94217,-0.26396,-1.76019,-6.34164
43.9522,-0.48692,-1.63,-6.09235
43.96224,-0.99883,-1.30245,-6.61847
43.97228,-1.28314,-1.01754,-7.40646
43.98231,-1.23885,-0.90695,-7.07053
43.99235,-0.76585,-0.76031,-6.4006
44.00239,-0.04175,-0.7862,-5.98835
44.01242,0.58852,-1.19516,-5.53195
44.02246,1.0343,-1.65275,-5.26515
44.0325,1.22209,-1.97028,-5.48452
44.04253,1.16732,-1.93392,-6.07618
44.05257,0.84815,-1.56446,-6.66321
44.06261,0.54423,-1.04432,-6.98778
44.07264,0.49111,-0.67442,-7.05631
44.08268,0.5975,-0.72888,-7.12619
44.09272,0.68474,-1.07335,-7.21553
44.10275,0.77916,-1.29676,-7.11512
44.11279,0.72948,-1.40285,-7.13023
44.12283,0.64224,-1.444,-7.14864
44.13286,0.57206,-1.37921,-7.1829
44.1429,0.3928,-1.48396,-7.09267
44.15294,0.18361,-1.78323,-6.98658
44.16297,-0.02484,-2.07188,-7.16121
44.17301,-0.12989,-2.21823,-7.3686
44.18305,-0.22356,-2.27629,-7.60114
44.19308,-0.10071,-2.18097,-7.91119
44.20312,0.14739,-2.01667,-8.09973
44.21316,0.29838,-2.05946,-8.01833
44.22319,0.26635,-2.36637,-7.75467
44.23323,0.04564,-2.68899,-7.64932
44.24327,-0.40387,-2.84701,-7.69003
44.2533,-0.71003,-2.86332,-7.70005
44.26334,-0.65257,-2.80496,-7.81258
44.27338,-0.45355,-2.68016,-8.03868
44.28341,-0.6189,-2.63003,-8.16408
44.29345,-0.84231,-2.57287,-8.28394
44.30348,-0.98836,-2.61312,-8.30504
44.31352,-1.0747,-2.71278,-8.30758
44.32356,-1.11555,-2.84326,-8.20613
44.3336,-1.07679,-2.8479,-8.10482
44.34363,-1.08562,-2.71832,-8.05215
44.35367,-1.12902,-2.60055,-8.16019
44.36371,-1.18318,-2.68884,-8.32868
44.37374,-1.28015,-2.77054,-8.39961
44.38378,-1.34584,-2.69093,-8.5274
44.39381,-1.27431,-2.54294,-8.55568
44.40385,-1.12049,-2.39585,-8.57379
44.41389,-1.16777,-2.26791,-8.45363
44.42393,-1.26982,-2.21524,-8.37372
44.43396,-1.37322,-2.22287,-8.22887
44.444,-1.37188,-2.25115,-8.04557
44.45404,-1.35332,-2.33255,-7.91807
44.46407,-1.466,-2.48533,-7.83009
44.47411,-1.63105,-2.58349,-7.80585
44.48415,-1.65918,-2.64065,-7.72594
44.49418,-1.59618,-2.6221,-7.50418
44.50422,-1.49159,-2.4961,-7.23483
44.51426,-1.43323,-2.38403,-7.02279
44.52429,-1.43787,-2.36487,-6.90473
44.53433,-1.50206,-2.39839,-6.8112
44.54436,-1.65828,-2.46244,-6.87375
44.5544,-1.81914,-2.48309,-6.93151
44.56444,-1.8567,-2.38941,-6.75404
44.57448,-1.76587,-2.17962,-6.36858
44.58451,-1.57972,-2.00469,-6.13574
44.59455,-1.39806,-1.8787,-5.74982
44.60458,-1.41437,-1.85012,-5.43618
44.61462,-1.46585,-1.82603,-5.20036
44.62466,-1.36574,-1.90788,-5.01974
44.6347,-1.12961,-2.08445,-5.14274
44.64473,-1.04282,-2.34033,-5.21816
44.65477,-1.17166,-2.83114,-5.32455
44.66481,-1.39043,-3.07909,-6.0298
44.67484,-1.32908,-2.91823,-6.53078
44.68488,-0.89408,-2.64724,-6.09474
44.69492,-0.29538,-2.0454,-5.91039
44.70495,0.38202,-1.3638,-5.91383
44.71499,0.83303,-0.85832,-6.05928
44.72502,0.49964,-0.67217,-6.39701
44.73506,-0.08425,-0.70509,-6.96668
44.7451,-0.53166,-0.78186,-7.48622
44.75514,-0.71407,-0.84919,-7.43265
44.76517,-0.68579,-0.88122,-7.08489
44.77521,-0.73891,-0.99419,-6.95635
44.78525,-1.0099,-1.17002,-7.53934
44.79528,-1.47588,-1.58676,-8.78971
44.80532,-1.91671,-2.12051,-10.56696
44.81535,-2.02759,-2.4563,-11.88497
44.82539,-1.82767,-2.56105,-12.0355
44.83543,-1.384,-2.3722,-11.63881
44.84547,-0.72604,-2.05901,-11.233
44.8555,-0.10924,-1.85655,-10.90379
44.86554,0.14425,-2.07652,-11.06106
44.87557,-0.13093,-2.67417,-11.5004
44.88561,-0.5776,-3.27198,-11.73458
44.89565,-0.83064,-3.78239,-11.74925
44.90568,-0.73502,-4.01553,-11.67607
44.91572,-0.56234,-3.95896,-11.73473
44.92576,-0.48767,-3.67974,-12.10134
44.93579,-0.35629,-3.30475,-12.3481
44.94583,-0.06165,-2.85464,-12.42636
44.95587,0.13662,-2.55012,-12.52946
44.9659,0.20231,-2.40348,-12.3246
44.97594,-0.11133,-2.355,-11.8085
44.98598,-0.78964,-2.45735,-11.44354
44.99601,-1.49009,-2.87484,-11.64629
45.00605,-1.89426,-3.36056,-11.77229
45.01609,-1.89651,-3.6757,-11.70944
45.02612,-1.61788,-3.5292,-11.41914
45.03616,-1.40854,-3.11186,-10.90065
45.0462,-1.39328,-2.90132,-10.62636
45.05623,-1.54546,-2.89519,-10.83376
45.06627,-1.56162,-3.06847,-11.31829
45.07631,-1.41707,-3.08253,-11.61697
45.08634,-1.15655,-2.95983,-11.68789
45.09638,-0.87807,-2.6034,-11.46643
45.10642,-0.77422,-2.16316,-11.42363
45.11645,-0.92386,-1.85985,-11.75388
45.12649,-1.22912,-1.95726,-12.21402
45.13653,-1.49413,-2.30038,-12.47274
45.14656,-1.75749,-2.62809,-12.40152
45.1566,-1.92269,-2.69782,-11.98029
45.16664,-1.92838,-2.44104,-11.58689
45.17667,-1.81989,-1.97836,-11.52269
45.18671,-1.76692,-1.71799,-11.62654
45.19675,-1.90189,-1.76213,-11.75299
45.20678,-2.11079,-2.04929,-11.78845
45.21682,-2.27225,-2.31549,-11.58734
45.22686,-2.32372,-2.42922,-11.26681
45.23689,-2.2929,-2.43505,-11.08605
45.24693,-2.05467,-2.2504,-11.01048
45.25697,-1.77216,-1.9619,-10.94809
45.267,-1.5682,-1.83635,-11.01677
45.27704,-1.45567,-1.85072,-11.11209
45.28708,-1.40166,-1.91461,-10.95347
45.29711,-1.36036,-1.96354,-10.73934
45.30715,-1.31427,-1.95756,-10.45443
45.31719,-1.28209,-1.901,-10.29941
45.32722,-1.33327,-1.82184,-10.40834
45.33726,-1.32878,-1.82289,-10.55678
45.3473,-1.30828,-1.84728,-10.52102
45.35733,-1.25471,-1.88094,-10.37752
45.36737,-1.26773,-1.84174,-10.21501
45.37741,-1.31038,-1.78069,-10.15112
45.38744,-1.30035,-1.72427,-10.18673
45.39748,-1.26055,-1.7123,-10.22264
45.40752,-1.15281,-1.73475,-10.20184
45.41755,-0.92027,-1.71081,-9.9711
45.42759,-0.65571,-1.75286,-9.67063
45.43763,-0.5993,-1.86748,-9.53985
45.44766,-0.79323,-2.00395,-9.71702
45.4577,-0.87912,-2.04016,-9.87952
45.46774,-0.8061,-1.98629,-9.98262
45.47777,-0.56503,-1.89696,-9.96227
45.48781,-0.268,-1.80149,-9.87907
45.49785,0.05611,-1.70871,-9.76236
45.50788,0.32007,-1.69539,-9.78645
45.51792,0.54962,-1.74148,-9.90646
45.52796,0.81642,-1.77141,-10.032
45.53799,1.19201,-1.74522,-10.21905
45.54803,1.51987,-1.74926,-10.37527
45.55807,1.95786,-1.71185,-10.30809
45.5681,2.48608,-1.6707,-9.96137
45.57814,2.87035,-1.56356,-9.61556
45.58818,2.97165,-1.48455,-9.32033
45.59821,2.77593,-1.57613,-9.26332
45.60825,2.42578,-1.63329,-9.46458
45.61829,1.99153,-1.62327,-9.68709
45.62832,1.61579,-1.63449,-9.73722
45.63836,1.35871,-1.70587,-9.44183
45.6484,1.2785,-1.84862,-9.14106
45.65843,1.33626,-1.92599,-8.82338
45.66847,1.54755,-1.816,-8.49867
45.67851,1.82408,-1.53648,-8.47607
45.68854,1.91566,-1.2812,-8.53443
45.69858,1.75465,-1.14443,-8.65698
45.70862,1.3632,-1.2797,-8.73973
45.71865,0.85952,-1.67444,-8.7312
45.72869,0.29553,-2.30996,-8.78672
45.73873,-0.14769,-3.09166,-9.02225
45.74876,-0.18944,-3.59804,-9.086
45.7588,0.17313,-3.367,-8.79286
45.76884,0.53645,-2.78116,-8.48475
45.77887,0.63057,-2.38687,-8.44315
45.78891,0.64015,-2.38163,-8.36265
45.79895,0.46403,-2.65128,-8.27436
45.80898,-0.12719,-2.81783,-8.41801
45.81902,-0.81642,-2.76485,-8.57109
45.82906,-1.60651,-2.7243,-8.85675
45.83909,-2.34811,-2.65667,-9.43675
45.84913,-2.62913,-2.54623,-9.98203
45.85917,-2.39166,-2.38792,-10.27442
45.8692,-1.94843,-2.13877,-10.34101
45.87924,-1.68297,-1.93796,-10.16982
45.88928,-1.5504,-1.83037,-9.83149
45.89931,-1.60112,-1.84817,-9.65507
45.90935,-1.85805,-1.97581,-9.64085
45.91939,-2.34033,-2.10884,-9.8291
45.92942,-2.9106,-2.12336,-10.16922
45.93946,-3.3432,-2.12096,-10.48226
45.9495,-3.58247,-2.13817,-10.62756
45.95953,-3.71386,-2.13847,-10.61499
45.96957,-3.68483,-2.09268,-10.45159
45.97961,-3.345,-1.87661,-10.3247
45.98964,-2.95834,-1.62417,-10.1372
45.99968,-2.89893,-1.4455,-10.08168
46.00972,-3.14119,-1.36215,-10.19316
46.01975,-3.32689,-1.46316,-10.3006
46.02979,-3.40066,-1.66636,-10.33592
46.03983,-3.53459,-1.79296,-10.27157
46.04986,-3.72583,-1.82244,-10.08737
46.0599,-3.75441,-1.88708,-9.96542
46.06994,-3.49673,-1.95786,-9.9304
46.07997,-3.02807,-1.91072,-9.80411
46.09001,-2.49581,-1.7973,-9.61751
46.10005,-2.09193,-1.69674,-9.42328
46.11008,-1.86359,-1.64901,-9.35953
46.12012,-1.78173,-1.67205,-9.45859
46.13016,-1.87945,-1.79296,-9.62319
46.14019,-1.92673,-1.85506,-9.65492
46.15023,-1.72487,-1.72502,-9.6021
46.16027,-1.45792,-1.52526,-9.50603
46.1703,-1.14293,-1.32968,-9.39245
46.18034,-0.92626,-1.26234,-9.4134
46.19038,-0.90336,-1.34823,-9.61586
46.20041,-1.00182,-1.45582,-9.74814
46.21045,-1.03609,-1.53139,-9.77642
46.22049,-1.02532,-1.59768,-9.8086
46.23052,-0.98596,-1.59184,-9.82131
46.24056,-0.9282,-1.46211,-9.81428
46.2506,-0.85054,-1.37502,-9.96362
46.26063,-0.79996,-1.34883,-10.07779
46.27067,-0.74101,-1.32848,-10.04517
46.28071,-0.59331,-1.35317,-10.0549
46.29074,-0.52209,-1.30574,-10.02063
46.30078,-0.51505,-1.29481,-10.02258
46.31082,-0.54693,-1.24304,-9.95793
46.32085,-0.50248,-1.22239,-9.8888
46.33089,-0.36691,-1.32908,-9.81533
46.34093,-0.14395,-1.46555,-9.70639
46.35096,-0.03741,-1.44445,-9.64833
46.361,-0.13557,-1.31546,-9.58294
46.37166,-0.22101,-1.3204,-9.59776
46.3817,-0.16161,-1.4455,-9.63382
46.39174,-0.07961,-1.56147,-9.58234
46.40177,0.05956,-1.62776,-9.45111
46.41181,0.1863,-1.60307,-9.34906
46.42185,0.15892,-1.47483,-9.25718
46.43188,0.04788,-1.3834,-9.18595
46.44192,-0.04384,-1.39806,-9.32108
46.45196,-0.13048,-1.39193,-9.53955
46.46199,-0.1453,-1.40106,-9.70968
46.47203,-0.08799,-1.40764,-9.70879
46.48207,0.04145,-1.43443,-9.60389
46.4921,0.19004,-1.40974,-9.52907
46.50214,0.24391,-1.37667,-9.44557
46.51218,0.19647,-1.34898,-9.31689
46.52221,0.07317,-1.35961,-9.44947
46.53225,-0.09637,-1.38011,-9.7459
46.54229,-0.19109,-1.33028,-9.87144
46.55232,-0.21099,-1.23436,-9.83957
46.56236,-0.15637,-1.19695,-9.81548
46.5724,-0.06794,-1.26818,-9.74919
46.58243,-0.04609,-1.4048,-9.59282
46.59247,-0.06225,-1.49772,-9.4957
46.60251,-0.11956,-1.57853,-9.52638
46.61254,-0.18001,-1.61773,-9.61721
46.62258,-0.2484,-1.59708,-9.75966
46.63262,-0.28985,-1.51897,-9.89404
46.64265,-0.27473,-1.45971,-10.00507
46.65269,-0.21593,-1.45687,-10.15381
46.66273,-0.11747,-1.48036,-10.26828
46.67276,-0.03097,-1.47019,-10.33008
46.6828,0.05058,-1.47588,-10.33891
46.69284,0.05611,-1.53468,-10.28953
46.70287,-0.14994,-1.58197,-10.3645
46.71291,-0.41629,-1.5899,-10.54182
46.72295,-0.63446,-1.5694,-10.77451
46.73298,-0.807,-1.488,-10.97801
46.74302,-0.88092,-1.36664,-11.11822
46.75306,-0.80296,-1.321,-11.18975
46.76309,-0.63985,-1.37442,-11.14172
46.77313,-0.52777,-1.47977,-10.90903
46.78317,-0.68145,-1.60845,-10.64806
46.7932,-0.971,-1.78652,-10.67619
46.80324,-1.1567,-1.93781,-10.92085
46.81328,-1.24558,-1.99602,-11.24841
46.82331,-1.22344,-1.99198,-11.54215
46.83335,-1.07185,-1.87885,-11.63597
46.84339,-0.93344,-1.79445,-11.56055
46.85342,-0.92895,-1.68671,-11.65497
46.86346,-0.9713,-1.5709,-11.93899
46.8735,-1.08442,-1.56566,-12.54622
46.88353,-1.27641,-1.63674,-13.2754
46.89357,-1.42964,-1.62656,-13.66865
46.90361,-1.49712,-1.49443,-13.71833
46.91364,-1.44191,-1.45253,-13.73793
46.92368,-1.47169,-1.51254,-14.10828
46.93372,-1.62462,-1.55444,-14.63516
46.94438,-1.80927,-1.29496,-14.3694
46.95442,-1.80927,-1.29496,-14.3694
46.96445,-1.90474,-1.38325,-13.79165
46.97449,-2.01367,-1.68492,-13.13594
46.98453,-1.77246,-2.14401,-12.94829
46.99456,-1.51822,-2.3526,-13.61448
47.0046,-1.54875,-1.89516,-14.70623
47.01464,-1.51583,-0.98387,-14.93967
47.02467,-1.44071,-0.30855,-14.64114
47.03471,-1.22808,-0.22087,-14.18475
47.04475,-0.81388,-0.58882,-13.47068
47.05478,-0.4335,-1.31502,-12.26924
47.06482,-0.27264,-1.98509,-11.22252
47.07485,-0.69327,-2.17633,-10.7787
47.08489,-1.13874,-1.93616,-10.46984
47.09493,-0.92611,-1.33671,-10.8574
47.10497,-0.43949,-0.74011,-11.30422
47.115,0.1453,-0.41001,-10.81042
47.12504,0.96142,-0.42003,-9.85199
47.13507,1.54321,-0.64224,-9.05801
47.14511,1.09834,-1.04701,-8.60371
47.15515,-0.26321,-1.51852,-8.32898
47.16519,-1.97447,-1.49054,-8.82428
47.17522,-3.54432,-1.32714,-9.91439
47.18526,-4.21574,-1.22942,-10.6108
47.19529,-3.83162,-1.16628,-10.49289
47.20533,-2.72415,-1.08787,-9.7857
47.21537,-1.15969,-0.82705,-8.96554
47.22541,0.31469,-0.3289,-7.99454
47.23544,0.71168,0.15054,-7.31548
47.24548,0.33938,0.4736,-7.80151
47.25551,-0.39459,0.50159,-8.63843
47.26555,-1.01005,0.1643,-8.9823
47.27559,-1.08697,-0.0422,-9.46757
47.28562,-0.90606,-0.31918,-9.3531
47.29566,-0.58613,-0.58299,-8.67449
47.3057,-0.29942,-0.88466,-7.70454
47.31574,-0.33594,-1.39372,-6.6047
47.32577,-0.6409,-1.8564,-5.53704
47.33581,-0.92506,-2.33659,-4.85484
47.34584,-1.0931,-2.83863,-4.85948
47.35588,-1.18618,-3.0152,-5.00553
47.36592,-1.14188,-2.99036,-5.27263
47.37595,-1.13545,-2.61567,-5.73576
47.38599,-1.34345,-2.09747,-5.90739
47.39603,-1.3219,-1.86867,-5.91667
47.40607,-1.06781,-1.83979,-5.90605
47.4161,-0.81238,-1.86389,-5.93538
47.42614,-0.65122,-1.91102,-6.02306
47.43618,-0.40178,-1.92254,-6.26982
47.44621,-0.0395,-1.87616,-6.39297
47.45625,0.30332,-1.71919,-6.30797
47.46628,0.49814,-1.66292,-6.30408
47.47632,0.58778,-1.85102,-6.5646
47.48636,0.6801,-2.12066,-7.00618
47.4964,0.72514,-2.37415,-7.21897
47.50643,0.58224,-2.42129,-7.17123
47.51647,0.25438,-2.24875,-7.00813
47.52651,-0.04175,-2.22571,-6.79385
47.53654,-0.0814,-2.56269,-6.64107
47.54658,0.12285,-3.00607,-6.6252
47.55661,0.25753,-3.28664,-6.71514
47.56665,0.31648,-3.24384,-6.75883
47.57669,0.22954,-2.96926,-7.16629
47.58673,0.05866,-2.68166,-7.7231
47.59676,0.00329,-2.45211,-8.15839
47.6068,0.01451,-2.31594,-8.31656
47.61683,0.02708,-2.27419,-8.32898
47.62687,-0.06015,-2.314,-8.24099
47.63691,-0.31244,-2.26566,-8.13834
47.64695,-0.68624,-2.16152,-8.17306
47.65698,-0.98806,-2.15269,-8.42475
47.66702,-1.11779,-2.21658,-8.68901
47.67705,-1.19231,-2.25594,-8.74377
47.68709,-1.11285,-2.20715,-8.64022
47.69713,-0.92207,-2.19339,-8.41861
47.70716,-0.65586,-2.18052,-8.26329
47.7172,-0.41973,-2.06784,-8.20523
47.72724,-0.27159,-1.92584,-8.4216
47.73727,-0.16789,-1.68881,-8.67644
47.74731,-0.11208,-1.46016,-9.11622
47.75735,-0.06479,-1.33118,-9.36552
47.76738,-0.09981,-1.39447,-9.41325
47.77742,-0.29344,-1.62267,-9.27349
47.78746,-0.58927,-1.92494,-9.17174
47.79749,-0.98851,-2.1039,-9.26242
47.80753,-1.25681,-2.13204,-9.4155
47.81757,-1.33911,-2.09059,-9.60673
47.8276,-1.34449,-2.02759,-9.75458
47.83764,-1.32609,-1.96339,-9.83583
47.84768,-1.33282,-1.91551,-9.84301
47.85771,-1.26803,-1.92898,-9.80485
47.86775,-1.24843,-1.9827,-9.69427
47.87779,-1.30409,-2.11094,-9.73497
47.88782,-1.39103,-2.15972,-9.91214
47.89786,-1.38415,-2.15493,-9.95958
47.9079,-1.35123,-2.26072,-9.78974
47.91793,-1.35602,-2.37191,-9.53925
47.92797,-1.40824,-2.4343,-9.36941
47.93801,-1.47737,-2.4985,-9.28022
47.94804,-1.53932,-2.55626,-9.30851
47.95808,-1.57957,-2.51496,-9.4152
47.96812,-1.51164,-2.34826,-9.46323
47.97815,-1.42934,-2.24217,-9.37629
47.98819,-1.42365,-2.19997,-9.27708
47.99823,-1.51688,-2.11992,-9.27918
48.00826,-1.43592,-2.01801,-9.25793
48.0183,-1.29661,-1.93377,-9.15214
48.02834,-1.16358,-1.94574,-8.97736
48.03837,-1.13201,-2.00799,-8.70681
48.04841,-1.21296,-2.09388,-8.36729
48.05845,-1.28913,-2.1458,-8.0927
48.06848,-1.32369,-2.15343,-7.87468
48.07852,-1.22149,-2.1051,-7.72474
48.08856,-1.01574,-1.96848,-7.55879
48.09859,-0.81912,-1.80942,-7.46407
48.10863,-0.7208,-1.66876,-7.4512
48.11867,-0.75672,-1.61908,-7.29334
48.1287,-0.92386,-1.65529,-7.08654
48.13874,-1.11884,-1.69689,-6.80746
48.14878,-1.24229,-1.65679,-6.56834
48.15881,-1.19261,-1.55668,-6.31321
48.16885,-1.01933,-1.46301,-6.00406
48.17889,-0.84351,-1.41542,-5.82928
48.18892,-0.74086,-1.47558,-5.78888
48.19896,-0.81882,-1.54725,-5.79157
48.209,-1.00886,-1.61668,-5.94839
48.21903,-1.00182,-1.64257,-6.07544
48.22907,-0.85428,-1.60651,-6.16686
48.23911,-0.73697,-1.47303,-6.29466
48.24914,-0.55306,-1.37891,-6.56864
48.25918,-0.50742,-1.40046,-6.8763
48.26922,-0.57625,-1.54755,-7.02145
48.27925,-0.64733,-1.64182,-6.72352
48.28929,-0.87867,-1.69315,-6.61129
48.29933,-1.06811,-1.83935,-6.70212
48.30936,-1.12842,-1.91656,-7.02997
48.3194,-1.24454,-1.98599,-7.59516
48.32944,-1.31651,-1.94274,-7.9902
48.33947,-1.29377,-1.86598,-8.01624
48.34951,-1.1133,-1.90623,-8.22812
48.35955,-0.88256,-1.879,-8.43537
48.36958,-0.99793,-1.78847,-8.38734
48.37962,-1.29302,-1.70707,-8.53084
48.38966,-1.69135,-1.63614,-8.82039
48.39969,-1.91297,-1.69943,-9.27933
48.40973,-1.77934,-1.80822,-9.72285
48.41977,-1.65125,-1.98704,-9.77193
48.4298,-1.76393,-2.26566,-9.38617
48.43984,-2.13832,-2.72819,-8.93277
48.44988,-2.63482,-3.26315,-8.55463
48.45991,-2.69677,-3.6962,-8.17665
48.46995,-1.89905,-3.81935,-7.89383
48.47999,-0.77482,-3.5099,-8.4644
48.49002,-0.33324,-3.07266,-9.05203
48.50006,-0.8869,-2.73433,-10.42839
48.5101,-1.77096,-2.40183,-11.62894
48.52013,-2.43296,-2.31998,-12.54816
48.53017,-2.65816,-1.96938,-13.09344
48.54021,-2.62704,-1.91177,-12.17586
48.55024,-2.56853,-2.07652,-12.08937
48.56028,-2.45256,-2.5392,-12.00947
48.57032,-2.3327,-2.79329,-11.30093
48.58035,-2.35934,-2.87678,-10.49319
48.59039,-2.37819,-3.06982,-10.05879
48.60043,-2.32672,-3.21122,-9.97709
48.61046,-2.36173,-3.21721,-10.14259
48.6205,-2.4756,-2.99425,-10.66647
48.63054,-2.48698,-2.64245,-11.27265
48.64057,-2.14535,-2.27838,-11.60036
48.65061,-1.40585,-1.90279,-11.56534
48.66065,-0.42108,-1.59289,-11.10446
48.67068,0.51206,-1.32504,-10.44231
48.68072,1.0126,-1.11719,-10.00387
48.69076,0.99719,-0.92446,-10.18224
48.70079,0.5972,-0.85204,-10.80383
48.71083,0.00793,-0.94586,-11.63492
48.72087,-0.56219,-1.25905,-12.36815
48.7309,-0.85533,-1.53513,-12.58392
48.74094,-0.82839,-1.52645,-12.22749
48.75098,-0.68998,-1.32863,-11.63178
48.76101,-0.6608,-1.11839,-11.2936
48.77105,-0.64643,-0.90202,-11.32293
48.78109,-0.71287,-0.77333,-11.69403
48.79112,-0.76884,-0.73861,-12.08503
48.80116,-0.77004,-0.69222,-12.20205
48.8112,-0.68399,-0.62563,-12.21671
48.82123,-0.64958,-0.62369,-12.00602
48.83127,-0.6385,-0.60738,-11.76181
48.84131,-0.58374,-0.60035,-11.6225
48.85134,-0.41016,-0.65437,-11.59841
48.86138,-0.20321,-0.65541,-11.55561
48.87142,-0.10355,-0.6813,-11.31141
48.88145,-0.07033,-0.74594,-11.26322
48.89149,-0.08245,-0.94376,-11.15144
48.90153,-0.10056,-1.02547,-11.01348
48.91156,-0.15936,-0.89438,-11.08426
48.9216,-0.08664,-0.75073,-11.18915
48.93164,0.17777,-0.54468,-11.25409
48.94167,0.36137,-0.40462,-11.22821
48.95171,0.31828,-0.46941,-11.10146
48.96175,0.145,-0.75372,-10.85112
48.97178,-0.08903,-1.06587,-10.66063
48.98182,-0.23747,-1.27686,-10.57549
48.99186,-0.27249,-1.19875,-10.69026
49.00189,-0.18944,-0.87463,-11.00031
49.01193,-0.03546,-0.51954,-11.17553
49.02197,0.04923,-0.3108,-11.23389
49.032,0.04339,-0.28506,-11.07423
49.04204,-0.02903,-0.41031,-10.81072
49.05208,-0.17463,-0.58014,-10.62427
49.06211,-0.249,-0.71108,-10.48196
49.07215,-0.11088,-0.70614,-10.32036
49.08219,0.00733,-0.67831,-10.15276
49.09222,-0.0401,-0.66978,-10.0763
49.10226,-0.13467,-0.69357,-10.06433
49.1123,-0.22311,-0.82914,-9.9931
49.12233,-0.19034,-0.97145,-9.91663
49.13237,-0.07587,-1.0111,-9.74201
49.14241,0.04863,-0.94481,-9.55601
49.15244,0.15098,-0.79532,-9.45291
49.16248,0.17148,-0.70434,-9.42073
49.17252,0.14754,-0.74983,-9.4366
49.18255,0.13931,-0.87777,-9.40861
49.19259,0.16221,-0.96606,-9.29803
49.20263,0.17567,-1.03459,-9.14809
49.21266,0.13677,-0.98776,-9.08121
49.2227,0.02334,-0.89154,-9.26451
49.23274,0.00449,-0.84186,-9.54179
49.24277,0.1227,-0.7645,-9.66943
49.25281,0.27698,-0.70569,-9.65896
49.26285,0.45999,-0.68953,-9.48538
49.27288,0.63581,-0.69222,-9.33813
49.28292,0.59331,-0.70614,-9.36103
49.29296,0.52732,-0.76285,-9.54927
49.30299,0.65451,-0.82675,-9.77957
49.31303,0.9083,-0.8456,-9.82281
49.32307,1.27327,-0.83558,-9.74425
49.3331,1.67355,-0.82495,-9.64699
49.34314,1.97701,-0.83692,-9.55182
49.35318,2.08715,-0.89393,-9.5979
49.36322,2.1277,-1.03669,-9.66809
49.37325,2.15014,-1.20593,-9.63831
49.38329,2.14072,-1.35602,-9.51441
49.39333,2.17049,-1.50431,-9.26376
49.40336,2.26686,-1.60367,-9.10844
49.4134,2.28706,-1.39941,-9.32242
49.42344,2.34976,-1.21236,-9.641
49.43347,2.49625,-1.12722,-9.87369
49.44351,2.62734,-1.07934,-9.9907
49.45355,2.62225,-1.09849,-9.82086
49.46358,2.51541,-1.24199,-9.4779
49.47362,2.30981,-1.51448,-9.15588
49.48366,2.1271,-1.65544,-8.92469
49.49369,2.03612,-1.56715,-8.85525
49.50373,2.02684,-1.27087,-9.0221
49.51377,2.1078,-0.76779,-9.07223
49.5238,2.18516,-0.4549,-9.09782
49.53384,2.06231,-0.37694,-9.07672
49.54388,1.7946,-0.39235,-9.29983
49.55391,1.33626,-0.50009,-9.59895
49.56395,0.73008,-0.75477,-9.74994
49.57399,0.18061,-1.0952,-9.71043
49.58402,-0.14066,-1.46914,-9.62125
49.59406,-0.23029,-1.74567,-9.41774
49.6041,-0.21997,-1.9399,-9.04933
49.61413,-0.38292,-2.03088,-8.70816
49.62417,-0.88526,-2.04749,-8.58067
49.63421,-1.39283,-2.19264,-8.72432
49.64424,-1.72143,-2.33599,-9.09213
49.65428,-1.94963,-2.29245,-9.34801
49.66432,-2.04809,-2.1458,-9.36642
49.67435,-2.04405,-2.08101,-9.38557
49.68439,-2.03328,-2.0647,-9.40667
49.69443,-2.03492,-2.01652,-9.30327
49.70446,-2.01682,-2.03866,-9.22965
49.7145,-1.95472,-2.2501,-9.33604
49.72454,-2.11243,-2.43954,-9.48149
49.73457,-2.47635,-2.38642,-9.60733
49.74461,-2.75752,-2.36577,-9.68335
49.75465,-2.76216,-2.42817,-9.72525
49.76468,-2.5995,-2.53202,-9.76849
49.77472,-2.48398,-2.52244,-9.54823
49.78476,-2.42473,-2.34392,-9.21438
49.79479,-2.41515,-2.04255,-9.28801
49.80483,-2.23364,-1.94364,-9.53536
49.81487,-2.02011,-2.07338,-9.70056
49.8249,-1.69749,-2.27344,-9.82745
49.83494,-1.25711,-2.28646,-9.89778
49.84498,-1.2402,-1.97567,-10.19227
49.85501,-1.75719,-1.61459,-10.54601
49.86505,-2.03402,-1.29317,-10.83242
49.87509,-1.70796,-1.2188,-10.72228
49.88512,-1.29646,-1.19635,-10.59704
49.89516,-1.05539,-1.05285,-10.09994
49.9052,-0.92611,-0.91459,-9.50094
49.91523,-1.06497,-0.97309,-9.34981
49.92527,-1.63584,-1.13186,-9.43899
49.93531,-2.13443,-1.54067,-9.63412
49.94534,-2.35051,-2.0656,-9.86651
49.95538,-2.79583,-2.34796,-9.73512
49.96542,-3.45588,-2.42428,-9.44602
49.97545,-3.98754,-2.41814,-9.31494
49.98549,-4.10261,-2.48458,-9.28082
49.99553,-3.77611,-2.68854,-9.20496
50.00556,-3.36804,-2.74286,-9.22217
50.0156,-2.91943,-2.74869,-9.25015
50.02564,-2.41231,-2.76171,-9.33245
50.03567,-2.10226,-2.73597,-9.07462
50.04571,-2.04001,-2.69602,-8.8551
50.05575,-2.13054,-2.48623,-8.69858
50.06578,-2.15119,-2.26297,-8.67973
50.07582,-2.00529,-2.30158,-8.90059
50.08586,-1.95157,-2.34722,-9.28935
50.09589,-1.88154,-2.49835,-9.84152
50.10593,-1.6535,-2.68465,-10.17745
50.11597,-1.29018,-2.79837,-10.08842
50.126,-0.76734,-2.80915,-9.77253
50.13604,-0.56099,-2.46962,-9.47012
50.14608,-0.4148,-2.0246,-9.4128
50.15611,-0.30721,-1.76767,-9.62649
50.16615,-0.59571,-1.89157,-10.02482
50.17619,-0.8878,-2.28886,-10.5092
50.18622,-0.69447,-2.54189,-10.68921
50.19626,-0.40612,-2.80945,-10.81296
50.2063,-0.10071,-2.78595,-10.63609
50.21633,0.42871,-2.53621,-10.68577
50.22637,0.80984,-2.17423,-10.38904
50.23641,1.02786,-1.74986,-9.77912
50.24644,1.04477,-1.73295,-9.73647
50.25648,1.23316,-1.54217,-9.22336
50.26652,1.78982,-1.18109,-8.74871
50.27655,2.355,-0.82046,-8.3399
50.28659,3.02926,-0.76719,-8.27227
50.29663,4.28143,-2.00933,-3.55808
50.30666,5.25856,-3.02268,1.49443
50.3167,3.19865,-2.19967,-8.35442
50.32674,0.91339,-3.7761,-12.15581
50.33677,0.56009,-4.68276,-11.23778
50.34681,0.42886,-5.98296,-8.93037
50.35685,-0.17059,-6.24108,-7.02399
50.36751,-0.94481,-5.18838,-8.51154
50.37755,-1.6517,-5.21756,-10.82
50.38758,-1.9396,-5.0787,-11.39266
50.39762,-1.95307,-4.71957,-11.15713
50.40766,-2.01726,-4.85454,-10.78214
50.41769,-2.08355,-4.9946,-10.56666
50.42773,-1.95008,-4.64146,-10.43079
50.43777,-1.6101,-4.20721,-9.82865
50.4478,-0.97639,-3.88504,-8.9621
50.45784,-0.39355,-3.71041,-8.57932
50.46788,-0.15383,-3.87382,-8.69125
50.47791,-0.10086,-3.95971,-9.18865
50.48795,-0.1447,-3.61031,-9.9497
50.49799,-0.0808,-3.08583,-10.51369
50.50802,-0.12061,-2.7451,-10.80443
50.51806,-0.06539,-2.41859,-10.79246
50.5281,0.19737,-2.33599,-10.74338
50.53813,0.21952,-2.38717,-10.65854
50.54817,0.07048,-2.64544,-10.31482
50.55821,-0.09517,-3.12563,-9.70594
50.56824,-0.13093,-3.14493,-8.62017
50.57828,0.0829,-2.98991,-7.99364
50.58832,0.22775,-3.30579,-7.91598
50.59835,0.05177,-3.74468,-7.9073
50.60839,-0.24556,-4.07373,-7.7427
50.61843,-0.49889,-4.24193,-7.74509
50.62846,-0.51999,-4.04246,-7.90191
50.6385,-0.33668,-3.64083,-8.30967
50.64854,-0.09412,-3.3257,-8.87141
50.65857,0.13033,-3.11246,-9.27185
50.66861,0.21682,-3.25671,-9.39993
50.67865,0.13063,-3.44271,-9.127
50.68868,0.13976,-3.39662,-8.78971
50.69872,0.32277,-3.31567,-8.64816
50.70876,0.56847,-3.08717,-8.6694
50.71879,0.83154,-2.88082,-8.78433
50.72883,0.90321,-2.94307,-8.82757
50.73887,0.80086,-3.03914,-8.73105
50.7489,0.60573,-3.06114,-8.61688
50.75894,0.61711,-3.03271,-8.39482
50.76898,0.81448,-2.91105,-8.33362
50.77901,0.97519,-2.99993,-8.73779
50.78905,0.96591,-3.18923,-8.58306
50.79909,0.82106,-3.14029,-8.49942
50.80912,0.82615,-3.55898,-8.66566
50.81916,0.73352,-3.86245,-9.27648
50.8292,0.5562,-3.73346,-9.65866
50.83923,0.41046,-3.50376,-10.05146
50.84927,0.3313,-3.00951,-10.66198
50.85931,0.24196,-2.40288,-10.66198
50.86934,0.23448,-1.97761,-9.3522
50.87938,0.71587,-1.98494,-7.63197
50.88942,1.43921,-2.35784,-6.44489
